Date,Reference,Amount,Description,Ledger Row
2026-08-01,INV-100-00001,125.75,Invoice,LOCAL-100-00001
2026-08-02,PAY-100-00002,-40.25,Payment,LOCAL-100-00002
2026-08-03,INV-100-00003,900.10,Invoice,LOCAL-100-00003
2026-08-04,INV-100-00004,0.99,Invoice,LOCAL-100-00004
2026-08-05,INV-100-00005,250.00,Invoice,LOCAL-100-00005
2026-08-06,PAY-100-00006,-33.30,Payment,LOCAL-100-00006
2026-08-07,INV-100-00007,71.07,Invoice,LOCAL-100-00007
2026-08-08,INV-100-00008,125.75,Invoice,LOCAL-100-00008
2026-08-09,PAY-100-00009,-40.25,Payment,LOCAL-100-00009
2026-08-10,INV-100-00010,900.10,Invoice,LOCAL-100-00010
2026-08-11,INV-100-00011,0.99,Invoice,LOCAL-100-00011
2026-08-12,INV-100-00012,250.00,Invoice,LOCAL-100-00012
2026-08-13,PAY-100-00013,-33.30,Payment,LOCAL-100-00013
2026-08-14,INV-100-00014,71.07,Invoice,LOCAL-100-00014
2026-08-15,INV-100-00015,125.75,Invoice,LOCAL-100-00015
2026-08-16,PAY-100-00016,-40.25,Payment,LOCAL-100-00016
2026-08-17,INV-100-00017,900.10,Invoice,LOCAL-100-00017
2026-08-18,INV-100-00018,0.99,Invoice,LOCAL-100-00018
2026-08-19,INV-100-00019,250.00,Invoice,LOCAL-100-00019
2026-08-20,PAY-100-00020,-33.30,Payment,LOCAL-100-00020
2026-08-21,INV-100-00021,71.07,Invoice,LOCAL-100-00021
2026-08-22,INV-100-00022,125.75,Invoice,LOCAL-100-00022
2026-08-23,PAY-100-00023,-40.25,Payment,LOCAL-100-00023
2026-08-24,INV-100-00024,900.10,Invoice,LOCAL-100-00024
2026-08-25,INV-100-00025,0.99,Invoice,LOCAL-100-00025
2026-08-26,INV-100-00026,250.00,Invoice,LOCAL-100-00026
2026-08-27,PAY-100-00027,-33.30,Payment,LOCAL-100-00027
2026-08-28,INV-100-00028,71.07,Invoice,LOCAL-100-00028
2026-08-01,INV-100-00029,125.75,Invoice,LOCAL-100-00029
2026-08-02,PAY-100-00030,-40.25,Payment,LOCAL-100-00030
2026-08-03,INV-100-00031,900.10,Invoice,LOCAL-100-00031
2026-08-04,INV-100-00032,0.99,Invoice,LOCAL-100-00032
2026-08-05,INV-100-00033,250.00,Invoice,LOCAL-100-00033
2026-08-06,PAY-100-00034,-33.30,Payment,LOCAL-100-00034
2026-08-07,INV-100-00035,71.07,Invoice,LOCAL-100-00035
2026-08-08,INV-100-00036,125.75,Invoice,LOCAL-100-00036
2026-08-09,PAY-100-00037,-40.25,Payment,LOCAL-100-00037
2026-08-10,INV-100-00038,900.10,Invoice,LOCAL-100-00038
2026-08-11,INV-100-00039,0.99,Invoice,LOCAL-100-00039
2026-08-12,INV-100-00040,250.00,Invoice,LOCAL-100-00040
2026-08-13,PAY-100-00041,-33.30,Payment,LOCAL-100-00041
2026-08-14,INV-100-00042,71.07,Invoice,LOCAL-100-00042
2026-08-15,INV-100-00043,125.75,Invoice,LOCAL-100-00043
2026-08-16,PAY-100-00044,-40.25,Payment,LOCAL-100-00044
2026-08-17,INV-100-00045,900.10,Invoice,LOCAL-100-00045
2026-08-18,INV-100-00046,0.99,Invoice,LOCAL-100-00046
2026-08-19,INV-100-00047,250.00,Invoice,LOCAL-100-00047
2026-08-20,PAY-100-00048,-33.30,Payment,LOCAL-100-00048
2026-08-21,INV-100-00049,71.07,Invoice,LOCAL-100-00049
2026-08-22,INV-100-00050,125.75,Invoice,LOCAL-100-00050
2026-08-23,PAY-100-00051,-40.25,Payment,LOCAL-100-00051
2026-08-24,INV-100-00052,900.10,Invoice,LOCAL-100-00052
2026-08-25,INV-100-00053,0.99,Invoice,LOCAL-100-00053
2026-08-26,INV-100-00054,250.00,Invoice,LOCAL-100-00054
2026-08-27,PAY-100-00055,-33.30,Payment,LOCAL-100-00055
2026-08-28,INV-100-00056,71.07,Invoice,LOCAL-100-00056
2026-08-01,INV-100-00057,125.75,Invoice,LOCAL-100-00057
2026-08-02,PAY-100-00058,-40.25,Payment,LOCAL-100-00058
2026-08-03,INV-100-00059,900.10,Invoice,LOCAL-100-00059
2026-08-04,INV-100-00060,0.99,Invoice,LOCAL-100-00060
2026-08-05,INV-100-00061,250.00,Invoice,LOCAL-100-00061
2026-08-06,PAY-100-00062,-33.30,Payment,LOCAL-100-00062
2026-08-07,INV-100-00063,71.07,Invoice,LOCAL-100-00063
2026-08-08,INV-100-00064,125.75,Invoice,LOCAL-100-00064
2026-08-09,PAY-100-00065,-40.25,Payment,LOCAL-100-00065
2026-08-10,INV-100-00066,900.10,Invoice,LOCAL-100-00066
2026-08-11,INV-100-00067,0.99,Invoice,LOCAL-100-00067
2026-08-12,INV-100-00068,250.00,Invoice,LOCAL-100-00068
2026-08-13,PAY-100-00069,-33.30,Payment,LOCAL-100-00069
2026-08-14,INV-100-00070,71.07,Invoice,LOCAL-100-00070
2026-08-15,INV-100-00071,125.75,Invoice,LOCAL-100-00071
2026-08-16,PAY-100-00072,-40.25,Payment,LOCAL-100-00072
2026-08-17,INV-100-00073,900.10,Invoice,LOCAL-100-00073
2026-08-18,INV-100-00074,0.99,Invoice,LOCAL-100-00074
2026-08-19,INV-100-00075,250.00,Invoice,LOCAL-100-00075
2026-08-20,PAY-100-00076,-33.30,Payment,LOCAL-100-00076
2026-08-21,INV-100-00077,71.07,Invoice,LOCAL-100-00077
2026-08-22,INV-100-00078,125.75,Invoice,LOCAL-100-00078
2026-08-23,PAY-100-00079,-40.25,Payment,LOCAL-100-00079
2026-08-24,INV-100-00080,900.10,Invoice,LOCAL-100-00080
2026-08-25,INV-100-00081,0.99,Invoice,LOCAL-100-00081
2026-08-26,INV-100-00082,250.00,Invoice,LOCAL-100-00082
2026-08-27,PAY-100-00083,-33.30,Payment,LOCAL-100-00083
2026-08-28,INV-100-00084,71.07,Invoice,LOCAL-100-00084
2026-08-01,INV-100-00085,125.75,Invoice,LOCAL-100-00085
2026-08-02,PAY-100-00086,-40.25,Payment,LOCAL-100-00086
2026-08-03,INV-100-00087,900.10,Invoice,LOCAL-100-00087
2026-08-04,INV-100-00088,0.99,Invoice,LOCAL-100-00088
2026-08-05,INV-100-00089,250.00,Invoice,LOCAL-100-00089
2026-08-06,PAY-100-00090,-33.30,Payment,LOCAL-100-00090
2026-08-07,INV-100-00091,71.07,Invoice,LOCAL-100-00091
2026-08-08,INV-100-00092,125.75,Invoice,LOCAL-100-00092
2026-08-09,PAY-100-00093,-40.25,Payment,LOCAL-100-00093
2026-08-10,INV-100-00094,900.10,Invoice,LOCAL-100-00094
2026-08-11,INV-100-00095,0.99,Invoice,LOCAL-100-00095
2026-08-12,INV-100-00096,250.00,Invoice,LOCAL-100-00096
2026-08-13,PAY-100-00097,-33.30,Payment,LOCAL-100-00097
2026-08-14,INV-100-00098,71.07,Invoice,LOCAL-100-00098
2026-08-15,INV-100-00099,125.75,Invoice,LOCAL-100-00099
2026-08-16,PAY-100-00100,-40.25,Payment,LOCAL-100-00100
2026-08-17,INV-100-00101,900.10,Invoice,LOCAL-100-00101
2026-08-18,INV-100-00102,0.99,Invoice,LOCAL-100-00102
2026-08-19,INV-100-00103,250.00,Invoice,LOCAL-100-00103
2026-08-20,PAY-100-00104,-33.30,Payment,LOCAL-100-00104
2026-08-21,INV-100-00105,71.07,Invoice,LOCAL-100-00105
2026-08-22,INV-100-00106,125.75,Invoice,LOCAL-100-00106
2026-08-23,PAY-100-00107,-40.25,Payment,LOCAL-100-00107
2026-08-24,INV-100-00108,900.10,Invoice,LOCAL-100-00108
2026-08-25,INV-100-00109,0.99,Invoice,LOCAL-100-00109
2026-08-26,INV-100-00110,250.00,Invoice,LOCAL-100-00110
2026-08-27,PAY-100-00111,-33.30,Payment,LOCAL-100-00111
2026-08-28,INV-100-00112,71.07,Invoice,LOCAL-100-00112
2026-08-01,INV-100-00113,125.75,Invoice,LOCAL-100-00113
2026-08-02,PAY-100-00114,-40.25,Payment,LOCAL-100-00114
2026-08-03,INV-100-00115,900.10,Invoice,LOCAL-100-00115
2026-08-04,INV-100-00116,0.99,Invoice,LOCAL-100-00116
2026-08-05,INV-100-00117,250.00,Invoice,LOCAL-100-00117
2026-08-06,PAY-100-00118,-33.30,Payment,LOCAL-100-00118
2026-08-07,INV-100-00119,71.07,Invoice,LOCAL-100-00119
2026-08-08,INV-100-00120,125.75,Invoice,LOCAL-100-00120
2026-08-09,PAY-100-00121,-40.25,Payment,LOCAL-100-00121
2026-08-10,INV-100-00122,900.10,Invoice,LOCAL-100-00122
2026-08-11,INV-100-00123,0.99,Invoice,LOCAL-100-00123
2026-08-12,INV-100-00124,250.00,Invoice,LOCAL-100-00124
2026-08-13,PAY-100-00125,-33.30,Payment,LOCAL-100-00125
2026-08-14,INV-100-00126,71.07,Invoice,LOCAL-100-00126
2026-08-15,INV-100-00127,125.75,Invoice,LOCAL-100-00127
2026-08-16,PAY-100-00128,-40.25,Payment,LOCAL-100-00128
2026-08-17,INV-100-00129,900.10,Invoice,LOCAL-100-00129
2026-08-18,INV-100-00130,0.99,Invoice,LOCAL-100-00130
2026-08-19,INV-100-00131,250.00,Invoice,LOCAL-100-00131
2026-08-20,PAY-100-00132,-33.30,Payment,LOCAL-100-00132
2026-08-21,INV-100-00133,71.07,Invoice,LOCAL-100-00133
2026-08-22,INV-100-00134,125.75,Invoice,LOCAL-100-00134
2026-08-23,PAY-100-00135,-40.25,Payment,LOCAL-100-00135
2026-08-24,INV-100-00136,900.10,Invoice,LOCAL-100-00136
2026-08-25,INV-100-00137,0.99,Invoice,LOCAL-100-00137
2026-08-26,INV-100-00138,250.00,Invoice,LOCAL-100-00138
2026-08-27,PAY-100-00139,-33.30,Payment,LOCAL-100-00139
2026-08-28,INV-100-00140,71.07,Invoice,LOCAL-100-00140
2026-08-01,INV-100-00141,125.75,Invoice,LOCAL-100-00141
2026-08-02,PAY-100-00142,-40.25,Payment,LOCAL-100-00142
2026-08-03,INV-100-00143,900.10,Invoice,LOCAL-100-00143
2026-08-04,INV-100-00144,0.99,Invoice,LOCAL-100-00144
2026-08-05,INV-100-00145,250.00,Invoice,LOCAL-100-00145
2026-08-06,PAY-100-00146,-33.30,Payment,LOCAL-100-00146
2026-08-07,INV-100-00147,71.07,Invoice,LOCAL-100-00147
2026-08-08,INV-100-00148,125.75,Invoice,LOCAL-100-00148
2026-08-09,PAY-100-00149,-40.25,Payment,LOCAL-100-00149
2026-08-10,INV-100-00150,900.10,Invoice,LOCAL-100-00150
2026-08-11,INV-100-00151,0.99,Invoice,LOCAL-100-00151
2026-08-12,INV-100-00152,250.00,Invoice,LOCAL-100-00152
2026-08-13,PAY-100-00153,-33.30,Payment,LOCAL-100-00153
2026-08-14,INV-100-00154,71.07,Invoice,LOCAL-100-00154
2026-08-15,INV-100-00155,125.75,Invoice,LOCAL-100-00155
2026-08-16,PAY-100-00156,-40.25,Payment,LOCAL-100-00156
2026-08-17,INV-100-00157,900.10,Invoice,LOCAL-100-00157
2026-08-18,INV-100-00158,0.99,Invoice,LOCAL-100-00158
2026-08-19,INV-100-00159,250.00,Invoice,LOCAL-100-00159
2026-08-20,PAY-100-00160,-33.30,Payment,LOCAL-100-00160
2026-08-21,INV-100-00161,71.07,Invoice,LOCAL-100-00161
2026-08-22,INV-100-00162,125.75,Invoice,LOCAL-100-00162
2026-08-23,PAY-100-00163,-40.25,Payment,LOCAL-100-00163
2026-08-24,INV-100-00164,900.10,Invoice,LOCAL-100-00164
2026-08-25,INV-100-00165,0.99,Invoice,LOCAL-100-00165
2026-08-26,INV-100-00166,250.00,Invoice,LOCAL-100-00166
2026-08-27,PAY-100-00167,-33.30,Payment,LOCAL-100-00167
2026-08-28,INV-100-00168,71.07,Invoice,LOCAL-100-00168
2026-08-01,INV-100-00169,125.75,Invoice,LOCAL-100-00169
2026-08-02,PAY-100-00170,-40.25,Payment,LOCAL-100-00170
2026-08-03,INV-100-00171,900.10,Invoice,LOCAL-100-00171
2026-08-04,INV-100-00172,0.99,Invoice,LOCAL-100-00172
2026-08-05,INV-100-00173,250.00,Invoice,LOCAL-100-00173
2026-08-06,PAY-100-00174,-33.30,Payment,LOCAL-100-00174
2026-08-07,INV-100-00175,71.07,Invoice,LOCAL-100-00175
2026-08-08,INV-100-00176,125.75,Invoice,LOCAL-100-00176
2026-08-09,PAY-100-00177,-40.25,Payment,LOCAL-100-00177
2026-08-10,INV-100-00178,900.10,Invoice,LOCAL-100-00178
2026-08-11,INV-100-00179,0.99,Invoice,LOCAL-100-00179
2026-08-12,INV-100-00180,250.00,Invoice,LOCAL-100-00180
2026-08-13,PAY-100-00181,-33.30,Payment,LOCAL-100-00181
2026-08-14,INV-100-00182,71.07,Invoice,LOCAL-100-00182
2026-08-15,INV-100-00183,125.75,Invoice,LOCAL-100-00183
2026-08-16,PAY-100-00184,-40.25,Payment,LOCAL-100-00184
2026-08-17,INV-100-00185,900.10,Invoice,LOCAL-100-00185
2026-08-18,INV-100-00186,0.99,Invoice,LOCAL-100-00186
2026-08-19,INV-100-00187,250.00,Invoice,LOCAL-100-00187
2026-08-20,PAY-100-00188,-33.30,Payment,LOCAL-100-00188
2026-08-21,INV-100-00189,71.07,Invoice,LOCAL-100-00189
2026-08-22,INV-100-00190,125.75,Invoice,LOCAL-100-00190
2026-08-23,PAY-100-00191,-40.25,Payment,LOCAL-100-00191
2026-08-24,INV-100-00192,900.10,Invoice,LOCAL-100-00192
2026-08-25,INV-100-00193,0.99,Invoice,LOCAL-100-00193
2026-08-26,INV-100-00194,250.00,Invoice,LOCAL-100-00194
2026-08-27,PAY-100-00195,-33.30,Payment,LOCAL-100-00195
2026-08-28,INV-100-00196,71.07,Invoice,LOCAL-100-00196
2026-08-01,INV-100-00197,125.75,Invoice,LOCAL-100-00197
2026-08-02,PAY-100-00198,-40.25,Payment,LOCAL-100-00198
2026-08-03,INV-100-00199,900.10,Invoice,LOCAL-100-00199
2026-08-04,INV-100-00200,0.99,Invoice,LOCAL-100-00200
2026-08-05,INV-100-00201,250.00,Invoice,LOCAL-100-00201
2026-08-06,PAY-100-00202,-33.30,Payment,LOCAL-100-00202
2026-08-07,INV-100-00203,71.07,Invoice,LOCAL-100-00203
2026-08-08,INV-100-00204,125.75,Invoice,LOCAL-100-00204
2026-08-09,PAY-100-00205,-40.25,Payment,LOCAL-100-00205
2026-08-10,INV-100-00206,900.10,Invoice,LOCAL-100-00206
2026-08-11,INV-100-00207,0.99,Invoice,LOCAL-100-00207
2026-08-12,INV-100-00208,250.00,Invoice,LOCAL-100-00208
2026-08-13,PAY-100-00209,-33.30,Payment,LOCAL-100-00209
2026-08-14,INV-100-00210,71.07,Invoice,LOCAL-100-00210
2026-08-15,INV-100-00211,125.75,Invoice,LOCAL-100-00211
2026-08-16,PAY-100-00212,-40.25,Payment,LOCAL-100-00212
2026-08-17,INV-100-00213,900.10,Invoice,LOCAL-100-00213
2026-08-18,INV-100-00214,0.99,Invoice,LOCAL-100-00214
2026-08-19,INV-100-00215,250.00,Invoice,LOCAL-100-00215
2026-08-20,PAY-100-00216,-33.30,Payment,LOCAL-100-00216
2026-08-21,INV-100-00217,71.07,Invoice,LOCAL-100-00217
2026-08-22,INV-100-00218,125.75,Invoice,LOCAL-100-00218
2026-08-23,PAY-100-00219,-40.25,Payment,LOCAL-100-00219
2026-08-24,INV-100-00220,900.10,Invoice,LOCAL-100-00220
2026-08-25,INV-100-00221,0.99,Invoice,LOCAL-100-00221
2026-08-26,INV-100-00222,250.00,Invoice,LOCAL-100-00222
2026-08-27,PAY-100-00223,-33.30,Payment,LOCAL-100-00223
2026-08-28,INV-100-00224,71.07,Invoice,LOCAL-100-00224
2026-08-01,INV-100-00225,125.75,Invoice,LOCAL-100-00225
2026-08-02,PAY-100-00226,-40.25,Payment,LOCAL-100-00226
2026-08-03,INV-100-00227,900.10,Invoice,LOCAL-100-00227
2026-08-04,INV-100-00228,0.99,Invoice,LOCAL-100-00228
2026-08-05,INV-100-00229,250.00,Invoice,LOCAL-100-00229
2026-08-06,PAY-100-00230,-33.30,Payment,LOCAL-100-00230
2026-08-07,INV-100-00231,71.07,Invoice,LOCAL-100-00231
2026-08-08,INV-100-00232,125.75,Invoice,LOCAL-100-00232
2026-08-09,PAY-100-00233,-40.25,Payment,LOCAL-100-00233
2026-08-10,INV-100-00234,900.10,Invoice,LOCAL-100-00234
2026-08-11,INV-100-00235,0.99,Invoice,LOCAL-100-00235
2026-08-12,INV-100-00236,250.00,Invoice,LOCAL-100-00236
2026-08-13,PAY-100-00237,-33.30,Payment,LOCAL-100-00237
2026-08-14,INV-100-00238,71.07,Invoice,LOCAL-100-00238
2026-08-15,INV-100-00239,125.75,Invoice,LOCAL-100-00239
2026-08-16,PAY-100-00240,-40.25,Payment,LOCAL-100-00240
2026-08-17,INV-100-00241,900.10,Invoice,LOCAL-100-00241
2026-08-18,INV-100-00242,0.99,Invoice,LOCAL-100-00242
2026-08-19,INV-100-00243,250.00,Invoice,LOCAL-100-00243
2026-08-20,PAY-100-00244,-33.30,Payment,LOCAL-100-00244
2026-08-21,INV-100-00245,71.07,Invoice,LOCAL-100-00245
2026-08-22,INV-100-00246,125.75,Invoice,LOCAL-100-00246
2026-08-23,PAY-100-00247,-40.25,Payment,LOCAL-100-00247
2026-08-24,INV-100-00248,900.10,Invoice,LOCAL-100-00248
2026-08-25,INV-100-00249,0.99,Invoice,LOCAL-100-00249
2026-08-26,INV-100-00250,250.00,Invoice,LOCAL-100-00250
2026-08-27,PAY-100-00251,-33.30,Payment,LOCAL-100-00251
2026-08-28,INV-100-00252,71.07,Invoice,LOCAL-100-00252
2026-08-01,INV-100-00253,125.75,Invoice,LOCAL-100-00253
2026-08-02,PAY-100-00254,-40.25,Payment,LOCAL-100-00254
2026-08-03,INV-100-00255,900.10,Invoice,LOCAL-100-00255
2026-08-04,INV-100-00256,0.99,Invoice,LOCAL-100-00256
2026-08-05,INV-100-00257,250.00,Invoice,LOCAL-100-00257
2026-08-06,PAY-100-00258,-33.30,Payment,LOCAL-100-00258
2026-08-07,INV-100-00259,71.07,Invoice,LOCAL-100-00259
2026-08-08,INV-100-00260,125.75,Invoice,LOCAL-100-00260
2026-08-09,PAY-100-00261,-40.25,Payment,LOCAL-100-00261
2026-08-10,INV-100-00262,900.10,Invoice,LOCAL-100-00262
2026-08-11,INV-100-00263,0.99,Invoice,LOCAL-100-00263
2026-08-12,INV-100-00264,250.00,Invoice,LOCAL-100-00264
2026-08-13,PAY-100-00265,-33.30,Payment,LOCAL-100-00265
2026-08-14,INV-100-00266,71.07,Invoice,LOCAL-100-00266
2026-08-15,INV-100-00267,125.75,Invoice,LOCAL-100-00267
2026-08-16,PAY-100-00268,-40.25,Payment,LOCAL-100-00268
2026-08-17,INV-100-00269,900.10,Invoice,LOCAL-100-00269
2026-08-18,INV-100-00270,0.99,Invoice,LOCAL-100-00270
2026-08-19,INV-100-00271,250.00,Invoice,LOCAL-100-00271
2026-08-20,PAY-100-00272,-33.30,Payment,LOCAL-100-00272
2026-08-21,INV-100-00273,71.07,Invoice,LOCAL-100-00273
2026-08-22,INV-100-00274,125.75,Invoice,LOCAL-100-00274
2026-08-23,PAY-100-00275,-40.25,Payment,LOCAL-100-00275
2026-08-24,INV-100-00276,900.10,Invoice,LOCAL-100-00276
2026-08-25,INV-100-00277,0.99,Invoice,LOCAL-100-00277
2026-08-26,INV-100-00278,250.00,Invoice,LOCAL-100-00278
2026-08-27,PAY-100-00279,-33.30,Payment,LOCAL-100-00279
2026-08-28,INV-100-00280,71.07,Invoice,LOCAL-100-00280
2026-08-01,INV-100-00281,125.75,Invoice,LOCAL-100-00281
2026-08-02,PAY-100-00282,-40.25,Payment,LOCAL-100-00282
2026-08-03,INV-100-00283,900.10,Invoice,LOCAL-100-00283
2026-08-04,INV-100-00284,0.99,Invoice,LOCAL-100-00284
2026-08-05,INV-100-00285,250.00,Invoice,LOCAL-100-00285
2026-08-06,PAY-100-00286,-33.30,Payment,LOCAL-100-00286
2026-08-07,INV-100-00287,71.07,Invoice,LOCAL-100-00287
2026-08-08,INV-100-00288,125.75,Invoice,LOCAL-100-00288
2026-08-09,PAY-100-00289,-40.25,Payment,LOCAL-100-00289
2026-08-10,INV-100-00290,900.10,Invoice,LOCAL-100-00290
2026-08-11,INV-100-00291,0.99,Invoice,LOCAL-100-00291
2026-08-12,INV-100-00292,250.00,Invoice,LOCAL-100-00292
2026-08-13,PAY-100-00293,-33.30,Payment,LOCAL-100-00293
2026-08-14,INV-100-00294,71.07,Invoice,LOCAL-100-00294
2026-08-15,INV-100-00295,125.75,Invoice,LOCAL-100-00295
2026-08-16,PAY-100-00296,-40.25,Payment,LOCAL-100-00296
2026-08-17,INV-100-00297,900.10,Invoice,LOCAL-100-00297
2026-08-18,INV-100-00298,0.99,Invoice,LOCAL-100-00298
2026-08-19,INV-100-00299,250.00,Invoice,LOCAL-100-00299
2026-08-20,PAY-100-00300,-33.30,Payment,LOCAL-100-00300
2026-08-21,INV-100-00301,71.07,Invoice,LOCAL-100-00301
2026-08-22,INV-100-00302,125.75,Invoice,LOCAL-100-00302
2026-08-23,PAY-100-00303,-40.25,Payment,LOCAL-100-00303
2026-08-24,INV-100-00304,900.10,Invoice,LOCAL-100-00304
2026-08-25,INV-100-00305,0.99,Invoice,LOCAL-100-00305
2026-08-26,INV-100-00306,250.00,Invoice,LOCAL-100-00306
2026-08-27,PAY-100-00307,-33.30,Payment,LOCAL-100-00307
2026-08-28,INV-100-00308,71.07,Invoice,LOCAL-100-00308
2026-08-01,INV-100-00309,125.75,Invoice,LOCAL-100-00309
2026-08-02,PAY-100-00310,-40.25,Payment,LOCAL-100-00310
2026-08-03,INV-100-00311,900.10,Invoice,LOCAL-100-00311
2026-08-04,INV-100-00312,0.99,Invoice,LOCAL-100-00312
2026-08-05,INV-100-00313,250.00,Invoice,LOCAL-100-00313
2026-08-06,PAY-100-00314,-33.30,Payment,LOCAL-100-00314
2026-08-07,INV-100-00315,71.07,Invoice,LOCAL-100-00315
2026-08-08,INV-100-00316,125.75,Invoice,LOCAL-100-00316
2026-08-09,PAY-100-00317,-40.25,Payment,LOCAL-100-00317
2026-08-10,INV-100-00318,900.10,Invoice,LOCAL-100-00318
2026-08-11,INV-100-00319,0.99,Invoice,LOCAL-100-00319
2026-08-12,INV-100-00320,250.00,Invoice,LOCAL-100-00320
2026-08-13,PAY-100-00321,-33.30,Payment,LOCAL-100-00321
2026-08-14,INV-100-00322,71.07,Invoice,LOCAL-100-00322
2026-08-15,INV-100-00323,125.75,Invoice,LOCAL-100-00323
2026-08-16,PAY-100-00324,-40.25,Payment,LOCAL-100-00324
2026-08-17,INV-100-00325,900.10,Invoice,LOCAL-100-00325
2026-08-18,INV-100-00326,0.99,Invoice,LOCAL-100-00326
2026-08-19,INV-100-00327,250.00,Invoice,LOCAL-100-00327
2026-08-20,PAY-100-00328,-33.30,Payment,LOCAL-100-00328
2026-08-21,INV-100-00329,71.07,Invoice,LOCAL-100-00329
2026-08-22,INV-100-00330,125.75,Invoice,LOCAL-100-00330
2026-08-23,PAY-100-00331,-40.25,Payment,LOCAL-100-00331
2026-08-24,INV-100-00332,900.10,Invoice,LOCAL-100-00332
2026-08-25,INV-100-00333,0.99,Invoice,LOCAL-100-00333
2026-08-26,INV-100-00334,250.00,Invoice,LOCAL-100-00334
2026-08-27,PAY-100-00335,-33.30,Payment,LOCAL-100-00335
2026-08-28,INV-100-00336,71.07,Invoice,LOCAL-100-00336
2026-08-01,INV-100-00337,125.75,Invoice,LOCAL-100-00337
2026-08-02,PAY-100-00338,-40.25,Payment,LOCAL-100-00338
2026-08-03,INV-100-00339,900.10,Invoice,LOCAL-100-00339
2026-08-04,INV-100-00340,0.99,Invoice,LOCAL-100-00340
2026-08-05,INV-100-00341,250.00,Invoice,LOCAL-100-00341
2026-08-06,PAY-100-00342,-33.30,Payment,LOCAL-100-00342
2026-08-07,INV-100-00343,71.07,Invoice,LOCAL-100-00343
2026-08-08,INV-100-00344,125.75,Invoice,LOCAL-100-00344
2026-08-09,PAY-100-00345,-40.25,Payment,LOCAL-100-00345
2026-08-10,INV-100-00346,900.10,Invoice,LOCAL-100-00346
2026-08-11,INV-100-00347,0.99,Invoice,LOCAL-100-00347
2026-08-12,INV-100-00348,250.00,Invoice,LOCAL-100-00348
2026-08-13,PAY-100-00349,-33.30,Payment,LOCAL-100-00349
2026-08-14,INV-100-00350,71.07,Invoice,LOCAL-100-00350
2026-08-15,INV-100-00351,125.75,Invoice,LOCAL-100-00351
2026-08-16,PAY-100-00352,-40.25,Payment,LOCAL-100-00352
2026-08-17,INV-100-00353,900.10,Invoice,LOCAL-100-00353
2026-08-18,INV-100-00354,0.99,Invoice,LOCAL-100-00354
2026-08-19,INV-100-00355,250.00,Invoice,LOCAL-100-00355
2026-08-20,PAY-100-00356,-33.30,Payment,LOCAL-100-00356
2026-08-21,INV-100-00357,71.07,Invoice,LOCAL-100-00357
2026-08-22,INV-100-00358,125.75,Invoice,LOCAL-100-00358
2026-08-23,PAY-100-00359,-40.25,Payment,LOCAL-100-00359
2026-08-24,INV-100-00360,900.10,Invoice,LOCAL-100-00360
2026-08-25,INV-100-00361,0.99,Invoice,LOCAL-100-00361
2026-08-26,INV-100-00362,250.00,Invoice,LOCAL-100-00362
2026-08-27,PAY-100-00363,-33.30,Payment,LOCAL-100-00363
2026-08-28,INV-100-00364,71.07,Invoice,LOCAL-100-00364
2026-08-01,INV-100-00365,125.75,Invoice,LOCAL-100-00365
2026-08-02,PAY-100-00366,-40.25,Payment,LOCAL-100-00366
2026-08-03,INV-100-00367,900.10,Invoice,LOCAL-100-00367
2026-08-04,INV-100-00368,0.99,Invoice,LOCAL-100-00368
2026-08-05,INV-100-00369,250.00,Invoice,LOCAL-100-00369
2026-08-06,PAY-100-00370,-33.30,Payment,LOCAL-100-00370
2026-08-07,INV-100-00371,71.07,Invoice,LOCAL-100-00371
2026-08-08,INV-100-00372,125.75,Invoice,LOCAL-100-00372
2026-08-09,PAY-100-00373,-40.25,Payment,LOCAL-100-00373
2026-08-10,INV-100-00374,900.10,Invoice,LOCAL-100-00374
2026-08-11,INV-100-00375,0.99,Invoice,LOCAL-100-00375
2026-08-12,INV-100-00376,250.00,Invoice,LOCAL-100-00376
2026-08-13,PAY-100-00377,-33.30,Payment,LOCAL-100-00377
2026-08-14,INV-100-00378,71.07,Invoice,LOCAL-100-00378
2026-08-15,INV-100-00379,125.75,Invoice,LOCAL-100-00379
2026-08-16,PAY-100-00380,-40.25,Payment,LOCAL-100-00380
2026-08-17,INV-100-00381,900.10,Invoice,LOCAL-100-00381
2026-08-18,INV-100-00382,0.99,Invoice,LOCAL-100-00382
2026-08-19,INV-100-00383,250.00,Invoice,LOCAL-100-00383
2026-08-20,PAY-100-00384,-33.30,Payment,LOCAL-100-00384
2026-08-21,INV-100-00385,71.07,Invoice,LOCAL-100-00385
2026-08-22,INV-100-00386,125.75,Invoice,LOCAL-100-00386
2026-08-23,PAY-100-00387,-40.25,Payment,LOCAL-100-00387
2026-08-24,INV-100-00388,900.10,Invoice,LOCAL-100-00388
2026-08-25,INV-100-00389,0.99,Invoice,LOCAL-100-00389
2026-08-26,INV-100-00390,250.00,Invoice,LOCAL-100-00390
2026-08-27,PAY-100-00391,-33.30,Payment,LOCAL-100-00391
2026-08-28,INV-100-00392,71.07,Invoice,LOCAL-100-00392
2026-08-01,INV-100-00393,125.75,Invoice,LOCAL-100-00393
2026-08-02,PAY-100-00394,-40.25,Payment,LOCAL-100-00394
2026-08-03,INV-100-00395,900.10,Invoice,LOCAL-100-00395
2026-08-04,INV-100-00396,0.99,Invoice,LOCAL-100-00396
2026-08-05,INV-100-00397,250.00,Invoice,LOCAL-100-00397
2026-08-06,PAY-100-00398,-33.30,Payment,LOCAL-100-00398
2026-08-07,INV-100-00399,71.07,Invoice,LOCAL-100-00399
2026-08-08,INV-100-00400,125.75,Invoice,LOCAL-100-00400
2026-08-09,PAY-100-00401,-40.25,Payment,LOCAL-100-00401
2026-08-10,INV-100-00402,900.10,Invoice,LOCAL-100-00402
2026-08-11,INV-100-00403,0.99,Invoice,LOCAL-100-00403
2026-08-12,INV-100-00404,250.00,Invoice,LOCAL-100-00404
2026-08-13,PAY-100-00405,-33.30,Payment,LOCAL-100-00405
2026-08-14,INV-100-00406,71.07,Invoice,LOCAL-100-00406
2026-08-15,INV-100-00407,125.75,Invoice,LOCAL-100-00407
2026-08-16,PAY-100-00408,-40.25,Payment,LOCAL-100-00408
2026-08-17,INV-100-00409,900.10,Invoice,LOCAL-100-00409
2026-08-18,INV-100-00410,0.99,Invoice,LOCAL-100-00410
2026-08-19,INV-100-00411,250.00,Invoice,LOCAL-100-00411
2026-08-20,PAY-100-00412,-33.30,Payment,LOCAL-100-00412
2026-08-21,INV-100-00413,71.07,Invoice,LOCAL-100-00413
2026-08-22,INV-100-00414,125.75,Invoice,LOCAL-100-00414
2026-08-23,PAY-100-00415,-40.25,Payment,LOCAL-100-00415
2026-08-24,INV-100-00416,900.10,Invoice,LOCAL-100-00416
2026-08-25,INV-100-00417,0.99,Invoice,LOCAL-100-00417
2026-08-26,INV-100-00418,250.00,Invoice,LOCAL-100-00418
2026-08-27,PAY-100-00419,-33.30,Payment,LOCAL-100-00419
2026-08-28,INV-100-00420,71.07,Invoice,LOCAL-100-00420
2026-08-01,INV-100-00421,125.75,Invoice,LOCAL-100-00421
2026-08-02,PAY-100-00422,-40.25,Payment,LOCAL-100-00422
2026-08-03,INV-100-00423,900.10,Invoice,LOCAL-100-00423
2026-08-04,INV-100-00424,0.99,Invoice,LOCAL-100-00424
2026-08-05,INV-100-00425,250.00,Invoice,LOCAL-100-00425
2026-08-06,PAY-100-00426,-33.30,Payment,LOCAL-100-00426
2026-08-07,INV-100-00427,71.07,Invoice,LOCAL-100-00427
2026-08-08,INV-100-00428,125.75,Invoice,LOCAL-100-00428
2026-08-09,PAY-100-00429,-40.25,Payment,LOCAL-100-00429
2026-08-10,INV-100-00430,900.10,Invoice,LOCAL-100-00430
2026-08-11,INV-100-00431,0.99,Invoice,LOCAL-100-00431
2026-08-12,INV-100-00432,250.00,Invoice,LOCAL-100-00432
2026-08-13,PAY-100-00433,-33.30,Payment,LOCAL-100-00433
2026-08-14,INV-100-00434,71.07,Invoice,LOCAL-100-00434
2026-08-15,INV-100-00435,125.75,Invoice,LOCAL-100-00435
2026-08-16,PAY-100-00436,-40.25,Payment,LOCAL-100-00436
2026-08-17,INV-100-00437,900.10,Invoice,LOCAL-100-00437
2026-08-18,INV-100-00438,0.99,Invoice,LOCAL-100-00438
2026-08-19,INV-100-00439,250.00,Invoice,LOCAL-100-00439
2026-08-20,PAY-100-00440,-33.30,Payment,LOCAL-100-00440
2026-08-21,INV-100-00441,71.07,Invoice,LOCAL-100-00441
2026-08-22,INV-100-00442,125.75,Invoice,LOCAL-100-00442
2026-08-23,PAY-100-00443,-40.25,Payment,LOCAL-100-00443
2026-08-24,INV-100-00444,900.10,Invoice,LOCAL-100-00444
2026-08-25,INV-100-00445,0.99,Invoice,LOCAL-100-00445
2026-08-26,INV-100-00446,250.00,Invoice,LOCAL-100-00446
2026-08-27,PAY-100-00447,-33.30,Payment,LOCAL-100-00447
2026-08-28,INV-100-00448,71.07,Invoice,LOCAL-100-00448
2026-08-01,INV-100-00449,125.75,Invoice,LOCAL-100-00449
2026-08-02,PAY-100-00450,-40.25,Payment,LOCAL-100-00450
2026-08-03,INV-100-00451,900.10,Invoice,LOCAL-100-00451
2026-08-04,INV-100-00452,0.99,Invoice,LOCAL-100-00452
2026-08-05,INV-100-00453,250.00,Invoice,LOCAL-100-00453
2026-08-06,PAY-100-00454,-33.30,Payment,LOCAL-100-00454
2026-08-07,INV-100-00455,71.07,Invoice,LOCAL-100-00455
2026-08-08,INV-100-00456,125.75,Invoice,LOCAL-100-00456
2026-08-09,PAY-100-00457,-40.25,Payment,LOCAL-100-00457
2026-08-10,INV-100-00458,900.10,Invoice,LOCAL-100-00458
2026-08-11,INV-100-00459,0.99,Invoice,LOCAL-100-00459
2026-08-12,INV-100-00460,250.00,Invoice,LOCAL-100-00460
2026-08-13,PAY-100-00461,-33.30,Payment,LOCAL-100-00461
2026-08-14,INV-100-00462,71.07,Invoice,LOCAL-100-00462
2026-08-15,INV-100-00463,125.75,Invoice,LOCAL-100-00463
2026-08-16,PAY-100-00464,-40.25,Payment,LOCAL-100-00464
2026-08-17,INV-100-00465,900.10,Invoice,LOCAL-100-00465
2026-08-18,INV-100-00466,0.99,Invoice,LOCAL-100-00466
2026-08-19,INV-100-00467,250.00,Invoice,LOCAL-100-00467
2026-08-20,PAY-100-00468,-33.30,Payment,LOCAL-100-00468
2026-08-21,INV-100-00469,71.07,Invoice,LOCAL-100-00469
2026-08-22,INV-100-00470,125.75,Invoice,LOCAL-100-00470
2026-08-23,PAY-100-00471,-40.25,Payment,LOCAL-100-00471
2026-08-24,INV-100-00472,900.10,Invoice,LOCAL-100-00472
2026-08-25,INV-100-00473,0.99,Invoice,LOCAL-100-00473
2026-08-26,INV-100-00474,250.00,Invoice,LOCAL-100-00474
2026-08-27,PAY-100-00475,-33.30,Payment,LOCAL-100-00475
2026-08-28,INV-100-00476,71.07,Invoice,LOCAL-100-00476
2026-08-01,INV-100-00477,125.75,Invoice,LOCAL-100-00477
2026-08-02,PAY-100-00478,-40.25,Payment,LOCAL-100-00478
2026-08-03,INV-100-00479,900.10,Invoice,LOCAL-100-00479
2026-08-04,INV-100-00480,0.99,Invoice,LOCAL-100-00480
2026-08-05,INV-100-00481,250.00,Invoice,LOCAL-100-00481
2026-08-06,PAY-100-00482,-33.30,Payment,LOCAL-100-00482
2026-08-07,INV-100-00483,71.07,Invoice,LOCAL-100-00483
2026-08-08,INV-100-00484,125.75,Invoice,LOCAL-100-00484
2026-08-09,PAY-100-00485,-40.25,Payment,LOCAL-100-00485
2026-08-10,INV-100-00486,900.10,Invoice,LOCAL-100-00486
2026-08-11,INV-100-00487,0.99,Invoice,LOCAL-100-00487
2026-08-12,INV-100-00488,250.00,Invoice,LOCAL-100-00488
2026-08-13,PAY-100-00489,-33.30,Payment,LOCAL-100-00489
2026-08-14,INV-100-00490,71.07,Invoice,LOCAL-100-00490
2026-08-15,INV-100-00491,125.75,Invoice,LOCAL-100-00491
2026-08-16,PAY-100-00492,-40.25,Payment,LOCAL-100-00492
2026-08-17,INV-100-00493,900.10,Invoice,LOCAL-100-00493
2026-08-18,INV-100-00494,0.99,Invoice,LOCAL-100-00494
2026-08-19,INV-100-00495,250.00,Invoice,LOCAL-100-00495
2026-08-20,PAY-100-00496,-33.30,Payment,LOCAL-100-00496
2026-08-21,INV-100-00497,71.07,Invoice,LOCAL-100-00497
2026-08-22,INV-100-00498,125.75,Invoice,LOCAL-100-00498
2026-08-23,PAY-100-00499,-40.25,Payment,LOCAL-100-00499
2026-08-24,INV-100-00500,900.10,Invoice,LOCAL-100-00500
2026-08-25,INV-100-00501,0.99,Invoice,LOCAL-100-00501
2026-08-26,INV-100-00502,250.00,Invoice,LOCAL-100-00502
2026-08-27,PAY-100-00503,-33.30,Payment,LOCAL-100-00503
2026-08-28,INV-100-00504,71.07,Invoice,LOCAL-100-00504
2026-08-01,INV-100-00505,125.75,Invoice,LOCAL-100-00505
2026-08-02,PAY-100-00506,-40.25,Payment,LOCAL-100-00506
2026-08-03,INV-100-00507,900.10,Invoice,LOCAL-100-00507
2026-08-04,INV-100-00508,0.99,Invoice,LOCAL-100-00508
2026-08-05,INV-100-00509,250.00,Invoice,LOCAL-100-00509
2026-08-06,PAY-100-00510,-33.30,Payment,LOCAL-100-00510
2026-08-07,INV-100-00511,71.07,Invoice,LOCAL-100-00511
2026-08-08,INV-100-00512,125.75,Invoice,LOCAL-100-00512
2026-08-09,PAY-100-00513,-40.25,Payment,LOCAL-100-00513
2026-08-10,INV-100-00514,900.10,Invoice,LOCAL-100-00514
2026-08-11,INV-100-00515,0.99,Invoice,LOCAL-100-00515
2026-08-12,INV-100-00516,250.00,Invoice,LOCAL-100-00516
2026-08-13,PAY-100-00517,-33.30,Payment,LOCAL-100-00517
2026-08-14,INV-100-00518,71.07,Invoice,LOCAL-100-00518
2026-08-15,INV-100-00519,125.75,Invoice,LOCAL-100-00519
2026-08-16,PAY-100-00520,-40.25,Payment,LOCAL-100-00520
2026-08-17,INV-100-00521,900.10,Invoice,LOCAL-100-00521
2026-08-18,INV-100-00522,0.99,Invoice,LOCAL-100-00522
2026-08-19,INV-100-00523,250.00,Invoice,LOCAL-100-00523
2026-08-20,PAY-100-00524,-33.30,Payment,LOCAL-100-00524
2026-08-21,INV-100-00525,71.07,Invoice,LOCAL-100-00525
2026-08-22,INV-100-00526,125.75,Invoice,LOCAL-100-00526
2026-08-23,PAY-100-00527,-40.25,Payment,LOCAL-100-00527
2026-08-24,INV-100-00528,900.10,Invoice,LOCAL-100-00528
2026-08-25,INV-100-00529,0.99,Invoice,LOCAL-100-00529
2026-08-26,INV-100-00530,250.00,Invoice,LOCAL-100-00530
2026-08-27,PAY-100-00531,-33.30,Payment,LOCAL-100-00531
2026-08-28,INV-100-00532,71.07,Invoice,LOCAL-100-00532
2026-08-01,INV-100-00533,125.75,Invoice,LOCAL-100-00533
2026-08-02,PAY-100-00534,-40.25,Payment,LOCAL-100-00534
2026-08-03,INV-100-00535,900.10,Invoice,LOCAL-100-00535
2026-08-04,INV-100-00536,0.99,Invoice,LOCAL-100-00536
2026-08-05,INV-100-00537,250.00,Invoice,LOCAL-100-00537
2026-08-06,PAY-100-00538,-33.30,Payment,LOCAL-100-00538
2026-08-07,INV-100-00539,71.07,Invoice,LOCAL-100-00539
2026-08-08,INV-100-00540,125.75,Invoice,LOCAL-100-00540
2026-08-09,PAY-100-00541,-40.25,Payment,LOCAL-100-00541
2026-08-10,INV-100-00542,900.10,Invoice,LOCAL-100-00542
2026-08-11,INV-100-00543,0.99,Invoice,LOCAL-100-00543
2026-08-12,INV-100-00544,250.00,Invoice,LOCAL-100-00544
2026-08-13,PAY-100-00545,-33.30,Payment,LOCAL-100-00545
2026-08-14,INV-100-00546,71.07,Invoice,LOCAL-100-00546
2026-08-15,INV-100-00547,125.75,Invoice,LOCAL-100-00547
2026-08-16,PAY-100-00548,-40.25,Payment,LOCAL-100-00548
2026-08-17,INV-100-00549,900.10,Invoice,LOCAL-100-00549
2026-08-18,INV-100-00550,0.99,Invoice,LOCAL-100-00550
2026-08-19,INV-100-00551,250.00,Invoice,LOCAL-100-00551
2026-08-20,PAY-100-00552,-33.30,Payment,LOCAL-100-00552
2026-08-21,INV-100-00553,71.07,Invoice,LOCAL-100-00553
2026-08-22,INV-100-00554,125.75,Invoice,LOCAL-100-00554
2026-08-23,PAY-100-00555,-40.25,Payment,LOCAL-100-00555
2026-08-24,INV-100-00556,900.10,Invoice,LOCAL-100-00556
2026-08-25,INV-100-00557,0.99,Invoice,LOCAL-100-00557
2026-08-26,INV-100-00558,250.00,Invoice,LOCAL-100-00558
2026-08-27,PAY-100-00559,-33.30,Payment,LOCAL-100-00559
2026-08-28,INV-100-00560,71.07,Invoice,LOCAL-100-00560
2026-08-01,INV-100-00561,125.75,Invoice,LOCAL-100-00561
2026-08-02,PAY-100-00562,-40.25,Payment,LOCAL-100-00562
2026-08-03,INV-100-00563,900.10,Invoice,LOCAL-100-00563
2026-08-04,INV-100-00564,0.99,Invoice,LOCAL-100-00564
2026-08-05,INV-100-00565,250.00,Invoice,LOCAL-100-00565
2026-08-06,PAY-100-00566,-33.30,Payment,LOCAL-100-00566
2026-08-07,INV-100-00567,71.07,Invoice,LOCAL-100-00567
2026-08-08,INV-100-00568,125.75,Invoice,LOCAL-100-00568
2026-08-09,PAY-100-00569,-40.25,Payment,LOCAL-100-00569
2026-08-10,INV-100-00570,900.10,Invoice,LOCAL-100-00570
2026-08-11,INV-100-00571,0.99,Invoice,LOCAL-100-00571
2026-08-12,INV-100-00572,250.00,Invoice,LOCAL-100-00572
2026-08-13,PAY-100-00573,-33.30,Payment,LOCAL-100-00573
2026-08-14,INV-100-00574,71.07,Invoice,LOCAL-100-00574
2026-08-15,INV-100-00575,125.75,Invoice,LOCAL-100-00575
2026-08-16,PAY-100-00576,-40.25,Payment,LOCAL-100-00576
2026-08-17,INV-100-00577,900.10,Invoice,LOCAL-100-00577
2026-08-18,INV-100-00578,0.99,Invoice,LOCAL-100-00578
2026-08-19,INV-100-00579,250.00,Invoice,LOCAL-100-00579
2026-08-20,PAY-100-00580,-33.30,Payment,LOCAL-100-00580
2026-08-21,INV-100-00581,71.07,Invoice,LOCAL-100-00581
2026-08-22,INV-100-00582,125.75,Invoice,LOCAL-100-00582
2026-08-23,PAY-100-00583,-40.25,Payment,LOCAL-100-00583
2026-08-24,INV-100-00584,900.10,Invoice,LOCAL-100-00584
2026-08-25,INV-100-00585,0.99,Invoice,LOCAL-100-00585
2026-08-26,INV-100-00586,250.00,Invoice,LOCAL-100-00586
2026-08-27,PAY-100-00587,-33.30,Payment,LOCAL-100-00587
2026-08-28,INV-100-00588,71.07,Invoice,LOCAL-100-00588
2026-08-01,INV-100-00589,125.75,Invoice,LOCAL-100-00589
2026-08-02,PAY-100-00590,-40.25,Payment,LOCAL-100-00590
2026-08-03,INV-100-00591,900.10,Invoice,LOCAL-100-00591
2026-08-04,INV-100-00592,0.99,Invoice,LOCAL-100-00592
2026-08-05,INV-100-00593,250.00,Invoice,LOCAL-100-00593
2026-08-06,PAY-100-00594,-33.30,Payment,LOCAL-100-00594
2026-08-07,INV-100-00595,71.07,Invoice,LOCAL-100-00595
2026-08-08,INV-100-00596,125.75,Invoice,LOCAL-100-00596
2026-08-09,PAY-100-00597,-40.25,Payment,LOCAL-100-00597
2026-08-10,INV-100-00598,900.10,Invoice,LOCAL-100-00598
2026-08-11,INV-100-00599,0.99,Invoice,LOCAL-100-00599
2026-08-12,INV-100-00600,250.00,Invoice,LOCAL-100-00600
2026-08-13,PAY-100-00601,-33.30,Payment,LOCAL-100-00601
2026-08-14,INV-100-00602,71.07,Invoice,LOCAL-100-00602
2026-08-15,INV-100-00603,125.75,Invoice,LOCAL-100-00603
2026-08-16,PAY-100-00604,-40.25,Payment,LOCAL-100-00604
2026-08-17,INV-100-00605,900.10,Invoice,LOCAL-100-00605
2026-08-18,INV-100-00606,0.99,Invoice,LOCAL-100-00606
2026-08-19,INV-100-00607,250.00,Invoice,LOCAL-100-00607
2026-08-20,PAY-100-00608,-33.30,Payment,LOCAL-100-00608
2026-08-21,INV-100-00609,71.07,Invoice,LOCAL-100-00609
2026-08-22,INV-100-00610,125.75,Invoice,LOCAL-100-00610
2026-08-23,PAY-100-00611,-40.25,Payment,LOCAL-100-00611
2026-08-24,INV-100-00612,900.10,Invoice,LOCAL-100-00612
2026-08-25,INV-100-00613,0.99,Invoice,LOCAL-100-00613
2026-08-26,INV-100-00614,250.00,Invoice,LOCAL-100-00614
2026-08-27,PAY-100-00615,-33.30,Payment,LOCAL-100-00615
2026-08-28,INV-100-00616,71.07,Invoice,LOCAL-100-00616
2026-08-01,INV-100-00617,125.75,Invoice,LOCAL-100-00617
2026-08-02,PAY-100-00618,-40.25,Payment,LOCAL-100-00618
2026-08-03,INV-100-00619,900.10,Invoice,LOCAL-100-00619
2026-08-04,INV-100-00620,0.99,Invoice,LOCAL-100-00620
2026-08-05,INV-100-00621,250.00,Invoice,LOCAL-100-00621
2026-08-06,PAY-100-00622,-33.30,Payment,LOCAL-100-00622
2026-08-07,INV-100-00623,71.07,Invoice,LOCAL-100-00623
2026-08-08,INV-100-00624,125.75,Invoice,LOCAL-100-00624
2026-08-09,PAY-100-00625,-40.25,Payment,LOCAL-100-00625
2026-08-10,INV-100-00626,900.10,Invoice,LOCAL-100-00626
2026-08-11,INV-100-00627,0.99,Invoice,LOCAL-100-00627
2026-08-12,INV-100-00628,250.00,Invoice,LOCAL-100-00628
2026-08-13,PAY-100-00629,-33.30,Payment,LOCAL-100-00629
2026-08-14,INV-100-00630,71.07,Invoice,LOCAL-100-00630
2026-08-15,INV-100-00631,125.75,Invoice,LOCAL-100-00631
2026-08-16,PAY-100-00632,-40.25,Payment,LOCAL-100-00632
2026-08-17,INV-100-00633,900.10,Invoice,LOCAL-100-00633
2026-08-18,INV-100-00634,0.99,Invoice,LOCAL-100-00634
2026-08-19,INV-100-00635,250.00,Invoice,LOCAL-100-00635
2026-08-20,PAY-100-00636,-33.30,Payment,LOCAL-100-00636
2026-08-21,INV-100-00637,71.07,Invoice,LOCAL-100-00637
2026-08-22,INV-100-00638,125.75,Invoice,LOCAL-100-00638
2026-08-23,PAY-100-00639,-40.25,Payment,LOCAL-100-00639
2026-08-24,INV-100-00640,900.10,Invoice,LOCAL-100-00640
2026-08-25,INV-100-00641,0.99,Invoice,LOCAL-100-00641
2026-08-26,INV-100-00642,250.00,Invoice,LOCAL-100-00642
2026-08-27,PAY-100-00643,-33.30,Payment,LOCAL-100-00643
2026-08-28,INV-100-00644,71.07,Invoice,LOCAL-100-00644
2026-08-01,INV-100-00645,125.75,Invoice,LOCAL-100-00645
2026-08-02,PAY-100-00646,-40.25,Payment,LOCAL-100-00646
2026-08-03,INV-100-00647,900.10,Invoice,LOCAL-100-00647
2026-08-04,INV-100-00648,0.99,Invoice,LOCAL-100-00648
2026-08-05,INV-100-00649,250.00,Invoice,LOCAL-100-00649
2026-08-06,PAY-100-00650,-33.30,Payment,LOCAL-100-00650
2026-08-07,INV-100-00651,71.07,Invoice,LOCAL-100-00651
2026-08-08,INV-100-00652,125.75,Invoice,LOCAL-100-00652
2026-08-09,PAY-100-00653,-40.25,Payment,LOCAL-100-00653
2026-08-10,INV-100-00654,900.10,Invoice,LOCAL-100-00654
2026-08-11,INV-100-00655,0.99,Invoice,LOCAL-100-00655
2026-08-12,INV-100-00656,250.00,Invoice,LOCAL-100-00656
2026-08-13,PAY-100-00657,-33.30,Payment,LOCAL-100-00657
2026-08-14,INV-100-00658,71.07,Invoice,LOCAL-100-00658
2026-08-15,INV-100-00659,125.75,Invoice,LOCAL-100-00659
2026-08-16,PAY-100-00660,-40.25,Payment,LOCAL-100-00660
2026-08-17,INV-100-00661,900.10,Invoice,LOCAL-100-00661
2026-08-18,INV-100-00662,0.99,Invoice,LOCAL-100-00662
2026-08-19,INV-100-00663,250.00,Invoice,LOCAL-100-00663
2026-08-20,PAY-100-00664,-33.30,Payment,LOCAL-100-00664
2026-08-21,INV-100-00665,71.07,Invoice,LOCAL-100-00665
2026-08-22,INV-100-00666,125.75,Invoice,LOCAL-100-00666
2026-08-23,PAY-100-00667,-40.25,Payment,LOCAL-100-00667
2026-08-24,INV-100-00668,900.10,Invoice,LOCAL-100-00668
2026-08-25,INV-100-00669,0.99,Invoice,LOCAL-100-00669
2026-08-26,INV-100-00670,250.00,Invoice,LOCAL-100-00670
2026-08-27,PAY-100-00671,-33.30,Payment,LOCAL-100-00671
2026-08-28,INV-100-00672,71.07,Invoice,LOCAL-100-00672
2026-08-01,INV-100-00673,125.75,Invoice,LOCAL-100-00673
2026-08-02,PAY-100-00674,-40.25,Payment,LOCAL-100-00674
2026-08-03,INV-100-00675,900.10,Invoice,LOCAL-100-00675
2026-08-04,INV-100-00676,0.99,Invoice,LOCAL-100-00676
2026-08-05,INV-100-00677,250.00,Invoice,LOCAL-100-00677
2026-08-06,PAY-100-00678,-33.30,Payment,LOCAL-100-00678
2026-08-07,INV-100-00679,71.07,Invoice,LOCAL-100-00679
2026-08-08,INV-100-00680,125.75,Invoice,LOCAL-100-00680
2026-08-09,PAY-100-00681,-40.25,Payment,LOCAL-100-00681
2026-08-10,INV-100-00682,900.10,Invoice,LOCAL-100-00682
2026-08-11,INV-100-00683,0.99,Invoice,LOCAL-100-00683
2026-08-12,INV-100-00684,250.00,Invoice,LOCAL-100-00684
2026-08-13,PAY-100-00685,-33.30,Payment,LOCAL-100-00685
2026-08-14,INV-100-00686,71.07,Invoice,LOCAL-100-00686
2026-08-15,INV-100-00687,125.75,Invoice,LOCAL-100-00687
2026-08-16,PAY-100-00688,-40.25,Payment,LOCAL-100-00688
2026-08-17,INV-100-00689,900.10,Invoice,LOCAL-100-00689
2026-08-18,INV-100-00690,0.99,Invoice,LOCAL-100-00690
2026-08-19,INV-100-00691,250.00,Invoice,LOCAL-100-00691
2026-08-20,PAY-100-00692,-33.30,Payment,LOCAL-100-00692
2026-08-21,INV-100-00693,71.07,Invoice,LOCAL-100-00693
2026-08-22,INV-100-00694,125.75,Invoice,LOCAL-100-00694
2026-08-23,PAY-100-00695,-40.25,Payment,LOCAL-100-00695
2026-08-24,INV-100-00696,900.10,Invoice,LOCAL-100-00696
2026-08-25,INV-100-00697,0.99,Invoice,LOCAL-100-00697
2026-08-26,INV-100-00698,250.00,Invoice,LOCAL-100-00698
2026-08-27,PAY-100-00699,-33.30,Payment,LOCAL-100-00699
2026-08-28,INV-100-00700,71.07,Invoice,LOCAL-100-00700
2026-08-01,INV-100-00701,125.75,Invoice,LOCAL-100-00701
2026-08-02,PAY-100-00702,-40.25,Payment,LOCAL-100-00702
2026-08-03,INV-100-00703,900.10,Invoice,LOCAL-100-00703
2026-08-04,INV-100-00704,0.99,Invoice,LOCAL-100-00704
2026-08-05,INV-100-00705,250.00,Invoice,LOCAL-100-00705
2026-08-06,PAY-100-00706,-33.30,Payment,LOCAL-100-00706
2026-08-07,INV-100-00707,71.07,Invoice,LOCAL-100-00707
2026-08-08,INV-100-00708,125.75,Invoice,LOCAL-100-00708
2026-08-09,PAY-100-00709,-40.25,Payment,LOCAL-100-00709
2026-08-10,INV-100-00710,900.10,Invoice,LOCAL-100-00710
2026-08-11,INV-100-00711,0.99,Invoice,LOCAL-100-00711
2026-08-12,INV-100-00712,250.00,Invoice,LOCAL-100-00712
2026-08-13,PAY-100-00713,-33.30,Payment,LOCAL-100-00713
2026-08-14,INV-100-00714,71.07,Invoice,LOCAL-100-00714
2026-08-15,INV-100-00715,125.75,Invoice,LOCAL-100-00715
2026-08-16,PAY-100-00716,-40.25,Payment,LOCAL-100-00716
2026-08-17,INV-100-00717,900.10,Invoice,LOCAL-100-00717
2026-08-18,INV-100-00718,0.99,Invoice,LOCAL-100-00718
2026-08-19,INV-100-00719,250.00,Invoice,LOCAL-100-00719
2026-08-20,PAY-100-00720,-33.30,Payment,LOCAL-100-00720
2026-08-21,INV-100-00721,71.07,Invoice,LOCAL-100-00721
2026-08-22,INV-100-00722,125.75,Invoice,LOCAL-100-00722
2026-08-23,PAY-100-00723,-40.25,Payment,LOCAL-100-00723
2026-08-24,INV-100-00724,900.10,Invoice,LOCAL-100-00724
2026-08-25,INV-100-00725,0.99,Invoice,LOCAL-100-00725
2026-08-26,INV-100-00726,250.00,Invoice,LOCAL-100-00726
2026-08-27,PAY-100-00727,-33.30,Payment,LOCAL-100-00727
2026-08-28,INV-100-00728,71.07,Invoice,LOCAL-100-00728
2026-08-01,INV-100-00729,125.75,Invoice,LOCAL-100-00729
2026-08-02,PAY-100-00730,-40.25,Payment,LOCAL-100-00730
2026-08-03,INV-100-00731,900.10,Invoice,LOCAL-100-00731
2026-08-04,INV-100-00732,0.99,Invoice,LOCAL-100-00732
2026-08-05,INV-100-00733,250.00,Invoice,LOCAL-100-00733
2026-08-06,PAY-100-00734,-33.30,Payment,LOCAL-100-00734
2026-08-07,INV-100-00735,71.07,Invoice,LOCAL-100-00735
2026-08-08,INV-100-00736,125.75,Invoice,LOCAL-100-00736
2026-08-09,PAY-100-00737,-40.25,Payment,LOCAL-100-00737
2026-08-10,INV-100-00738,900.10,Invoice,LOCAL-100-00738
2026-08-11,INV-100-00739,0.99,Invoice,LOCAL-100-00739
2026-08-12,INV-100-00740,250.00,Invoice,LOCAL-100-00740
2026-08-13,PAY-100-00741,-33.30,Payment,LOCAL-100-00741
2026-08-14,INV-100-00742,71.07,Invoice,LOCAL-100-00742
2026-08-15,INV-100-00743,125.75,Invoice,LOCAL-100-00743
2026-08-16,PAY-100-00744,-40.25,Payment,LOCAL-100-00744
2026-08-17,INV-100-00745,900.10,Invoice,LOCAL-100-00745
2026-08-18,INV-100-00746,0.99,Invoice,LOCAL-100-00746
2026-08-19,INV-100-00747,250.00,Invoice,LOCAL-100-00747
2026-08-20,PAY-100-00748,-33.30,Payment,LOCAL-100-00748
2026-08-21,INV-100-00749,71.07,Invoice,LOCAL-100-00749
2026-08-22,INV-100-00750,125.75,Invoice,LOCAL-100-00750
2026-08-23,PAY-100-00751,-40.25,Payment,LOCAL-100-00751
2026-08-24,INV-100-00752,900.10,Invoice,LOCAL-100-00752
2026-08-25,INV-100-00753,0.99,Invoice,LOCAL-100-00753
2026-08-26,INV-100-00754,250.00,Invoice,LOCAL-100-00754
2026-08-27,PAY-100-00755,-33.30,Payment,LOCAL-100-00755
2026-08-28,INV-100-00756,71.07,Invoice,LOCAL-100-00756
2026-08-01,INV-100-00757,125.75,Invoice,LOCAL-100-00757
2026-08-02,PAY-100-00758,-40.25,Payment,LOCAL-100-00758
2026-08-03,INV-100-00759,900.10,Invoice,LOCAL-100-00759
2026-08-04,INV-100-00760,0.99,Invoice,LOCAL-100-00760
2026-08-05,INV-100-00761,250.00,Invoice,LOCAL-100-00761
2026-08-06,PAY-100-00762,-33.30,Payment,LOCAL-100-00762
2026-08-07,INV-100-00763,71.07,Invoice,LOCAL-100-00763
2026-08-08,INV-100-00764,125.75,Invoice,LOCAL-100-00764
2026-08-09,PAY-100-00765,-40.25,Payment,LOCAL-100-00765
2026-08-10,INV-100-00766,900.10,Invoice,LOCAL-100-00766
2026-08-11,INV-100-00767,0.99,Invoice,LOCAL-100-00767
2026-08-12,INV-100-00768,250.00,Invoice,LOCAL-100-00768
2026-08-13,PAY-100-00769,-33.30,Payment,LOCAL-100-00769
2026-08-14,INV-100-00770,71.07,Invoice,LOCAL-100-00770
2026-08-15,INV-100-00771,125.75,Invoice,LOCAL-100-00771
2026-08-16,PAY-100-00772,-40.25,Payment,LOCAL-100-00772
2026-08-17,INV-100-00773,900.10,Invoice,LOCAL-100-00773
2026-08-18,INV-100-00774,0.99,Invoice,LOCAL-100-00774
2026-08-19,INV-100-00775,250.00,Invoice,LOCAL-100-00775
2026-08-20,PAY-100-00776,-33.30,Payment,LOCAL-100-00776
2026-08-21,INV-100-00777,71.07,Invoice,LOCAL-100-00777
2026-08-22,INV-100-00778,125.75,Invoice,LOCAL-100-00778
2026-08-23,PAY-100-00779,-40.25,Payment,LOCAL-100-00779
2026-08-24,INV-100-00780,900.10,Invoice,LOCAL-100-00780
2026-08-25,INV-100-00781,0.99,Invoice,LOCAL-100-00781
2026-08-26,INV-100-00782,250.00,Invoice,LOCAL-100-00782
2026-08-27,PAY-100-00783,-33.30,Payment,LOCAL-100-00783
2026-08-28,INV-100-00784,71.07,Invoice,LOCAL-100-00784
2026-08-01,INV-100-00785,125.75,Invoice,LOCAL-100-00785
2026-08-02,PAY-100-00786,-40.25,Payment,LOCAL-100-00786
2026-08-03,INV-100-00787,900.10,Invoice,LOCAL-100-00787
2026-08-04,INV-100-00788,0.99,Invoice,LOCAL-100-00788
2026-08-05,INV-100-00789,250.00,Invoice,LOCAL-100-00789
2026-08-06,PAY-100-00790,-33.30,Payment,LOCAL-100-00790
2026-08-07,INV-100-00791,71.07,Invoice,LOCAL-100-00791
2026-08-08,INV-100-00792,125.75,Invoice,LOCAL-100-00792
2026-08-09,PAY-100-00793,-40.25,Payment,LOCAL-100-00793
2026-08-10,INV-100-00794,900.10,Invoice,LOCAL-100-00794
2026-08-11,INV-100-00795,0.99,Invoice,LOCAL-100-00795
2026-08-12,INV-100-00796,250.00,Invoice,LOCAL-100-00796
2026-08-13,PAY-100-00797,-33.30,Payment,LOCAL-100-00797
2026-08-14,INV-100-00798,71.07,Invoice,LOCAL-100-00798
2026-08-15,INV-100-00799,125.75,Invoice,LOCAL-100-00799
2026-08-16,PAY-100-00800,-40.25,Payment,LOCAL-100-00800
2026-08-17,INV-100-00801,900.10,Invoice,LOCAL-100-00801
2026-08-18,INV-100-00802,0.99,Invoice,LOCAL-100-00802
2026-08-19,INV-100-00803,250.00,Invoice,LOCAL-100-00803
2026-08-20,PAY-100-00804,-33.30,Payment,LOCAL-100-00804
2026-08-21,INV-100-00805,71.07,Invoice,LOCAL-100-00805
2026-08-22,INV-100-00806,125.75,Invoice,LOCAL-100-00806
2026-08-23,PAY-100-00807,-40.25,Payment,LOCAL-100-00807
2026-08-24,INV-100-00808,900.10,Invoice,LOCAL-100-00808
2026-08-25,INV-100-00809,0.99,Invoice,LOCAL-100-00809
2026-08-26,INV-100-00810,250.00,Invoice,LOCAL-100-00810
2026-08-27,PAY-100-00811,-33.30,Payment,LOCAL-100-00811
2026-08-28,INV-100-00812,71.07,Invoice,LOCAL-100-00812
2026-08-01,INV-100-00813,125.75,Invoice,LOCAL-100-00813
2026-08-02,PAY-100-00814,-40.25,Payment,LOCAL-100-00814
2026-08-03,INV-100-00815,900.10,Invoice,LOCAL-100-00815
2026-08-04,INV-100-00816,0.99,Invoice,LOCAL-100-00816
2026-08-05,INV-100-00817,250.00,Invoice,LOCAL-100-00817
2026-08-06,PAY-100-00818,-33.30,Payment,LOCAL-100-00818
2026-08-07,INV-100-00819,71.07,Invoice,LOCAL-100-00819
2026-08-08,INV-100-00820,125.75,Invoice,LOCAL-100-00820
2026-08-09,PAY-100-00821,-40.25,Payment,LOCAL-100-00821
2026-08-10,INV-100-00822,900.10,Invoice,LOCAL-100-00822
2026-08-11,INV-100-00823,0.99,Invoice,LOCAL-100-00823
2026-08-12,INV-100-00824,250.00,Invoice,LOCAL-100-00824
2026-08-13,PAY-100-00825,-33.30,Payment,LOCAL-100-00825
2026-08-14,INV-100-00826,71.07,Invoice,LOCAL-100-00826
2026-08-15,INV-100-00827,125.75,Invoice,LOCAL-100-00827
2026-08-16,PAY-100-00828,-40.25,Payment,LOCAL-100-00828
2026-08-17,INV-100-00829,900.10,Invoice,LOCAL-100-00829
2026-08-18,INV-100-00830,0.99,Invoice,LOCAL-100-00830
2026-08-19,INV-100-00831,250.00,Invoice,LOCAL-100-00831
2026-08-20,PAY-100-00832,-33.30,Payment,LOCAL-100-00832
2026-08-21,INV-100-00833,71.07,Invoice,LOCAL-100-00833
2026-08-22,INV-100-00834,125.75,Invoice,LOCAL-100-00834
2026-08-23,PAY-100-00835,-40.25,Payment,LOCAL-100-00835
2026-08-24,INV-100-00836,900.10,Invoice,LOCAL-100-00836
2026-08-25,INV-100-00837,0.99,Invoice,LOCAL-100-00837
2026-08-26,INV-100-00838,250.00,Invoice,LOCAL-100-00838
2026-08-27,PAY-100-00839,-33.30,Payment,LOCAL-100-00839
2026-08-28,INV-100-00840,71.07,Invoice,LOCAL-100-00840
2026-08-01,INV-100-00841,125.75,Invoice,LOCAL-100-00841
2026-08-02,PAY-100-00842,-40.25,Payment,LOCAL-100-00842
2026-08-03,INV-100-00843,900.10,Invoice,LOCAL-100-00843
2026-08-04,INV-100-00844,0.99,Invoice,LOCAL-100-00844
2026-08-05,INV-100-00845,250.00,Invoice,LOCAL-100-00845
2026-08-06,PAY-100-00846,-33.30,Payment,LOCAL-100-00846
2026-08-07,INV-100-00847,71.07,Invoice,LOCAL-100-00847
2026-08-08,INV-100-00848,125.75,Invoice,LOCAL-100-00848
2026-08-09,PAY-100-00849,-40.25,Payment,LOCAL-100-00849
2026-08-10,INV-100-00850,900.10,Invoice,LOCAL-100-00850
2026-08-11,INV-100-00851,0.99,Invoice,LOCAL-100-00851
2026-08-12,INV-100-00852,250.00,Invoice,LOCAL-100-00852
2026-08-13,PAY-100-00853,-33.30,Payment,LOCAL-100-00853
2026-08-14,INV-100-00854,71.07,Invoice,LOCAL-100-00854
2026-08-15,INV-100-00855,125.75,Invoice,LOCAL-100-00855
2026-08-16,PAY-100-00856,-40.25,Payment,LOCAL-100-00856
2026-08-17,INV-100-00857,900.10,Invoice,LOCAL-100-00857
2026-08-18,INV-100-00858,0.99,Invoice,LOCAL-100-00858
2026-08-19,INV-100-00859,250.00,Invoice,LOCAL-100-00859
2026-08-20,PAY-100-00860,-33.30,Payment,LOCAL-100-00860
2026-08-21,INV-100-00861,71.07,Invoice,LOCAL-100-00861
2026-08-22,INV-100-00862,125.75,Invoice,LOCAL-100-00862
2026-08-23,PAY-100-00863,-40.25,Payment,LOCAL-100-00863
2026-08-24,INV-100-00864,900.10,Invoice,LOCAL-100-00864
2026-08-25,INV-100-00865,0.99,Invoice,LOCAL-100-00865
2026-08-26,INV-100-00866,250.00,Invoice,LOCAL-100-00866
2026-08-27,PAY-100-00867,-33.30,Payment,LOCAL-100-00867
2026-08-28,INV-100-00868,71.07,Invoice,LOCAL-100-00868
2026-08-01,INV-100-00869,125.75,Invoice,LOCAL-100-00869
2026-08-02,PAY-100-00870,-40.25,Payment,LOCAL-100-00870
2026-08-03,INV-100-00871,900.10,Invoice,LOCAL-100-00871
2026-08-04,INV-100-00872,0.99,Invoice,LOCAL-100-00872
2026-08-05,INV-100-00873,250.00,Invoice,LOCAL-100-00873
2026-08-06,PAY-100-00874,-33.30,Payment,LOCAL-100-00874
2026-08-07,INV-100-00875,71.07,Invoice,LOCAL-100-00875
2026-08-08,INV-100-00876,125.75,Invoice,LOCAL-100-00876
2026-08-09,PAY-100-00877,-40.25,Payment,LOCAL-100-00877
2026-08-10,INV-100-00878,900.10,Invoice,LOCAL-100-00878
2026-08-11,INV-100-00879,0.99,Invoice,LOCAL-100-00879
2026-08-12,INV-100-00880,250.00,Invoice,LOCAL-100-00880
2026-08-13,PAY-100-00881,-33.30,Payment,LOCAL-100-00881
2026-08-14,INV-100-00882,71.07,Invoice,LOCAL-100-00882
2026-08-15,INV-100-00883,125.75,Invoice,LOCAL-100-00883
2026-08-16,PAY-100-00884,-40.25,Payment,LOCAL-100-00884
2026-08-17,INV-100-00885,900.10,Invoice,LOCAL-100-00885
2026-08-18,INV-100-00886,0.99,Invoice,LOCAL-100-00886
2026-08-19,INV-100-00887,250.00,Invoice,LOCAL-100-00887
2026-08-20,PAY-100-00888,-33.30,Payment,LOCAL-100-00888
2026-08-21,INV-100-00889,71.07,Invoice,LOCAL-100-00889
2026-08-22,INV-100-00890,125.75,Invoice,LOCAL-100-00890
2026-08-23,PAY-100-00891,-40.25,Payment,LOCAL-100-00891
2026-08-24,INV-100-00892,900.10,Invoice,LOCAL-100-00892
2026-08-25,INV-100-00893,0.99,Invoice,LOCAL-100-00893
2026-08-26,INV-100-00894,250.00,Invoice,LOCAL-100-00894
2026-08-27,PAY-100-00895,-33.30,Payment,LOCAL-100-00895
2026-08-28,INV-100-00896,71.07,Invoice,LOCAL-100-00896
2026-08-01,INV-100-00897,125.75,Invoice,LOCAL-100-00897
2026-08-02,PAY-100-00898,-40.25,Payment,LOCAL-100-00898
2026-08-03,INV-100-00899,900.10,Invoice,LOCAL-100-00899
2026-08-04,INV-100-00900,0.99,Invoice,LOCAL-100-00900
2026-08-05,INV-100-00901,250.00,Invoice,LOCAL-100-00901
2026-08-06,PAY-100-00902,-33.30,Payment,LOCAL-100-00902
2026-08-07,INV-100-00903,71.07,Invoice,LOCAL-100-00903
2026-08-08,INV-100-00904,125.75,Invoice,LOCAL-100-00904
2026-08-09,PAY-100-00905,-40.25,Payment,LOCAL-100-00905
2026-08-10,INV-100-00906,900.10,Invoice,LOCAL-100-00906
2026-08-11,INV-100-00907,0.99,Invoice,LOCAL-100-00907
2026-08-12,INV-100-00908,250.00,Invoice,LOCAL-100-00908
2026-08-13,PAY-100-00909,-33.30,Payment,LOCAL-100-00909
2026-08-14,INV-100-00910,71.07,Invoice,LOCAL-100-00910
2026-08-15,INV-100-00911,125.75,Invoice,LOCAL-100-00911
2026-08-16,PAY-100-00912,-40.25,Payment,LOCAL-100-00912
2026-08-17,INV-100-00913,900.10,Invoice,LOCAL-100-00913
2026-08-18,INV-100-00914,0.99,Invoice,LOCAL-100-00914
2026-08-19,INV-100-00915,250.00,Invoice,LOCAL-100-00915
2026-08-20,PAY-100-00916,-33.30,Payment,LOCAL-100-00916
2026-08-21,INV-100-00917,71.07,Invoice,LOCAL-100-00917
2026-08-22,INV-100-00918,125.75,Invoice,LOCAL-100-00918
2026-08-23,PAY-100-00919,-40.25,Payment,LOCAL-100-00919
2026-08-24,INV-100-00920,900.10,Invoice,LOCAL-100-00920
2026-08-25,INV-100-00921,0.99,Invoice,LOCAL-100-00921
2026-08-26,INV-100-00922,250.00,Invoice,LOCAL-100-00922
2026-08-27,PAY-100-00923,-33.30,Payment,LOCAL-100-00923
2026-08-28,INV-100-00924,71.07,Invoice,LOCAL-100-00924
2026-08-01,INV-100-00925,125.75,Invoice,LOCAL-100-00925
2026-08-02,PAY-100-00926,-40.25,Payment,LOCAL-100-00926
2026-08-03,INV-100-00927,900.10,Invoice,LOCAL-100-00927
2026-08-04,INV-100-00928,0.99,Invoice,LOCAL-100-00928
2026-08-05,INV-100-00929,250.00,Invoice,LOCAL-100-00929
2026-08-06,PAY-100-00930,-33.30,Payment,LOCAL-100-00930
2026-08-07,INV-100-00931,71.07,Invoice,LOCAL-100-00931
2026-08-08,INV-100-00932,125.75,Invoice,LOCAL-100-00932
2026-08-09,PAY-100-00933,-40.25,Payment,LOCAL-100-00933
2026-08-10,INV-100-00934,900.10,Invoice,LOCAL-100-00934
2026-08-11,INV-100-00935,0.99,Invoice,LOCAL-100-00935
2026-08-12,INV-100-00936,250.00,Invoice,LOCAL-100-00936
2026-08-13,PAY-100-00937,-33.30,Payment,LOCAL-100-00937
2026-08-14,INV-100-00938,71.07,Invoice,LOCAL-100-00938
2026-08-15,INV-100-00939,125.75,Invoice,LOCAL-100-00939
2026-08-16,PAY-100-00940,-40.25,Payment,LOCAL-100-00940
2026-08-17,INV-100-00941,900.10,Invoice,LOCAL-100-00941
2026-08-18,INV-100-00942,0.99,Invoice,LOCAL-100-00942
2026-08-19,INV-100-00943,250.00,Invoice,LOCAL-100-00943
2026-08-20,PAY-100-00944,-33.30,Payment,LOCAL-100-00944
2026-08-21,INV-100-00945,71.07,Invoice,LOCAL-100-00945
2026-08-22,INV-100-00946,125.75,Invoice,LOCAL-100-00946
2026-08-23,PAY-100-00947,-40.25,Payment,LOCAL-100-00947
2026-08-24,INV-100-00948,900.10,Invoice,LOCAL-100-00948
2026-08-25,INV-100-00949,0.99,Invoice,LOCAL-100-00949
2026-08-26,INV-100-00950,250.00,Invoice,LOCAL-100-00950
2026-08-27,PAY-100-00951,-33.30,Payment,LOCAL-100-00951
2026-08-28,INV-100-00952,71.07,Invoice,LOCAL-100-00952
2026-08-01,INV-100-00953,125.75,Invoice,LOCAL-100-00953
2026-08-02,PAY-100-00954,-40.25,Payment,LOCAL-100-00954
2026-08-03,INV-100-00955,900.10,Invoice,LOCAL-100-00955
2026-08-04,INV-100-00956,0.99,Invoice,LOCAL-100-00956
2026-08-05,INV-100-00957,250.00,Invoice,LOCAL-100-00957
2026-08-06,PAY-100-00958,-33.30,Payment,LOCAL-100-00958
2026-08-07,INV-100-00959,71.07,Invoice,LOCAL-100-00959
2026-08-08,INV-100-00960,125.75,Invoice,LOCAL-100-00960
2026-08-09,PAY-100-00961,-40.25,Payment,LOCAL-100-00961
2026-08-10,INV-100-00962,900.10,Invoice,LOCAL-100-00962
2026-08-11,INV-100-00963,0.99,Invoice,LOCAL-100-00963
2026-08-12,INV-100-00964,250.00,Invoice,LOCAL-100-00964
2026-08-13,PAY-100-00965,-33.30,Payment,LOCAL-100-00965
2026-08-14,INV-100-00966,71.07,Invoice,LOCAL-100-00966
2026-08-15,INV-100-00967,125.75,Invoice,LOCAL-100-00967
2026-08-16,PAY-100-00968,-40.25,Payment,LOCAL-100-00968
2026-08-17,INV-100-00969,900.10,Invoice,LOCAL-100-00969
2026-08-18,INV-100-00970,0.99,Invoice,LOCAL-100-00970
2026-08-19,INV-100-00971,250.00,Invoice,LOCAL-100-00971
2026-08-20,PAY-100-00972,-33.30,Payment,LOCAL-100-00972
2026-08-21,INV-100-00973,71.07,Invoice,LOCAL-100-00973
2026-08-22,INV-100-00974,125.75,Invoice,LOCAL-100-00974
2026-08-23,PAY-100-00975,-40.25,Payment,LOCAL-100-00975
2026-08-24,INV-100-00976,900.10,Invoice,LOCAL-100-00976
2026-08-25,INV-100-00977,0.99,Invoice,LOCAL-100-00977
2026-08-26,INV-100-00978,250.00,Invoice,LOCAL-100-00978
2026-08-27,PAY-100-00979,-33.30,Payment,LOCAL-100-00979
2026-08-28,INV-100-00980,71.07,Invoice,LOCAL-100-00980
2026-08-01,INV-100-00981,125.75,Invoice,LOCAL-100-00981
2026-08-02,PAY-100-00982,-40.25,Payment,LOCAL-100-00982
2026-08-03,INV-100-00983,900.10,Invoice,LOCAL-100-00983
2026-08-04,INV-100-00984,0.99,Invoice,LOCAL-100-00984
2026-08-05,INV-100-00985,250.00,Invoice,LOCAL-100-00985
2026-08-06,PAY-100-00986,-33.30,Payment,LOCAL-100-00986
2026-08-07,INV-100-00987,71.07,Invoice,LOCAL-100-00987
2026-08-08,INV-100-00988,125.75,Invoice,LOCAL-100-00988
2026-08-09,PAY-100-00989,-40.25,Payment,LOCAL-100-00989
2026-08-10,INV-100-00990,900.10,Invoice,LOCAL-100-00990
2026-08-11,INV-100-00991,0.99,Invoice,LOCAL-100-00991
2026-08-12,INV-100-00992,250.00,Invoice,LOCAL-100-00992
2026-08-13,PAY-100-00993,-33.30,Payment,LOCAL-100-00993
2026-08-14,INV-100-00994,71.07,Invoice,LOCAL-100-00994
2026-08-15,INV-100-00995,125.75,Invoice,LOCAL-100-00995
2026-08-16,PAY-100-00996,-40.25,Payment,LOCAL-100-00996
2026-08-17,INV-100-00997,900.10,Invoice,LOCAL-100-00997
2026-08-18,INV-100-00998,0.99,Invoice,LOCAL-100-00998
2026-08-19,INV-100-00999,250.00,Invoice,LOCAL-100-00999
2026-08-20,PAY-100-01000,-33.30,Payment,LOCAL-100-01000
2026-08-21,INV-100-01001,71.07,Invoice,LOCAL-100-01001
2026-08-22,INV-100-01002,125.75,Invoice,LOCAL-100-01002
2026-08-23,PAY-100-01003,-40.25,Payment,LOCAL-100-01003
2026-08-24,INV-100-01004,900.10,Invoice,LOCAL-100-01004
2026-08-25,INV-100-01005,0.99,Invoice,LOCAL-100-01005
2026-08-26,INV-100-01006,250.00,Invoice,LOCAL-100-01006
2026-08-27,PAY-100-01007,-33.30,Payment,LOCAL-100-01007
2026-08-28,INV-100-01008,71.07,Invoice,LOCAL-100-01008
2026-08-01,INV-100-01009,125.75,Invoice,LOCAL-100-01009
2026-08-02,PAY-100-01010,-40.25,Payment,LOCAL-100-01010
2026-08-03,INV-100-01011,900.10,Invoice,LOCAL-100-01011
2026-08-04,INV-100-01012,0.99,Invoice,LOCAL-100-01012
2026-08-05,INV-100-01013,250.00,Invoice,LOCAL-100-01013
2026-08-06,PAY-100-01014,-33.30,Payment,LOCAL-100-01014
2026-08-07,INV-100-01015,71.07,Invoice,LOCAL-100-01015
2026-08-08,INV-100-01016,125.75,Invoice,LOCAL-100-01016
2026-08-09,PAY-100-01017,-40.25,Payment,LOCAL-100-01017
2026-08-10,INV-100-01018,900.10,Invoice,LOCAL-100-01018
2026-08-11,INV-100-01019,0.99,Invoice,LOCAL-100-01019
2026-08-12,INV-100-01020,250.00,Invoice,LOCAL-100-01020
2026-08-13,PAY-100-01021,-33.30,Payment,LOCAL-100-01021
2026-08-14,INV-100-01022,71.07,Invoice,LOCAL-100-01022
2026-08-15,INV-100-01023,125.75,Invoice,LOCAL-100-01023
2026-08-16,PAY-100-01024,-40.25,Payment,LOCAL-100-01024
2026-08-17,INV-100-01025,900.10,Invoice,LOCAL-100-01025
2026-08-18,INV-100-01026,0.99,Invoice,LOCAL-100-01026
2026-08-19,INV-100-01027,250.00,Invoice,LOCAL-100-01027
2026-08-20,PAY-100-01028,-33.30,Payment,LOCAL-100-01028
2026-08-21,INV-100-01029,71.07,Invoice,LOCAL-100-01029
2026-08-22,INV-100-01030,125.75,Invoice,LOCAL-100-01030
2026-08-23,PAY-100-01031,-40.25,Payment,LOCAL-100-01031
2026-08-24,INV-100-01032,900.10,Invoice,LOCAL-100-01032
2026-08-25,INV-100-01033,0.99,Invoice,LOCAL-100-01033
2026-08-26,INV-100-01034,250.00,Invoice,LOCAL-100-01034
2026-08-27,PAY-100-01035,-33.30,Payment,LOCAL-100-01035
2026-08-28,INV-100-01036,71.07,Invoice,LOCAL-100-01036
2026-08-01,INV-100-01037,125.75,Invoice,LOCAL-100-01037
2026-08-02,PAY-100-01038,-40.25,Payment,LOCAL-100-01038
2026-08-03,INV-100-01039,900.10,Invoice,LOCAL-100-01039
2026-08-04,INV-100-01040,0.99,Invoice,LOCAL-100-01040
2026-08-05,INV-100-01041,250.00,Invoice,LOCAL-100-01041
2026-08-06,PAY-100-01042,-33.30,Payment,LOCAL-100-01042
2026-08-07,INV-100-01043,71.07,Invoice,LOCAL-100-01043
2026-08-08,INV-100-01044,125.75,Invoice,LOCAL-100-01044
2026-08-09,PAY-100-01045,-40.25,Payment,LOCAL-100-01045
2026-08-10,INV-100-01046,900.10,Invoice,LOCAL-100-01046
2026-08-11,INV-100-01047,0.99,Invoice,LOCAL-100-01047
2026-08-12,INV-100-01048,250.00,Invoice,LOCAL-100-01048
2026-08-13,PAY-100-01049,-33.30,Payment,LOCAL-100-01049
2026-08-14,INV-100-01050,71.07,Invoice,LOCAL-100-01050
2026-08-15,INV-100-01051,125.75,Invoice,LOCAL-100-01051
2026-08-16,PAY-100-01052,-40.25,Payment,LOCAL-100-01052
2026-08-17,INV-100-01053,900.10,Invoice,LOCAL-100-01053
2026-08-18,INV-100-01054,0.99,Invoice,LOCAL-100-01054
2026-08-19,INV-100-01055,250.00,Invoice,LOCAL-100-01055
2026-08-20,PAY-100-01056,-33.30,Payment,LOCAL-100-01056
2026-08-21,INV-100-01057,71.07,Invoice,LOCAL-100-01057
2026-08-22,INV-100-01058,125.75,Invoice,LOCAL-100-01058
2026-08-23,PAY-100-01059,-40.25,Payment,LOCAL-100-01059
2026-08-24,INV-100-01060,900.10,Invoice,LOCAL-100-01060
2026-08-25,INV-100-01061,0.99,Invoice,LOCAL-100-01061
2026-08-26,INV-100-01062,250.00,Invoice,LOCAL-100-01062
2026-08-27,PAY-100-01063,-33.30,Payment,LOCAL-100-01063
2026-08-28,INV-100-01064,71.07,Invoice,LOCAL-100-01064
2026-08-01,INV-100-01065,125.75,Invoice,LOCAL-100-01065
2026-08-02,PAY-100-01066,-40.25,Payment,LOCAL-100-01066
2026-08-03,INV-100-01067,900.10,Invoice,LOCAL-100-01067
2026-08-04,INV-100-01068,0.99,Invoice,LOCAL-100-01068
2026-08-05,INV-100-01069,250.00,Invoice,LOCAL-100-01069
2026-08-06,PAY-100-01070,-33.30,Payment,LOCAL-100-01070
2026-08-07,INV-100-01071,71.07,Invoice,LOCAL-100-01071
2026-08-08,INV-100-01072,125.75,Invoice,LOCAL-100-01072
2026-08-09,PAY-100-01073,-40.25,Payment,LOCAL-100-01073
2026-08-10,INV-100-01074,900.10,Invoice,LOCAL-100-01074
2026-08-11,INV-100-01075,0.99,Invoice,LOCAL-100-01075
2026-08-12,INV-100-01076,250.00,Invoice,LOCAL-100-01076
2026-08-13,PAY-100-01077,-33.30,Payment,LOCAL-100-01077
2026-08-14,INV-100-01078,71.07,Invoice,LOCAL-100-01078
2026-08-15,INV-100-01079,125.75,Invoice,LOCAL-100-01079
2026-08-16,PAY-100-01080,-40.25,Payment,LOCAL-100-01080
2026-08-17,INV-100-01081,900.10,Invoice,LOCAL-100-01081
2026-08-18,INV-100-01082,0.99,Invoice,LOCAL-100-01082
2026-08-19,INV-100-01083,250.00,Invoice,LOCAL-100-01083
2026-08-20,PAY-100-01084,-33.30,Payment,LOCAL-100-01084
2026-08-21,INV-100-01085,71.07,Invoice,LOCAL-100-01085
2026-08-22,INV-100-01086,125.75,Invoice,LOCAL-100-01086
2026-08-23,PAY-100-01087,-40.25,Payment,LOCAL-100-01087
2026-08-24,INV-100-01088,900.10,Invoice,LOCAL-100-01088
2026-08-25,INV-100-01089,0.99,Invoice,LOCAL-100-01089
2026-08-26,INV-100-01090,250.00,Invoice,LOCAL-100-01090
2026-08-27,PAY-100-01091,-33.30,Payment,LOCAL-100-01091
2026-08-28,INV-100-01092,71.07,Invoice,LOCAL-100-01092
2026-08-01,INV-100-01093,125.75,Invoice,LOCAL-100-01093
2026-08-02,PAY-100-01094,-40.25,Payment,LOCAL-100-01094
2026-08-03,INV-100-01095,900.10,Invoice,LOCAL-100-01095
2026-08-04,INV-100-01096,0.99,Invoice,LOCAL-100-01096
2026-08-05,INV-100-01097,250.00,Invoice,LOCAL-100-01097
2026-08-06,PAY-100-01098,-33.30,Payment,LOCAL-100-01098
2026-08-07,INV-100-01099,71.07,Invoice,LOCAL-100-01099
2026-08-08,INV-100-01100,125.75,Invoice,LOCAL-100-01100
2026-08-09,PAY-100-01101,-40.25,Payment,LOCAL-100-01101
2026-08-10,INV-100-01102,900.10,Invoice,LOCAL-100-01102
2026-08-11,INV-100-01103,0.99,Invoice,LOCAL-100-01103
2026-08-12,INV-100-01104,250.00,Invoice,LOCAL-100-01104
2026-08-13,PAY-100-01105,-33.30,Payment,LOCAL-100-01105
2026-08-14,INV-100-01106,71.07,Invoice,LOCAL-100-01106
2026-08-15,INV-100-01107,125.75,Invoice,LOCAL-100-01107
2026-08-16,PAY-100-01108,-40.25,Payment,LOCAL-100-01108
2026-08-17,INV-100-01109,900.10,Invoice,LOCAL-100-01109
2026-08-18,INV-100-01110,0.99,Invoice,LOCAL-100-01110
2026-08-19,INV-100-01111,250.00,Invoice,LOCAL-100-01111
2026-08-20,PAY-100-01112,-33.30,Payment,LOCAL-100-01112
2026-08-21,INV-100-01113,71.07,Invoice,LOCAL-100-01113
2026-08-22,INV-100-01114,125.75,Invoice,LOCAL-100-01114
2026-08-23,PAY-100-01115,-40.25,Payment,LOCAL-100-01115
2026-08-24,INV-100-01116,900.10,Invoice,LOCAL-100-01116
2026-08-25,INV-100-01117,0.99,Invoice,LOCAL-100-01117
2026-08-26,INV-100-01118,250.00,Invoice,LOCAL-100-01118
2026-08-27,PAY-100-01119,-33.30,Payment,LOCAL-100-01119
2026-08-28,INV-100-01120,71.07,Invoice,LOCAL-100-01120
2026-08-01,INV-100-01121,125.75,Invoice,LOCAL-100-01121
2026-08-02,PAY-100-01122,-40.25,Payment,LOCAL-100-01122
2026-08-03,INV-100-01123,900.10,Invoice,LOCAL-100-01123
2026-08-04,INV-100-01124,0.99,Invoice,LOCAL-100-01124
2026-08-05,INV-100-01125,250.00,Invoice,LOCAL-100-01125
2026-08-06,PAY-100-01126,-33.30,Payment,LOCAL-100-01126
2026-08-07,INV-100-01127,71.07,Invoice,LOCAL-100-01127
2026-08-08,INV-100-01128,125.75,Invoice,LOCAL-100-01128
2026-08-09,PAY-100-01129,-40.25,Payment,LOCAL-100-01129
2026-08-10,INV-100-01130,900.10,Invoice,LOCAL-100-01130
2026-08-11,INV-100-01131,0.99,Invoice,LOCAL-100-01131
2026-08-12,INV-100-01132,250.00,Invoice,LOCAL-100-01132
2026-08-13,PAY-100-01133,-33.30,Payment,LOCAL-100-01133
2026-08-14,INV-100-01134,71.07,Invoice,LOCAL-100-01134
2026-08-15,INV-100-01135,125.75,Invoice,LOCAL-100-01135
2026-08-16,PAY-100-01136,-40.25,Payment,LOCAL-100-01136
2026-08-17,INV-100-01137,900.10,Invoice,LOCAL-100-01137
2026-08-18,INV-100-01138,0.99,Invoice,LOCAL-100-01138
2026-08-19,INV-100-01139,250.00,Invoice,LOCAL-100-01139
2026-08-20,PAY-100-01140,-33.30,Payment,LOCAL-100-01140
2026-08-21,INV-100-01141,71.07,Invoice,LOCAL-100-01141
2026-08-22,INV-100-01142,125.75,Invoice,LOCAL-100-01142
2026-08-23,PAY-100-01143,-40.25,Payment,LOCAL-100-01143
2026-08-24,INV-100-01144,900.10,Invoice,LOCAL-100-01144
2026-08-25,INV-100-01145,0.99,Invoice,LOCAL-100-01145
2026-08-26,INV-100-01146,250.00,Invoice,LOCAL-100-01146
2026-08-27,PAY-100-01147,-33.30,Payment,LOCAL-100-01147
2026-08-28,INV-100-01148,71.07,Invoice,LOCAL-100-01148
2026-08-01,INV-100-01149,125.75,Invoice,LOCAL-100-01149
2026-08-02,PAY-100-01150,-40.25,Payment,LOCAL-100-01150
2026-08-03,INV-100-01151,900.10,Invoice,LOCAL-100-01151
2026-08-04,INV-100-01152,0.99,Invoice,LOCAL-100-01152
2026-08-05,INV-100-01153,250.00,Invoice,LOCAL-100-01153
2026-08-06,PAY-100-01154,-33.30,Payment,LOCAL-100-01154
2026-08-07,INV-100-01155,71.07,Invoice,LOCAL-100-01155
2026-08-08,INV-100-01156,125.75,Invoice,LOCAL-100-01156
2026-08-09,PAY-100-01157,-40.25,Payment,LOCAL-100-01157
2026-08-10,INV-100-01158,900.10,Invoice,LOCAL-100-01158
2026-08-11,INV-100-01159,0.99,Invoice,LOCAL-100-01159
2026-08-12,INV-100-01160,250.00,Invoice,LOCAL-100-01160
2026-08-13,PAY-100-01161,-33.30,Payment,LOCAL-100-01161
2026-08-14,INV-100-01162,71.07,Invoice,LOCAL-100-01162
2026-08-15,INV-100-01163,125.75,Invoice,LOCAL-100-01163
2026-08-16,PAY-100-01164,-40.25,Payment,LOCAL-100-01164
2026-08-17,INV-100-01165,900.10,Invoice,LOCAL-100-01165
2026-08-18,INV-100-01166,0.99,Invoice,LOCAL-100-01166
2026-08-19,INV-100-01167,250.00,Invoice,LOCAL-100-01167
2026-08-20,PAY-100-01168,-33.30,Payment,LOCAL-100-01168
2026-08-21,INV-100-01169,71.07,Invoice,LOCAL-100-01169
2026-08-22,INV-100-01170,125.75,Invoice,LOCAL-100-01170
2026-08-23,PAY-100-01171,-40.25,Payment,LOCAL-100-01171
2026-08-24,INV-100-01172,900.10,Invoice,LOCAL-100-01172
2026-08-25,INV-100-01173,0.99,Invoice,LOCAL-100-01173
2026-08-26,INV-100-01174,250.00,Invoice,LOCAL-100-01174
2026-08-27,PAY-100-01175,-33.30,Payment,LOCAL-100-01175
2026-08-28,INV-100-01176,71.07,Invoice,LOCAL-100-01176
2026-08-01,INV-100-01177,125.75,Invoice,LOCAL-100-01177
2026-08-02,PAY-100-01178,-40.25,Payment,LOCAL-100-01178
2026-08-03,INV-100-01179,900.10,Invoice,LOCAL-100-01179
2026-08-04,INV-100-01180,0.99,Invoice,LOCAL-100-01180
2026-08-05,INV-100-01181,250.00,Invoice,LOCAL-100-01181
2026-08-06,PAY-100-01182,-33.30,Payment,LOCAL-100-01182
2026-08-07,INV-100-01183,71.07,Invoice,LOCAL-100-01183
2026-08-08,INV-100-01184,125.75,Invoice,LOCAL-100-01184
2026-08-09,PAY-100-01185,-40.25,Payment,LOCAL-100-01185
2026-08-10,INV-100-01186,900.10,Invoice,LOCAL-100-01186
2026-08-11,INV-100-01187,0.99,Invoice,LOCAL-100-01187
2026-08-12,INV-100-01188,250.00,Invoice,LOCAL-100-01188
2026-08-13,PAY-100-01189,-33.30,Payment,LOCAL-100-01189
2026-08-14,INV-100-01190,71.07,Invoice,LOCAL-100-01190
2026-08-15,INV-100-01191,125.75,Invoice,LOCAL-100-01191
2026-08-16,PAY-100-01192,-40.25,Payment,LOCAL-100-01192
2026-08-17,INV-100-01193,900.10,Invoice,LOCAL-100-01193
2026-08-18,INV-100-01194,0.99,Invoice,LOCAL-100-01194
2026-08-19,INV-100-01195,250.00,Invoice,LOCAL-100-01195
2026-08-20,PAY-100-01196,-33.30,Payment,LOCAL-100-01196
2026-08-21,INV-100-01197,71.07,Invoice,LOCAL-100-01197
2026-08-22,INV-100-01198,125.75,Invoice,LOCAL-100-01198
2026-08-23,PAY-100-01199,-40.25,Payment,LOCAL-100-01199
2026-08-24,INV-100-01200,900.10,Invoice,LOCAL-100-01200
2026-08-25,INV-100-01201,0.99,Invoice,LOCAL-100-01201
2026-08-26,INV-100-01202,250.00,Invoice,LOCAL-100-01202
2026-08-27,PAY-100-01203,-33.30,Payment,LOCAL-100-01203
2026-08-28,INV-100-01204,71.07,Invoice,LOCAL-100-01204
2026-08-01,INV-100-01205,125.75,Invoice,LOCAL-100-01205
2026-08-02,PAY-100-01206,-40.25,Payment,LOCAL-100-01206
2026-08-03,INV-100-01207,900.10,Invoice,LOCAL-100-01207
2026-08-04,INV-100-01208,0.99,Invoice,LOCAL-100-01208
2026-08-05,INV-100-01209,250.00,Invoice,LOCAL-100-01209
2026-08-06,PAY-100-01210,-33.30,Payment,LOCAL-100-01210
2026-08-07,INV-100-01211,71.07,Invoice,LOCAL-100-01211
2026-08-08,INV-100-01212,125.75,Invoice,LOCAL-100-01212
2026-08-09,PAY-100-01213,-40.25,Payment,LOCAL-100-01213
2026-08-10,INV-100-01214,900.10,Invoice,LOCAL-100-01214
2026-08-11,INV-100-01215,0.99,Invoice,LOCAL-100-01215
2026-08-12,INV-100-01216,250.00,Invoice,LOCAL-100-01216
2026-08-13,PAY-100-01217,-33.30,Payment,LOCAL-100-01217
2026-08-14,INV-100-01218,71.07,Invoice,LOCAL-100-01218
2026-08-15,INV-100-01219,125.75,Invoice,LOCAL-100-01219
2026-08-16,PAY-100-01220,-40.25,Payment,LOCAL-100-01220
2026-08-17,INV-100-01221,900.10,Invoice,LOCAL-100-01221
2026-08-18,INV-100-01222,0.99,Invoice,LOCAL-100-01222
2026-08-19,INV-100-01223,250.00,Invoice,LOCAL-100-01223
2026-08-20,PAY-100-01224,-33.30,Payment,LOCAL-100-01224
2026-08-21,INV-100-01225,71.07,Invoice,LOCAL-100-01225
2026-08-22,INV-100-01226,125.75,Invoice,LOCAL-100-01226
2026-08-23,PAY-100-01227,-40.25,Payment,LOCAL-100-01227
2026-08-24,INV-100-01228,900.10,Invoice,LOCAL-100-01228
2026-08-25,INV-100-01229,0.99,Invoice,LOCAL-100-01229
2026-08-26,INV-100-01230,250.00,Invoice,LOCAL-100-01230
2026-08-27,PAY-100-01231,-33.30,Payment,LOCAL-100-01231
2026-08-28,INV-100-01232,71.07,Invoice,LOCAL-100-01232
2026-08-01,INV-100-01233,125.75,Invoice,LOCAL-100-01233
2026-08-02,PAY-100-01234,-40.25,Payment,LOCAL-100-01234
2026-08-03,INV-100-01235,900.10,Invoice,LOCAL-100-01235
2026-08-04,INV-100-01236,0.99,Invoice,LOCAL-100-01236
2026-08-05,INV-100-01237,250.00,Invoice,LOCAL-100-01237
2026-08-06,PAY-100-01238,-33.30,Payment,LOCAL-100-01238
2026-08-07,INV-100-01239,71.07,Invoice,LOCAL-100-01239
2026-08-08,INV-100-01240,125.75,Invoice,LOCAL-100-01240
2026-08-09,PAY-100-01241,-40.25,Payment,LOCAL-100-01241
2026-08-10,INV-100-01242,900.10,Invoice,LOCAL-100-01242
2026-08-11,INV-100-01243,0.99,Invoice,LOCAL-100-01243
2026-08-12,INV-100-01244,250.00,Invoice,LOCAL-100-01244
2026-08-13,PAY-100-01245,-33.30,Payment,LOCAL-100-01245
2026-08-14,INV-100-01246,71.07,Invoice,LOCAL-100-01246
2026-08-15,INV-100-01247,125.75,Invoice,LOCAL-100-01247
2026-08-16,PAY-100-01248,-40.25,Payment,LOCAL-100-01248
2026-08-17,INV-100-01249,900.10,Invoice,LOCAL-100-01249
2026-08-18,INV-100-01250,0.99,Invoice,LOCAL-100-01250
2026-08-19,INV-100-01251,250.00,Invoice,LOCAL-100-01251
2026-08-20,PAY-100-01252,-33.30,Payment,LOCAL-100-01252
2026-08-21,INV-100-01253,71.07,Invoice,LOCAL-100-01253
2026-08-22,INV-100-01254,125.75,Invoice,LOCAL-100-01254
2026-08-23,PAY-100-01255,-40.25,Payment,LOCAL-100-01255
2026-08-24,INV-100-01256,900.10,Invoice,LOCAL-100-01256
2026-08-25,INV-100-01257,0.99,Invoice,LOCAL-100-01257
2026-08-26,INV-100-01258,250.00,Invoice,LOCAL-100-01258
2026-08-27,PAY-100-01259,-33.30,Payment,LOCAL-100-01259
2026-08-28,INV-100-01260,71.07,Invoice,LOCAL-100-01260
2026-08-01,INV-100-01261,125.75,Invoice,LOCAL-100-01261
2026-08-02,PAY-100-01262,-40.25,Payment,LOCAL-100-01262
2026-08-03,INV-100-01263,900.10,Invoice,LOCAL-100-01263
2026-08-04,INV-100-01264,0.99,Invoice,LOCAL-100-01264
2026-08-05,INV-100-01265,250.00,Invoice,LOCAL-100-01265
2026-08-06,PAY-100-01266,-33.30,Payment,LOCAL-100-01266
2026-08-07,INV-100-01267,71.07,Invoice,LOCAL-100-01267
2026-08-08,INV-100-01268,125.75,Invoice,LOCAL-100-01268
2026-08-09,PAY-100-01269,-40.25,Payment,LOCAL-100-01269
2026-08-10,INV-100-01270,900.10,Invoice,LOCAL-100-01270
2026-08-11,INV-100-01271,0.99,Invoice,LOCAL-100-01271
2026-08-12,INV-100-01272,250.00,Invoice,LOCAL-100-01272
2026-08-13,PAY-100-01273,-33.30,Payment,LOCAL-100-01273
2026-08-14,INV-100-01274,71.07,Invoice,LOCAL-100-01274
2026-08-15,INV-100-01275,125.75,Invoice,LOCAL-100-01275
2026-08-16,PAY-100-01276,-40.25,Payment,LOCAL-100-01276
2026-08-17,INV-100-01277,900.10,Invoice,LOCAL-100-01277
2026-08-18,INV-100-01278,0.99,Invoice,LOCAL-100-01278
2026-08-19,INV-100-01279,250.00,Invoice,LOCAL-100-01279
2026-08-20,PAY-100-01280,-33.30,Payment,LOCAL-100-01280
2026-08-21,INV-100-01281,71.07,Invoice,LOCAL-100-01281
2026-08-22,INV-100-01282,125.75,Invoice,LOCAL-100-01282
2026-08-23,PAY-100-01283,-40.25,Payment,LOCAL-100-01283
2026-08-24,INV-100-01284,900.10,Invoice,LOCAL-100-01284
2026-08-25,INV-100-01285,0.99,Invoice,LOCAL-100-01285
2026-08-26,INV-100-01286,250.00,Invoice,LOCAL-100-01286
2026-08-27,PAY-100-01287,-33.30,Payment,LOCAL-100-01287
2026-08-28,INV-100-01288,71.07,Invoice,LOCAL-100-01288
2026-08-01,INV-100-01289,125.75,Invoice,LOCAL-100-01289
2026-08-02,PAY-100-01290,-40.25,Payment,LOCAL-100-01290
2026-08-03,INV-100-01291,900.10,Invoice,LOCAL-100-01291
2026-08-04,INV-100-01292,0.99,Invoice,LOCAL-100-01292
2026-08-05,INV-100-01293,250.00,Invoice,LOCAL-100-01293
2026-08-06,PAY-100-01294,-33.30,Payment,LOCAL-100-01294
2026-08-07,INV-100-01295,71.07,Invoice,LOCAL-100-01295
2026-08-08,INV-100-01296,125.75,Invoice,LOCAL-100-01296
2026-08-09,PAY-100-01297,-40.25,Payment,LOCAL-100-01297
2026-08-10,INV-100-01298,900.10,Invoice,LOCAL-100-01298
2026-08-11,INV-100-01299,0.99,Invoice,LOCAL-100-01299
2026-08-12,INV-100-01300,250.00,Invoice,LOCAL-100-01300
2026-08-13,PAY-100-01301,-33.30,Payment,LOCAL-100-01301
2026-08-14,INV-100-01302,71.07,Invoice,LOCAL-100-01302
2026-08-15,INV-100-01303,125.75,Invoice,LOCAL-100-01303
2026-08-16,PAY-100-01304,-40.25,Payment,LOCAL-100-01304
2026-08-17,INV-100-01305,900.10,Invoice,LOCAL-100-01305
2026-08-18,INV-100-01306,0.99,Invoice,LOCAL-100-01306
2026-08-19,INV-100-01307,250.00,Invoice,LOCAL-100-01307
2026-08-20,PAY-100-01308,-33.30,Payment,LOCAL-100-01308
2026-08-21,INV-100-01309,71.07,Invoice,LOCAL-100-01309
2026-08-22,INV-100-01310,125.75,Invoice,LOCAL-100-01310
2026-08-23,PAY-100-01311,-40.25,Payment,LOCAL-100-01311
2026-08-24,INV-100-01312,900.10,Invoice,LOCAL-100-01312
2026-08-25,INV-100-01313,0.99,Invoice,LOCAL-100-01313
2026-08-26,INV-100-01314,250.00,Invoice,LOCAL-100-01314
2026-08-27,PAY-100-01315,-33.30,Payment,LOCAL-100-01315
2026-08-28,INV-100-01316,71.07,Invoice,LOCAL-100-01316
2026-08-01,INV-100-01317,125.75,Invoice,LOCAL-100-01317
2026-08-02,PAY-100-01318,-40.25,Payment,LOCAL-100-01318
2026-08-03,INV-100-01319,900.10,Invoice,LOCAL-100-01319
2026-08-04,INV-100-01320,0.99,Invoice,LOCAL-100-01320
2026-08-05,INV-100-01321,250.00,Invoice,LOCAL-100-01321
2026-08-06,PAY-100-01322,-33.30,Payment,LOCAL-100-01322
2026-08-07,INV-100-01323,71.07,Invoice,LOCAL-100-01323
2026-08-08,INV-100-01324,125.75,Invoice,LOCAL-100-01324
2026-08-09,PAY-100-01325,-40.25,Payment,LOCAL-100-01325
2026-08-10,INV-100-01326,900.10,Invoice,LOCAL-100-01326
2026-08-11,INV-100-01327,0.99,Invoice,LOCAL-100-01327
2026-08-12,INV-100-01328,250.00,Invoice,LOCAL-100-01328
2026-08-13,PAY-100-01329,-33.30,Payment,LOCAL-100-01329
2026-08-14,INV-100-01330,71.07,Invoice,LOCAL-100-01330
2026-08-15,INV-100-01331,125.75,Invoice,LOCAL-100-01331
2026-08-16,PAY-100-01332,-40.25,Payment,LOCAL-100-01332
2026-08-17,INV-100-01333,900.10,Invoice,LOCAL-100-01333
2026-08-18,INV-100-01334,0.99,Invoice,LOCAL-100-01334
2026-08-19,INV-100-01335,250.00,Invoice,LOCAL-100-01335
2026-08-20,PAY-100-01336,-33.30,Payment,LOCAL-100-01336
2026-08-21,INV-100-01337,71.07,Invoice,LOCAL-100-01337
2026-08-22,INV-100-01338,125.75,Invoice,LOCAL-100-01338
2026-08-23,PAY-100-01339,-40.25,Payment,LOCAL-100-01339
2026-08-24,INV-100-01340,900.10,Invoice,LOCAL-100-01340
2026-08-25,INV-100-01341,0.99,Invoice,LOCAL-100-01341
2026-08-26,INV-100-01342,250.00,Invoice,LOCAL-100-01342
2026-08-27,PAY-100-01343,-33.30,Payment,LOCAL-100-01343
2026-08-28,INV-100-01344,71.07,Invoice,LOCAL-100-01344
2026-08-01,INV-100-01345,125.75,Invoice,LOCAL-100-01345
2026-08-02,PAY-100-01346,-40.25,Payment,LOCAL-100-01346
2026-08-03,INV-100-01347,900.10,Invoice,LOCAL-100-01347
2026-08-04,INV-100-01348,0.99,Invoice,LOCAL-100-01348
2026-08-05,INV-100-01349,250.00,Invoice,LOCAL-100-01349
2026-08-06,PAY-100-01350,-33.30,Payment,LOCAL-100-01350
2026-08-07,INV-100-01351,71.07,Invoice,LOCAL-100-01351
2026-08-08,INV-100-01352,125.75,Invoice,LOCAL-100-01352
2026-08-09,PAY-100-01353,-40.25,Payment,LOCAL-100-01353
2026-08-10,INV-100-01354,900.10,Invoice,LOCAL-100-01354
2026-08-11,INV-100-01355,0.99,Invoice,LOCAL-100-01355
2026-08-12,INV-100-01356,250.00,Invoice,LOCAL-100-01356
2026-08-13,PAY-100-01357,-33.30,Payment,LOCAL-100-01357
2026-08-14,INV-100-01358,71.07,Invoice,LOCAL-100-01358
2026-08-15,INV-100-01359,125.75,Invoice,LOCAL-100-01359
2026-08-16,PAY-100-01360,-40.25,Payment,LOCAL-100-01360
2026-08-17,INV-100-01361,900.10,Invoice,LOCAL-100-01361
2026-08-18,INV-100-01362,0.99,Invoice,LOCAL-100-01362
2026-08-19,INV-100-01363,250.00,Invoice,LOCAL-100-01363
2026-08-20,PAY-100-01364,-33.30,Payment,LOCAL-100-01364
2026-08-21,INV-100-01365,71.07,Invoice,LOCAL-100-01365
2026-08-22,INV-100-01366,125.75,Invoice,LOCAL-100-01366
2026-08-23,PAY-100-01367,-40.25,Payment,LOCAL-100-01367
2026-08-24,INV-100-01368,900.10,Invoice,LOCAL-100-01368
2026-08-25,INV-100-01369,0.99,Invoice,LOCAL-100-01369
2026-08-26,INV-100-01370,250.00,Invoice,LOCAL-100-01370
2026-08-27,PAY-100-01371,-33.30,Payment,LOCAL-100-01371
2026-08-28,INV-100-01372,71.07,Invoice,LOCAL-100-01372
2026-08-01,INV-100-01373,125.75,Invoice,LOCAL-100-01373
2026-08-02,PAY-100-01374,-40.25,Payment,LOCAL-100-01374
2026-08-03,INV-100-01375,900.10,Invoice,LOCAL-100-01375
2026-08-04,INV-100-01376,0.99,Invoice,LOCAL-100-01376
2026-08-05,INV-100-01377,250.00,Invoice,LOCAL-100-01377
2026-08-06,PAY-100-01378,-33.30,Payment,LOCAL-100-01378
2026-08-07,INV-100-01379,71.07,Invoice,LOCAL-100-01379
2026-08-08,INV-100-01380,125.75,Invoice,LOCAL-100-01380
2026-08-09,PAY-100-01381,-40.25,Payment,LOCAL-100-01381
2026-08-10,INV-100-01382,900.10,Invoice,LOCAL-100-01382
2026-08-11,INV-100-01383,0.99,Invoice,LOCAL-100-01383
2026-08-12,INV-100-01384,250.00,Invoice,LOCAL-100-01384
2026-08-13,PAY-100-01385,-33.30,Payment,LOCAL-100-01385
2026-08-14,INV-100-01386,71.07,Invoice,LOCAL-100-01386
2026-08-15,INV-100-01387,125.75,Invoice,LOCAL-100-01387
2026-08-16,PAY-100-01388,-40.25,Payment,LOCAL-100-01388
2026-08-17,INV-100-01389,900.10,Invoice,LOCAL-100-01389
2026-08-18,INV-100-01390,0.99,Invoice,LOCAL-100-01390
2026-08-19,INV-100-01391,250.00,Invoice,LOCAL-100-01391
2026-08-20,PAY-100-01392,-33.30,Payment,LOCAL-100-01392
2026-08-21,INV-100-01393,71.07,Invoice,LOCAL-100-01393
2026-08-22,INV-100-01394,125.75,Invoice,LOCAL-100-01394
2026-08-23,PAY-100-01395,-40.25,Payment,LOCAL-100-01395
2026-08-24,INV-100-01396,900.10,Invoice,LOCAL-100-01396
2026-08-25,INV-100-01397,0.99,Invoice,LOCAL-100-01397
2026-08-26,INV-100-01398,250.00,Invoice,LOCAL-100-01398
2026-08-27,PAY-100-01399,-33.30,Payment,LOCAL-100-01399
2026-08-28,INV-100-01400,71.07,Invoice,LOCAL-100-01400
2026-08-01,INV-100-01401,125.75,Invoice,LOCAL-100-01401
2026-08-02,PAY-100-01402,-40.25,Payment,LOCAL-100-01402
2026-08-03,INV-100-01403,900.10,Invoice,LOCAL-100-01403
2026-08-04,INV-100-01404,0.99,Invoice,LOCAL-100-01404
2026-08-05,INV-100-01405,250.00,Invoice,LOCAL-100-01405
2026-08-06,PAY-100-01406,-33.30,Payment,LOCAL-100-01406
2026-08-07,INV-100-01407,71.07,Invoice,LOCAL-100-01407
2026-08-08,INV-100-01408,125.75,Invoice,LOCAL-100-01408
2026-08-09,PAY-100-01409,-40.25,Payment,LOCAL-100-01409
2026-08-10,INV-100-01410,900.10,Invoice,LOCAL-100-01410
2026-08-11,INV-100-01411,0.99,Invoice,LOCAL-100-01411
2026-08-12,INV-100-01412,250.00,Invoice,LOCAL-100-01412
2026-08-13,PAY-100-01413,-33.30,Payment,LOCAL-100-01413
2026-08-14,INV-100-01414,71.07,Invoice,LOCAL-100-01414
2026-08-15,INV-100-01415,125.75,Invoice,LOCAL-100-01415
2026-08-16,PAY-100-01416,-40.25,Payment,LOCAL-100-01416
2026-08-17,INV-100-01417,900.10,Invoice,LOCAL-100-01417
2026-08-18,INV-100-01418,0.99,Invoice,LOCAL-100-01418
2026-08-19,INV-100-01419,250.00,Invoice,LOCAL-100-01419
2026-08-20,PAY-100-01420,-33.30,Payment,LOCAL-100-01420
2026-08-21,INV-100-01421,71.07,Invoice,LOCAL-100-01421
2026-08-22,INV-100-01422,125.75,Invoice,LOCAL-100-01422
2026-08-23,PAY-100-01423,-40.25,Payment,LOCAL-100-01423
2026-08-24,INV-100-01424,900.10,Invoice,LOCAL-100-01424
2026-08-25,INV-100-01425,0.99,Invoice,LOCAL-100-01425
2026-08-26,INV-100-01426,250.00,Invoice,LOCAL-100-01426
2026-08-27,PAY-100-01427,-33.30,Payment,LOCAL-100-01427
2026-08-28,INV-100-01428,71.07,Invoice,LOCAL-100-01428
2026-08-01,INV-100-01429,125.75,Invoice,LOCAL-100-01429
2026-08-02,PAY-100-01430,-40.25,Payment,LOCAL-100-01430
2026-08-03,INV-100-01431,900.10,Invoice,LOCAL-100-01431
2026-08-04,INV-100-01432,0.99,Invoice,LOCAL-100-01432
2026-08-05,INV-100-01433,250.00,Invoice,LOCAL-100-01433
2026-08-06,PAY-100-01434,-33.30,Payment,LOCAL-100-01434
2026-08-07,INV-100-01435,71.07,Invoice,LOCAL-100-01435
2026-08-08,INV-100-01436,125.75,Invoice,LOCAL-100-01436
2026-08-09,PAY-100-01437,-40.25,Payment,LOCAL-100-01437
2026-08-10,INV-100-01438,900.10,Invoice,LOCAL-100-01438
2026-08-11,INV-100-01439,0.99,Invoice,LOCAL-100-01439
2026-08-12,INV-100-01440,250.00,Invoice,LOCAL-100-01440
2026-08-13,PAY-100-01441,-33.30,Payment,LOCAL-100-01441
2026-08-14,INV-100-01442,71.07,Invoice,LOCAL-100-01442
2026-08-15,INV-100-01443,125.75,Invoice,LOCAL-100-01443
2026-08-16,PAY-100-01444,-40.25,Payment,LOCAL-100-01444
2026-08-17,INV-100-01445,900.10,Invoice,LOCAL-100-01445
2026-08-18,INV-100-01446,0.99,Invoice,LOCAL-100-01446
2026-08-19,INV-100-01447,250.00,Invoice,LOCAL-100-01447
2026-08-20,PAY-100-01448,-33.30,Payment,LOCAL-100-01448
2026-08-21,INV-100-01449,71.07,Invoice,LOCAL-100-01449
2026-08-22,INV-100-01450,125.75,Invoice,LOCAL-100-01450
2026-08-23,PAY-100-01451,-40.25,Payment,LOCAL-100-01451
2026-08-24,INV-100-01452,900.10,Invoice,LOCAL-100-01452
2026-08-25,INV-100-01453,0.99,Invoice,LOCAL-100-01453
2026-08-26,INV-100-01454,250.00,Invoice,LOCAL-100-01454
2026-08-27,PAY-100-01455,-33.30,Payment,LOCAL-100-01455
2026-08-28,INV-100-01456,71.07,Invoice,LOCAL-100-01456
2026-08-01,INV-100-01457,125.75,Invoice,LOCAL-100-01457
2026-08-02,PAY-100-01458,-40.25,Payment,LOCAL-100-01458
2026-08-03,INV-100-01459,900.10,Invoice,LOCAL-100-01459
2026-08-04,INV-100-01460,0.99,Invoice,LOCAL-100-01460
2026-08-05,INV-100-01461,250.00,Invoice,LOCAL-100-01461
2026-08-06,PAY-100-01462,-33.30,Payment,LOCAL-100-01462
2026-08-07,INV-100-01463,71.07,Invoice,LOCAL-100-01463
2026-08-08,INV-100-01464,125.75,Invoice,LOCAL-100-01464
2026-08-09,PAY-100-01465,-40.25,Payment,LOCAL-100-01465
2026-08-10,INV-100-01466,900.10,Invoice,LOCAL-100-01466
2026-08-11,INV-100-01467,0.99,Invoice,LOCAL-100-01467
2026-08-12,INV-100-01468,250.00,Invoice,LOCAL-100-01468
2026-08-13,PAY-100-01469,-33.30,Payment,LOCAL-100-01469
2026-08-14,INV-100-01470,71.07,Invoice,LOCAL-100-01470
2026-08-15,INV-100-01471,125.75,Invoice,LOCAL-100-01471
2026-08-16,PAY-100-01472,-40.25,Payment,LOCAL-100-01472
2026-08-17,INV-100-01473,900.10,Invoice,LOCAL-100-01473
2026-08-18,INV-100-01474,0.99,Invoice,LOCAL-100-01474
2026-08-19,INV-100-01475,250.00,Invoice,LOCAL-100-01475
2026-08-20,PAY-100-01476,-33.30,Payment,LOCAL-100-01476
2026-08-21,INV-100-01477,71.07,Invoice,LOCAL-100-01477
2026-08-22,INV-100-01478,125.75,Invoice,LOCAL-100-01478
2026-08-23,PAY-100-01479,-40.25,Payment,LOCAL-100-01479
2026-08-24,INV-100-01480,900.10,Invoice,LOCAL-100-01480
2026-08-25,INV-100-01481,0.99,Invoice,LOCAL-100-01481
2026-08-26,INV-100-01482,250.00,Invoice,LOCAL-100-01482
2026-08-27,PAY-100-01483,-33.30,Payment,LOCAL-100-01483
2026-08-28,INV-100-01484,71.07,Invoice,LOCAL-100-01484
2026-08-01,INV-100-01485,125.75,Invoice,LOCAL-100-01485
2026-08-02,PAY-100-01486,-40.25,Payment,LOCAL-100-01486
2026-08-03,INV-100-01487,900.10,Invoice,LOCAL-100-01487
2026-08-04,INV-100-01488,0.99,Invoice,LOCAL-100-01488
2026-08-05,INV-100-01489,250.00,Invoice,LOCAL-100-01489
2026-08-06,PAY-100-01490,-33.30,Payment,LOCAL-100-01490
2026-08-07,INV-100-01491,71.07,Invoice,LOCAL-100-01491
2026-08-08,INV-100-01492,125.75,Invoice,LOCAL-100-01492
2026-08-09,PAY-100-01493,-40.25,Payment,LOCAL-100-01493
2026-08-10,INV-100-01494,900.10,Invoice,LOCAL-100-01494
2026-08-11,INV-100-01495,0.99,Invoice,LOCAL-100-01495
2026-08-12,INV-100-01496,250.00,Invoice,LOCAL-100-01496
2026-08-13,PAY-100-01497,-33.30,Payment,LOCAL-100-01497
2026-08-14,INV-100-01498,71.07,Invoice,LOCAL-100-01498
2026-08-15,INV-100-01499,125.75,Invoice,LOCAL-100-01499
2026-08-16,PAY-100-01500,-40.25,Payment,LOCAL-100-01500
2026-08-17,INV-100-01501,900.10,Invoice,LOCAL-100-01501
2026-08-18,INV-100-01502,0.99,Invoice,LOCAL-100-01502
2026-08-19,INV-100-01503,250.00,Invoice,LOCAL-100-01503
2026-08-20,PAY-100-01504,-33.30,Payment,LOCAL-100-01504
2026-08-21,INV-100-01505,71.07,Invoice,LOCAL-100-01505
2026-08-22,INV-100-01506,125.75,Invoice,LOCAL-100-01506
2026-08-23,PAY-100-01507,-40.25,Payment,LOCAL-100-01507
2026-08-24,INV-100-01508,900.10,Invoice,LOCAL-100-01508
2026-08-25,INV-100-01509,0.99,Invoice,LOCAL-100-01509
2026-08-26,INV-100-01510,250.00,Invoice,LOCAL-100-01510
2026-08-27,PAY-100-01511,-33.30,Payment,LOCAL-100-01511
2026-08-28,INV-100-01512,71.07,Invoice,LOCAL-100-01512
2026-08-01,INV-100-01513,125.75,Invoice,LOCAL-100-01513
2026-08-02,PAY-100-01514,-40.25,Payment,LOCAL-100-01514
2026-08-03,INV-100-01515,900.10,Invoice,LOCAL-100-01515
2026-08-04,INV-100-01516,0.99,Invoice,LOCAL-100-01516
2026-08-05,INV-100-01517,250.00,Invoice,LOCAL-100-01517
2026-08-06,PAY-100-01518,-33.30,Payment,LOCAL-100-01518
2026-08-07,INV-100-01519,71.07,Invoice,LOCAL-100-01519
2026-08-08,INV-100-01520,125.75,Invoice,LOCAL-100-01520
2026-08-09,PAY-100-01521,-40.25,Payment,LOCAL-100-01521
2026-08-10,INV-100-01522,900.10,Invoice,LOCAL-100-01522
2026-08-11,INV-100-01523,0.99,Invoice,LOCAL-100-01523
2026-08-12,INV-100-01524,250.00,Invoice,LOCAL-100-01524
2026-08-13,PAY-100-01525,-33.30,Payment,LOCAL-100-01525
2026-08-14,INV-100-01526,71.07,Invoice,LOCAL-100-01526
2026-08-15,INV-100-01527,125.75,Invoice,LOCAL-100-01527
2026-08-16,PAY-100-01528,-40.25,Payment,LOCAL-100-01528
2026-08-17,INV-100-01529,900.10,Invoice,LOCAL-100-01529
2026-08-18,INV-100-01530,0.99,Invoice,LOCAL-100-01530
2026-08-19,INV-100-01531,250.00,Invoice,LOCAL-100-01531
2026-08-20,PAY-100-01532,-33.30,Payment,LOCAL-100-01532
2026-08-21,INV-100-01533,71.07,Invoice,LOCAL-100-01533
2026-08-22,INV-100-01534,125.75,Invoice,LOCAL-100-01534
2026-08-23,PAY-100-01535,-40.25,Payment,LOCAL-100-01535
2026-08-24,INV-100-01536,900.10,Invoice,LOCAL-100-01536
2026-08-25,INV-100-01537,0.99,Invoice,LOCAL-100-01537
2026-08-26,INV-100-01538,250.00,Invoice,LOCAL-100-01538
2026-08-27,PAY-100-01539,-33.30,Payment,LOCAL-100-01539
2026-08-28,INV-100-01540,71.07,Invoice,LOCAL-100-01540
2026-08-01,INV-100-01541,125.75,Invoice,LOCAL-100-01541
2026-08-02,PAY-100-01542,-40.25,Payment,LOCAL-100-01542
2026-08-03,INV-100-01543,900.10,Invoice,LOCAL-100-01543
2026-08-04,INV-100-01544,0.99,Invoice,LOCAL-100-01544
2026-08-05,INV-100-01545,250.00,Invoice,LOCAL-100-01545
2026-08-06,PAY-100-01546,-33.30,Payment,LOCAL-100-01546
2026-08-07,INV-100-01547,71.07,Invoice,LOCAL-100-01547
2026-08-08,INV-100-01548,125.75,Invoice,LOCAL-100-01548
2026-08-09,PAY-100-01549,-40.25,Payment,LOCAL-100-01549
2026-08-10,INV-100-01550,900.10,Invoice,LOCAL-100-01550
2026-08-11,INV-100-01551,0.99,Invoice,LOCAL-100-01551
2026-08-12,INV-100-01552,250.00,Invoice,LOCAL-100-01552
2026-08-13,PAY-100-01553,-33.30,Payment,LOCAL-100-01553
2026-08-14,INV-100-01554,71.07,Invoice,LOCAL-100-01554
2026-08-15,INV-100-01555,125.75,Invoice,LOCAL-100-01555
2026-08-16,PAY-100-01556,-40.25,Payment,LOCAL-100-01556
2026-08-17,INV-100-01557,900.10,Invoice,LOCAL-100-01557
2026-08-18,INV-100-01558,0.99,Invoice,LOCAL-100-01558
2026-08-19,INV-100-01559,250.00,Invoice,LOCAL-100-01559
2026-08-20,PAY-100-01560,-33.30,Payment,LOCAL-100-01560
2026-08-21,INV-100-01561,71.07,Invoice,LOCAL-100-01561
2026-08-22,INV-100-01562,125.75,Invoice,LOCAL-100-01562
2026-08-23,PAY-100-01563,-40.25,Payment,LOCAL-100-01563
2026-08-24,INV-100-01564,900.10,Invoice,LOCAL-100-01564
2026-08-25,INV-100-01565,0.99,Invoice,LOCAL-100-01565
2026-08-26,INV-100-01566,250.00,Invoice,LOCAL-100-01566
2026-08-27,PAY-100-01567,-33.30,Payment,LOCAL-100-01567
2026-08-28,INV-100-01568,71.07,Invoice,LOCAL-100-01568
2026-08-01,INV-100-01569,125.75,Invoice,LOCAL-100-01569
2026-08-02,PAY-100-01570,-40.25,Payment,LOCAL-100-01570
2026-08-03,INV-100-01571,900.10,Invoice,LOCAL-100-01571
2026-08-04,INV-100-01572,0.99,Invoice,LOCAL-100-01572
2026-08-05,INV-100-01573,250.00,Invoice,LOCAL-100-01573
2026-08-06,PAY-100-01574,-33.30,Payment,LOCAL-100-01574
2026-08-07,INV-100-01575,71.07,Invoice,LOCAL-100-01575
2026-08-08,INV-100-01576,125.75,Invoice,LOCAL-100-01576
2026-08-09,PAY-100-01577,-40.25,Payment,LOCAL-100-01577
2026-08-10,INV-100-01578,900.10,Invoice,LOCAL-100-01578
2026-08-11,INV-100-01579,0.99,Invoice,LOCAL-100-01579
2026-08-12,INV-100-01580,250.00,Invoice,LOCAL-100-01580
2026-08-13,PAY-100-01581,-33.30,Payment,LOCAL-100-01581
2026-08-14,INV-100-01582,71.07,Invoice,LOCAL-100-01582
2026-08-15,INV-100-01583,125.75,Invoice,LOCAL-100-01583
2026-08-16,PAY-100-01584,-40.25,Payment,LOCAL-100-01584
2026-08-17,INV-100-01585,900.10,Invoice,LOCAL-100-01585
2026-08-18,INV-100-01586,0.99,Invoice,LOCAL-100-01586
2026-08-19,INV-100-01587,250.00,Invoice,LOCAL-100-01587
2026-08-20,PAY-100-01588,-33.30,Payment,LOCAL-100-01588
2026-08-21,INV-100-01589,71.07,Invoice,LOCAL-100-01589
2026-08-22,INV-100-01590,125.75,Invoice,LOCAL-100-01590
2026-08-23,PAY-100-01591,-40.25,Payment,LOCAL-100-01591
2026-08-24,INV-100-01592,900.10,Invoice,LOCAL-100-01592
2026-08-25,INV-100-01593,0.99,Invoice,LOCAL-100-01593
2026-08-26,INV-100-01594,250.00,Invoice,LOCAL-100-01594
2026-08-27,PAY-100-01595,-33.30,Payment,LOCAL-100-01595
2026-08-28,INV-100-01596,71.07,Invoice,LOCAL-100-01596
2026-08-01,INV-100-01597,125.75,Invoice,LOCAL-100-01597
2026-08-02,PAY-100-01598,-40.25,Payment,LOCAL-100-01598
2026-08-03,INV-100-01599,900.10,Invoice,LOCAL-100-01599
2026-08-04,INV-100-01600,0.99,Invoice,LOCAL-100-01600
2026-08-05,INV-100-01601,250.00,Invoice,LOCAL-100-01601
2026-08-06,PAY-100-01602,-33.30,Payment,LOCAL-100-01602
2026-08-07,INV-100-01603,71.07,Invoice,LOCAL-100-01603
2026-08-08,INV-100-01604,125.75,Invoice,LOCAL-100-01604
2026-08-09,PAY-100-01605,-40.25,Payment,LOCAL-100-01605
2026-08-10,INV-100-01606,900.10,Invoice,LOCAL-100-01606
2026-08-11,INV-100-01607,0.99,Invoice,LOCAL-100-01607
2026-08-12,INV-100-01608,250.00,Invoice,LOCAL-100-01608
2026-08-13,PAY-100-01609,-33.30,Payment,LOCAL-100-01609
2026-08-14,INV-100-01610,71.07,Invoice,LOCAL-100-01610
2026-08-15,INV-100-01611,125.75,Invoice,LOCAL-100-01611
2026-08-16,PAY-100-01612,-40.25,Payment,LOCAL-100-01612
2026-08-17,INV-100-01613,900.10,Invoice,LOCAL-100-01613
2026-08-18,INV-100-01614,0.99,Invoice,LOCAL-100-01614
2026-08-19,INV-100-01615,250.00,Invoice,LOCAL-100-01615
2026-08-20,PAY-100-01616,-33.30,Payment,LOCAL-100-01616
2026-08-21,INV-100-01617,71.07,Invoice,LOCAL-100-01617
2026-08-22,INV-100-01618,125.75,Invoice,LOCAL-100-01618
2026-08-23,PAY-100-01619,-40.25,Payment,LOCAL-100-01619
2026-08-24,INV-100-01620,900.10,Invoice,LOCAL-100-01620
2026-08-25,INV-100-01621,0.99,Invoice,LOCAL-100-01621
2026-08-26,INV-100-01622,250.00,Invoice,LOCAL-100-01622
2026-08-27,PAY-100-01623,-33.30,Payment,LOCAL-100-01623
2026-08-28,INV-100-01624,71.07,Invoice,LOCAL-100-01624
2026-08-01,INV-100-01625,125.75,Invoice,LOCAL-100-01625
2026-08-02,PAY-100-01626,-40.25,Payment,LOCAL-100-01626
2026-08-03,INV-100-01627,900.10,Invoice,LOCAL-100-01627
2026-08-04,INV-100-01628,0.99,Invoice,LOCAL-100-01628
2026-08-05,INV-100-01629,250.00,Invoice,LOCAL-100-01629
2026-08-06,PAY-100-01630,-33.30,Payment,LOCAL-100-01630
2026-08-07,INV-100-01631,71.07,Invoice,LOCAL-100-01631
2026-08-08,INV-100-01632,125.75,Invoice,LOCAL-100-01632
2026-08-09,PAY-100-01633,-40.25,Payment,LOCAL-100-01633
2026-08-10,INV-100-01634,900.10,Invoice,LOCAL-100-01634
2026-08-11,INV-100-01635,0.99,Invoice,LOCAL-100-01635
2026-08-12,INV-100-01636,250.00,Invoice,LOCAL-100-01636
2026-08-13,PAY-100-01637,-33.30,Payment,LOCAL-100-01637
2026-08-14,INV-100-01638,71.07,Invoice,LOCAL-100-01638
2026-08-15,INV-100-01639,125.75,Invoice,LOCAL-100-01639
2026-08-16,PAY-100-01640,-40.25,Payment,LOCAL-100-01640
2026-08-17,INV-100-01641,900.10,Invoice,LOCAL-100-01641
2026-08-18,INV-100-01642,0.99,Invoice,LOCAL-100-01642
2026-08-19,INV-100-01643,250.00,Invoice,LOCAL-100-01643
2026-08-20,PAY-100-01644,-33.30,Payment,LOCAL-100-01644
2026-08-21,INV-100-01645,71.07,Invoice,LOCAL-100-01645
2026-08-22,INV-100-01646,125.75,Invoice,LOCAL-100-01646
2026-08-23,PAY-100-01647,-40.25,Payment,LOCAL-100-01647
2026-08-24,INV-100-01648,900.10,Invoice,LOCAL-100-01648
2026-08-25,INV-100-01649,0.99,Invoice,LOCAL-100-01649
2026-08-26,INV-100-01650,250.00,Invoice,LOCAL-100-01650
2026-08-27,PAY-100-01651,-33.30,Payment,LOCAL-100-01651
2026-08-28,INV-100-01652,71.07,Invoice,LOCAL-100-01652
2026-08-01,INV-100-01653,125.75,Invoice,LOCAL-100-01653
2026-08-02,PAY-100-01654,-40.25,Payment,LOCAL-100-01654
2026-08-03,INV-100-01655,900.10,Invoice,LOCAL-100-01655
2026-08-04,INV-100-01656,0.99,Invoice,LOCAL-100-01656
2026-08-05,INV-100-01657,250.00,Invoice,LOCAL-100-01657
2026-08-06,PAY-100-01658,-33.30,Payment,LOCAL-100-01658
2026-08-07,INV-100-01659,71.07,Invoice,LOCAL-100-01659
2026-08-08,INV-100-01660,125.75,Invoice,LOCAL-100-01660
2026-08-09,PAY-100-01661,-40.25,Payment,LOCAL-100-01661
2026-08-10,INV-100-01662,900.10,Invoice,LOCAL-100-01662
2026-08-11,INV-100-01663,0.99,Invoice,LOCAL-100-01663
2026-08-12,INV-100-01664,250.00,Invoice,LOCAL-100-01664
2026-08-13,PAY-100-01665,-33.30,Payment,LOCAL-100-01665
2026-08-14,INV-100-01666,71.07,Invoice,LOCAL-100-01666
2026-08-15,INV-100-01667,125.75,Invoice,LOCAL-100-01667
2026-08-16,PAY-100-01668,-40.25,Payment,LOCAL-100-01668
2026-08-17,INV-100-01669,900.10,Invoice,LOCAL-100-01669
2026-08-18,INV-100-01670,0.99,Invoice,LOCAL-100-01670
2026-08-19,INV-100-01671,250.00,Invoice,LOCAL-100-01671
2026-08-20,PAY-100-01672,-33.30,Payment,LOCAL-100-01672
2026-08-21,INV-100-01673,71.07,Invoice,LOCAL-100-01673
2026-08-22,INV-100-01674,125.75,Invoice,LOCAL-100-01674
2026-08-23,PAY-100-01675,-40.25,Payment,LOCAL-100-01675
2026-08-24,INV-100-01676,900.10,Invoice,LOCAL-100-01676
2026-08-25,INV-100-01677,0.99,Invoice,LOCAL-100-01677
2026-08-26,INV-100-01678,250.00,Invoice,LOCAL-100-01678
2026-08-27,PAY-100-01679,-33.30,Payment,LOCAL-100-01679
2026-08-28,INV-100-01680,71.07,Invoice,LOCAL-100-01680
2026-08-01,INV-100-01681,125.75,Invoice,LOCAL-100-01681
2026-08-02,PAY-100-01682,-40.25,Payment,LOCAL-100-01682
2026-08-03,INV-100-01683,900.10,Invoice,LOCAL-100-01683
2026-08-04,INV-100-01684,0.99,Invoice,LOCAL-100-01684
2026-08-05,INV-100-01685,250.00,Invoice,LOCAL-100-01685
2026-08-06,PAY-100-01686,-33.30,Payment,LOCAL-100-01686
2026-08-07,INV-100-01687,71.07,Invoice,LOCAL-100-01687
2026-08-08,INV-100-01688,125.75,Invoice,LOCAL-100-01688
2026-08-09,PAY-100-01689,-40.25,Payment,LOCAL-100-01689
2026-08-10,INV-100-01690,900.10,Invoice,LOCAL-100-01690
2026-08-11,INV-100-01691,0.99,Invoice,LOCAL-100-01691
2026-08-12,INV-100-01692,250.00,Invoice,LOCAL-100-01692
2026-08-13,PAY-100-01693,-33.30,Payment,LOCAL-100-01693
2026-08-14,INV-100-01694,71.07,Invoice,LOCAL-100-01694
2026-08-15,INV-100-01695,125.75,Invoice,LOCAL-100-01695
2026-08-16,PAY-100-01696,-40.25,Payment,LOCAL-100-01696
2026-08-17,INV-100-01697,900.10,Invoice,LOCAL-100-01697
2026-08-18,INV-100-01698,0.99,Invoice,LOCAL-100-01698
2026-08-19,INV-100-01699,250.00,Invoice,LOCAL-100-01699
2026-08-20,PAY-100-01700,-33.30,Payment,LOCAL-100-01700
2026-08-21,INV-100-01701,71.07,Invoice,LOCAL-100-01701
2026-08-22,INV-100-01702,125.75,Invoice,LOCAL-100-01702
2026-08-23,PAY-100-01703,-40.25,Payment,LOCAL-100-01703
2026-08-24,INV-100-01704,900.10,Invoice,LOCAL-100-01704
2026-08-25,INV-100-01705,0.99,Invoice,LOCAL-100-01705
2026-08-26,INV-100-01706,250.00,Invoice,LOCAL-100-01706
2026-08-27,PAY-100-01707,-33.30,Payment,LOCAL-100-01707
2026-08-28,INV-100-01708,71.07,Invoice,LOCAL-100-01708
2026-08-01,INV-100-01709,125.75,Invoice,LOCAL-100-01709
2026-08-02,PAY-100-01710,-40.25,Payment,LOCAL-100-01710
2026-08-03,INV-100-01711,900.10,Invoice,LOCAL-100-01711
2026-08-04,INV-100-01712,0.99,Invoice,LOCAL-100-01712
2026-08-05,INV-100-01713,250.00,Invoice,LOCAL-100-01713
2026-08-06,PAY-100-01714,-33.30,Payment,LOCAL-100-01714
2026-08-07,INV-100-01715,71.07,Invoice,LOCAL-100-01715
2026-08-08,INV-100-01716,125.75,Invoice,LOCAL-100-01716
2026-08-09,PAY-100-01717,-40.25,Payment,LOCAL-100-01717
2026-08-10,INV-100-01718,900.10,Invoice,LOCAL-100-01718
2026-08-11,INV-100-01719,0.99,Invoice,LOCAL-100-01719
2026-08-12,INV-100-01720,250.00,Invoice,LOCAL-100-01720
2026-08-13,PAY-100-01721,-33.30,Payment,LOCAL-100-01721
2026-08-14,INV-100-01722,71.07,Invoice,LOCAL-100-01722
2026-08-15,INV-100-01723,125.75,Invoice,LOCAL-100-01723
2026-08-16,PAY-100-01724,-40.25,Payment,LOCAL-100-01724
2026-08-17,INV-100-01725,900.10,Invoice,LOCAL-100-01725
2026-08-18,INV-100-01726,0.99,Invoice,LOCAL-100-01726
2026-08-19,INV-100-01727,250.00,Invoice,LOCAL-100-01727
2026-08-20,PAY-100-01728,-33.30,Payment,LOCAL-100-01728
2026-08-21,INV-100-01729,71.07,Invoice,LOCAL-100-01729
2026-08-22,INV-100-01730,125.75,Invoice,LOCAL-100-01730
2026-08-23,PAY-100-01731,-40.25,Payment,LOCAL-100-01731
2026-08-24,INV-100-01732,900.10,Invoice,LOCAL-100-01732
2026-08-25,INV-100-01733,0.99,Invoice,LOCAL-100-01733
2026-08-26,INV-100-01734,250.00,Invoice,LOCAL-100-01734
2026-08-27,PAY-100-01735,-33.30,Payment,LOCAL-100-01735
2026-08-28,INV-100-01736,71.07,Invoice,LOCAL-100-01736
2026-08-01,INV-100-01737,125.75,Invoice,LOCAL-100-01737
2026-08-02,PAY-100-01738,-40.25,Payment,LOCAL-100-01738
2026-08-03,INV-100-01739,900.10,Invoice,LOCAL-100-01739
2026-08-04,INV-100-01740,0.99,Invoice,LOCAL-100-01740
2026-08-05,INV-100-01741,250.00,Invoice,LOCAL-100-01741
2026-08-06,PAY-100-01742,-33.30,Payment,LOCAL-100-01742
2026-08-07,INV-100-01743,71.07,Invoice,LOCAL-100-01743
2026-08-08,INV-100-01744,125.75,Invoice,LOCAL-100-01744
2026-08-09,PAY-100-01745,-40.25,Payment,LOCAL-100-01745
2026-08-10,INV-100-01746,900.10,Invoice,LOCAL-100-01746
2026-08-11,INV-100-01747,0.99,Invoice,LOCAL-100-01747
2026-08-12,INV-100-01748,250.00,Invoice,LOCAL-100-01748
2026-08-13,PAY-100-01749,-33.30,Payment,LOCAL-100-01749
2026-08-14,INV-100-01750,71.07,Invoice,LOCAL-100-01750
2026-08-15,INV-100-01751,125.75,Invoice,LOCAL-100-01751
2026-08-16,PAY-100-01752,-40.25,Payment,LOCAL-100-01752
2026-08-17,INV-100-01753,900.10,Invoice,LOCAL-100-01753
2026-08-18,INV-100-01754,0.99,Invoice,LOCAL-100-01754
2026-08-19,INV-100-01755,250.00,Invoice,LOCAL-100-01755
2026-08-20,PAY-100-01756,-33.30,Payment,LOCAL-100-01756
2026-08-21,INV-100-01757,71.07,Invoice,LOCAL-100-01757
2026-08-22,INV-100-01758,125.75,Invoice,LOCAL-100-01758
2026-08-23,PAY-100-01759,-40.25,Payment,LOCAL-100-01759
2026-08-24,INV-100-01760,900.10,Invoice,LOCAL-100-01760
2026-08-25,INV-100-01761,0.99,Invoice,LOCAL-100-01761
2026-08-26,INV-100-01762,250.00,Invoice,LOCAL-100-01762
2026-08-27,PAY-100-01763,-33.30,Payment,LOCAL-100-01763
2026-08-28,INV-100-01764,71.07,Invoice,LOCAL-100-01764
2026-08-01,INV-100-01765,125.75,Invoice,LOCAL-100-01765
2026-08-02,PAY-100-01766,-40.25,Payment,LOCAL-100-01766
2026-08-03,INV-100-01767,900.10,Invoice,LOCAL-100-01767
2026-08-04,INV-100-01768,0.99,Invoice,LOCAL-100-01768
2026-08-05,INV-100-01769,250.00,Invoice,LOCAL-100-01769
2026-08-06,PAY-100-01770,-33.30,Payment,LOCAL-100-01770
2026-08-07,INV-100-01771,71.07,Invoice,LOCAL-100-01771
2026-08-08,INV-100-01772,125.75,Invoice,LOCAL-100-01772
2026-08-09,PAY-100-01773,-40.25,Payment,LOCAL-100-01773
2026-08-10,INV-100-01774,900.10,Invoice,LOCAL-100-01774
2026-08-11,INV-100-01775,0.99,Invoice,LOCAL-100-01775
2026-08-12,INV-100-01776,250.00,Invoice,LOCAL-100-01776
2026-08-13,PAY-100-01777,-33.30,Payment,LOCAL-100-01777
2026-08-14,INV-100-01778,71.07,Invoice,LOCAL-100-01778
2026-08-15,INV-100-01779,125.75,Invoice,LOCAL-100-01779
2026-08-16,PAY-100-01780,-40.25,Payment,LOCAL-100-01780
2026-08-17,INV-100-01781,900.10,Invoice,LOCAL-100-01781
2026-08-18,INV-100-01782,0.99,Invoice,LOCAL-100-01782
2026-08-19,INV-100-01783,250.00,Invoice,LOCAL-100-01783
2026-08-20,PAY-100-01784,-33.30,Payment,LOCAL-100-01784
2026-08-21,INV-100-01785,71.07,Invoice,LOCAL-100-01785
2026-08-22,INV-100-01786,125.75,Invoice,LOCAL-100-01786
2026-08-23,PAY-100-01787,-40.25,Payment,LOCAL-100-01787
2026-08-24,INV-100-01788,900.10,Invoice,LOCAL-100-01788
2026-08-25,INV-100-01789,0.99,Invoice,LOCAL-100-01789
2026-08-26,INV-100-01790,250.00,Invoice,LOCAL-100-01790
2026-08-27,PAY-100-01791,-33.30,Payment,LOCAL-100-01791
2026-08-28,INV-100-01792,71.07,Invoice,LOCAL-100-01792
2026-08-01,INV-100-01793,125.75,Invoice,LOCAL-100-01793
2026-08-02,PAY-100-01794,-40.25,Payment,LOCAL-100-01794
2026-08-03,INV-100-01795,900.10,Invoice,LOCAL-100-01795
2026-08-04,INV-100-01796,0.99,Invoice,LOCAL-100-01796
2026-08-05,INV-100-01797,250.00,Invoice,LOCAL-100-01797
2026-08-06,PAY-100-01798,-33.30,Payment,LOCAL-100-01798
2026-08-07,INV-100-01799,71.07,Invoice,LOCAL-100-01799
2026-08-08,INV-100-01800,125.75,Invoice,LOCAL-100-01800
2026-08-09,PAY-100-01801,-40.25,Payment,LOCAL-100-01801
2026-08-10,INV-100-01802,900.10,Invoice,LOCAL-100-01802
2026-08-11,INV-100-01803,0.99,Invoice,LOCAL-100-01803
2026-08-12,INV-100-01804,250.00,Invoice,LOCAL-100-01804
2026-08-13,PAY-100-01805,-33.30,Payment,LOCAL-100-01805
2026-08-14,INV-100-01806,71.07,Invoice,LOCAL-100-01806
2026-08-15,INV-100-01807,125.75,Invoice,LOCAL-100-01807
2026-08-16,PAY-100-01808,-40.25,Payment,LOCAL-100-01808
2026-08-17,INV-100-01809,900.10,Invoice,LOCAL-100-01809
2026-08-18,INV-100-01810,0.99,Invoice,LOCAL-100-01810
2026-08-19,INV-100-01811,250.00,Invoice,LOCAL-100-01811
2026-08-20,PAY-100-01812,-33.30,Payment,LOCAL-100-01812
2026-08-21,INV-100-01813,71.07,Invoice,LOCAL-100-01813
2026-08-22,INV-100-01814,125.75,Invoice,LOCAL-100-01814
2026-08-23,PAY-100-01815,-40.25,Payment,LOCAL-100-01815
2026-08-24,INV-100-01816,900.10,Invoice,LOCAL-100-01816
2026-08-25,INV-100-01817,0.99,Invoice,LOCAL-100-01817
2026-08-26,INV-100-01818,250.00,Invoice,LOCAL-100-01818
2026-08-27,PAY-100-01819,-33.30,Payment,LOCAL-100-01819
2026-08-28,INV-100-01820,71.07,Invoice,LOCAL-100-01820
2026-08-01,INV-100-01821,125.75,Invoice,LOCAL-100-01821
2026-08-02,PAY-100-01822,-40.25,Payment,LOCAL-100-01822
2026-08-03,INV-100-01823,900.10,Invoice,LOCAL-100-01823
2026-08-04,INV-100-01824,0.99,Invoice,LOCAL-100-01824
2026-08-05,INV-100-01825,250.00,Invoice,LOCAL-100-01825
2026-08-06,PAY-100-01826,-33.30,Payment,LOCAL-100-01826
2026-08-07,INV-100-01827,71.07,Invoice,LOCAL-100-01827
2026-08-08,INV-100-01828,125.75,Invoice,LOCAL-100-01828
2026-08-09,PAY-100-01829,-40.25,Payment,LOCAL-100-01829
2026-08-10,INV-100-01830,900.10,Invoice,LOCAL-100-01830
2026-08-11,INV-100-01831,0.99,Invoice,LOCAL-100-01831
2026-08-12,INV-100-01832,250.00,Invoice,LOCAL-100-01832
2026-08-13,PAY-100-01833,-33.30,Payment,LOCAL-100-01833
2026-08-14,INV-100-01834,71.07,Invoice,LOCAL-100-01834
2026-08-15,INV-100-01835,125.75,Invoice,LOCAL-100-01835
2026-08-16,PAY-100-01836,-40.25,Payment,LOCAL-100-01836
2026-08-17,INV-100-01837,900.10,Invoice,LOCAL-100-01837
2026-08-18,INV-100-01838,0.99,Invoice,LOCAL-100-01838
2026-08-19,INV-100-01839,250.00,Invoice,LOCAL-100-01839
2026-08-20,PAY-100-01840,-33.30,Payment,LOCAL-100-01840
2026-08-21,INV-100-01841,71.07,Invoice,LOCAL-100-01841
2026-08-22,INV-100-01842,125.75,Invoice,LOCAL-100-01842
2026-08-23,PAY-100-01843,-40.25,Payment,LOCAL-100-01843
2026-08-24,INV-100-01844,900.10,Invoice,LOCAL-100-01844
2026-08-25,INV-100-01845,0.99,Invoice,LOCAL-100-01845
2026-08-26,INV-100-01846,250.00,Invoice,LOCAL-100-01846
2026-08-27,PAY-100-01847,-33.30,Payment,LOCAL-100-01847
2026-08-28,INV-100-01848,71.07,Invoice,LOCAL-100-01848
2026-08-01,INV-100-01849,125.75,Invoice,LOCAL-100-01849
2026-08-02,PAY-100-01850,-40.25,Payment,LOCAL-100-01850
2026-08-03,INV-100-01851,900.10,Invoice,LOCAL-100-01851
2026-08-04,INV-100-01852,0.99,Invoice,LOCAL-100-01852
2026-08-05,INV-100-01853,250.00,Invoice,LOCAL-100-01853
2026-08-06,PAY-100-01854,-33.30,Payment,LOCAL-100-01854
2026-08-07,INV-100-01855,71.07,Invoice,LOCAL-100-01855
2026-08-08,INV-100-01856,125.75,Invoice,LOCAL-100-01856
2026-08-09,PAY-100-01857,-40.25,Payment,LOCAL-100-01857
2026-08-10,INV-100-01858,900.10,Invoice,LOCAL-100-01858
2026-08-11,INV-100-01859,0.99,Invoice,LOCAL-100-01859
2026-08-12,INV-100-01860,250.00,Invoice,LOCAL-100-01860
2026-08-13,PAY-100-01861,-33.30,Payment,LOCAL-100-01861
2026-08-14,INV-100-01862,71.07,Invoice,LOCAL-100-01862
2026-08-15,INV-100-01863,125.75,Invoice,LOCAL-100-01863
2026-08-16,PAY-100-01864,-40.25,Payment,LOCAL-100-01864
2026-08-17,INV-100-01865,900.10,Invoice,LOCAL-100-01865
2026-08-18,INV-100-01866,0.99,Invoice,LOCAL-100-01866
2026-08-19,INV-100-01867,250.00,Invoice,LOCAL-100-01867
2026-08-20,PAY-100-01868,-33.30,Payment,LOCAL-100-01868
2026-08-21,INV-100-01869,71.07,Invoice,LOCAL-100-01869
2026-08-22,INV-100-01870,125.75,Invoice,LOCAL-100-01870
2026-08-23,PAY-100-01871,-40.25,Payment,LOCAL-100-01871
2026-08-24,INV-100-01872,900.10,Invoice,LOCAL-100-01872
2026-08-25,INV-100-01873,0.99,Invoice,LOCAL-100-01873
2026-08-26,INV-100-01874,250.00,Invoice,LOCAL-100-01874
2026-08-27,PAY-100-01875,-33.30,Payment,LOCAL-100-01875
2026-08-28,INV-100-01876,71.07,Invoice,LOCAL-100-01876
2026-08-01,INV-100-01877,125.75,Invoice,LOCAL-100-01877
2026-08-02,PAY-100-01878,-40.25,Payment,LOCAL-100-01878
2026-08-03,INV-100-01879,900.10,Invoice,LOCAL-100-01879
2026-08-04,INV-100-01880,0.99,Invoice,LOCAL-100-01880
2026-08-05,INV-100-01881,250.00,Invoice,LOCAL-100-01881
2026-08-06,PAY-100-01882,-33.30,Payment,LOCAL-100-01882
2026-08-07,INV-100-01883,71.07,Invoice,LOCAL-100-01883
2026-08-08,INV-100-01884,125.75,Invoice,LOCAL-100-01884
2026-08-09,PAY-100-01885,-40.25,Payment,LOCAL-100-01885
2026-08-10,INV-100-01886,900.10,Invoice,LOCAL-100-01886
2026-08-11,INV-100-01887,0.99,Invoice,LOCAL-100-01887
2026-08-12,INV-100-01888,250.00,Invoice,LOCAL-100-01888
2026-08-13,PAY-100-01889,-33.30,Payment,LOCAL-100-01889
2026-08-14,INV-100-01890,71.07,Invoice,LOCAL-100-01890
2026-08-15,INV-100-01891,125.75,Invoice,LOCAL-100-01891
2026-08-16,PAY-100-01892,-40.25,Payment,LOCAL-100-01892
2026-08-17,INV-100-01893,900.10,Invoice,LOCAL-100-01893
2026-08-18,INV-100-01894,0.99,Invoice,LOCAL-100-01894
2026-08-19,INV-100-01895,250.00,Invoice,LOCAL-100-01895
2026-08-20,PAY-100-01896,-33.30,Payment,LOCAL-100-01896
2026-08-21,INV-100-01897,71.07,Invoice,LOCAL-100-01897
2026-08-22,INV-100-01898,125.75,Invoice,LOCAL-100-01898
2026-08-23,PAY-100-01899,-40.25,Payment,LOCAL-100-01899
2026-08-24,INV-100-01900,900.10,Invoice,LOCAL-100-01900
2026-08-25,INV-100-01901,0.99,Invoice,LOCAL-100-01901
2026-08-26,INV-100-01902,250.00,Invoice,LOCAL-100-01902
2026-08-27,PAY-100-01903,-33.30,Payment,LOCAL-100-01903
2026-08-28,INV-100-01904,71.07,Invoice,LOCAL-100-01904
2026-08-01,INV-100-01905,125.75,Invoice,LOCAL-100-01905
2026-08-02,PAY-100-01906,-40.25,Payment,LOCAL-100-01906
2026-08-03,INV-100-01907,900.10,Invoice,LOCAL-100-01907
2026-08-04,INV-100-01908,0.99,Invoice,LOCAL-100-01908
2026-08-05,INV-100-01909,250.00,Invoice,LOCAL-100-01909
2026-08-06,PAY-100-01910,-33.30,Payment,LOCAL-100-01910
2026-08-07,INV-100-01911,71.07,Invoice,LOCAL-100-01911
2026-08-08,INV-100-01912,125.75,Invoice,LOCAL-100-01912
2026-08-09,PAY-100-01913,-40.25,Payment,LOCAL-100-01913
2026-08-10,INV-100-01914,900.10,Invoice,LOCAL-100-01914
2026-08-11,INV-100-01915,0.99,Invoice,LOCAL-100-01915
2026-08-12,INV-100-01916,250.00,Invoice,LOCAL-100-01916
2026-08-13,PAY-100-01917,-33.30,Payment,LOCAL-100-01917
2026-08-14,INV-100-01918,71.07,Invoice,LOCAL-100-01918
2026-08-15,INV-100-01919,125.75,Invoice,LOCAL-100-01919
2026-08-16,PAY-100-01920,-40.25,Payment,LOCAL-100-01920
2026-08-17,INV-100-01921,900.10,Invoice,LOCAL-100-01921
2026-08-18,INV-100-01922,0.99,Invoice,LOCAL-100-01922
2026-08-19,INV-100-01923,250.00,Invoice,LOCAL-100-01923
2026-08-20,PAY-100-01924,-33.30,Payment,LOCAL-100-01924
2026-08-21,INV-100-01925,71.07,Invoice,LOCAL-100-01925
2026-08-22,INV-100-01926,125.75,Invoice,LOCAL-100-01926
2026-08-23,PAY-100-01927,-40.25,Payment,LOCAL-100-01927
2026-08-24,INV-100-01928,900.10,Invoice,LOCAL-100-01928
2026-08-25,INV-100-01929,0.99,Invoice,LOCAL-100-01929
2026-08-26,INV-100-01930,250.00,Invoice,LOCAL-100-01930
2026-08-27,PAY-100-01931,-33.30,Payment,LOCAL-100-01931
2026-08-28,INV-100-01932,71.07,Invoice,LOCAL-100-01932
2026-08-01,INV-100-01933,125.75,Invoice,LOCAL-100-01933
2026-08-02,PAY-100-01934,-40.25,Payment,LOCAL-100-01934
2026-08-03,INV-100-01935,900.10,Invoice,LOCAL-100-01935
2026-08-04,INV-100-01936,0.99,Invoice,LOCAL-100-01936
2026-08-05,INV-100-01937,250.00,Invoice,LOCAL-100-01937
2026-08-06,PAY-100-01938,-33.30,Payment,LOCAL-100-01938
2026-08-07,INV-100-01939,71.07,Invoice,LOCAL-100-01939
2026-08-08,INV-100-01940,125.75,Invoice,LOCAL-100-01940
2026-08-09,PAY-100-01941,-40.25,Payment,LOCAL-100-01941
2026-08-10,INV-100-01942,900.10,Invoice,LOCAL-100-01942
2026-08-11,INV-100-01943,0.99,Invoice,LOCAL-100-01943
2026-08-12,INV-100-01944,250.00,Invoice,LOCAL-100-01944
2026-08-13,PAY-100-01945,-33.30,Payment,LOCAL-100-01945
2026-08-14,INV-100-01946,71.07,Invoice,LOCAL-100-01946
2026-08-15,INV-100-01947,125.75,Invoice,LOCAL-100-01947
2026-08-16,PAY-100-01948,-40.25,Payment,LOCAL-100-01948
2026-08-17,INV-100-01949,900.10,Invoice,LOCAL-100-01949
2026-08-18,INV-100-01950,0.99,Invoice,LOCAL-100-01950
2026-08-19,INV-100-01951,250.00,Invoice,LOCAL-100-01951
2026-08-20,PAY-100-01952,-33.30,Payment,LOCAL-100-01952
2026-08-21,INV-100-01953,71.07,Invoice,LOCAL-100-01953
2026-08-22,INV-100-01954,125.75,Invoice,LOCAL-100-01954
2026-08-23,PAY-100-01955,-40.25,Payment,LOCAL-100-01955
2026-08-24,INV-100-01956,900.10,Invoice,LOCAL-100-01956
2026-08-25,INV-100-01957,0.99,Invoice,LOCAL-100-01957
2026-08-26,INV-100-01958,250.00,Invoice,LOCAL-100-01958
2026-08-27,PAY-100-01959,-33.30,Payment,LOCAL-100-01959
2026-08-28,INV-100-01960,71.07,Invoice,LOCAL-100-01960
2026-08-01,INV-100-01961,125.75,Invoice,LOCAL-100-01961
2026-08-02,PAY-100-01962,-40.25,Payment,LOCAL-100-01962
2026-08-03,INV-100-01963,900.10,Invoice,LOCAL-100-01963
2026-08-04,INV-100-01964,0.99,Invoice,LOCAL-100-01964
2026-08-05,INV-100-01965,250.00,Invoice,LOCAL-100-01965
2026-08-06,PAY-100-01966,-33.30,Payment,LOCAL-100-01966
2026-08-07,INV-100-01967,71.07,Invoice,LOCAL-100-01967
2026-08-08,INV-100-01968,125.75,Invoice,LOCAL-100-01968
2026-08-09,PAY-100-01969,-40.25,Payment,LOCAL-100-01969
2026-08-10,INV-100-01970,900.10,Invoice,LOCAL-100-01970
2026-08-11,INV-100-01971,0.99,Invoice,LOCAL-100-01971
2026-08-12,INV-100-01972,250.00,Invoice,LOCAL-100-01972
2026-08-13,PAY-100-01973,-33.30,Payment,LOCAL-100-01973
2026-08-14,INV-100-01974,71.07,Invoice,LOCAL-100-01974
2026-08-15,INV-100-01975,125.75,Invoice,LOCAL-100-01975
2026-08-16,PAY-100-01976,-40.25,Payment,LOCAL-100-01976
2026-08-17,INV-100-01977,900.10,Invoice,LOCAL-100-01977
2026-08-18,INV-100-01978,0.99,Invoice,LOCAL-100-01978
2026-08-19,INV-100-01979,250.00,Invoice,LOCAL-100-01979
2026-08-20,PAY-100-01980,-33.30,Payment,LOCAL-100-01980
2026-08-21,INV-100-01981,71.07,Invoice,LOCAL-100-01981
2026-08-22,INV-100-01982,125.75,Invoice,LOCAL-100-01982
2026-08-23,PAY-100-01983,-40.25,Payment,LOCAL-100-01983
2026-08-24,INV-100-01984,900.10,Invoice,LOCAL-100-01984
2026-08-25,INV-100-01985,0.99,Invoice,LOCAL-100-01985
2026-08-26,INV-100-01986,250.00,Invoice,LOCAL-100-01986
2026-08-27,PAY-100-01987,-33.30,Payment,LOCAL-100-01987
2026-08-28,INV-100-01988,71.07,Invoice,LOCAL-100-01988
2026-08-01,INV-100-01989,125.75,Invoice,LOCAL-100-01989
2026-08-02,PAY-100-01990,-40.25,Payment,LOCAL-100-01990
2026-08-03,INV-100-01991,900.10,Invoice,LOCAL-100-01991
2026-08-04,INV-100-01992,0.99,Invoice,LOCAL-100-01992
2026-08-05,INV-100-01993,250.00,Invoice,LOCAL-100-01993
2026-08-06,PAY-100-01994,-33.30,Payment,LOCAL-100-01994
2026-08-07,INV-100-01995,71.07,Invoice,LOCAL-100-01995
2026-08-08,INV-100-01996,125.75,Invoice,LOCAL-100-01996
2026-08-09,PAY-100-01997,-40.25,Payment,LOCAL-100-01997
2026-08-10,INV-100-01998,900.10,Invoice,LOCAL-100-01998
2026-08-11,INV-100-01999,0.99,Invoice,LOCAL-100-01999
2026-08-12,INV-100-02000,250.00,Invoice,LOCAL-100-02000
2026-08-13,PAY-100-02001,-33.30,Payment,LOCAL-100-02001
2026-08-14,INV-100-02002,71.07,Invoice,LOCAL-100-02002
2026-08-15,INV-100-02003,125.75,Invoice,LOCAL-100-02003
2026-08-16,PAY-100-02004,-40.25,Payment,LOCAL-100-02004
2026-08-17,INV-100-02005,900.10,Invoice,LOCAL-100-02005
2026-08-18,INV-100-02006,0.99,Invoice,LOCAL-100-02006
2026-08-19,INV-100-02007,250.00,Invoice,LOCAL-100-02007
2026-08-20,PAY-100-02008,-33.30,Payment,LOCAL-100-02008
2026-08-21,INV-100-02009,71.07,Invoice,LOCAL-100-02009
2026-08-22,INV-100-02010,125.75,Invoice,LOCAL-100-02010
2026-08-23,PAY-100-02011,-40.25,Payment,LOCAL-100-02011
2026-08-24,INV-100-02012,900.10,Invoice,LOCAL-100-02012
2026-08-25,INV-100-02013,0.99,Invoice,LOCAL-100-02013
2026-08-26,INV-100-02014,250.00,Invoice,LOCAL-100-02014
2026-08-27,PAY-100-02015,-33.30,Payment,LOCAL-100-02015
2026-08-28,INV-100-02016,71.07,Invoice,LOCAL-100-02016
2026-08-01,INV-100-02017,125.75,Invoice,LOCAL-100-02017
2026-08-02,PAY-100-02018,-40.25,Payment,LOCAL-100-02018
2026-08-03,INV-100-02019,900.10,Invoice,LOCAL-100-02019
2026-08-04,INV-100-02020,0.99,Invoice,LOCAL-100-02020
2026-08-05,INV-100-02021,250.00,Invoice,LOCAL-100-02021
2026-08-06,PAY-100-02022,-33.30,Payment,LOCAL-100-02022
2026-08-07,INV-100-02023,71.07,Invoice,LOCAL-100-02023
2026-08-08,INV-100-02024,125.75,Invoice,LOCAL-100-02024
2026-08-09,PAY-100-02025,-40.25,Payment,LOCAL-100-02025
2026-08-10,INV-100-02026,900.10,Invoice,LOCAL-100-02026
2026-08-11,INV-100-02027,0.99,Invoice,LOCAL-100-02027
2026-08-12,INV-100-02028,250.00,Invoice,LOCAL-100-02028
2026-08-13,PAY-100-02029,-33.30,Payment,LOCAL-100-02029
2026-08-14,INV-100-02030,71.07,Invoice,LOCAL-100-02030
2026-08-15,INV-100-02031,125.75,Invoice,LOCAL-100-02031
2026-08-16,PAY-100-02032,-40.25,Payment,LOCAL-100-02032
2026-08-17,INV-100-02033,900.10,Invoice,LOCAL-100-02033
2026-08-18,INV-100-02034,0.99,Invoice,LOCAL-100-02034
2026-08-19,INV-100-02035,250.00,Invoice,LOCAL-100-02035
2026-08-20,PAY-100-02036,-33.30,Payment,LOCAL-100-02036
2026-08-21,INV-100-02037,71.07,Invoice,LOCAL-100-02037
2026-08-22,INV-100-02038,125.75,Invoice,LOCAL-100-02038
2026-08-23,PAY-100-02039,-40.25,Payment,LOCAL-100-02039
2026-08-24,INV-100-02040,900.10,Invoice,LOCAL-100-02040
2026-08-25,INV-100-02041,0.99,Invoice,LOCAL-100-02041
2026-08-26,INV-100-02042,250.00,Invoice,LOCAL-100-02042
2026-08-27,PAY-100-02043,-33.30,Payment,LOCAL-100-02043
2026-08-28,INV-100-02044,71.07,Invoice,LOCAL-100-02044
2026-08-01,INV-100-02045,125.75,Invoice,LOCAL-100-02045
2026-08-02,PAY-100-02046,-40.25,Payment,LOCAL-100-02046
2026-08-03,INV-100-02047,900.10,Invoice,LOCAL-100-02047
2026-08-04,INV-100-02048,0.99,Invoice,LOCAL-100-02048
2026-08-05,INV-100-02049,250.00,Invoice,LOCAL-100-02049
2026-08-06,PAY-100-02050,-33.30,Payment,LOCAL-100-02050
2026-08-07,INV-100-02051,71.07,Invoice,LOCAL-100-02051
2026-08-08,INV-100-02052,125.75,Invoice,LOCAL-100-02052
2026-08-09,PAY-100-02053,-40.25,Payment,LOCAL-100-02053
2026-08-10,INV-100-02054,900.10,Invoice,LOCAL-100-02054
2026-08-11,INV-100-02055,0.99,Invoice,LOCAL-100-02055
2026-08-12,INV-100-02056,250.00,Invoice,LOCAL-100-02056
2026-08-13,PAY-100-02057,-33.30,Payment,LOCAL-100-02057
2026-08-14,INV-100-02058,71.07,Invoice,LOCAL-100-02058
2026-08-15,INV-100-02059,125.75,Invoice,LOCAL-100-02059
2026-08-16,PAY-100-02060,-40.25,Payment,LOCAL-100-02060
2026-08-17,INV-100-02061,900.10,Invoice,LOCAL-100-02061
2026-08-18,INV-100-02062,0.99,Invoice,LOCAL-100-02062
2026-08-19,INV-100-02063,250.00,Invoice,LOCAL-100-02063
2026-08-20,PAY-100-02064,-33.30,Payment,LOCAL-100-02064
2026-08-21,INV-100-02065,71.07,Invoice,LOCAL-100-02065
2026-08-22,INV-100-02066,125.75,Invoice,LOCAL-100-02066
2026-08-23,PAY-100-02067,-40.25,Payment,LOCAL-100-02067
2026-08-24,INV-100-02068,900.10,Invoice,LOCAL-100-02068
2026-08-25,INV-100-02069,0.99,Invoice,LOCAL-100-02069
2026-08-26,INV-100-02070,250.00,Invoice,LOCAL-100-02070
2026-08-27,PAY-100-02071,-33.30,Payment,LOCAL-100-02071
2026-08-28,INV-100-02072,71.07,Invoice,LOCAL-100-02072
2026-08-01,INV-100-02073,125.75,Invoice,LOCAL-100-02073
2026-08-02,PAY-100-02074,-40.25,Payment,LOCAL-100-02074
2026-08-03,INV-100-02075,900.10,Invoice,LOCAL-100-02075
2026-08-04,INV-100-02076,0.99,Invoice,LOCAL-100-02076
2026-08-05,INV-100-02077,250.00,Invoice,LOCAL-100-02077
2026-08-06,PAY-100-02078,-33.30,Payment,LOCAL-100-02078
2026-08-07,INV-100-02079,71.07,Invoice,LOCAL-100-02079
2026-08-08,INV-100-02080,125.75,Invoice,LOCAL-100-02080
2026-08-09,PAY-100-02081,-40.25,Payment,LOCAL-100-02081
2026-08-10,INV-100-02082,900.10,Invoice,LOCAL-100-02082
2026-08-11,INV-100-02083,0.99,Invoice,LOCAL-100-02083
2026-08-12,INV-100-02084,250.00,Invoice,LOCAL-100-02084
2026-08-13,PAY-100-02085,-33.30,Payment,LOCAL-100-02085
2026-08-14,INV-100-02086,71.07,Invoice,LOCAL-100-02086
2026-08-15,INV-100-02087,125.75,Invoice,LOCAL-100-02087
2026-08-16,PAY-100-02088,-40.25,Payment,LOCAL-100-02088
2026-08-17,INV-100-02089,900.10,Invoice,LOCAL-100-02089
2026-08-18,INV-100-02090,0.99,Invoice,LOCAL-100-02090
2026-08-19,INV-100-02091,250.00,Invoice,LOCAL-100-02091
2026-08-20,PAY-100-02092,-33.30,Payment,LOCAL-100-02092
2026-08-21,INV-100-02093,71.07,Invoice,LOCAL-100-02093
2026-08-22,INV-100-02094,125.75,Invoice,LOCAL-100-02094
2026-08-23,PAY-100-02095,-40.25,Payment,LOCAL-100-02095
2026-08-24,INV-100-02096,900.10,Invoice,LOCAL-100-02096
2026-08-25,INV-100-02097,0.99,Invoice,LOCAL-100-02097
2026-08-26,INV-100-02098,250.00,Invoice,LOCAL-100-02098
2026-08-27,PAY-100-02099,-33.30,Payment,LOCAL-100-02099
2026-08-28,INV-100-02100,71.07,Invoice,LOCAL-100-02100
2026-08-01,INV-100-02101,125.75,Invoice,LOCAL-100-02101
2026-08-02,PAY-100-02102,-40.25,Payment,LOCAL-100-02102
2026-08-03,INV-100-02103,900.10,Invoice,LOCAL-100-02103
2026-08-04,INV-100-02104,0.99,Invoice,LOCAL-100-02104
2026-08-05,INV-100-02105,250.00,Invoice,LOCAL-100-02105
2026-08-06,PAY-100-02106,-33.30,Payment,LOCAL-100-02106
2026-08-07,INV-100-02107,71.07,Invoice,LOCAL-100-02107
2026-08-08,INV-100-02108,125.75,Invoice,LOCAL-100-02108
2026-08-09,PAY-100-02109,-40.25,Payment,LOCAL-100-02109
2026-08-10,INV-100-02110,900.10,Invoice,LOCAL-100-02110
2026-08-11,INV-100-02111,0.99,Invoice,LOCAL-100-02111
2026-08-12,INV-100-02112,250.00,Invoice,LOCAL-100-02112
2026-08-13,PAY-100-02113,-33.30,Payment,LOCAL-100-02113
2026-08-14,INV-100-02114,71.07,Invoice,LOCAL-100-02114
2026-08-15,INV-100-02115,125.75,Invoice,LOCAL-100-02115
2026-08-16,PAY-100-02116,-40.25,Payment,LOCAL-100-02116
2026-08-17,INV-100-02117,900.10,Invoice,LOCAL-100-02117
2026-08-18,INV-100-02118,0.99,Invoice,LOCAL-100-02118
2026-08-19,INV-100-02119,250.00,Invoice,LOCAL-100-02119
2026-08-20,PAY-100-02120,-33.30,Payment,LOCAL-100-02120
2026-08-21,INV-100-02121,71.07,Invoice,LOCAL-100-02121
2026-08-22,INV-100-02122,125.75,Invoice,LOCAL-100-02122
2026-08-23,PAY-100-02123,-40.25,Payment,LOCAL-100-02123
2026-08-24,INV-100-02124,900.10,Invoice,LOCAL-100-02124
2026-08-25,INV-100-02125,0.99,Invoice,LOCAL-100-02125
2026-08-26,INV-100-02126,250.00,Invoice,LOCAL-100-02126
2026-08-27,PAY-100-02127,-33.30,Payment,LOCAL-100-02127
2026-08-28,INV-100-02128,71.07,Invoice,LOCAL-100-02128
2026-08-01,INV-100-02129,125.75,Invoice,LOCAL-100-02129
2026-08-02,PAY-100-02130,-40.25,Payment,LOCAL-100-02130
2026-08-03,INV-100-02131,900.10,Invoice,LOCAL-100-02131
2026-08-04,INV-100-02132,0.99,Invoice,LOCAL-100-02132
2026-08-05,INV-100-02133,250.00,Invoice,LOCAL-100-02133
2026-08-06,PAY-100-02134,-33.30,Payment,LOCAL-100-02134
2026-08-07,INV-100-02135,71.07,Invoice,LOCAL-100-02135
2026-08-08,INV-100-02136,125.75,Invoice,LOCAL-100-02136
2026-08-09,PAY-100-02137,-40.25,Payment,LOCAL-100-02137
2026-08-10,INV-100-02138,900.10,Invoice,LOCAL-100-02138
2026-08-11,INV-100-02139,0.99,Invoice,LOCAL-100-02139
2026-08-12,INV-100-02140,250.00,Invoice,LOCAL-100-02140
2026-08-13,PAY-100-02141,-33.30,Payment,LOCAL-100-02141
2026-08-14,INV-100-02142,71.07,Invoice,LOCAL-100-02142
2026-08-15,INV-100-02143,125.75,Invoice,LOCAL-100-02143
2026-08-16,PAY-100-02144,-40.25,Payment,LOCAL-100-02144
2026-08-17,INV-100-02145,900.10,Invoice,LOCAL-100-02145
2026-08-18,INV-100-02146,0.99,Invoice,LOCAL-100-02146
2026-08-19,INV-100-02147,250.00,Invoice,LOCAL-100-02147
2026-08-20,PAY-100-02148,-33.30,Payment,LOCAL-100-02148
2026-08-21,INV-100-02149,71.07,Invoice,LOCAL-100-02149
2026-08-22,INV-100-02150,125.75,Invoice,LOCAL-100-02150
2026-08-23,PAY-100-02151,-40.25,Payment,LOCAL-100-02151
2026-08-24,INV-100-02152,900.10,Invoice,LOCAL-100-02152
2026-08-25,INV-100-02153,0.99,Invoice,LOCAL-100-02153
2026-08-26,INV-100-02154,250.00,Invoice,LOCAL-100-02154
2026-08-27,PAY-100-02155,-33.30,Payment,LOCAL-100-02155
2026-08-28,INV-100-02156,71.07,Invoice,LOCAL-100-02156
2026-08-01,INV-100-02157,125.75,Invoice,LOCAL-100-02157
2026-08-02,PAY-100-02158,-40.25,Payment,LOCAL-100-02158
2026-08-03,INV-100-02159,900.10,Invoice,LOCAL-100-02159
2026-08-04,INV-100-02160,0.99,Invoice,LOCAL-100-02160
2026-08-05,INV-100-02161,250.00,Invoice,LOCAL-100-02161
2026-08-06,PAY-100-02162,-33.30,Payment,LOCAL-100-02162
2026-08-07,INV-100-02163,71.07,Invoice,LOCAL-100-02163
2026-08-08,INV-100-02164,125.75,Invoice,LOCAL-100-02164
2026-08-09,PAY-100-02165,-40.25,Payment,LOCAL-100-02165
2026-08-10,INV-100-02166,900.10,Invoice,LOCAL-100-02166
2026-08-11,INV-100-02167,0.99,Invoice,LOCAL-100-02167
2026-08-12,INV-100-02168,250.00,Invoice,LOCAL-100-02168
2026-08-13,PAY-100-02169,-33.30,Payment,LOCAL-100-02169
2026-08-14,INV-100-02170,71.07,Invoice,LOCAL-100-02170
2026-08-15,INV-100-02171,125.75,Invoice,LOCAL-100-02171
2026-08-16,PAY-100-02172,-40.25,Payment,LOCAL-100-02172
2026-08-17,INV-100-02173,900.10,Invoice,LOCAL-100-02173
2026-08-18,INV-100-02174,0.99,Invoice,LOCAL-100-02174
2026-08-19,INV-100-02175,250.00,Invoice,LOCAL-100-02175
2026-08-20,PAY-100-02176,-33.30,Payment,LOCAL-100-02176
2026-08-21,INV-100-02177,71.07,Invoice,LOCAL-100-02177
2026-08-22,INV-100-02178,125.75,Invoice,LOCAL-100-02178
2026-08-23,PAY-100-02179,-40.25,Payment,LOCAL-100-02179
2026-08-24,INV-100-02180,900.10,Invoice,LOCAL-100-02180
2026-08-25,INV-100-02181,0.99,Invoice,LOCAL-100-02181
2026-08-26,INV-100-02182,250.00,Invoice,LOCAL-100-02182
2026-08-27,PAY-100-02183,-33.30,Payment,LOCAL-100-02183
2026-08-28,INV-100-02184,71.07,Invoice,LOCAL-100-02184
2026-08-01,INV-100-02185,125.75,Invoice,LOCAL-100-02185
2026-08-02,PAY-100-02186,-40.25,Payment,LOCAL-100-02186
2026-08-03,INV-100-02187,900.10,Invoice,LOCAL-100-02187
2026-08-04,INV-100-02188,0.99,Invoice,LOCAL-100-02188
2026-08-05,INV-100-02189,250.00,Invoice,LOCAL-100-02189
2026-08-06,PAY-100-02190,-33.30,Payment,LOCAL-100-02190
2026-08-07,INV-100-02191,71.07,Invoice,LOCAL-100-02191
2026-08-08,INV-100-02192,125.75,Invoice,LOCAL-100-02192
2026-08-09,PAY-100-02193,-40.25,Payment,LOCAL-100-02193
2026-08-10,INV-100-02194,900.10,Invoice,LOCAL-100-02194
2026-08-11,INV-100-02195,0.99,Invoice,LOCAL-100-02195
2026-08-12,INV-100-02196,250.00,Invoice,LOCAL-100-02196
2026-08-13,PAY-100-02197,-33.30,Payment,LOCAL-100-02197
2026-08-14,INV-100-02198,71.07,Invoice,LOCAL-100-02198
2026-08-15,INV-100-02199,125.75,Invoice,LOCAL-100-02199
2026-08-16,PAY-100-02200,-40.25,Payment,LOCAL-100-02200
2026-08-17,INV-100-02201,900.10,Invoice,LOCAL-100-02201
2026-08-18,INV-100-02202,0.99,Invoice,LOCAL-100-02202
2026-08-19,INV-100-02203,250.00,Invoice,LOCAL-100-02203
2026-08-20,PAY-100-02204,-33.30,Payment,LOCAL-100-02204
2026-08-21,INV-100-02205,71.07,Invoice,LOCAL-100-02205
2026-08-22,INV-100-02206,125.75,Invoice,LOCAL-100-02206
2026-08-23,PAY-100-02207,-40.25,Payment,LOCAL-100-02207
2026-08-24,INV-100-02208,900.10,Invoice,LOCAL-100-02208
2026-08-25,INV-100-02209,0.99,Invoice,LOCAL-100-02209
2026-08-26,INV-100-02210,250.00,Invoice,LOCAL-100-02210
2026-08-27,PAY-100-02211,-33.30,Payment,LOCAL-100-02211
2026-08-28,INV-100-02212,71.07,Invoice,LOCAL-100-02212
2026-08-01,INV-100-02213,125.75,Invoice,LOCAL-100-02213
2026-08-02,PAY-100-02214,-40.25,Payment,LOCAL-100-02214
2026-08-03,INV-100-02215,900.10,Invoice,LOCAL-100-02215
2026-08-04,INV-100-02216,0.99,Invoice,LOCAL-100-02216
2026-08-05,INV-100-02217,250.00,Invoice,LOCAL-100-02217
2026-08-06,PAY-100-02218,-33.30,Payment,LOCAL-100-02218
2026-08-07,INV-100-02219,71.07,Invoice,LOCAL-100-02219
2026-08-08,INV-100-02220,125.75,Invoice,LOCAL-100-02220
2026-08-09,PAY-100-02221,-40.25,Payment,LOCAL-100-02221
2026-08-10,INV-100-02222,900.10,Invoice,LOCAL-100-02222
2026-08-11,INV-100-02223,0.99,Invoice,LOCAL-100-02223
2026-08-12,INV-100-02224,250.00,Invoice,LOCAL-100-02224
2026-08-13,PAY-100-02225,-33.30,Payment,LOCAL-100-02225
2026-08-14,INV-100-02226,71.07,Invoice,LOCAL-100-02226
2026-08-15,INV-100-02227,125.75,Invoice,LOCAL-100-02227
2026-08-16,PAY-100-02228,-40.25,Payment,LOCAL-100-02228
2026-08-17,INV-100-02229,900.10,Invoice,LOCAL-100-02229
2026-08-18,INV-100-02230,0.99,Invoice,LOCAL-100-02230
2026-08-19,INV-100-02231,250.00,Invoice,LOCAL-100-02231
2026-08-20,PAY-100-02232,-33.30,Payment,LOCAL-100-02232
2026-08-21,INV-100-02233,71.07,Invoice,LOCAL-100-02233
2026-08-22,INV-100-02234,125.75,Invoice,LOCAL-100-02234
2026-08-23,PAY-100-02235,-40.25,Payment,LOCAL-100-02235
2026-08-24,INV-100-02236,900.10,Invoice,LOCAL-100-02236
2026-08-25,INV-100-02237,0.99,Invoice,LOCAL-100-02237
2026-08-26,INV-100-02238,250.00,Invoice,LOCAL-100-02238
2026-08-27,PAY-100-02239,-33.30,Payment,LOCAL-100-02239
2026-08-28,INV-100-02240,71.07,Invoice,LOCAL-100-02240
2026-08-01,INV-100-02241,125.75,Invoice,LOCAL-100-02241
2026-08-02,PAY-100-02242,-40.25,Payment,LOCAL-100-02242
2026-08-03,INV-100-02243,900.10,Invoice,LOCAL-100-02243
2026-08-04,INV-100-02244,0.99,Invoice,LOCAL-100-02244
2026-08-05,INV-100-02245,250.00,Invoice,LOCAL-100-02245
2026-08-06,PAY-100-02246,-33.30,Payment,LOCAL-100-02246
2026-08-07,INV-100-02247,71.07,Invoice,LOCAL-100-02247
2026-08-08,INV-100-02248,125.75,Invoice,LOCAL-100-02248
2026-08-09,PAY-100-02249,-40.25,Payment,LOCAL-100-02249
2026-08-10,INV-100-02250,900.10,Invoice,LOCAL-100-02250
2026-08-11,INV-100-02251,0.99,Invoice,LOCAL-100-02251
2026-08-12,INV-100-02252,250.00,Invoice,LOCAL-100-02252
2026-08-13,PAY-100-02253,-33.30,Payment,LOCAL-100-02253
2026-08-14,INV-100-02254,71.07,Invoice,LOCAL-100-02254
2026-08-15,INV-100-02255,125.75,Invoice,LOCAL-100-02255
2026-08-16,PAY-100-02256,-40.25,Payment,LOCAL-100-02256
2026-08-17,INV-100-02257,900.10,Invoice,LOCAL-100-02257
2026-08-18,INV-100-02258,0.99,Invoice,LOCAL-100-02258
2026-08-19,INV-100-02259,250.00,Invoice,LOCAL-100-02259
2026-08-20,PAY-100-02260,-33.30,Payment,LOCAL-100-02260
2026-08-21,INV-100-02261,71.07,Invoice,LOCAL-100-02261
2026-08-22,INV-100-02262,125.75,Invoice,LOCAL-100-02262
2026-08-23,PAY-100-02263,-40.25,Payment,LOCAL-100-02263
2026-08-24,INV-100-02264,900.10,Invoice,LOCAL-100-02264
2026-08-25,INV-100-02265,0.99,Invoice,LOCAL-100-02265
2026-08-26,INV-100-02266,250.00,Invoice,LOCAL-100-02266
2026-08-27,PAY-100-02267,-33.30,Payment,LOCAL-100-02267
2026-08-28,INV-100-02268,71.07,Invoice,LOCAL-100-02268
2026-08-01,INV-100-02269,125.75,Invoice,LOCAL-100-02269
2026-08-02,PAY-100-02270,-40.25,Payment,LOCAL-100-02270
2026-08-03,INV-100-02271,900.10,Invoice,LOCAL-100-02271
2026-08-04,INV-100-02272,0.99,Invoice,LOCAL-100-02272
2026-08-05,INV-100-02273,250.00,Invoice,LOCAL-100-02273
2026-08-06,PAY-100-02274,-33.30,Payment,LOCAL-100-02274
2026-08-07,INV-100-02275,71.07,Invoice,LOCAL-100-02275
2026-08-08,INV-100-02276,125.75,Invoice,LOCAL-100-02276
2026-08-09,PAY-100-02277,-40.25,Payment,LOCAL-100-02277
2026-08-10,INV-100-02278,900.10,Invoice,LOCAL-100-02278
2026-08-11,INV-100-02279,0.99,Invoice,LOCAL-100-02279
2026-08-12,INV-100-02280,250.00,Invoice,LOCAL-100-02280
2026-08-13,PAY-100-02281,-33.30,Payment,LOCAL-100-02281
2026-08-14,INV-100-02282,71.07,Invoice,LOCAL-100-02282
2026-08-15,INV-100-02283,125.75,Invoice,LOCAL-100-02283
2026-08-16,PAY-100-02284,-40.25,Payment,LOCAL-100-02284
2026-08-17,INV-100-02285,900.10,Invoice,LOCAL-100-02285
2026-08-18,INV-100-02286,0.99,Invoice,LOCAL-100-02286
2026-08-19,INV-100-02287,250.00,Invoice,LOCAL-100-02287
2026-08-20,PAY-100-02288,-33.30,Payment,LOCAL-100-02288
2026-08-21,INV-100-02289,71.07,Invoice,LOCAL-100-02289
2026-08-22,INV-100-02290,125.75,Invoice,LOCAL-100-02290
2026-08-23,PAY-100-02291,-40.25,Payment,LOCAL-100-02291
2026-08-24,INV-100-02292,900.10,Invoice,LOCAL-100-02292
2026-08-25,INV-100-02293,0.99,Invoice,LOCAL-100-02293
2026-08-26,INV-100-02294,250.00,Invoice,LOCAL-100-02294
2026-08-27,PAY-100-02295,-33.30,Payment,LOCAL-100-02295
2026-08-28,INV-100-02296,71.07,Invoice,LOCAL-100-02296
2026-08-01,INV-100-02297,125.75,Invoice,LOCAL-100-02297
2026-08-02,PAY-100-02298,-40.25,Payment,LOCAL-100-02298
2026-08-03,INV-100-02299,900.10,Invoice,LOCAL-100-02299
2026-08-04,INV-100-02300,0.99,Invoice,LOCAL-100-02300
2026-08-05,INV-100-02301,250.00,Invoice,LOCAL-100-02301
2026-08-06,PAY-100-02302,-33.30,Payment,LOCAL-100-02302
2026-08-07,INV-100-02303,71.07,Invoice,LOCAL-100-02303
2026-08-08,INV-100-02304,125.75,Invoice,LOCAL-100-02304
2026-08-09,PAY-100-02305,-40.25,Payment,LOCAL-100-02305
2026-08-10,INV-100-02306,900.10,Invoice,LOCAL-100-02306
2026-08-11,INV-100-02307,0.99,Invoice,LOCAL-100-02307
2026-08-12,INV-100-02308,250.00,Invoice,LOCAL-100-02308
2026-08-13,PAY-100-02309,-33.30,Payment,LOCAL-100-02309
2026-08-14,INV-100-02310,71.07,Invoice,LOCAL-100-02310
2026-08-15,INV-100-02311,125.75,Invoice,LOCAL-100-02311
2026-08-16,PAY-100-02312,-40.25,Payment,LOCAL-100-02312
2026-08-17,INV-100-02313,900.10,Invoice,LOCAL-100-02313
2026-08-18,INV-100-02314,0.99,Invoice,LOCAL-100-02314
2026-08-19,INV-100-02315,250.00,Invoice,LOCAL-100-02315
2026-08-20,PAY-100-02316,-33.30,Payment,LOCAL-100-02316
2026-08-21,INV-100-02317,71.07,Invoice,LOCAL-100-02317
2026-08-22,INV-100-02318,125.75,Invoice,LOCAL-100-02318
2026-08-23,PAY-100-02319,-40.25,Payment,LOCAL-100-02319
2026-08-24,INV-100-02320,900.10,Invoice,LOCAL-100-02320
2026-08-25,INV-100-02321,0.99,Invoice,LOCAL-100-02321
2026-08-26,INV-100-02322,250.00,Invoice,LOCAL-100-02322
2026-08-27,PAY-100-02323,-33.30,Payment,LOCAL-100-02323
2026-08-28,INV-100-02324,71.07,Invoice,LOCAL-100-02324
2026-08-01,INV-100-02325,125.75,Invoice,LOCAL-100-02325
2026-08-02,PAY-100-02326,-40.25,Payment,LOCAL-100-02326
2026-08-03,INV-100-02327,900.10,Invoice,LOCAL-100-02327
2026-08-04,INV-100-02328,0.99,Invoice,LOCAL-100-02328
2026-08-05,INV-100-02329,250.00,Invoice,LOCAL-100-02329
2026-08-06,PAY-100-02330,-33.30,Payment,LOCAL-100-02330
2026-08-07,INV-100-02331,71.07,Invoice,LOCAL-100-02331
2026-08-08,INV-100-02332,125.75,Invoice,LOCAL-100-02332
2026-08-09,PAY-100-02333,-40.25,Payment,LOCAL-100-02333
2026-08-10,INV-100-02334,900.10,Invoice,LOCAL-100-02334
2026-08-11,INV-100-02335,0.99,Invoice,LOCAL-100-02335
2026-08-12,INV-100-02336,250.00,Invoice,LOCAL-100-02336
2026-08-13,PAY-100-02337,-33.30,Payment,LOCAL-100-02337
2026-08-14,INV-100-02338,71.07,Invoice,LOCAL-100-02338
2026-08-15,INV-100-02339,125.75,Invoice,LOCAL-100-02339
2026-08-16,PAY-100-02340,-40.25,Payment,LOCAL-100-02340
2026-08-17,INV-100-02341,900.10,Invoice,LOCAL-100-02341
2026-08-18,INV-100-02342,0.99,Invoice,LOCAL-100-02342
2026-08-19,INV-100-02343,250.00,Invoice,LOCAL-100-02343
2026-08-20,PAY-100-02344,-33.30,Payment,LOCAL-100-02344
2026-08-21,INV-100-02345,71.07,Invoice,LOCAL-100-02345
2026-08-22,INV-100-02346,125.75,Invoice,LOCAL-100-02346
2026-08-23,PAY-100-02347,-40.25,Payment,LOCAL-100-02347
2026-08-24,INV-100-02348,900.10,Invoice,LOCAL-100-02348
2026-08-25,INV-100-02349,0.99,Invoice,LOCAL-100-02349
2026-08-26,INV-100-02350,250.00,Invoice,LOCAL-100-02350
2026-08-27,PAY-100-02351,-33.30,Payment,LOCAL-100-02351
2026-08-28,INV-100-02352,71.07,Invoice,LOCAL-100-02352
2026-08-01,INV-100-02353,125.75,Invoice,LOCAL-100-02353
2026-08-02,PAY-100-02354,-40.25,Payment,LOCAL-100-02354
2026-08-03,INV-100-02355,900.10,Invoice,LOCAL-100-02355
2026-08-04,INV-100-02356,0.99,Invoice,LOCAL-100-02356
2026-08-05,INV-100-02357,250.00,Invoice,LOCAL-100-02357
2026-08-06,PAY-100-02358,-33.30,Payment,LOCAL-100-02358
2026-08-07,INV-100-02359,71.07,Invoice,LOCAL-100-02359
2026-08-08,INV-100-02360,125.75,Invoice,LOCAL-100-02360
2026-08-09,PAY-100-02361,-40.25,Payment,LOCAL-100-02361
2026-08-10,INV-100-02362,900.10,Invoice,LOCAL-100-02362
2026-08-11,INV-100-02363,0.99,Invoice,LOCAL-100-02363
2026-08-12,INV-100-02364,250.00,Invoice,LOCAL-100-02364
2026-08-13,PAY-100-02365,-33.30,Payment,LOCAL-100-02365
2026-08-14,INV-100-02366,71.07,Invoice,LOCAL-100-02366
2026-08-15,INV-100-02367,125.75,Invoice,LOCAL-100-02367
2026-08-16,PAY-100-02368,-40.25,Payment,LOCAL-100-02368
2026-08-17,INV-100-02369,900.10,Invoice,LOCAL-100-02369
2026-08-18,INV-100-02370,0.99,Invoice,LOCAL-100-02370
2026-08-19,INV-100-02371,250.00,Invoice,LOCAL-100-02371
2026-08-20,PAY-100-02372,-33.30,Payment,LOCAL-100-02372
2026-08-21,INV-100-02373,71.07,Invoice,LOCAL-100-02373
2026-08-22,INV-100-02374,125.75,Invoice,LOCAL-100-02374
2026-08-23,PAY-100-02375,-40.25,Payment,LOCAL-100-02375
2026-08-24,INV-100-02376,900.10,Invoice,LOCAL-100-02376
2026-08-25,INV-100-02377,0.99,Invoice,LOCAL-100-02377
2026-08-26,INV-100-02378,250.00,Invoice,LOCAL-100-02378
2026-08-27,PAY-100-02379,-33.30,Payment,LOCAL-100-02379
2026-08-28,INV-100-02380,71.07,Invoice,LOCAL-100-02380
2026-08-01,INV-100-02381,125.75,Invoice,LOCAL-100-02381
2026-08-02,PAY-100-02382,-40.25,Payment,LOCAL-100-02382
2026-08-03,INV-100-02383,900.10,Invoice,LOCAL-100-02383
2026-08-04,INV-100-02384,0.99,Invoice,LOCAL-100-02384
2026-08-05,INV-100-02385,250.00,Invoice,LOCAL-100-02385
2026-08-06,PAY-100-02386,-33.30,Payment,LOCAL-100-02386
2026-08-07,INV-100-02387,71.07,Invoice,LOCAL-100-02387
2026-08-08,INV-100-02388,125.75,Invoice,LOCAL-100-02388
2026-08-09,PAY-100-02389,-40.25,Payment,LOCAL-100-02389
2026-08-10,INV-100-02390,900.10,Invoice,LOCAL-100-02390
2026-08-11,INV-100-02391,0.99,Invoice,LOCAL-100-02391
2026-08-12,INV-100-02392,250.00,Invoice,LOCAL-100-02392
2026-08-13,PAY-100-02393,-33.30,Payment,LOCAL-100-02393
2026-08-14,INV-100-02394,71.07,Invoice,LOCAL-100-02394
2026-08-15,INV-100-02395,125.75,Invoice,LOCAL-100-02395
2026-08-16,PAY-100-02396,-40.25,Payment,LOCAL-100-02396
2026-08-17,INV-100-02397,900.10,Invoice,LOCAL-100-02397
2026-08-18,INV-100-02398,0.99,Invoice,LOCAL-100-02398
2026-08-19,INV-100-02399,250.00,Invoice,LOCAL-100-02399
2026-08-20,PAY-100-02400,-33.30,Payment,LOCAL-100-02400
2026-08-21,INV-100-02401,71.07,Invoice,LOCAL-100-02401
2026-08-22,INV-100-02402,125.75,Invoice,LOCAL-100-02402
2026-08-23,PAY-100-02403,-40.25,Payment,LOCAL-100-02403
2026-08-24,INV-100-02404,900.10,Invoice,LOCAL-100-02404
2026-08-25,INV-100-02405,0.99,Invoice,LOCAL-100-02405
2026-08-26,INV-100-02406,250.00,Invoice,LOCAL-100-02406
2026-08-27,PAY-100-02407,-33.30,Payment,LOCAL-100-02407
2026-08-28,INV-100-02408,71.07,Invoice,LOCAL-100-02408
2026-08-01,INV-100-02409,125.75,Invoice,LOCAL-100-02409
2026-08-02,PAY-100-02410,-40.25,Payment,LOCAL-100-02410
2026-08-03,INV-100-02411,900.10,Invoice,LOCAL-100-02411
2026-08-04,INV-100-02412,0.99,Invoice,LOCAL-100-02412
2026-08-05,INV-100-02413,250.00,Invoice,LOCAL-100-02413
2026-08-06,PAY-100-02414,-33.30,Payment,LOCAL-100-02414
2026-08-07,INV-100-02415,71.07,Invoice,LOCAL-100-02415
2026-08-08,INV-100-02416,125.75,Invoice,LOCAL-100-02416
2026-08-09,PAY-100-02417,-40.25,Payment,LOCAL-100-02417
2026-08-10,INV-100-02418,900.10,Invoice,LOCAL-100-02418
2026-08-11,INV-100-02419,0.99,Invoice,LOCAL-100-02419
2026-08-12,INV-100-02420,250.00,Invoice,LOCAL-100-02420
2026-08-13,PAY-100-02421,-33.30,Payment,LOCAL-100-02421
2026-08-14,INV-100-02422,71.07,Invoice,LOCAL-100-02422
2026-08-15,INV-100-02423,125.75,Invoice,LOCAL-100-02423
2026-08-16,PAY-100-02424,-40.25,Payment,LOCAL-100-02424
2026-08-17,INV-100-02425,900.10,Invoice,LOCAL-100-02425
2026-08-18,INV-100-02426,0.99,Invoice,LOCAL-100-02426
2026-08-19,INV-100-02427,250.00,Invoice,LOCAL-100-02427
2026-08-20,PAY-100-02428,-33.30,Payment,LOCAL-100-02428
2026-08-21,INV-100-02429,71.07,Invoice,LOCAL-100-02429
2026-08-22,INV-100-02430,125.75,Invoice,LOCAL-100-02430
2026-08-23,PAY-100-02431,-40.25,Payment,LOCAL-100-02431
2026-08-24,INV-100-02432,900.10,Invoice,LOCAL-100-02432
2026-08-25,INV-100-02433,0.99,Invoice,LOCAL-100-02433
2026-08-26,INV-100-02434,250.00,Invoice,LOCAL-100-02434
2026-08-27,PAY-100-02435,-33.30,Payment,LOCAL-100-02435
2026-08-28,INV-100-02436,71.07,Invoice,LOCAL-100-02436
2026-08-01,INV-100-02437,125.75,Invoice,LOCAL-100-02437
2026-08-02,PAY-100-02438,-40.25,Payment,LOCAL-100-02438
2026-08-03,INV-100-02439,900.10,Invoice,LOCAL-100-02439
2026-08-04,INV-100-02440,0.99,Invoice,LOCAL-100-02440
2026-08-05,INV-100-02441,250.00,Invoice,LOCAL-100-02441
2026-08-06,PAY-100-02442,-33.30,Payment,LOCAL-100-02442
2026-08-07,INV-100-02443,71.07,Invoice,LOCAL-100-02443
2026-08-08,INV-100-02444,125.75,Invoice,LOCAL-100-02444
2026-08-09,PAY-100-02445,-40.25,Payment,LOCAL-100-02445
2026-08-10,INV-100-02446,900.10,Invoice,LOCAL-100-02446
2026-08-11,INV-100-02447,0.99,Invoice,LOCAL-100-02447
2026-08-12,INV-100-02448,250.00,Invoice,LOCAL-100-02448
2026-08-13,PAY-100-02449,-33.30,Payment,LOCAL-100-02449
2026-08-14,INV-100-02450,71.07,Invoice,LOCAL-100-02450
2026-08-15,INV-100-02451,125.75,Invoice,LOCAL-100-02451
2026-08-16,PAY-100-02452,-40.25,Payment,LOCAL-100-02452
2026-08-17,INV-100-02453,900.10,Invoice,LOCAL-100-02453
2026-08-18,INV-100-02454,0.99,Invoice,LOCAL-100-02454
2026-08-19,INV-100-02455,250.00,Invoice,LOCAL-100-02455
2026-08-20,PAY-100-02456,-33.30,Payment,LOCAL-100-02456
2026-08-21,INV-100-02457,71.07,Invoice,LOCAL-100-02457
2026-08-22,INV-100-02458,125.75,Invoice,LOCAL-100-02458
2026-08-23,PAY-100-02459,-40.25,Payment,LOCAL-100-02459
2026-08-24,INV-100-02460,900.10,Invoice,LOCAL-100-02460
2026-08-25,INV-100-02461,0.99,Invoice,LOCAL-100-02461
2026-08-26,INV-100-02462,250.00,Invoice,LOCAL-100-02462
2026-08-27,PAY-100-02463,-33.30,Payment,LOCAL-100-02463
2026-08-28,INV-100-02464,71.07,Invoice,LOCAL-100-02464
2026-08-01,INV-100-02465,125.75,Invoice,LOCAL-100-02465
2026-08-02,PAY-100-02466,-40.25,Payment,LOCAL-100-02466
2026-08-03,INV-100-02467,900.10,Invoice,LOCAL-100-02467
2026-08-04,INV-100-02468,0.99,Invoice,LOCAL-100-02468
2026-08-05,INV-100-02469,250.00,Invoice,LOCAL-100-02469
2026-08-06,PAY-100-02470,-33.30,Payment,LOCAL-100-02470
2026-08-07,INV-100-02471,71.07,Invoice,LOCAL-100-02471
2026-08-08,INV-100-02472,125.75,Invoice,LOCAL-100-02472
2026-08-09,PAY-100-02473,-40.25,Payment,LOCAL-100-02473
2026-08-10,INV-100-02474,900.10,Invoice,LOCAL-100-02474
2026-08-11,INV-100-02475,0.99,Invoice,LOCAL-100-02475
2026-08-12,INV-100-02476,250.00,Invoice,LOCAL-100-02476
2026-08-13,PAY-100-02477,-33.30,Payment,LOCAL-100-02477
2026-08-14,INV-100-02478,71.07,Invoice,LOCAL-100-02478
2026-08-15,INV-100-02479,125.75,Invoice,LOCAL-100-02479
2026-08-16,PAY-100-02480,-40.25,Payment,LOCAL-100-02480
2026-08-17,INV-100-02481,900.10,Invoice,LOCAL-100-02481
2026-08-18,INV-100-02482,0.99,Invoice,LOCAL-100-02482
2026-08-19,INV-100-02483,250.00,Invoice,LOCAL-100-02483
2026-08-20,PAY-100-02484,-33.30,Payment,LOCAL-100-02484
2026-08-21,INV-100-02485,71.07,Invoice,LOCAL-100-02485
2026-08-22,INV-100-02486,125.75,Invoice,LOCAL-100-02486
2026-08-23,PAY-100-02487,-40.25,Payment,LOCAL-100-02487
2026-08-24,INV-100-02488,900.10,Invoice,LOCAL-100-02488
2026-08-25,INV-100-02489,0.99,Invoice,LOCAL-100-02489
2026-08-26,INV-100-02490,250.00,Invoice,LOCAL-100-02490
2026-08-27,PAY-100-02491,-33.30,Payment,LOCAL-100-02491
2026-08-28,INV-100-02492,71.07,Invoice,LOCAL-100-02492
2026-08-01,INV-100-02493,125.75,Invoice,LOCAL-100-02493
2026-08-02,PAY-100-02494,-40.25,Payment,LOCAL-100-02494
2026-08-03,INV-100-02495,900.10,Invoice,LOCAL-100-02495
2026-08-04,INV-100-02496,0.99,Invoice,LOCAL-100-02496
2026-08-05,INV-100-02497,250.00,Invoice,LOCAL-100-02497
2026-08-06,PAY-100-02498,-33.30,Payment,LOCAL-100-02498
2026-08-07,INV-100-02499,71.07,Invoice,LOCAL-100-02499
2026-08-08,INV-100-02500,125.75,Invoice,LOCAL-100-02500
2026-08-09,PAY-100-02501,-40.25,Payment,LOCAL-100-02501
2026-08-10,INV-100-02502,900.10,Invoice,LOCAL-100-02502
2026-08-11,INV-100-02503,0.99,Invoice,LOCAL-100-02503
2026-08-12,INV-100-02504,250.00,Invoice,LOCAL-100-02504
2026-08-13,PAY-100-02505,-33.30,Payment,LOCAL-100-02505
2026-08-14,INV-100-02506,71.07,Invoice,LOCAL-100-02506
2026-08-15,INV-100-02507,125.75,Invoice,LOCAL-100-02507
2026-08-16,PAY-100-02508,-40.25,Payment,LOCAL-100-02508
2026-08-17,INV-100-02509,900.10,Invoice,LOCAL-100-02509
2026-08-18,INV-100-02510,0.99,Invoice,LOCAL-100-02510
2026-08-19,INV-100-02511,250.00,Invoice,LOCAL-100-02511
2026-08-20,PAY-100-02512,-33.30,Payment,LOCAL-100-02512
2026-08-21,INV-100-02513,71.07,Invoice,LOCAL-100-02513
2026-08-22,INV-100-02514,125.75,Invoice,LOCAL-100-02514
2026-08-23,PAY-100-02515,-40.25,Payment,LOCAL-100-02515
2026-08-24,INV-100-02516,900.10,Invoice,LOCAL-100-02516
2026-08-25,INV-100-02517,0.99,Invoice,LOCAL-100-02517
2026-08-26,INV-100-02518,250.00,Invoice,LOCAL-100-02518
2026-08-27,PAY-100-02519,-33.30,Payment,LOCAL-100-02519
2026-08-28,INV-100-02520,71.07,Invoice,LOCAL-100-02520
2026-08-01,INV-100-02521,125.75,Invoice,LOCAL-100-02521
2026-08-02,PAY-100-02522,-40.25,Payment,LOCAL-100-02522
2026-08-03,INV-100-02523,900.10,Invoice,LOCAL-100-02523
2026-08-04,INV-100-02524,0.99,Invoice,LOCAL-100-02524
2026-08-05,INV-100-02525,250.00,Invoice,LOCAL-100-02525
2026-08-06,PAY-100-02526,-33.30,Payment,LOCAL-100-02526
2026-08-07,INV-100-02527,71.07,Invoice,LOCAL-100-02527
2026-08-08,INV-100-02528,125.75,Invoice,LOCAL-100-02528
2026-08-09,PAY-100-02529,-40.25,Payment,LOCAL-100-02529
2026-08-10,INV-100-02530,900.10,Invoice,LOCAL-100-02530
2026-08-11,INV-100-02531,0.99,Invoice,LOCAL-100-02531
2026-08-12,INV-100-02532,250.00,Invoice,LOCAL-100-02532
2026-08-13,PAY-100-02533,-33.30,Payment,LOCAL-100-02533
2026-08-14,INV-100-02534,71.07,Invoice,LOCAL-100-02534
2026-08-15,INV-100-02535,125.75,Invoice,LOCAL-100-02535
2026-08-16,PAY-100-02536,-40.25,Payment,LOCAL-100-02536
2026-08-17,INV-100-02537,900.10,Invoice,LOCAL-100-02537
2026-08-18,INV-100-02538,0.99,Invoice,LOCAL-100-02538
2026-08-19,INV-100-02539,250.00,Invoice,LOCAL-100-02539
2026-08-20,PAY-100-02540,-33.30,Payment,LOCAL-100-02540
2026-08-21,INV-100-02541,71.07,Invoice,LOCAL-100-02541
2026-08-22,INV-100-02542,125.75,Invoice,LOCAL-100-02542
2026-08-23,PAY-100-02543,-40.25,Payment,LOCAL-100-02543
2026-08-24,INV-100-02544,900.10,Invoice,LOCAL-100-02544
2026-08-25,INV-100-02545,0.99,Invoice,LOCAL-100-02545
2026-08-26,INV-100-02546,250.00,Invoice,LOCAL-100-02546
2026-08-27,PAY-100-02547,-33.30,Payment,LOCAL-100-02547
2026-08-28,INV-100-02548,71.07,Invoice,LOCAL-100-02548
2026-08-01,INV-100-02549,125.75,Invoice,LOCAL-100-02549
2026-08-02,PAY-100-02550,-40.25,Payment,LOCAL-100-02550
2026-08-03,INV-100-02551,900.10,Invoice,LOCAL-100-02551
2026-08-04,INV-100-02552,0.99,Invoice,LOCAL-100-02552
2026-08-05,INV-100-02553,250.00,Invoice,LOCAL-100-02553
2026-08-06,PAY-100-02554,-33.30,Payment,LOCAL-100-02554
2026-08-07,INV-100-02555,71.07,Invoice,LOCAL-100-02555
2026-08-08,INV-100-02556,125.75,Invoice,LOCAL-100-02556
2026-08-09,PAY-100-02557,-40.25,Payment,LOCAL-100-02557
2026-08-10,INV-100-02558,900.10,Invoice,LOCAL-100-02558
2026-08-11,INV-100-02559,0.99,Invoice,LOCAL-100-02559
2026-08-12,INV-100-02560,250.00,Invoice,LOCAL-100-02560
2026-08-13,PAY-100-02561,-33.30,Payment,LOCAL-100-02561
2026-08-14,INV-100-02562,71.07,Invoice,LOCAL-100-02562
2026-08-15,INV-100-02563,125.75,Invoice,LOCAL-100-02563
2026-08-16,PAY-100-02564,-40.25,Payment,LOCAL-100-02564
2026-08-17,INV-100-02565,900.10,Invoice,LOCAL-100-02565
2026-08-18,INV-100-02566,0.99,Invoice,LOCAL-100-02566
2026-08-19,INV-100-02567,250.00,Invoice,LOCAL-100-02567
2026-08-20,PAY-100-02568,-33.30,Payment,LOCAL-100-02568
2026-08-21,INV-100-02569,71.07,Invoice,LOCAL-100-02569
2026-08-22,INV-100-02570,125.75,Invoice,LOCAL-100-02570
2026-08-23,PAY-100-02571,-40.25,Payment,LOCAL-100-02571
2026-08-24,INV-100-02572,900.10,Invoice,LOCAL-100-02572
2026-08-25,INV-100-02573,0.99,Invoice,LOCAL-100-02573
2026-08-26,INV-100-02574,250.00,Invoice,LOCAL-100-02574
2026-08-27,PAY-100-02575,-33.30,Payment,LOCAL-100-02575
2026-08-28,INV-100-02576,71.07,Invoice,LOCAL-100-02576
2026-08-01,INV-100-02577,125.75,Invoice,LOCAL-100-02577
2026-08-02,PAY-100-02578,-40.25,Payment,LOCAL-100-02578
2026-08-03,INV-100-02579,900.10,Invoice,LOCAL-100-02579
2026-08-04,INV-100-02580,0.99,Invoice,LOCAL-100-02580
2026-08-05,INV-100-02581,250.00,Invoice,LOCAL-100-02581
2026-08-06,PAY-100-02582,-33.30,Payment,LOCAL-100-02582
2026-08-07,INV-100-02583,71.07,Invoice,LOCAL-100-02583
2026-08-08,INV-100-02584,125.75,Invoice,LOCAL-100-02584
2026-08-09,PAY-100-02585,-40.25,Payment,LOCAL-100-02585
2026-08-10,INV-100-02586,900.10,Invoice,LOCAL-100-02586
2026-08-11,INV-100-02587,0.99,Invoice,LOCAL-100-02587
2026-08-12,INV-100-02588,250.00,Invoice,LOCAL-100-02588
2026-08-13,PAY-100-02589,-33.30,Payment,LOCAL-100-02589
2026-08-14,INV-100-02590,71.07,Invoice,LOCAL-100-02590
2026-08-15,INV-100-02591,125.75,Invoice,LOCAL-100-02591
2026-08-16,PAY-100-02592,-40.25,Payment,LOCAL-100-02592
2026-08-17,INV-100-02593,900.10,Invoice,LOCAL-100-02593
2026-08-18,INV-100-02594,0.99,Invoice,LOCAL-100-02594
2026-08-19,INV-100-02595,250.00,Invoice,LOCAL-100-02595
2026-08-20,PAY-100-02596,-33.30,Payment,LOCAL-100-02596
2026-08-21,INV-100-02597,71.07,Invoice,LOCAL-100-02597
2026-08-22,INV-100-02598,125.75,Invoice,LOCAL-100-02598
2026-08-23,PAY-100-02599,-40.25,Payment,LOCAL-100-02599
2026-08-24,INV-100-02600,900.10,Invoice,LOCAL-100-02600
2026-08-25,INV-100-02601,0.99,Invoice,LOCAL-100-02601
2026-08-26,INV-100-02602,250.00,Invoice,LOCAL-100-02602
2026-08-27,PAY-100-02603,-33.30,Payment,LOCAL-100-02603
2026-08-28,INV-100-02604,71.07,Invoice,LOCAL-100-02604
2026-08-01,INV-100-02605,125.75,Invoice,LOCAL-100-02605
2026-08-02,PAY-100-02606,-40.25,Payment,LOCAL-100-02606
2026-08-03,INV-100-02607,900.10,Invoice,LOCAL-100-02607
2026-08-04,INV-100-02608,0.99,Invoice,LOCAL-100-02608
2026-08-05,INV-100-02609,250.00,Invoice,LOCAL-100-02609
2026-08-06,PAY-100-02610,-33.30,Payment,LOCAL-100-02610
2026-08-07,INV-100-02611,71.07,Invoice,LOCAL-100-02611
2026-08-08,INV-100-02612,125.75,Invoice,LOCAL-100-02612
2026-08-09,PAY-100-02613,-40.25,Payment,LOCAL-100-02613
2026-08-10,INV-100-02614,900.10,Invoice,LOCAL-100-02614
2026-08-11,INV-100-02615,0.99,Invoice,LOCAL-100-02615
2026-08-12,INV-100-02616,250.00,Invoice,LOCAL-100-02616
2026-08-13,PAY-100-02617,-33.30,Payment,LOCAL-100-02617
2026-08-14,INV-100-02618,71.07,Invoice,LOCAL-100-02618
2026-08-15,INV-100-02619,125.75,Invoice,LOCAL-100-02619
2026-08-16,PAY-100-02620,-40.25,Payment,LOCAL-100-02620
2026-08-17,INV-100-02621,900.10,Invoice,LOCAL-100-02621
2026-08-18,INV-100-02622,0.99,Invoice,LOCAL-100-02622
2026-08-19,INV-100-02623,250.00,Invoice,LOCAL-100-02623
2026-08-20,PAY-100-02624,-33.30,Payment,LOCAL-100-02624
2026-08-21,INV-100-02625,71.07,Invoice,LOCAL-100-02625
2026-08-22,INV-100-02626,125.75,Invoice,LOCAL-100-02626
2026-08-23,PAY-100-02627,-40.25,Payment,LOCAL-100-02627
2026-08-24,INV-100-02628,900.10,Invoice,LOCAL-100-02628
2026-08-25,INV-100-02629,0.99,Invoice,LOCAL-100-02629
2026-08-26,INV-100-02630,250.00,Invoice,LOCAL-100-02630
2026-08-27,PAY-100-02631,-33.30,Payment,LOCAL-100-02631
2026-08-28,INV-100-02632,71.07,Invoice,LOCAL-100-02632
2026-08-01,INV-100-02633,125.75,Invoice,LOCAL-100-02633
2026-08-02,PAY-100-02634,-40.25,Payment,LOCAL-100-02634
2026-08-03,INV-100-02635,900.10,Invoice,LOCAL-100-02635
2026-08-04,INV-100-02636,0.99,Invoice,LOCAL-100-02636
2026-08-05,INV-100-02637,250.00,Invoice,LOCAL-100-02637
2026-08-06,PAY-100-02638,-33.30,Payment,LOCAL-100-02638
2026-08-07,INV-100-02639,71.07,Invoice,LOCAL-100-02639
2026-08-08,INV-100-02640,125.75,Invoice,LOCAL-100-02640
2026-08-09,PAY-100-02641,-40.25,Payment,LOCAL-100-02641
2026-08-10,INV-100-02642,900.10,Invoice,LOCAL-100-02642
2026-08-11,INV-100-02643,0.99,Invoice,LOCAL-100-02643
2026-08-12,INV-100-02644,250.00,Invoice,LOCAL-100-02644
2026-08-13,PAY-100-02645,-33.30,Payment,LOCAL-100-02645
2026-08-14,INV-100-02646,71.07,Invoice,LOCAL-100-02646
2026-08-15,INV-100-02647,125.75,Invoice,LOCAL-100-02647
2026-08-16,PAY-100-02648,-40.25,Payment,LOCAL-100-02648
2026-08-17,INV-100-02649,900.10,Invoice,LOCAL-100-02649
2026-08-18,INV-100-02650,0.99,Invoice,LOCAL-100-02650
2026-08-19,INV-100-02651,250.00,Invoice,LOCAL-100-02651
2026-08-20,PAY-100-02652,-33.30,Payment,LOCAL-100-02652
2026-08-21,INV-100-02653,71.07,Invoice,LOCAL-100-02653
2026-08-22,INV-100-02654,125.75,Invoice,LOCAL-100-02654
2026-08-23,PAY-100-02655,-40.25,Payment,LOCAL-100-02655
2026-08-24,INV-100-02656,900.10,Invoice,LOCAL-100-02656
2026-08-25,INV-100-02657,0.99,Invoice,LOCAL-100-02657
2026-08-26,INV-100-02658,250.00,Invoice,LOCAL-100-02658
2026-08-27,PAY-100-02659,-33.30,Payment,LOCAL-100-02659
2026-08-28,INV-100-02660,71.07,Invoice,LOCAL-100-02660
2026-08-01,INV-100-02661,125.75,Invoice,LOCAL-100-02661
2026-08-02,PAY-100-02662,-40.25,Payment,LOCAL-100-02662
2026-08-03,INV-100-02663,900.10,Invoice,LOCAL-100-02663
2026-08-04,INV-100-02664,0.99,Invoice,LOCAL-100-02664
2026-08-05,INV-100-02665,250.00,Invoice,LOCAL-100-02665
2026-08-06,PAY-100-02666,-33.30,Payment,LOCAL-100-02666
2026-08-07,INV-100-02667,71.07,Invoice,LOCAL-100-02667
2026-08-08,INV-100-02668,125.75,Invoice,LOCAL-100-02668
2026-08-09,PAY-100-02669,-40.25,Payment,LOCAL-100-02669
2026-08-10,INV-100-02670,900.10,Invoice,LOCAL-100-02670
2026-08-11,INV-100-02671,0.99,Invoice,LOCAL-100-02671
2026-08-12,INV-100-02672,250.00,Invoice,LOCAL-100-02672
2026-08-13,PAY-100-02673,-33.30,Payment,LOCAL-100-02673
2026-08-14,INV-100-02674,71.07,Invoice,LOCAL-100-02674
2026-08-15,INV-100-02675,125.75,Invoice,LOCAL-100-02675
2026-08-16,PAY-100-02676,-40.25,Payment,LOCAL-100-02676
2026-08-17,INV-100-02677,900.10,Invoice,LOCAL-100-02677
2026-08-18,INV-100-02678,0.99,Invoice,LOCAL-100-02678
2026-08-19,INV-100-02679,250.00,Invoice,LOCAL-100-02679
2026-08-20,PAY-100-02680,-33.30,Payment,LOCAL-100-02680
2026-08-21,INV-100-02681,71.07,Invoice,LOCAL-100-02681
2026-08-22,INV-100-02682,125.75,Invoice,LOCAL-100-02682
2026-08-23,PAY-100-02683,-40.25,Payment,LOCAL-100-02683
2026-08-24,INV-100-02684,900.10,Invoice,LOCAL-100-02684
2026-08-25,INV-100-02685,0.99,Invoice,LOCAL-100-02685
2026-08-26,INV-100-02686,250.00,Invoice,LOCAL-100-02686
2026-08-27,PAY-100-02687,-33.30,Payment,LOCAL-100-02687
2026-08-28,INV-100-02688,71.07,Invoice,LOCAL-100-02688
2026-08-01,INV-100-02689,125.75,Invoice,LOCAL-100-02689
2026-08-02,PAY-100-02690,-40.25,Payment,LOCAL-100-02690
2026-08-03,INV-100-02691,900.10,Invoice,LOCAL-100-02691
2026-08-04,INV-100-02692,0.99,Invoice,LOCAL-100-02692
2026-08-05,INV-100-02693,250.00,Invoice,LOCAL-100-02693
2026-08-06,PAY-100-02694,-33.30,Payment,LOCAL-100-02694
2026-08-07,INV-100-02695,71.07,Invoice,LOCAL-100-02695
2026-08-08,INV-100-02696,125.75,Invoice,LOCAL-100-02696
2026-08-09,PAY-100-02697,-40.25,Payment,LOCAL-100-02697
2026-08-10,INV-100-02698,900.10,Invoice,LOCAL-100-02698
2026-08-11,INV-100-02699,0.99,Invoice,LOCAL-100-02699
2026-08-12,INV-100-02700,250.00,Invoice,LOCAL-100-02700
2026-08-13,PAY-100-02701,-33.30,Payment,LOCAL-100-02701
2026-08-14,INV-100-02702,71.07,Invoice,LOCAL-100-02702
2026-08-15,INV-100-02703,125.75,Invoice,LOCAL-100-02703
2026-08-16,PAY-100-02704,-40.25,Payment,LOCAL-100-02704
2026-08-17,INV-100-02705,900.10,Invoice,LOCAL-100-02705
2026-08-18,INV-100-02706,0.99,Invoice,LOCAL-100-02706
2026-08-19,INV-100-02707,250.00,Invoice,LOCAL-100-02707
2026-08-20,PAY-100-02708,-33.30,Payment,LOCAL-100-02708
2026-08-21,INV-100-02709,71.07,Invoice,LOCAL-100-02709
2026-08-22,INV-100-02710,125.75,Invoice,LOCAL-100-02710
2026-08-23,PAY-100-02711,-40.25,Payment,LOCAL-100-02711
2026-08-24,INV-100-02712,900.10,Invoice,LOCAL-100-02712
2026-08-25,INV-100-02713,0.99,Invoice,LOCAL-100-02713
2026-08-26,INV-100-02714,250.00,Invoice,LOCAL-100-02714
2026-08-27,PAY-100-02715,-33.30,Payment,LOCAL-100-02715
2026-08-28,INV-100-02716,71.07,Invoice,LOCAL-100-02716
2026-08-01,INV-100-02717,125.75,Invoice,LOCAL-100-02717
2026-08-02,PAY-100-02718,-40.25,Payment,LOCAL-100-02718
2026-08-03,INV-100-02719,900.10,Invoice,LOCAL-100-02719
2026-08-04,INV-100-02720,0.99,Invoice,LOCAL-100-02720
2026-08-05,INV-100-02721,250.00,Invoice,LOCAL-100-02721
2026-08-06,PAY-100-02722,-33.30,Payment,LOCAL-100-02722
2026-08-07,INV-100-02723,71.07,Invoice,LOCAL-100-02723
2026-08-08,INV-100-02724,125.75,Invoice,LOCAL-100-02724
2026-08-09,PAY-100-02725,-40.25,Payment,LOCAL-100-02725
2026-08-10,INV-100-02726,900.10,Invoice,LOCAL-100-02726
2026-08-11,INV-100-02727,0.99,Invoice,LOCAL-100-02727
2026-08-12,INV-100-02728,250.00,Invoice,LOCAL-100-02728
2026-08-13,PAY-100-02729,-33.30,Payment,LOCAL-100-02729
2026-08-14,INV-100-02730,71.07,Invoice,LOCAL-100-02730
2026-08-15,INV-100-02731,125.75,Invoice,LOCAL-100-02731
2026-08-16,PAY-100-02732,-40.25,Payment,LOCAL-100-02732
2026-08-17,INV-100-02733,900.10,Invoice,LOCAL-100-02733
2026-08-18,INV-100-02734,0.99,Invoice,LOCAL-100-02734
2026-08-19,INV-100-02735,250.00,Invoice,LOCAL-100-02735
2026-08-20,PAY-100-02736,-33.30,Payment,LOCAL-100-02736
2026-08-21,INV-100-02737,71.07,Invoice,LOCAL-100-02737
2026-08-22,INV-100-02738,125.75,Invoice,LOCAL-100-02738
2026-08-23,PAY-100-02739,-40.25,Payment,LOCAL-100-02739
2026-08-24,INV-100-02740,900.10,Invoice,LOCAL-100-02740
2026-08-25,INV-100-02741,0.99,Invoice,LOCAL-100-02741
2026-08-26,INV-100-02742,250.00,Invoice,LOCAL-100-02742
2026-08-27,PAY-100-02743,-33.30,Payment,LOCAL-100-02743
2026-08-28,INV-100-02744,71.07,Invoice,LOCAL-100-02744
2026-08-01,INV-100-02745,125.75,Invoice,LOCAL-100-02745
2026-08-02,PAY-100-02746,-40.25,Payment,LOCAL-100-02746
2026-08-03,INV-100-02747,900.10,Invoice,LOCAL-100-02747
2026-08-04,INV-100-02748,0.99,Invoice,LOCAL-100-02748
2026-08-05,INV-100-02749,250.00,Invoice,LOCAL-100-02749
2026-08-06,PAY-100-02750,-33.30,Payment,LOCAL-100-02750
2026-08-07,INV-100-02751,71.07,Invoice,LOCAL-100-02751
2026-08-08,INV-100-02752,125.75,Invoice,LOCAL-100-02752
2026-08-09,PAY-100-02753,-40.25,Payment,LOCAL-100-02753
2026-08-10,INV-100-02754,900.10,Invoice,LOCAL-100-02754
2026-08-11,INV-100-02755,0.99,Invoice,LOCAL-100-02755
2026-08-12,INV-100-02756,250.00,Invoice,LOCAL-100-02756
2026-08-13,PAY-100-02757,-33.30,Payment,LOCAL-100-02757
2026-08-14,INV-100-02758,71.07,Invoice,LOCAL-100-02758
2026-08-15,INV-100-02759,125.75,Invoice,LOCAL-100-02759
2026-08-16,PAY-100-02760,-40.25,Payment,LOCAL-100-02760
2026-08-17,INV-100-02761,900.10,Invoice,LOCAL-100-02761
2026-08-18,INV-100-02762,0.99,Invoice,LOCAL-100-02762
2026-08-19,INV-100-02763,250.00,Invoice,LOCAL-100-02763
2026-08-20,PAY-100-02764,-33.30,Payment,LOCAL-100-02764
2026-08-21,INV-100-02765,71.07,Invoice,LOCAL-100-02765
2026-08-22,INV-100-02766,125.75,Invoice,LOCAL-100-02766
2026-08-23,PAY-100-02767,-40.25,Payment,LOCAL-100-02767
2026-08-24,INV-100-02768,900.10,Invoice,LOCAL-100-02768
2026-08-25,INV-100-02769,0.99,Invoice,LOCAL-100-02769
2026-08-26,INV-100-02770,250.00,Invoice,LOCAL-100-02770
2026-08-27,PAY-100-02771,-33.30,Payment,LOCAL-100-02771
2026-08-28,INV-100-02772,71.07,Invoice,LOCAL-100-02772
2026-08-01,INV-100-02773,125.75,Invoice,LOCAL-100-02773
2026-08-02,PAY-100-02774,-40.25,Payment,LOCAL-100-02774
2026-08-03,INV-100-02775,900.10,Invoice,LOCAL-100-02775
2026-08-04,INV-100-02776,0.99,Invoice,LOCAL-100-02776
2026-08-05,INV-100-02777,250.00,Invoice,LOCAL-100-02777
2026-08-06,PAY-100-02778,-33.30,Payment,LOCAL-100-02778
2026-08-07,INV-100-02779,71.07,Invoice,LOCAL-100-02779
2026-08-08,INV-100-02780,125.75,Invoice,LOCAL-100-02780
2026-08-09,PAY-100-02781,-40.25,Payment,LOCAL-100-02781
2026-08-10,INV-100-02782,900.10,Invoice,LOCAL-100-02782
2026-08-11,INV-100-02783,0.99,Invoice,LOCAL-100-02783
2026-08-12,INV-100-02784,250.00,Invoice,LOCAL-100-02784
2026-08-13,PAY-100-02785,-33.30,Payment,LOCAL-100-02785
2026-08-14,INV-100-02786,71.07,Invoice,LOCAL-100-02786
2026-08-15,INV-100-02787,125.75,Invoice,LOCAL-100-02787
2026-08-16,PAY-100-02788,-40.25,Payment,LOCAL-100-02788
2026-08-17,INV-100-02789,900.10,Invoice,LOCAL-100-02789
2026-08-18,INV-100-02790,0.99,Invoice,LOCAL-100-02790
2026-08-19,INV-100-02791,250.00,Invoice,LOCAL-100-02791
2026-08-20,PAY-100-02792,-33.30,Payment,LOCAL-100-02792
2026-08-21,INV-100-02793,71.07,Invoice,LOCAL-100-02793
2026-08-22,INV-100-02794,125.75,Invoice,LOCAL-100-02794
2026-08-23,PAY-100-02795,-40.25,Payment,LOCAL-100-02795
2026-08-24,INV-100-02796,900.10,Invoice,LOCAL-100-02796
2026-08-25,INV-100-02797,0.99,Invoice,LOCAL-100-02797
2026-08-26,INV-100-02798,250.00,Invoice,LOCAL-100-02798
2026-08-27,PAY-100-02799,-33.30,Payment,LOCAL-100-02799
2026-08-28,INV-100-02800,71.07,Invoice,LOCAL-100-02800
