Date,Reference,Amount,Description,Ledger Row
2026-08-01,INV-70-00001,125.75,Invoice,LOCAL-70-00001
2026-08-02,PAY-70-00002,-40.25,Payment,LOCAL-70-00002
2026-08-03,INV-70-00003,900.10,Invoice,LOCAL-70-00003
2026-08-04,INV-70-00004,0.99,Invoice,LOCAL-70-00004
2026-08-05,INV-70-00005,250.00,Invoice,LOCAL-70-00005
2026-08-06,PAY-70-00006,-33.30,Payment,LOCAL-70-00006
2026-08-07,INV-70-00007,71.07,Invoice,LOCAL-70-00007
2026-08-08,INV-70-00008,125.75,Invoice,LOCAL-70-00008
2026-08-09,PAY-70-00009,-40.25,Payment,LOCAL-70-00009
2026-08-10,INV-70-00010,900.10,Invoice,LOCAL-70-00010
2026-08-11,INV-70-00011,0.99,Invoice,LOCAL-70-00011
2026-08-12,INV-70-00012,250.00,Invoice,LOCAL-70-00012
2026-08-13,PAY-70-00013,-33.30,Payment,LOCAL-70-00013
2026-08-14,INV-70-00014,71.07,Invoice,LOCAL-70-00014
2026-08-15,INV-70-00015,125.75,Invoice,LOCAL-70-00015
2026-08-16,PAY-70-00016,-40.25,Payment,LOCAL-70-00016
2026-08-17,INV-70-00017,900.10,Invoice,LOCAL-70-00017
2026-08-18,INV-70-00018,0.99,Invoice,LOCAL-70-00018
2026-08-19,INV-70-00019,250.00,Invoice,LOCAL-70-00019
2026-08-20,PAY-70-00020,-33.30,Payment,LOCAL-70-00020
2026-08-21,INV-70-00021,71.07,Invoice,LOCAL-70-00021
2026-08-22,INV-70-00022,125.75,Invoice,LOCAL-70-00022
2026-08-23,PAY-70-00023,-40.25,Payment,LOCAL-70-00023
2026-08-24,INV-70-00024,900.10,Invoice,LOCAL-70-00024
2026-08-25,INV-70-00025,0.99,Invoice,LOCAL-70-00025
2026-08-26,INV-70-00026,250.00,Invoice,LOCAL-70-00026
2026-08-27,PAY-70-00027,-33.30,Payment,LOCAL-70-00027
2026-08-28,INV-70-00028,71.07,Invoice,LOCAL-70-00028
2026-08-01,INV-70-00029,125.75,Invoice,LOCAL-70-00029
2026-08-02,PAY-70-00030,-40.25,Payment,LOCAL-70-00030
2026-08-03,INV-70-00031,900.10,Invoice,LOCAL-70-00031
2026-08-04,INV-70-00032,0.99,Invoice,LOCAL-70-00032
2026-08-05,INV-70-00033,250.00,Invoice,LOCAL-70-00033
2026-08-06,PAY-70-00034,-33.30,Payment,LOCAL-70-00034
2026-08-07,INV-70-00035,71.07,Invoice,LOCAL-70-00035
2026-08-08,INV-70-00036,125.75,Invoice,LOCAL-70-00036
2026-08-09,PAY-70-00037,-40.25,Payment,LOCAL-70-00037
2026-08-10,INV-70-00038,900.10,Invoice,LOCAL-70-00038
2026-08-11,INV-70-00039,0.99,Invoice,LOCAL-70-00039
2026-08-12,INV-70-00040,250.00,Invoice,LOCAL-70-00040
2026-08-13,PAY-70-00041,-33.30,Payment,LOCAL-70-00041
2026-08-14,INV-70-00042,71.07,Invoice,LOCAL-70-00042
2026-08-15,INV-70-00043,125.75,Invoice,LOCAL-70-00043
2026-08-16,PAY-70-00044,-40.25,Payment,LOCAL-70-00044
2026-08-17,INV-70-00045,900.10,Invoice,LOCAL-70-00045
2026-08-18,INV-70-00046,0.99,Invoice,LOCAL-70-00046
2026-08-19,INV-70-00047,250.00,Invoice,LOCAL-70-00047
2026-08-20,PAY-70-00048,-33.30,Payment,LOCAL-70-00048
2026-08-21,INV-70-00049,71.07,Invoice,LOCAL-70-00049
2026-08-22,INV-70-00050,125.75,Invoice,LOCAL-70-00050
2026-08-23,PAY-70-00051,-40.25,Payment,LOCAL-70-00051
2026-08-24,INV-70-00052,900.10,Invoice,LOCAL-70-00052
2026-08-25,INV-70-00053,0.99,Invoice,LOCAL-70-00053
2026-08-26,INV-70-00054,250.00,Invoice,LOCAL-70-00054
2026-08-27,PAY-70-00055,-33.30,Payment,LOCAL-70-00055
2026-08-28,INV-70-00056,71.07,Invoice,LOCAL-70-00056
2026-08-01,INV-70-00057,125.75,Invoice,LOCAL-70-00057
2026-08-02,PAY-70-00058,-40.25,Payment,LOCAL-70-00058
2026-08-03,INV-70-00059,900.10,Invoice,LOCAL-70-00059
2026-08-04,INV-70-00060,0.99,Invoice,LOCAL-70-00060
2026-08-05,INV-70-00061,250.00,Invoice,LOCAL-70-00061
2026-08-06,PAY-70-00062,-33.30,Payment,LOCAL-70-00062
2026-08-07,INV-70-00063,71.07,Invoice,LOCAL-70-00063
2026-08-08,INV-70-00064,125.75,Invoice,LOCAL-70-00064
2026-08-09,PAY-70-00065,-40.25,Payment,LOCAL-70-00065
2026-08-10,INV-70-00066,900.10,Invoice,LOCAL-70-00066
2026-08-11,INV-70-00067,0.99,Invoice,LOCAL-70-00067
2026-08-12,INV-70-00068,250.00,Invoice,LOCAL-70-00068
2026-08-13,PAY-70-00069,-33.30,Payment,LOCAL-70-00069
2026-08-14,INV-70-00070,71.07,Invoice,LOCAL-70-00070
2026-08-15,INV-70-00071,125.75,Invoice,LOCAL-70-00071
2026-08-16,PAY-70-00072,-40.25,Payment,LOCAL-70-00072
2026-08-17,INV-70-00073,900.10,Invoice,LOCAL-70-00073
2026-08-18,INV-70-00074,0.99,Invoice,LOCAL-70-00074
2026-08-19,INV-70-00075,250.00,Invoice,LOCAL-70-00075
2026-08-20,PAY-70-00076,-33.30,Payment,LOCAL-70-00076
2026-08-21,INV-70-00077,71.07,Invoice,LOCAL-70-00077
2026-08-22,INV-70-00078,125.75,Invoice,LOCAL-70-00078
2026-08-23,PAY-70-00079,-40.25,Payment,LOCAL-70-00079
2026-08-24,INV-70-00080,900.10,Invoice,LOCAL-70-00080
2026-08-25,INV-70-00081,0.99,Invoice,LOCAL-70-00081
2026-08-26,INV-70-00082,250.00,Invoice,LOCAL-70-00082
2026-08-27,PAY-70-00083,-33.30,Payment,LOCAL-70-00083
2026-08-28,INV-70-00084,71.07,Invoice,LOCAL-70-00084
2026-08-01,INV-70-00085,125.75,Invoice,LOCAL-70-00085
2026-08-02,PAY-70-00086,-40.25,Payment,LOCAL-70-00086
2026-08-03,INV-70-00087,900.10,Invoice,LOCAL-70-00087
2026-08-04,INV-70-00088,0.99,Invoice,LOCAL-70-00088
2026-08-05,INV-70-00089,250.00,Invoice,LOCAL-70-00089
2026-08-06,PAY-70-00090,-33.30,Payment,LOCAL-70-00090
2026-08-07,INV-70-00091,71.07,Invoice,LOCAL-70-00091
2026-08-08,INV-70-00092,125.75,Invoice,LOCAL-70-00092
2026-08-09,PAY-70-00093,-40.25,Payment,LOCAL-70-00093
2026-08-10,INV-70-00094,900.10,Invoice,LOCAL-70-00094
2026-08-11,INV-70-00095,0.99,Invoice,LOCAL-70-00095
2026-08-12,INV-70-00096,250.00,Invoice,LOCAL-70-00096
2026-08-13,PAY-70-00097,-33.30,Payment,LOCAL-70-00097
2026-08-14,INV-70-00098,71.07,Invoice,LOCAL-70-00098
2026-08-15,INV-70-00099,125.75,Invoice,LOCAL-70-00099
2026-08-16,PAY-70-00100,-40.25,Payment,LOCAL-70-00100
2026-08-17,INV-70-00101,900.10,Invoice,LOCAL-70-00101
2026-08-18,INV-70-00102,0.99,Invoice,LOCAL-70-00102
2026-08-19,INV-70-00103,250.00,Invoice,LOCAL-70-00103
2026-08-20,PAY-70-00104,-33.30,Payment,LOCAL-70-00104
2026-08-21,INV-70-00105,71.07,Invoice,LOCAL-70-00105
2026-08-22,INV-70-00106,125.75,Invoice,LOCAL-70-00106
2026-08-23,PAY-70-00107,-40.25,Payment,LOCAL-70-00107
2026-08-24,INV-70-00108,900.10,Invoice,LOCAL-70-00108
2026-08-25,INV-70-00109,0.99,Invoice,LOCAL-70-00109
2026-08-26,INV-70-00110,250.00,Invoice,LOCAL-70-00110
2026-08-27,PAY-70-00111,-33.30,Payment,LOCAL-70-00111
2026-08-28,INV-70-00112,71.07,Invoice,LOCAL-70-00112
2026-08-01,INV-70-00113,125.75,Invoice,LOCAL-70-00113
2026-08-02,PAY-70-00114,-40.25,Payment,LOCAL-70-00114
2026-08-03,INV-70-00115,900.10,Invoice,LOCAL-70-00115
2026-08-04,INV-70-00116,0.99,Invoice,LOCAL-70-00116
2026-08-05,INV-70-00117,250.00,Invoice,LOCAL-70-00117
2026-08-06,PAY-70-00118,-33.30,Payment,LOCAL-70-00118
2026-08-07,INV-70-00119,71.07,Invoice,LOCAL-70-00119
2026-08-08,INV-70-00120,125.75,Invoice,LOCAL-70-00120
2026-08-09,PAY-70-00121,-40.25,Payment,LOCAL-70-00121
2026-08-10,INV-70-00122,900.10,Invoice,LOCAL-70-00122
2026-08-11,INV-70-00123,0.99,Invoice,LOCAL-70-00123
2026-08-12,INV-70-00124,250.00,Invoice,LOCAL-70-00124
2026-08-13,PAY-70-00125,-33.30,Payment,LOCAL-70-00125
2026-08-14,INV-70-00126,71.07,Invoice,LOCAL-70-00126
2026-08-15,INV-70-00127,125.75,Invoice,LOCAL-70-00127
2026-08-16,PAY-70-00128,-40.25,Payment,LOCAL-70-00128
2026-08-17,INV-70-00129,900.10,Invoice,LOCAL-70-00129
2026-08-18,INV-70-00130,0.99,Invoice,LOCAL-70-00130
2026-08-19,INV-70-00131,250.00,Invoice,LOCAL-70-00131
2026-08-20,PAY-70-00132,-33.30,Payment,LOCAL-70-00132
2026-08-21,INV-70-00133,71.07,Invoice,LOCAL-70-00133
2026-08-22,INV-70-00134,125.75,Invoice,LOCAL-70-00134
2026-08-23,PAY-70-00135,-40.25,Payment,LOCAL-70-00135
2026-08-24,INV-70-00136,900.10,Invoice,LOCAL-70-00136
2026-08-25,INV-70-00137,0.99,Invoice,LOCAL-70-00137
2026-08-26,INV-70-00138,250.00,Invoice,LOCAL-70-00138
2026-08-27,PAY-70-00139,-33.30,Payment,LOCAL-70-00139
2026-08-28,INV-70-00140,71.07,Invoice,LOCAL-70-00140
2026-08-01,INV-70-00141,125.75,Invoice,LOCAL-70-00141
2026-08-02,PAY-70-00142,-40.25,Payment,LOCAL-70-00142
2026-08-03,INV-70-00143,900.10,Invoice,LOCAL-70-00143
2026-08-04,INV-70-00144,0.99,Invoice,LOCAL-70-00144
2026-08-05,INV-70-00145,250.00,Invoice,LOCAL-70-00145
2026-08-06,PAY-70-00146,-33.30,Payment,LOCAL-70-00146
2026-08-07,INV-70-00147,71.07,Invoice,LOCAL-70-00147
2026-08-08,INV-70-00148,125.75,Invoice,LOCAL-70-00148
2026-08-09,PAY-70-00149,-40.25,Payment,LOCAL-70-00149
2026-08-10,INV-70-00150,900.10,Invoice,LOCAL-70-00150
2026-08-11,INV-70-00151,0.99,Invoice,LOCAL-70-00151
2026-08-12,INV-70-00152,250.00,Invoice,LOCAL-70-00152
2026-08-13,PAY-70-00153,-33.30,Payment,LOCAL-70-00153
2026-08-14,INV-70-00154,71.07,Invoice,LOCAL-70-00154
2026-08-15,INV-70-00155,125.75,Invoice,LOCAL-70-00155
2026-08-16,PAY-70-00156,-40.25,Payment,LOCAL-70-00156
2026-08-17,INV-70-00157,900.10,Invoice,LOCAL-70-00157
2026-08-18,INV-70-00158,0.99,Invoice,LOCAL-70-00158
2026-08-19,INV-70-00159,250.00,Invoice,LOCAL-70-00159
2026-08-20,PAY-70-00160,-33.30,Payment,LOCAL-70-00160
2026-08-21,INV-70-00161,71.07,Invoice,LOCAL-70-00161
2026-08-22,INV-70-00162,125.75,Invoice,LOCAL-70-00162
2026-08-23,PAY-70-00163,-40.25,Payment,LOCAL-70-00163
2026-08-24,INV-70-00164,900.10,Invoice,LOCAL-70-00164
2026-08-25,INV-70-00165,0.99,Invoice,LOCAL-70-00165
2026-08-26,INV-70-00166,250.00,Invoice,LOCAL-70-00166
2026-08-27,PAY-70-00167,-33.30,Payment,LOCAL-70-00167
2026-08-28,INV-70-00168,71.07,Invoice,LOCAL-70-00168
2026-08-01,INV-70-00169,125.75,Invoice,LOCAL-70-00169
2026-08-02,PAY-70-00170,-40.25,Payment,LOCAL-70-00170
2026-08-03,INV-70-00171,900.10,Invoice,LOCAL-70-00171
2026-08-04,INV-70-00172,0.99,Invoice,LOCAL-70-00172
2026-08-05,INV-70-00173,250.00,Invoice,LOCAL-70-00173
2026-08-06,PAY-70-00174,-33.30,Payment,LOCAL-70-00174
2026-08-07,INV-70-00175,71.07,Invoice,LOCAL-70-00175
2026-08-08,INV-70-00176,125.75,Invoice,LOCAL-70-00176
2026-08-09,PAY-70-00177,-40.25,Payment,LOCAL-70-00177
2026-08-10,INV-70-00178,900.10,Invoice,LOCAL-70-00178
2026-08-11,INV-70-00179,0.99,Invoice,LOCAL-70-00179
2026-08-12,INV-70-00180,250.00,Invoice,LOCAL-70-00180
2026-08-13,PAY-70-00181,-33.30,Payment,LOCAL-70-00181
2026-08-14,INV-70-00182,71.07,Invoice,LOCAL-70-00182
2026-08-15,INV-70-00183,125.75,Invoice,LOCAL-70-00183
2026-08-16,PAY-70-00184,-40.25,Payment,LOCAL-70-00184
2026-08-17,INV-70-00185,900.10,Invoice,LOCAL-70-00185
2026-08-18,INV-70-00186,0.99,Invoice,LOCAL-70-00186
2026-08-19,INV-70-00187,250.00,Invoice,LOCAL-70-00187
2026-08-20,PAY-70-00188,-33.30,Payment,LOCAL-70-00188
2026-08-21,INV-70-00189,71.07,Invoice,LOCAL-70-00189
2026-08-22,INV-70-00190,125.75,Invoice,LOCAL-70-00190
2026-08-23,PAY-70-00191,-40.25,Payment,LOCAL-70-00191
2026-08-24,INV-70-00192,900.10,Invoice,LOCAL-70-00192
2026-08-25,INV-70-00193,0.99,Invoice,LOCAL-70-00193
2026-08-26,INV-70-00194,250.00,Invoice,LOCAL-70-00194
2026-08-27,PAY-70-00195,-33.30,Payment,LOCAL-70-00195
2026-08-28,INV-70-00196,71.07,Invoice,LOCAL-70-00196
2026-08-01,INV-70-00197,125.75,Invoice,LOCAL-70-00197
2026-08-02,PAY-70-00198,-40.25,Payment,LOCAL-70-00198
2026-08-03,INV-70-00199,900.10,Invoice,LOCAL-70-00199
2026-08-04,INV-70-00200,0.99,Invoice,LOCAL-70-00200
2026-08-05,INV-70-00201,250.00,Invoice,LOCAL-70-00201
2026-08-06,PAY-70-00202,-33.30,Payment,LOCAL-70-00202
2026-08-07,INV-70-00203,71.07,Invoice,LOCAL-70-00203
2026-08-08,INV-70-00204,125.75,Invoice,LOCAL-70-00204
2026-08-09,PAY-70-00205,-40.25,Payment,LOCAL-70-00205
2026-08-10,INV-70-00206,900.10,Invoice,LOCAL-70-00206
2026-08-11,INV-70-00207,0.99,Invoice,LOCAL-70-00207
2026-08-12,INV-70-00208,250.00,Invoice,LOCAL-70-00208
2026-08-13,PAY-70-00209,-33.30,Payment,LOCAL-70-00209
2026-08-14,INV-70-00210,71.07,Invoice,LOCAL-70-00210
2026-08-15,INV-70-00211,125.75,Invoice,LOCAL-70-00211
2026-08-16,PAY-70-00212,-40.25,Payment,LOCAL-70-00212
2026-08-17,INV-70-00213,900.10,Invoice,LOCAL-70-00213
2026-08-18,INV-70-00214,0.99,Invoice,LOCAL-70-00214
2026-08-19,INV-70-00215,250.00,Invoice,LOCAL-70-00215
2026-08-20,PAY-70-00216,-33.30,Payment,LOCAL-70-00216
2026-08-21,INV-70-00217,71.07,Invoice,LOCAL-70-00217
2026-08-22,INV-70-00218,125.75,Invoice,LOCAL-70-00218
2026-08-23,PAY-70-00219,-40.25,Payment,LOCAL-70-00219
2026-08-24,INV-70-00220,900.10,Invoice,LOCAL-70-00220
2026-08-25,INV-70-00221,0.99,Invoice,LOCAL-70-00221
2026-08-26,INV-70-00222,250.00,Invoice,LOCAL-70-00222
2026-08-27,PAY-70-00223,-33.30,Payment,LOCAL-70-00223
2026-08-28,INV-70-00224,71.07,Invoice,LOCAL-70-00224
2026-08-01,INV-70-00225,125.75,Invoice,LOCAL-70-00225
2026-08-02,PAY-70-00226,-40.25,Payment,LOCAL-70-00226
2026-08-03,INV-70-00227,900.10,Invoice,LOCAL-70-00227
2026-08-04,INV-70-00228,0.99,Invoice,LOCAL-70-00228
2026-08-05,INV-70-00229,250.00,Invoice,LOCAL-70-00229
2026-08-06,PAY-70-00230,-33.30,Payment,LOCAL-70-00230
2026-08-07,INV-70-00231,71.07,Invoice,LOCAL-70-00231
2026-08-08,INV-70-00232,125.75,Invoice,LOCAL-70-00232
2026-08-09,PAY-70-00233,-40.25,Payment,LOCAL-70-00233
2026-08-10,INV-70-00234,900.10,Invoice,LOCAL-70-00234
2026-08-11,INV-70-00235,0.99,Invoice,LOCAL-70-00235
2026-08-12,INV-70-00236,250.00,Invoice,LOCAL-70-00236
2026-08-13,PAY-70-00237,-33.30,Payment,LOCAL-70-00237
2026-08-14,INV-70-00238,71.07,Invoice,LOCAL-70-00238
2026-08-15,INV-70-00239,125.75,Invoice,LOCAL-70-00239
2026-08-16,PAY-70-00240,-40.25,Payment,LOCAL-70-00240
2026-08-17,INV-70-00241,900.10,Invoice,LOCAL-70-00241
2026-08-18,INV-70-00242,0.99,Invoice,LOCAL-70-00242
2026-08-19,INV-70-00243,250.00,Invoice,LOCAL-70-00243
2026-08-20,PAY-70-00244,-33.30,Payment,LOCAL-70-00244
2026-08-21,INV-70-00245,71.07,Invoice,LOCAL-70-00245
2026-08-22,INV-70-00246,125.75,Invoice,LOCAL-70-00246
2026-08-23,PAY-70-00247,-40.25,Payment,LOCAL-70-00247
2026-08-24,INV-70-00248,900.10,Invoice,LOCAL-70-00248
2026-08-25,INV-70-00249,0.99,Invoice,LOCAL-70-00249
2026-08-26,INV-70-00250,250.00,Invoice,LOCAL-70-00250
2026-08-27,PAY-70-00251,-33.30,Payment,LOCAL-70-00251
2026-08-28,INV-70-00252,71.07,Invoice,LOCAL-70-00252
2026-08-01,INV-70-00253,125.75,Invoice,LOCAL-70-00253
2026-08-02,PAY-70-00254,-40.25,Payment,LOCAL-70-00254
2026-08-03,INV-70-00255,900.10,Invoice,LOCAL-70-00255
2026-08-04,INV-70-00256,0.99,Invoice,LOCAL-70-00256
2026-08-05,INV-70-00257,250.00,Invoice,LOCAL-70-00257
2026-08-06,PAY-70-00258,-33.30,Payment,LOCAL-70-00258
2026-08-07,INV-70-00259,71.07,Invoice,LOCAL-70-00259
2026-08-08,INV-70-00260,125.75,Invoice,LOCAL-70-00260
2026-08-09,PAY-70-00261,-40.25,Payment,LOCAL-70-00261
2026-08-10,INV-70-00262,900.10,Invoice,LOCAL-70-00262
2026-08-11,INV-70-00263,0.99,Invoice,LOCAL-70-00263
2026-08-12,INV-70-00264,250.00,Invoice,LOCAL-70-00264
2026-08-13,PAY-70-00265,-33.30,Payment,LOCAL-70-00265
2026-08-14,INV-70-00266,71.07,Invoice,LOCAL-70-00266
2026-08-15,INV-70-00267,125.75,Invoice,LOCAL-70-00267
2026-08-16,PAY-70-00268,-40.25,Payment,LOCAL-70-00268
2026-08-17,INV-70-00269,900.10,Invoice,LOCAL-70-00269
2026-08-18,INV-70-00270,0.99,Invoice,LOCAL-70-00270
2026-08-19,INV-70-00271,250.00,Invoice,LOCAL-70-00271
2026-08-20,PAY-70-00272,-33.30,Payment,LOCAL-70-00272
2026-08-21,INV-70-00273,71.07,Invoice,LOCAL-70-00273
2026-08-22,INV-70-00274,125.75,Invoice,LOCAL-70-00274
2026-08-23,PAY-70-00275,-40.25,Payment,LOCAL-70-00275
2026-08-24,INV-70-00276,900.10,Invoice,LOCAL-70-00276
2026-08-25,INV-70-00277,0.99,Invoice,LOCAL-70-00277
2026-08-26,INV-70-00278,250.00,Invoice,LOCAL-70-00278
2026-08-27,PAY-70-00279,-33.30,Payment,LOCAL-70-00279
2026-08-28,INV-70-00280,71.07,Invoice,LOCAL-70-00280
2026-08-01,INV-70-00281,125.75,Invoice,LOCAL-70-00281
2026-08-02,PAY-70-00282,-40.25,Payment,LOCAL-70-00282
2026-08-03,INV-70-00283,900.10,Invoice,LOCAL-70-00283
2026-08-04,INV-70-00284,0.99,Invoice,LOCAL-70-00284
2026-08-05,INV-70-00285,250.00,Invoice,LOCAL-70-00285
2026-08-06,PAY-70-00286,-33.30,Payment,LOCAL-70-00286
2026-08-07,INV-70-00287,71.07,Invoice,LOCAL-70-00287
2026-08-08,INV-70-00288,125.75,Invoice,LOCAL-70-00288
2026-08-09,PAY-70-00289,-40.25,Payment,LOCAL-70-00289
2026-08-10,INV-70-00290,900.10,Invoice,LOCAL-70-00290
2026-08-11,INV-70-00291,0.99,Invoice,LOCAL-70-00291
2026-08-12,INV-70-00292,250.00,Invoice,LOCAL-70-00292
2026-08-13,PAY-70-00293,-33.30,Payment,LOCAL-70-00293
2026-08-14,INV-70-00294,71.07,Invoice,LOCAL-70-00294
2026-08-15,INV-70-00295,125.75,Invoice,LOCAL-70-00295
2026-08-16,PAY-70-00296,-40.25,Payment,LOCAL-70-00296
2026-08-17,INV-70-00297,900.10,Invoice,LOCAL-70-00297
2026-08-18,INV-70-00298,0.99,Invoice,LOCAL-70-00298
2026-08-19,INV-70-00299,250.00,Invoice,LOCAL-70-00299
2026-08-20,PAY-70-00300,-33.30,Payment,LOCAL-70-00300
2026-08-21,INV-70-00301,71.07,Invoice,LOCAL-70-00301
2026-08-22,INV-70-00302,125.75,Invoice,LOCAL-70-00302
2026-08-23,PAY-70-00303,-40.25,Payment,LOCAL-70-00303
2026-08-24,INV-70-00304,900.10,Invoice,LOCAL-70-00304
2026-08-25,INV-70-00305,0.99,Invoice,LOCAL-70-00305
2026-08-26,INV-70-00306,250.00,Invoice,LOCAL-70-00306
2026-08-27,PAY-70-00307,-33.30,Payment,LOCAL-70-00307
2026-08-28,INV-70-00308,71.07,Invoice,LOCAL-70-00308
2026-08-01,INV-70-00309,125.75,Invoice,LOCAL-70-00309
2026-08-02,PAY-70-00310,-40.25,Payment,LOCAL-70-00310
2026-08-03,INV-70-00311,900.10,Invoice,LOCAL-70-00311
2026-08-04,INV-70-00312,0.99,Invoice,LOCAL-70-00312
2026-08-05,INV-70-00313,250.00,Invoice,LOCAL-70-00313
2026-08-06,PAY-70-00314,-33.30,Payment,LOCAL-70-00314
2026-08-07,INV-70-00315,71.07,Invoice,LOCAL-70-00315
2026-08-08,INV-70-00316,125.75,Invoice,LOCAL-70-00316
2026-08-09,PAY-70-00317,-40.25,Payment,LOCAL-70-00317
2026-08-10,INV-70-00318,900.10,Invoice,LOCAL-70-00318
2026-08-11,INV-70-00319,0.99,Invoice,LOCAL-70-00319
2026-08-12,INV-70-00320,250.00,Invoice,LOCAL-70-00320
2026-08-13,PAY-70-00321,-33.30,Payment,LOCAL-70-00321
2026-08-14,INV-70-00322,71.07,Invoice,LOCAL-70-00322
2026-08-15,INV-70-00323,125.75,Invoice,LOCAL-70-00323
2026-08-16,PAY-70-00324,-40.25,Payment,LOCAL-70-00324
2026-08-17,INV-70-00325,900.10,Invoice,LOCAL-70-00325
2026-08-18,INV-70-00326,0.99,Invoice,LOCAL-70-00326
2026-08-19,INV-70-00327,250.00,Invoice,LOCAL-70-00327
2026-08-20,PAY-70-00328,-33.30,Payment,LOCAL-70-00328
2026-08-21,INV-70-00329,71.07,Invoice,LOCAL-70-00329
2026-08-22,INV-70-00330,125.75,Invoice,LOCAL-70-00330
2026-08-23,PAY-70-00331,-40.25,Payment,LOCAL-70-00331
2026-08-24,INV-70-00332,900.10,Invoice,LOCAL-70-00332
2026-08-25,INV-70-00333,0.99,Invoice,LOCAL-70-00333
2026-08-26,INV-70-00334,250.00,Invoice,LOCAL-70-00334
2026-08-27,PAY-70-00335,-33.30,Payment,LOCAL-70-00335
2026-08-28,INV-70-00336,71.07,Invoice,LOCAL-70-00336
2026-08-01,INV-70-00337,125.75,Invoice,LOCAL-70-00337
2026-08-02,PAY-70-00338,-40.25,Payment,LOCAL-70-00338
2026-08-03,INV-70-00339,900.10,Invoice,LOCAL-70-00339
2026-08-04,INV-70-00340,0.99,Invoice,LOCAL-70-00340
2026-08-05,INV-70-00341,250.00,Invoice,LOCAL-70-00341
2026-08-06,PAY-70-00342,-33.30,Payment,LOCAL-70-00342
2026-08-07,INV-70-00343,71.07,Invoice,LOCAL-70-00343
2026-08-08,INV-70-00344,125.75,Invoice,LOCAL-70-00344
2026-08-09,PAY-70-00345,-40.25,Payment,LOCAL-70-00345
2026-08-10,INV-70-00346,900.10,Invoice,LOCAL-70-00346
2026-08-11,INV-70-00347,0.99,Invoice,LOCAL-70-00347
2026-08-12,INV-70-00348,250.00,Invoice,LOCAL-70-00348
2026-08-13,PAY-70-00349,-33.30,Payment,LOCAL-70-00349
2026-08-14,INV-70-00350,71.07,Invoice,LOCAL-70-00350
2026-08-15,INV-70-00351,125.75,Invoice,LOCAL-70-00351
2026-08-16,PAY-70-00352,-40.25,Payment,LOCAL-70-00352
2026-08-17,INV-70-00353,900.10,Invoice,LOCAL-70-00353
2026-08-18,INV-70-00354,0.99,Invoice,LOCAL-70-00354
2026-08-19,INV-70-00355,250.00,Invoice,LOCAL-70-00355
2026-08-20,PAY-70-00356,-33.30,Payment,LOCAL-70-00356
2026-08-21,INV-70-00357,71.07,Invoice,LOCAL-70-00357
2026-08-22,INV-70-00358,125.75,Invoice,LOCAL-70-00358
2026-08-23,PAY-70-00359,-40.25,Payment,LOCAL-70-00359
2026-08-24,INV-70-00360,900.10,Invoice,LOCAL-70-00360
2026-08-25,INV-70-00361,0.99,Invoice,LOCAL-70-00361
2026-08-26,INV-70-00362,250.00,Invoice,LOCAL-70-00362
2026-08-27,PAY-70-00363,-33.30,Payment,LOCAL-70-00363
2026-08-28,INV-70-00364,71.07,Invoice,LOCAL-70-00364
2026-08-01,INV-70-00365,125.75,Invoice,LOCAL-70-00365
2026-08-02,PAY-70-00366,-40.25,Payment,LOCAL-70-00366
2026-08-03,INV-70-00367,900.10,Invoice,LOCAL-70-00367
2026-08-04,INV-70-00368,0.99,Invoice,LOCAL-70-00368
2026-08-05,INV-70-00369,250.00,Invoice,LOCAL-70-00369
2026-08-06,PAY-70-00370,-33.30,Payment,LOCAL-70-00370
2026-08-07,INV-70-00371,71.07,Invoice,LOCAL-70-00371
2026-08-08,INV-70-00372,125.75,Invoice,LOCAL-70-00372
2026-08-09,PAY-70-00373,-40.25,Payment,LOCAL-70-00373
2026-08-10,INV-70-00374,900.10,Invoice,LOCAL-70-00374
2026-08-11,INV-70-00375,0.99,Invoice,LOCAL-70-00375
2026-08-12,INV-70-00376,250.00,Invoice,LOCAL-70-00376
2026-08-13,PAY-70-00377,-33.30,Payment,LOCAL-70-00377
2026-08-14,INV-70-00378,71.07,Invoice,LOCAL-70-00378
2026-08-15,INV-70-00379,125.75,Invoice,LOCAL-70-00379
2026-08-16,PAY-70-00380,-40.25,Payment,LOCAL-70-00380
2026-08-17,INV-70-00381,900.10,Invoice,LOCAL-70-00381
2026-08-18,INV-70-00382,0.99,Invoice,LOCAL-70-00382
2026-08-19,INV-70-00383,250.00,Invoice,LOCAL-70-00383
2026-08-20,PAY-70-00384,-33.30,Payment,LOCAL-70-00384
2026-08-21,INV-70-00385,71.07,Invoice,LOCAL-70-00385
2026-08-22,INV-70-00386,125.75,Invoice,LOCAL-70-00386
2026-08-23,PAY-70-00387,-40.25,Payment,LOCAL-70-00387
2026-08-24,INV-70-00388,900.10,Invoice,LOCAL-70-00388
2026-08-25,INV-70-00389,0.99,Invoice,LOCAL-70-00389
2026-08-26,INV-70-00390,250.00,Invoice,LOCAL-70-00390
2026-08-27,PAY-70-00391,-33.30,Payment,LOCAL-70-00391
2026-08-28,INV-70-00392,71.07,Invoice,LOCAL-70-00392
2026-08-01,INV-70-00393,125.75,Invoice,LOCAL-70-00393
2026-08-02,PAY-70-00394,-40.25,Payment,LOCAL-70-00394
2026-08-03,INV-70-00395,900.10,Invoice,LOCAL-70-00395
2026-08-04,INV-70-00396,0.99,Invoice,LOCAL-70-00396
2026-08-05,INV-70-00397,250.00,Invoice,LOCAL-70-00397
2026-08-06,PAY-70-00398,-33.30,Payment,LOCAL-70-00398
2026-08-07,INV-70-00399,71.07,Invoice,LOCAL-70-00399
2026-08-08,INV-70-00400,125.75,Invoice,LOCAL-70-00400
2026-08-09,PAY-70-00401,-40.25,Payment,LOCAL-70-00401
2026-08-10,INV-70-00402,900.10,Invoice,LOCAL-70-00402
2026-08-11,INV-70-00403,0.99,Invoice,LOCAL-70-00403
2026-08-12,INV-70-00404,250.00,Invoice,LOCAL-70-00404
2026-08-13,PAY-70-00405,-33.30,Payment,LOCAL-70-00405
2026-08-14,INV-70-00406,71.07,Invoice,LOCAL-70-00406
2026-08-15,INV-70-00407,125.75,Invoice,LOCAL-70-00407
2026-08-16,PAY-70-00408,-40.25,Payment,LOCAL-70-00408
2026-08-17,INV-70-00409,900.10,Invoice,LOCAL-70-00409
2026-08-18,INV-70-00410,0.99,Invoice,LOCAL-70-00410
2026-08-19,INV-70-00411,250.00,Invoice,LOCAL-70-00411
2026-08-20,PAY-70-00412,-33.30,Payment,LOCAL-70-00412
2026-08-21,INV-70-00413,71.07,Invoice,LOCAL-70-00413
2026-08-22,INV-70-00414,125.75,Invoice,LOCAL-70-00414
2026-08-23,PAY-70-00415,-40.25,Payment,LOCAL-70-00415
2026-08-24,INV-70-00416,900.10,Invoice,LOCAL-70-00416
2026-08-25,INV-70-00417,0.99,Invoice,LOCAL-70-00417
2026-08-26,INV-70-00418,250.00,Invoice,LOCAL-70-00418
2026-08-27,PAY-70-00419,-33.30,Payment,LOCAL-70-00419
2026-08-28,INV-70-00420,71.07,Invoice,LOCAL-70-00420
2026-08-01,INV-70-00421,125.75,Invoice,LOCAL-70-00421
2026-08-02,PAY-70-00422,-40.25,Payment,LOCAL-70-00422
2026-08-03,INV-70-00423,900.10,Invoice,LOCAL-70-00423
2026-08-04,INV-70-00424,0.99,Invoice,LOCAL-70-00424
2026-08-05,INV-70-00425,250.00,Invoice,LOCAL-70-00425
2026-08-06,PAY-70-00426,-33.30,Payment,LOCAL-70-00426
2026-08-07,INV-70-00427,71.07,Invoice,LOCAL-70-00427
2026-08-08,INV-70-00428,125.75,Invoice,LOCAL-70-00428
2026-08-09,PAY-70-00429,-40.25,Payment,LOCAL-70-00429
2026-08-10,INV-70-00430,900.10,Invoice,LOCAL-70-00430
2026-08-11,INV-70-00431,0.99,Invoice,LOCAL-70-00431
2026-08-12,INV-70-00432,250.00,Invoice,LOCAL-70-00432
2026-08-13,PAY-70-00433,-33.30,Payment,LOCAL-70-00433
2026-08-14,INV-70-00434,71.07,Invoice,LOCAL-70-00434
2026-08-15,INV-70-00435,125.75,Invoice,LOCAL-70-00435
2026-08-16,PAY-70-00436,-40.25,Payment,LOCAL-70-00436
2026-08-17,INV-70-00437,900.10,Invoice,LOCAL-70-00437
2026-08-18,INV-70-00438,0.99,Invoice,LOCAL-70-00438
2026-08-19,INV-70-00439,250.00,Invoice,LOCAL-70-00439
2026-08-20,PAY-70-00440,-33.30,Payment,LOCAL-70-00440
2026-08-21,INV-70-00441,71.07,Invoice,LOCAL-70-00441
2026-08-22,INV-70-00442,125.75,Invoice,LOCAL-70-00442
2026-08-23,PAY-70-00443,-40.25,Payment,LOCAL-70-00443
2026-08-24,INV-70-00444,900.10,Invoice,LOCAL-70-00444
2026-08-25,INV-70-00445,0.99,Invoice,LOCAL-70-00445
2026-08-26,INV-70-00446,250.00,Invoice,LOCAL-70-00446
2026-08-27,PAY-70-00447,-33.30,Payment,LOCAL-70-00447
2026-08-28,INV-70-00448,71.07,Invoice,LOCAL-70-00448
2026-08-01,INV-70-00449,125.75,Invoice,LOCAL-70-00449
2026-08-02,PAY-70-00450,-40.25,Payment,LOCAL-70-00450
2026-08-03,INV-70-00451,900.10,Invoice,LOCAL-70-00451
2026-08-04,INV-70-00452,0.99,Invoice,LOCAL-70-00452
2026-08-05,INV-70-00453,250.00,Invoice,LOCAL-70-00453
2026-08-06,PAY-70-00454,-33.30,Payment,LOCAL-70-00454
2026-08-07,INV-70-00455,71.07,Invoice,LOCAL-70-00455
2026-08-08,INV-70-00456,125.75,Invoice,LOCAL-70-00456
2026-08-09,PAY-70-00457,-40.25,Payment,LOCAL-70-00457
2026-08-10,INV-70-00458,900.10,Invoice,LOCAL-70-00458
2026-08-11,INV-70-00459,0.99,Invoice,LOCAL-70-00459
2026-08-12,INV-70-00460,250.00,Invoice,LOCAL-70-00460
2026-08-13,PAY-70-00461,-33.30,Payment,LOCAL-70-00461
2026-08-14,INV-70-00462,71.07,Invoice,LOCAL-70-00462
2026-08-15,INV-70-00463,125.75,Invoice,LOCAL-70-00463
2026-08-16,PAY-70-00464,-40.25,Payment,LOCAL-70-00464
2026-08-17,INV-70-00465,900.10,Invoice,LOCAL-70-00465
2026-08-18,INV-70-00466,0.99,Invoice,LOCAL-70-00466
2026-08-19,INV-70-00467,250.00,Invoice,LOCAL-70-00467
2026-08-20,PAY-70-00468,-33.30,Payment,LOCAL-70-00468
2026-08-21,INV-70-00469,71.07,Invoice,LOCAL-70-00469
2026-08-22,INV-70-00470,125.75,Invoice,LOCAL-70-00470
2026-08-23,PAY-70-00471,-40.25,Payment,LOCAL-70-00471
2026-08-24,INV-70-00472,900.10,Invoice,LOCAL-70-00472
2026-08-25,INV-70-00473,0.99,Invoice,LOCAL-70-00473
2026-08-26,INV-70-00474,250.00,Invoice,LOCAL-70-00474
2026-08-27,PAY-70-00475,-33.30,Payment,LOCAL-70-00475
2026-08-28,INV-70-00476,71.07,Invoice,LOCAL-70-00476
2026-08-01,INV-70-00477,125.75,Invoice,LOCAL-70-00477
2026-08-02,PAY-70-00478,-40.25,Payment,LOCAL-70-00478
2026-08-03,INV-70-00479,900.10,Invoice,LOCAL-70-00479
2026-08-04,INV-70-00480,0.99,Invoice,LOCAL-70-00480
2026-08-05,INV-70-00481,250.00,Invoice,LOCAL-70-00481
2026-08-06,PAY-70-00482,-33.30,Payment,LOCAL-70-00482
2026-08-07,INV-70-00483,71.07,Invoice,LOCAL-70-00483
2026-08-08,INV-70-00484,125.75,Invoice,LOCAL-70-00484
2026-08-09,PAY-70-00485,-40.25,Payment,LOCAL-70-00485
2026-08-10,INV-70-00486,900.10,Invoice,LOCAL-70-00486
2026-08-11,INV-70-00487,0.99,Invoice,LOCAL-70-00487
2026-08-12,INV-70-00488,250.00,Invoice,LOCAL-70-00488
2026-08-13,PAY-70-00489,-33.30,Payment,LOCAL-70-00489
2026-08-14,INV-70-00490,71.07,Invoice,LOCAL-70-00490
2026-08-15,INV-70-00491,125.75,Invoice,LOCAL-70-00491
2026-08-16,PAY-70-00492,-40.25,Payment,LOCAL-70-00492
2026-08-17,INV-70-00493,900.10,Invoice,LOCAL-70-00493
2026-08-18,INV-70-00494,0.99,Invoice,LOCAL-70-00494
2026-08-19,INV-70-00495,250.00,Invoice,LOCAL-70-00495
2026-08-20,PAY-70-00496,-33.30,Payment,LOCAL-70-00496
2026-08-21,INV-70-00497,71.07,Invoice,LOCAL-70-00497
2026-08-22,INV-70-00498,125.75,Invoice,LOCAL-70-00498
2026-08-23,PAY-70-00499,-40.25,Payment,LOCAL-70-00499
2026-08-24,INV-70-00500,900.10,Invoice,LOCAL-70-00500
2026-08-25,INV-70-00501,0.99,Invoice,LOCAL-70-00501
2026-08-26,INV-70-00502,250.00,Invoice,LOCAL-70-00502
2026-08-27,PAY-70-00503,-33.30,Payment,LOCAL-70-00503
2026-08-28,INV-70-00504,71.07,Invoice,LOCAL-70-00504
2026-08-01,INV-70-00505,125.75,Invoice,LOCAL-70-00505
2026-08-02,PAY-70-00506,-40.25,Payment,LOCAL-70-00506
2026-08-03,INV-70-00507,900.10,Invoice,LOCAL-70-00507
2026-08-04,INV-70-00508,0.99,Invoice,LOCAL-70-00508
2026-08-05,INV-70-00509,250.00,Invoice,LOCAL-70-00509
2026-08-06,PAY-70-00510,-33.30,Payment,LOCAL-70-00510
2026-08-07,INV-70-00511,71.07,Invoice,LOCAL-70-00511
2026-08-08,INV-70-00512,125.75,Invoice,LOCAL-70-00512
2026-08-09,PAY-70-00513,-40.25,Payment,LOCAL-70-00513
2026-08-10,INV-70-00514,900.10,Invoice,LOCAL-70-00514
2026-08-11,INV-70-00515,0.99,Invoice,LOCAL-70-00515
2026-08-12,INV-70-00516,250.00,Invoice,LOCAL-70-00516
2026-08-13,PAY-70-00517,-33.30,Payment,LOCAL-70-00517
2026-08-14,INV-70-00518,71.07,Invoice,LOCAL-70-00518
2026-08-15,INV-70-00519,125.75,Invoice,LOCAL-70-00519
2026-08-16,PAY-70-00520,-40.25,Payment,LOCAL-70-00520
2026-08-17,INV-70-00521,900.10,Invoice,LOCAL-70-00521
2026-08-18,INV-70-00522,0.99,Invoice,LOCAL-70-00522
2026-08-19,INV-70-00523,250.00,Invoice,LOCAL-70-00523
2026-08-20,PAY-70-00524,-33.30,Payment,LOCAL-70-00524
2026-08-21,INV-70-00525,71.07,Invoice,LOCAL-70-00525
2026-08-22,INV-70-00526,125.75,Invoice,LOCAL-70-00526
2026-08-23,PAY-70-00527,-40.25,Payment,LOCAL-70-00527
2026-08-24,INV-70-00528,900.10,Invoice,LOCAL-70-00528
2026-08-25,INV-70-00529,0.99,Invoice,LOCAL-70-00529
2026-08-26,INV-70-00530,250.00,Invoice,LOCAL-70-00530
2026-08-27,PAY-70-00531,-33.30,Payment,LOCAL-70-00531
2026-08-28,INV-70-00532,71.07,Invoice,LOCAL-70-00532
2026-08-01,INV-70-00533,125.75,Invoice,LOCAL-70-00533
2026-08-02,PAY-70-00534,-40.25,Payment,LOCAL-70-00534
2026-08-03,INV-70-00535,900.10,Invoice,LOCAL-70-00535
2026-08-04,INV-70-00536,0.99,Invoice,LOCAL-70-00536
2026-08-05,INV-70-00537,250.00,Invoice,LOCAL-70-00537
2026-08-06,PAY-70-00538,-33.30,Payment,LOCAL-70-00538
2026-08-07,INV-70-00539,71.07,Invoice,LOCAL-70-00539
2026-08-08,INV-70-00540,125.75,Invoice,LOCAL-70-00540
2026-08-09,PAY-70-00541,-40.25,Payment,LOCAL-70-00541
2026-08-10,INV-70-00542,900.10,Invoice,LOCAL-70-00542
2026-08-11,INV-70-00543,0.99,Invoice,LOCAL-70-00543
2026-08-12,INV-70-00544,250.00,Invoice,LOCAL-70-00544
2026-08-13,PAY-70-00545,-33.30,Payment,LOCAL-70-00545
2026-08-14,INV-70-00546,71.07,Invoice,LOCAL-70-00546
2026-08-15,INV-70-00547,125.75,Invoice,LOCAL-70-00547
2026-08-16,PAY-70-00548,-40.25,Payment,LOCAL-70-00548
2026-08-17,INV-70-00549,900.10,Invoice,LOCAL-70-00549
2026-08-18,INV-70-00550,0.99,Invoice,LOCAL-70-00550
2026-08-19,INV-70-00551,250.00,Invoice,LOCAL-70-00551
2026-08-20,PAY-70-00552,-33.30,Payment,LOCAL-70-00552
2026-08-21,INV-70-00553,71.07,Invoice,LOCAL-70-00553
2026-08-22,INV-70-00554,125.75,Invoice,LOCAL-70-00554
2026-08-23,PAY-70-00555,-40.25,Payment,LOCAL-70-00555
2026-08-24,INV-70-00556,900.10,Invoice,LOCAL-70-00556
2026-08-25,INV-70-00557,0.99,Invoice,LOCAL-70-00557
2026-08-26,INV-70-00558,250.00,Invoice,LOCAL-70-00558
2026-08-27,PAY-70-00559,-33.30,Payment,LOCAL-70-00559
2026-08-28,INV-70-00560,71.07,Invoice,LOCAL-70-00560
2026-08-01,INV-70-00561,125.75,Invoice,LOCAL-70-00561
2026-08-02,PAY-70-00562,-40.25,Payment,LOCAL-70-00562
2026-08-03,INV-70-00563,900.10,Invoice,LOCAL-70-00563
2026-08-04,INV-70-00564,0.99,Invoice,LOCAL-70-00564
2026-08-05,INV-70-00565,250.00,Invoice,LOCAL-70-00565
2026-08-06,PAY-70-00566,-33.30,Payment,LOCAL-70-00566
2026-08-07,INV-70-00567,71.07,Invoice,LOCAL-70-00567
2026-08-08,INV-70-00568,125.75,Invoice,LOCAL-70-00568
2026-08-09,PAY-70-00569,-40.25,Payment,LOCAL-70-00569
2026-08-10,INV-70-00570,900.10,Invoice,LOCAL-70-00570
2026-08-11,INV-70-00571,0.99,Invoice,LOCAL-70-00571
2026-08-12,INV-70-00572,250.00,Invoice,LOCAL-70-00572
2026-08-13,PAY-70-00573,-33.30,Payment,LOCAL-70-00573
2026-08-14,INV-70-00574,71.07,Invoice,LOCAL-70-00574
2026-08-15,INV-70-00575,125.75,Invoice,LOCAL-70-00575
2026-08-16,PAY-70-00576,-40.25,Payment,LOCAL-70-00576
2026-08-17,INV-70-00577,900.10,Invoice,LOCAL-70-00577
2026-08-18,INV-70-00578,0.99,Invoice,LOCAL-70-00578
2026-08-19,INV-70-00579,250.00,Invoice,LOCAL-70-00579
2026-08-20,PAY-70-00580,-33.30,Payment,LOCAL-70-00580
2026-08-21,INV-70-00581,71.07,Invoice,LOCAL-70-00581
2026-08-22,INV-70-00582,125.75,Invoice,LOCAL-70-00582
2026-08-23,PAY-70-00583,-40.25,Payment,LOCAL-70-00583
2026-08-24,INV-70-00584,900.10,Invoice,LOCAL-70-00584
2026-08-25,INV-70-00585,0.99,Invoice,LOCAL-70-00585
2026-08-26,INV-70-00586,250.00,Invoice,LOCAL-70-00586
2026-08-27,PAY-70-00587,-33.30,Payment,LOCAL-70-00587
2026-08-28,INV-70-00588,71.07,Invoice,LOCAL-70-00588
2026-08-01,INV-70-00589,125.75,Invoice,LOCAL-70-00589
2026-08-02,PAY-70-00590,-40.25,Payment,LOCAL-70-00590
2026-08-03,INV-70-00591,900.10,Invoice,LOCAL-70-00591
2026-08-04,INV-70-00592,0.99,Invoice,LOCAL-70-00592
2026-08-05,INV-70-00593,250.00,Invoice,LOCAL-70-00593
2026-08-06,PAY-70-00594,-33.30,Payment,LOCAL-70-00594
2026-08-07,INV-70-00595,71.07,Invoice,LOCAL-70-00595
2026-08-08,INV-70-00596,125.75,Invoice,LOCAL-70-00596
2026-08-09,PAY-70-00597,-40.25,Payment,LOCAL-70-00597
2026-08-10,INV-70-00598,900.10,Invoice,LOCAL-70-00598
2026-08-11,INV-70-00599,0.99,Invoice,LOCAL-70-00599
2026-08-12,INV-70-00600,250.00,Invoice,LOCAL-70-00600
2026-08-13,PAY-70-00601,-33.30,Payment,LOCAL-70-00601
2026-08-14,INV-70-00602,71.07,Invoice,LOCAL-70-00602
2026-08-15,INV-70-00603,125.75,Invoice,LOCAL-70-00603
2026-08-16,PAY-70-00604,-40.25,Payment,LOCAL-70-00604
2026-08-17,INV-70-00605,900.10,Invoice,LOCAL-70-00605
2026-08-18,INV-70-00606,0.99,Invoice,LOCAL-70-00606
2026-08-19,INV-70-00607,250.00,Invoice,LOCAL-70-00607
2026-08-20,PAY-70-00608,-33.30,Payment,LOCAL-70-00608
2026-08-21,INV-70-00609,71.07,Invoice,LOCAL-70-00609
2026-08-22,INV-70-00610,125.75,Invoice,LOCAL-70-00610
2026-08-23,PAY-70-00611,-40.25,Payment,LOCAL-70-00611
2026-08-24,INV-70-00612,900.10,Invoice,LOCAL-70-00612
2026-08-25,INV-70-00613,0.99,Invoice,LOCAL-70-00613
2026-08-26,INV-70-00614,250.00,Invoice,LOCAL-70-00614
2026-08-27,PAY-70-00615,-33.30,Payment,LOCAL-70-00615
2026-08-28,INV-70-00616,71.07,Invoice,LOCAL-70-00616
2026-08-01,INV-70-00617,125.75,Invoice,LOCAL-70-00617
2026-08-02,PAY-70-00618,-40.25,Payment,LOCAL-70-00618
2026-08-03,INV-70-00619,900.10,Invoice,LOCAL-70-00619
2026-08-04,INV-70-00620,0.99,Invoice,LOCAL-70-00620
2026-08-05,INV-70-00621,250.00,Invoice,LOCAL-70-00621
2026-08-06,PAY-70-00622,-33.30,Payment,LOCAL-70-00622
2026-08-07,INV-70-00623,71.07,Invoice,LOCAL-70-00623
2026-08-08,INV-70-00624,125.75,Invoice,LOCAL-70-00624
2026-08-09,PAY-70-00625,-40.25,Payment,LOCAL-70-00625
2026-08-10,INV-70-00626,900.10,Invoice,LOCAL-70-00626
2026-08-11,INV-70-00627,0.99,Invoice,LOCAL-70-00627
2026-08-12,INV-70-00628,250.00,Invoice,LOCAL-70-00628
2026-08-13,PAY-70-00629,-33.30,Payment,LOCAL-70-00629
2026-08-14,INV-70-00630,71.07,Invoice,LOCAL-70-00630
2026-08-15,INV-70-00631,125.75,Invoice,LOCAL-70-00631
2026-08-16,PAY-70-00632,-40.25,Payment,LOCAL-70-00632
2026-08-17,INV-70-00633,900.10,Invoice,LOCAL-70-00633
2026-08-18,INV-70-00634,0.99,Invoice,LOCAL-70-00634
2026-08-19,INV-70-00635,250.00,Invoice,LOCAL-70-00635
2026-08-20,PAY-70-00636,-33.30,Payment,LOCAL-70-00636
2026-08-21,INV-70-00637,71.07,Invoice,LOCAL-70-00637
2026-08-22,INV-70-00638,125.75,Invoice,LOCAL-70-00638
2026-08-23,PAY-70-00639,-40.25,Payment,LOCAL-70-00639
2026-08-24,INV-70-00640,900.10,Invoice,LOCAL-70-00640
2026-08-25,INV-70-00641,0.99,Invoice,LOCAL-70-00641
2026-08-26,INV-70-00642,250.00,Invoice,LOCAL-70-00642
2026-08-27,PAY-70-00643,-33.30,Payment,LOCAL-70-00643
2026-08-28,INV-70-00644,71.07,Invoice,LOCAL-70-00644
2026-08-01,INV-70-00645,125.75,Invoice,LOCAL-70-00645
2026-08-02,PAY-70-00646,-40.25,Payment,LOCAL-70-00646
2026-08-03,INV-70-00647,900.10,Invoice,LOCAL-70-00647
2026-08-04,INV-70-00648,0.99,Invoice,LOCAL-70-00648
2026-08-05,INV-70-00649,250.00,Invoice,LOCAL-70-00649
2026-08-06,PAY-70-00650,-33.30,Payment,LOCAL-70-00650
2026-08-07,INV-70-00651,71.07,Invoice,LOCAL-70-00651
2026-08-08,INV-70-00652,125.75,Invoice,LOCAL-70-00652
2026-08-09,PAY-70-00653,-40.25,Payment,LOCAL-70-00653
2026-08-10,INV-70-00654,900.10,Invoice,LOCAL-70-00654
2026-08-11,INV-70-00655,0.99,Invoice,LOCAL-70-00655
2026-08-12,INV-70-00656,250.00,Invoice,LOCAL-70-00656
2026-08-13,PAY-70-00657,-33.30,Payment,LOCAL-70-00657
2026-08-14,INV-70-00658,71.07,Invoice,LOCAL-70-00658
2026-08-15,INV-70-00659,125.75,Invoice,LOCAL-70-00659
2026-08-16,PAY-70-00660,-40.25,Payment,LOCAL-70-00660
2026-08-17,INV-70-00661,900.10,Invoice,LOCAL-70-00661
2026-08-18,INV-70-00662,0.99,Invoice,LOCAL-70-00662
2026-08-19,INV-70-00663,250.00,Invoice,LOCAL-70-00663
2026-08-20,PAY-70-00664,-33.30,Payment,LOCAL-70-00664
2026-08-21,INV-70-00665,71.07,Invoice,LOCAL-70-00665
2026-08-22,INV-70-00666,125.75,Invoice,LOCAL-70-00666
2026-08-23,PAY-70-00667,-40.25,Payment,LOCAL-70-00667
2026-08-24,INV-70-00668,900.10,Invoice,LOCAL-70-00668
2026-08-25,INV-70-00669,0.99,Invoice,LOCAL-70-00669
2026-08-26,INV-70-00670,250.00,Invoice,LOCAL-70-00670
2026-08-27,PAY-70-00671,-33.30,Payment,LOCAL-70-00671
2026-08-28,INV-70-00672,71.07,Invoice,LOCAL-70-00672
2026-08-01,INV-70-00673,125.75,Invoice,LOCAL-70-00673
2026-08-02,PAY-70-00674,-40.25,Payment,LOCAL-70-00674
2026-08-03,INV-70-00675,900.10,Invoice,LOCAL-70-00675
2026-08-04,INV-70-00676,0.99,Invoice,LOCAL-70-00676
2026-08-05,INV-70-00677,250.00,Invoice,LOCAL-70-00677
2026-08-06,PAY-70-00678,-33.30,Payment,LOCAL-70-00678
2026-08-07,INV-70-00679,71.07,Invoice,LOCAL-70-00679
2026-08-08,INV-70-00680,125.75,Invoice,LOCAL-70-00680
2026-08-09,PAY-70-00681,-40.25,Payment,LOCAL-70-00681
2026-08-10,INV-70-00682,900.10,Invoice,LOCAL-70-00682
2026-08-11,INV-70-00683,0.99,Invoice,LOCAL-70-00683
2026-08-12,INV-70-00684,250.00,Invoice,LOCAL-70-00684
2026-08-13,PAY-70-00685,-33.30,Payment,LOCAL-70-00685
2026-08-14,INV-70-00686,71.07,Invoice,LOCAL-70-00686
2026-08-15,INV-70-00687,125.75,Invoice,LOCAL-70-00687
2026-08-16,PAY-70-00688,-40.25,Payment,LOCAL-70-00688
2026-08-17,INV-70-00689,900.10,Invoice,LOCAL-70-00689
2026-08-18,INV-70-00690,0.99,Invoice,LOCAL-70-00690
2026-08-19,INV-70-00691,250.00,Invoice,LOCAL-70-00691
2026-08-20,PAY-70-00692,-33.30,Payment,LOCAL-70-00692
2026-08-21,INV-70-00693,71.07,Invoice,LOCAL-70-00693
2026-08-22,INV-70-00694,125.75,Invoice,LOCAL-70-00694
2026-08-23,PAY-70-00695,-40.25,Payment,LOCAL-70-00695
2026-08-24,INV-70-00696,900.10,Invoice,LOCAL-70-00696
2026-08-25,INV-70-00697,0.99,Invoice,LOCAL-70-00697
2026-08-26,INV-70-00698,250.00,Invoice,LOCAL-70-00698
2026-08-27,PAY-70-00699,-33.30,Payment,LOCAL-70-00699
2026-08-28,INV-70-00700,71.07,Invoice,LOCAL-70-00700
2026-08-01,INV-70-00701,125.75,Invoice,LOCAL-70-00701
2026-08-02,PAY-70-00702,-40.25,Payment,LOCAL-70-00702
2026-08-03,INV-70-00703,900.10,Invoice,LOCAL-70-00703
2026-08-04,INV-70-00704,0.99,Invoice,LOCAL-70-00704
2026-08-05,INV-70-00705,250.00,Invoice,LOCAL-70-00705
2026-08-06,PAY-70-00706,-33.30,Payment,LOCAL-70-00706
2026-08-07,INV-70-00707,71.07,Invoice,LOCAL-70-00707
2026-08-08,INV-70-00708,125.75,Invoice,LOCAL-70-00708
2026-08-09,PAY-70-00709,-40.25,Payment,LOCAL-70-00709
2026-08-10,INV-70-00710,900.10,Invoice,LOCAL-70-00710
2026-08-11,INV-70-00711,0.99,Invoice,LOCAL-70-00711
2026-08-12,INV-70-00712,250.00,Invoice,LOCAL-70-00712
2026-08-13,PAY-70-00713,-33.30,Payment,LOCAL-70-00713
2026-08-14,INV-70-00714,71.07,Invoice,LOCAL-70-00714
2026-08-15,INV-70-00715,125.75,Invoice,LOCAL-70-00715
2026-08-16,PAY-70-00716,-40.25,Payment,LOCAL-70-00716
2026-08-17,INV-70-00717,900.10,Invoice,LOCAL-70-00717
2026-08-18,INV-70-00718,0.99,Invoice,LOCAL-70-00718
2026-08-19,INV-70-00719,250.00,Invoice,LOCAL-70-00719
2026-08-20,PAY-70-00720,-33.30,Payment,LOCAL-70-00720
2026-08-21,INV-70-00721,71.07,Invoice,LOCAL-70-00721
2026-08-22,INV-70-00722,125.75,Invoice,LOCAL-70-00722
2026-08-23,PAY-70-00723,-40.25,Payment,LOCAL-70-00723
2026-08-24,INV-70-00724,900.10,Invoice,LOCAL-70-00724
2026-08-25,INV-70-00725,0.99,Invoice,LOCAL-70-00725
2026-08-26,INV-70-00726,250.00,Invoice,LOCAL-70-00726
2026-08-27,PAY-70-00727,-33.30,Payment,LOCAL-70-00727
2026-08-28,INV-70-00728,71.07,Invoice,LOCAL-70-00728
2026-08-01,INV-70-00729,125.75,Invoice,LOCAL-70-00729
2026-08-02,PAY-70-00730,-40.25,Payment,LOCAL-70-00730
2026-08-03,INV-70-00731,900.10,Invoice,LOCAL-70-00731
2026-08-04,INV-70-00732,0.99,Invoice,LOCAL-70-00732
2026-08-05,INV-70-00733,250.00,Invoice,LOCAL-70-00733
2026-08-06,PAY-70-00734,-33.30,Payment,LOCAL-70-00734
2026-08-07,INV-70-00735,71.07,Invoice,LOCAL-70-00735
2026-08-08,INV-70-00736,125.75,Invoice,LOCAL-70-00736
2026-08-09,PAY-70-00737,-40.25,Payment,LOCAL-70-00737
2026-08-10,INV-70-00738,900.10,Invoice,LOCAL-70-00738
2026-08-11,INV-70-00739,0.99,Invoice,LOCAL-70-00739
2026-08-12,INV-70-00740,250.00,Invoice,LOCAL-70-00740
2026-08-13,PAY-70-00741,-33.30,Payment,LOCAL-70-00741
2026-08-14,INV-70-00742,71.07,Invoice,LOCAL-70-00742
2026-08-15,INV-70-00743,125.75,Invoice,LOCAL-70-00743
2026-08-16,PAY-70-00744,-40.25,Payment,LOCAL-70-00744
2026-08-17,INV-70-00745,900.10,Invoice,LOCAL-70-00745
2026-08-18,INV-70-00746,0.99,Invoice,LOCAL-70-00746
2026-08-19,INV-70-00747,250.00,Invoice,LOCAL-70-00747
2026-08-20,PAY-70-00748,-33.30,Payment,LOCAL-70-00748
2026-08-21,INV-70-00749,71.07,Invoice,LOCAL-70-00749
2026-08-22,INV-70-00750,125.75,Invoice,LOCAL-70-00750
2026-08-23,PAY-70-00751,-40.25,Payment,LOCAL-70-00751
2026-08-24,INV-70-00752,900.10,Invoice,LOCAL-70-00752
2026-08-25,INV-70-00753,0.99,Invoice,LOCAL-70-00753
2026-08-26,INV-70-00754,250.00,Invoice,LOCAL-70-00754
2026-08-27,PAY-70-00755,-33.30,Payment,LOCAL-70-00755
2026-08-28,INV-70-00756,71.07,Invoice,LOCAL-70-00756
2026-08-01,INV-70-00757,125.75,Invoice,LOCAL-70-00757
2026-08-02,PAY-70-00758,-40.25,Payment,LOCAL-70-00758
2026-08-03,INV-70-00759,900.10,Invoice,LOCAL-70-00759
2026-08-04,INV-70-00760,0.99,Invoice,LOCAL-70-00760
2026-08-05,INV-70-00761,250.00,Invoice,LOCAL-70-00761
2026-08-06,PAY-70-00762,-33.30,Payment,LOCAL-70-00762
2026-08-07,INV-70-00763,71.07,Invoice,LOCAL-70-00763
2026-08-08,INV-70-00764,125.75,Invoice,LOCAL-70-00764
2026-08-09,PAY-70-00765,-40.25,Payment,LOCAL-70-00765
2026-08-10,INV-70-00766,900.10,Invoice,LOCAL-70-00766
2026-08-11,INV-70-00767,0.99,Invoice,LOCAL-70-00767
2026-08-12,INV-70-00768,250.00,Invoice,LOCAL-70-00768
2026-08-13,PAY-70-00769,-33.30,Payment,LOCAL-70-00769
2026-08-14,INV-70-00770,71.07,Invoice,LOCAL-70-00770
2026-08-15,INV-70-00771,125.75,Invoice,LOCAL-70-00771
2026-08-16,PAY-70-00772,-40.25,Payment,LOCAL-70-00772
2026-08-17,INV-70-00773,900.10,Invoice,LOCAL-70-00773
2026-08-18,INV-70-00774,0.99,Invoice,LOCAL-70-00774
2026-08-19,INV-70-00775,250.00,Invoice,LOCAL-70-00775
2026-08-20,PAY-70-00776,-33.30,Payment,LOCAL-70-00776
2026-08-21,INV-70-00777,71.07,Invoice,LOCAL-70-00777
2026-08-22,INV-70-00778,125.75,Invoice,LOCAL-70-00778
2026-08-23,PAY-70-00779,-40.25,Payment,LOCAL-70-00779
2026-08-24,INV-70-00780,900.10,Invoice,LOCAL-70-00780
2026-08-25,INV-70-00781,0.99,Invoice,LOCAL-70-00781
2026-08-26,INV-70-00782,250.00,Invoice,LOCAL-70-00782
2026-08-27,PAY-70-00783,-33.30,Payment,LOCAL-70-00783
2026-08-28,INV-70-00784,71.07,Invoice,LOCAL-70-00784
2026-08-01,INV-70-00785,125.75,Invoice,LOCAL-70-00785
2026-08-02,PAY-70-00786,-40.25,Payment,LOCAL-70-00786
2026-08-03,INV-70-00787,900.10,Invoice,LOCAL-70-00787
2026-08-04,INV-70-00788,0.99,Invoice,LOCAL-70-00788
2026-08-05,INV-70-00789,250.00,Invoice,LOCAL-70-00789
2026-08-06,PAY-70-00790,-33.30,Payment,LOCAL-70-00790
2026-08-07,INV-70-00791,71.07,Invoice,LOCAL-70-00791
2026-08-08,INV-70-00792,125.75,Invoice,LOCAL-70-00792
2026-08-09,PAY-70-00793,-40.25,Payment,LOCAL-70-00793
2026-08-10,INV-70-00794,900.10,Invoice,LOCAL-70-00794
2026-08-11,INV-70-00795,0.99,Invoice,LOCAL-70-00795
2026-08-12,INV-70-00796,250.00,Invoice,LOCAL-70-00796
2026-08-13,PAY-70-00797,-33.30,Payment,LOCAL-70-00797
2026-08-14,INV-70-00798,71.07,Invoice,LOCAL-70-00798
2026-08-15,INV-70-00799,125.75,Invoice,LOCAL-70-00799
2026-08-16,PAY-70-00800,-40.25,Payment,LOCAL-70-00800
2026-08-17,INV-70-00801,900.10,Invoice,LOCAL-70-00801
2026-08-18,INV-70-00802,0.99,Invoice,LOCAL-70-00802
2026-08-19,INV-70-00803,250.00,Invoice,LOCAL-70-00803
2026-08-20,PAY-70-00804,-33.30,Payment,LOCAL-70-00804
2026-08-21,INV-70-00805,71.07,Invoice,LOCAL-70-00805
2026-08-22,INV-70-00806,125.75,Invoice,LOCAL-70-00806
2026-08-23,PAY-70-00807,-40.25,Payment,LOCAL-70-00807
2026-08-24,INV-70-00808,900.10,Invoice,LOCAL-70-00808
2026-08-25,INV-70-00809,0.99,Invoice,LOCAL-70-00809
2026-08-26,INV-70-00810,250.00,Invoice,LOCAL-70-00810
2026-08-27,PAY-70-00811,-33.30,Payment,LOCAL-70-00811
2026-08-28,INV-70-00812,71.07,Invoice,LOCAL-70-00812
2026-08-01,INV-70-00813,125.75,Invoice,LOCAL-70-00813
2026-08-02,PAY-70-00814,-40.25,Payment,LOCAL-70-00814
2026-08-03,INV-70-00815,900.10,Invoice,LOCAL-70-00815
2026-08-04,INV-70-00816,0.99,Invoice,LOCAL-70-00816
2026-08-05,INV-70-00817,250.00,Invoice,LOCAL-70-00817
2026-08-06,PAY-70-00818,-33.30,Payment,LOCAL-70-00818
2026-08-07,INV-70-00819,71.07,Invoice,LOCAL-70-00819
2026-08-08,INV-70-00820,125.75,Invoice,LOCAL-70-00820
2026-08-09,PAY-70-00821,-40.25,Payment,LOCAL-70-00821
2026-08-10,INV-70-00822,900.10,Invoice,LOCAL-70-00822
2026-08-11,INV-70-00823,0.99,Invoice,LOCAL-70-00823
2026-08-12,INV-70-00824,250.00,Invoice,LOCAL-70-00824
2026-08-13,PAY-70-00825,-33.30,Payment,LOCAL-70-00825
2026-08-14,INV-70-00826,71.07,Invoice,LOCAL-70-00826
2026-08-15,INV-70-00827,125.75,Invoice,LOCAL-70-00827
2026-08-16,PAY-70-00828,-40.25,Payment,LOCAL-70-00828
2026-08-17,INV-70-00829,900.10,Invoice,LOCAL-70-00829
2026-08-18,INV-70-00830,0.99,Invoice,LOCAL-70-00830
2026-08-19,INV-70-00831,250.00,Invoice,LOCAL-70-00831
2026-08-20,PAY-70-00832,-33.30,Payment,LOCAL-70-00832
2026-08-21,INV-70-00833,71.07,Invoice,LOCAL-70-00833
2026-08-22,INV-70-00834,125.75,Invoice,LOCAL-70-00834
2026-08-23,PAY-70-00835,-40.25,Payment,LOCAL-70-00835
2026-08-24,INV-70-00836,900.10,Invoice,LOCAL-70-00836
2026-08-25,INV-70-00837,0.99,Invoice,LOCAL-70-00837
2026-08-26,INV-70-00838,250.00,Invoice,LOCAL-70-00838
2026-08-27,PAY-70-00839,-33.30,Payment,LOCAL-70-00839
2026-08-28,INV-70-00840,71.07,Invoice,LOCAL-70-00840
2026-08-01,INV-70-00841,125.75,Invoice,LOCAL-70-00841
2026-08-02,PAY-70-00842,-40.25,Payment,LOCAL-70-00842
2026-08-03,INV-70-00843,900.10,Invoice,LOCAL-70-00843
2026-08-04,INV-70-00844,0.99,Invoice,LOCAL-70-00844
2026-08-05,INV-70-00845,250.00,Invoice,LOCAL-70-00845
2026-08-06,PAY-70-00846,-33.30,Payment,LOCAL-70-00846
2026-08-07,INV-70-00847,71.07,Invoice,LOCAL-70-00847
2026-08-08,INV-70-00848,125.75,Invoice,LOCAL-70-00848
2026-08-09,PAY-70-00849,-40.25,Payment,LOCAL-70-00849
2026-08-10,INV-70-00850,900.10,Invoice,LOCAL-70-00850
2026-08-11,INV-70-00851,0.99,Invoice,LOCAL-70-00851
2026-08-12,INV-70-00852,250.00,Invoice,LOCAL-70-00852
2026-08-13,PAY-70-00853,-33.30,Payment,LOCAL-70-00853
2026-08-14,INV-70-00854,71.07,Invoice,LOCAL-70-00854
2026-08-15,INV-70-00855,125.75,Invoice,LOCAL-70-00855
2026-08-16,PAY-70-00856,-40.25,Payment,LOCAL-70-00856
2026-08-17,INV-70-00857,900.10,Invoice,LOCAL-70-00857
2026-08-18,INV-70-00858,0.99,Invoice,LOCAL-70-00858
2026-08-19,INV-70-00859,250.00,Invoice,LOCAL-70-00859
2026-08-20,PAY-70-00860,-33.30,Payment,LOCAL-70-00860
2026-08-21,INV-70-00861,71.07,Invoice,LOCAL-70-00861
2026-08-22,INV-70-00862,125.75,Invoice,LOCAL-70-00862
2026-08-23,PAY-70-00863,-40.25,Payment,LOCAL-70-00863
2026-08-24,INV-70-00864,900.10,Invoice,LOCAL-70-00864
2026-08-25,INV-70-00865,0.99,Invoice,LOCAL-70-00865
2026-08-26,INV-70-00866,250.00,Invoice,LOCAL-70-00866
2026-08-27,PAY-70-00867,-33.30,Payment,LOCAL-70-00867
2026-08-28,INV-70-00868,71.07,Invoice,LOCAL-70-00868
2026-08-01,INV-70-00869,125.75,Invoice,LOCAL-70-00869
2026-08-02,PAY-70-00870,-40.25,Payment,LOCAL-70-00870
2026-08-03,INV-70-00871,900.10,Invoice,LOCAL-70-00871
2026-08-04,INV-70-00872,0.99,Invoice,LOCAL-70-00872
2026-08-05,INV-70-00873,250.00,Invoice,LOCAL-70-00873
2026-08-06,PAY-70-00874,-33.30,Payment,LOCAL-70-00874
2026-08-07,INV-70-00875,71.07,Invoice,LOCAL-70-00875
2026-08-08,INV-70-00876,125.75,Invoice,LOCAL-70-00876
2026-08-09,PAY-70-00877,-40.25,Payment,LOCAL-70-00877
2026-08-10,INV-70-00878,900.10,Invoice,LOCAL-70-00878
2026-08-11,INV-70-00879,0.99,Invoice,LOCAL-70-00879
2026-08-12,INV-70-00880,250.00,Invoice,LOCAL-70-00880
2026-08-13,PAY-70-00881,-33.30,Payment,LOCAL-70-00881
2026-08-14,INV-70-00882,71.07,Invoice,LOCAL-70-00882
2026-08-15,INV-70-00883,125.75,Invoice,LOCAL-70-00883
2026-08-16,PAY-70-00884,-40.25,Payment,LOCAL-70-00884
2026-08-17,INV-70-00885,900.10,Invoice,LOCAL-70-00885
2026-08-18,INV-70-00886,0.99,Invoice,LOCAL-70-00886
2026-08-19,INV-70-00887,250.00,Invoice,LOCAL-70-00887
2026-08-20,PAY-70-00888,-33.30,Payment,LOCAL-70-00888
2026-08-21,INV-70-00889,71.07,Invoice,LOCAL-70-00889
2026-08-22,INV-70-00890,125.75,Invoice,LOCAL-70-00890
2026-08-23,PAY-70-00891,-40.25,Payment,LOCAL-70-00891
2026-08-24,INV-70-00892,900.10,Invoice,LOCAL-70-00892
2026-08-25,INV-70-00893,0.99,Invoice,LOCAL-70-00893
2026-08-26,INV-70-00894,250.00,Invoice,LOCAL-70-00894
2026-08-27,PAY-70-00895,-33.30,Payment,LOCAL-70-00895
2026-08-28,INV-70-00896,71.07,Invoice,LOCAL-70-00896
2026-08-01,INV-70-00897,125.75,Invoice,LOCAL-70-00897
2026-08-02,PAY-70-00898,-40.25,Payment,LOCAL-70-00898
2026-08-03,INV-70-00899,900.10,Invoice,LOCAL-70-00899
2026-08-04,INV-70-00900,0.99,Invoice,LOCAL-70-00900
2026-08-05,INV-70-00901,250.00,Invoice,LOCAL-70-00901
2026-08-06,PAY-70-00902,-33.30,Payment,LOCAL-70-00902
2026-08-07,INV-70-00903,71.07,Invoice,LOCAL-70-00903
2026-08-08,INV-70-00904,125.75,Invoice,LOCAL-70-00904
2026-08-09,PAY-70-00905,-40.25,Payment,LOCAL-70-00905
2026-08-10,INV-70-00906,900.10,Invoice,LOCAL-70-00906
2026-08-11,INV-70-00907,0.99,Invoice,LOCAL-70-00907
2026-08-12,INV-70-00908,250.00,Invoice,LOCAL-70-00908
2026-08-13,PAY-70-00909,-33.30,Payment,LOCAL-70-00909
2026-08-14,INV-70-00910,71.07,Invoice,LOCAL-70-00910
2026-08-15,INV-70-00911,125.75,Invoice,LOCAL-70-00911
2026-08-16,PAY-70-00912,-40.25,Payment,LOCAL-70-00912
2026-08-17,INV-70-00913,900.10,Invoice,LOCAL-70-00913
2026-08-18,INV-70-00914,0.99,Invoice,LOCAL-70-00914
2026-08-19,INV-70-00915,250.00,Invoice,LOCAL-70-00915
2026-08-20,PAY-70-00916,-33.30,Payment,LOCAL-70-00916
2026-08-21,INV-70-00917,71.07,Invoice,LOCAL-70-00917
2026-08-22,INV-70-00918,125.75,Invoice,LOCAL-70-00918
2026-08-23,PAY-70-00919,-40.25,Payment,LOCAL-70-00919
2026-08-24,INV-70-00920,900.10,Invoice,LOCAL-70-00920
2026-08-25,INV-70-00921,0.99,Invoice,LOCAL-70-00921
2026-08-26,INV-70-00922,250.00,Invoice,LOCAL-70-00922
2026-08-27,PAY-70-00923,-33.30,Payment,LOCAL-70-00923
2026-08-28,INV-70-00924,71.07,Invoice,LOCAL-70-00924
2026-08-01,INV-70-00925,125.75,Invoice,LOCAL-70-00925
2026-08-02,PAY-70-00926,-40.25,Payment,LOCAL-70-00926
2026-08-03,INV-70-00927,900.10,Invoice,LOCAL-70-00927
2026-08-04,INV-70-00928,0.99,Invoice,LOCAL-70-00928
2026-08-05,INV-70-00929,250.00,Invoice,LOCAL-70-00929
2026-08-06,PAY-70-00930,-33.30,Payment,LOCAL-70-00930
2026-08-07,INV-70-00931,71.07,Invoice,LOCAL-70-00931
2026-08-08,INV-70-00932,125.75,Invoice,LOCAL-70-00932
2026-08-09,PAY-70-00933,-40.25,Payment,LOCAL-70-00933
2026-08-10,INV-70-00934,900.10,Invoice,LOCAL-70-00934
2026-08-11,INV-70-00935,0.99,Invoice,LOCAL-70-00935
2026-08-12,INV-70-00936,250.00,Invoice,LOCAL-70-00936
2026-08-13,PAY-70-00937,-33.30,Payment,LOCAL-70-00937
2026-08-14,INV-70-00938,71.07,Invoice,LOCAL-70-00938
2026-08-15,INV-70-00939,125.75,Invoice,LOCAL-70-00939
2026-08-16,PAY-70-00940,-40.25,Payment,LOCAL-70-00940
2026-08-17,INV-70-00941,900.10,Invoice,LOCAL-70-00941
2026-08-18,INV-70-00942,0.99,Invoice,LOCAL-70-00942
2026-08-19,INV-70-00943,250.00,Invoice,LOCAL-70-00943
2026-08-20,PAY-70-00944,-33.30,Payment,LOCAL-70-00944
2026-08-21,INV-70-00945,71.07,Invoice,LOCAL-70-00945
2026-08-22,INV-70-00946,125.75,Invoice,LOCAL-70-00946
2026-08-23,PAY-70-00947,-40.25,Payment,LOCAL-70-00947
2026-08-24,INV-70-00948,900.10,Invoice,LOCAL-70-00948
2026-08-25,INV-70-00949,0.99,Invoice,LOCAL-70-00949
2026-08-26,INV-70-00950,250.00,Invoice,LOCAL-70-00950
2026-08-27,PAY-70-00951,-33.30,Payment,LOCAL-70-00951
2026-08-28,INV-70-00952,71.07,Invoice,LOCAL-70-00952
2026-08-01,INV-70-00953,125.75,Invoice,LOCAL-70-00953
2026-08-02,PAY-70-00954,-40.25,Payment,LOCAL-70-00954
2026-08-03,INV-70-00955,900.10,Invoice,LOCAL-70-00955
2026-08-04,INV-70-00956,0.99,Invoice,LOCAL-70-00956
2026-08-05,INV-70-00957,250.00,Invoice,LOCAL-70-00957
2026-08-06,PAY-70-00958,-33.30,Payment,LOCAL-70-00958
2026-08-07,INV-70-00959,71.07,Invoice,LOCAL-70-00959
2026-08-08,INV-70-00960,125.75,Invoice,LOCAL-70-00960
2026-08-09,PAY-70-00961,-40.25,Payment,LOCAL-70-00961
2026-08-10,INV-70-00962,900.10,Invoice,LOCAL-70-00962
2026-08-11,INV-70-00963,0.99,Invoice,LOCAL-70-00963
2026-08-12,INV-70-00964,250.00,Invoice,LOCAL-70-00964
2026-08-13,PAY-70-00965,-33.30,Payment,LOCAL-70-00965
2026-08-14,INV-70-00966,71.07,Invoice,LOCAL-70-00966
2026-08-15,INV-70-00967,125.75,Invoice,LOCAL-70-00967
2026-08-16,PAY-70-00968,-40.25,Payment,LOCAL-70-00968
2026-08-17,INV-70-00969,900.10,Invoice,LOCAL-70-00969
2026-08-18,INV-70-00970,0.99,Invoice,LOCAL-70-00970
2026-08-19,INV-70-00971,250.00,Invoice,LOCAL-70-00971
2026-08-20,PAY-70-00972,-33.30,Payment,LOCAL-70-00972
2026-08-21,INV-70-00973,71.07,Invoice,LOCAL-70-00973
2026-08-22,INV-70-00974,125.75,Invoice,LOCAL-70-00974
2026-08-23,PAY-70-00975,-40.25,Payment,LOCAL-70-00975
2026-08-24,INV-70-00976,900.10,Invoice,LOCAL-70-00976
2026-08-25,INV-70-00977,0.99,Invoice,LOCAL-70-00977
2026-08-26,INV-70-00978,250.00,Invoice,LOCAL-70-00978
2026-08-27,PAY-70-00979,-33.30,Payment,LOCAL-70-00979
2026-08-28,INV-70-00980,71.07,Invoice,LOCAL-70-00980
2026-08-01,INV-70-00981,125.75,Invoice,LOCAL-70-00981
2026-08-02,PAY-70-00982,-40.25,Payment,LOCAL-70-00982
2026-08-03,INV-70-00983,900.10,Invoice,LOCAL-70-00983
2026-08-04,INV-70-00984,0.99,Invoice,LOCAL-70-00984
2026-08-05,INV-70-00985,250.00,Invoice,LOCAL-70-00985
2026-08-06,PAY-70-00986,-33.30,Payment,LOCAL-70-00986
2026-08-07,INV-70-00987,71.07,Invoice,LOCAL-70-00987
2026-08-08,INV-70-00988,125.75,Invoice,LOCAL-70-00988
2026-08-09,PAY-70-00989,-40.25,Payment,LOCAL-70-00989
2026-08-10,INV-70-00990,900.10,Invoice,LOCAL-70-00990
2026-08-11,INV-70-00991,0.99,Invoice,LOCAL-70-00991
2026-08-12,INV-70-00992,250.00,Invoice,LOCAL-70-00992
2026-08-13,PAY-70-00993,-33.30,Payment,LOCAL-70-00993
2026-08-14,INV-70-00994,71.07,Invoice,LOCAL-70-00994
2026-08-15,INV-70-00995,125.75,Invoice,LOCAL-70-00995
2026-08-16,PAY-70-00996,-40.25,Payment,LOCAL-70-00996
2026-08-17,INV-70-00997,900.10,Invoice,LOCAL-70-00997
2026-08-18,INV-70-00998,0.99,Invoice,LOCAL-70-00998
2026-08-19,INV-70-00999,250.00,Invoice,LOCAL-70-00999
2026-08-20,PAY-70-01000,-33.30,Payment,LOCAL-70-01000
2026-08-21,INV-70-01001,71.07,Invoice,LOCAL-70-01001
2026-08-22,INV-70-01002,125.75,Invoice,LOCAL-70-01002
2026-08-23,PAY-70-01003,-40.25,Payment,LOCAL-70-01003
2026-08-24,INV-70-01004,900.10,Invoice,LOCAL-70-01004
2026-08-25,INV-70-01005,0.99,Invoice,LOCAL-70-01005
2026-08-26,INV-70-01006,250.00,Invoice,LOCAL-70-01006
2026-08-27,PAY-70-01007,-33.30,Payment,LOCAL-70-01007
2026-08-28,INV-70-01008,71.07,Invoice,LOCAL-70-01008
2026-08-01,INV-70-01009,125.75,Invoice,LOCAL-70-01009
2026-08-02,PAY-70-01010,-40.25,Payment,LOCAL-70-01010
2026-08-03,INV-70-01011,900.10,Invoice,LOCAL-70-01011
2026-08-04,INV-70-01012,0.99,Invoice,LOCAL-70-01012
2026-08-05,INV-70-01013,250.00,Invoice,LOCAL-70-01013
2026-08-06,PAY-70-01014,-33.30,Payment,LOCAL-70-01014
2026-08-07,INV-70-01015,71.07,Invoice,LOCAL-70-01015
2026-08-08,INV-70-01016,125.75,Invoice,LOCAL-70-01016
2026-08-09,PAY-70-01017,-40.25,Payment,LOCAL-70-01017
2026-08-10,INV-70-01018,900.10,Invoice,LOCAL-70-01018
2026-08-11,INV-70-01019,0.99,Invoice,LOCAL-70-01019
2026-08-12,INV-70-01020,250.00,Invoice,LOCAL-70-01020
2026-08-13,PAY-70-01021,-33.30,Payment,LOCAL-70-01021
2026-08-14,INV-70-01022,71.07,Invoice,LOCAL-70-01022
2026-08-15,INV-70-01023,125.75,Invoice,LOCAL-70-01023
2026-08-16,PAY-70-01024,-40.25,Payment,LOCAL-70-01024
2026-08-17,INV-70-01025,900.10,Invoice,LOCAL-70-01025
2026-08-18,INV-70-01026,0.99,Invoice,LOCAL-70-01026
2026-08-19,INV-70-01027,250.00,Invoice,LOCAL-70-01027
2026-08-20,PAY-70-01028,-33.30,Payment,LOCAL-70-01028
2026-08-21,INV-70-01029,71.07,Invoice,LOCAL-70-01029
2026-08-22,INV-70-01030,125.75,Invoice,LOCAL-70-01030
2026-08-23,PAY-70-01031,-40.25,Payment,LOCAL-70-01031
2026-08-24,INV-70-01032,900.10,Invoice,LOCAL-70-01032
2026-08-25,INV-70-01033,0.99,Invoice,LOCAL-70-01033
2026-08-26,INV-70-01034,250.00,Invoice,LOCAL-70-01034
2026-08-27,PAY-70-01035,-33.30,Payment,LOCAL-70-01035
2026-08-28,INV-70-01036,71.07,Invoice,LOCAL-70-01036
2026-08-01,INV-70-01037,125.75,Invoice,LOCAL-70-01037
2026-08-02,PAY-70-01038,-40.25,Payment,LOCAL-70-01038
2026-08-03,INV-70-01039,900.10,Invoice,LOCAL-70-01039
2026-08-04,INV-70-01040,0.99,Invoice,LOCAL-70-01040
2026-08-05,INV-70-01041,250.00,Invoice,LOCAL-70-01041
2026-08-06,PAY-70-01042,-33.30,Payment,LOCAL-70-01042
2026-08-07,INV-70-01043,71.07,Invoice,LOCAL-70-01043
2026-08-08,INV-70-01044,125.75,Invoice,LOCAL-70-01044
2026-08-09,PAY-70-01045,-40.25,Payment,LOCAL-70-01045
2026-08-10,INV-70-01046,900.10,Invoice,LOCAL-70-01046
2026-08-11,INV-70-01047,0.99,Invoice,LOCAL-70-01047
2026-08-12,INV-70-01048,250.00,Invoice,LOCAL-70-01048
2026-08-13,PAY-70-01049,-33.30,Payment,LOCAL-70-01049
2026-08-14,INV-70-01050,71.07,Invoice,LOCAL-70-01050
2026-08-15,INV-70-01051,125.75,Invoice,LOCAL-70-01051
2026-08-16,PAY-70-01052,-40.25,Payment,LOCAL-70-01052
2026-08-17,INV-70-01053,900.10,Invoice,LOCAL-70-01053
2026-08-18,INV-70-01054,0.99,Invoice,LOCAL-70-01054
2026-08-19,INV-70-01055,250.00,Invoice,LOCAL-70-01055
2026-08-20,PAY-70-01056,-33.30,Payment,LOCAL-70-01056
2026-08-21,INV-70-01057,71.07,Invoice,LOCAL-70-01057
2026-08-22,INV-70-01058,125.75,Invoice,LOCAL-70-01058
2026-08-23,PAY-70-01059,-40.25,Payment,LOCAL-70-01059
2026-08-24,INV-70-01060,900.10,Invoice,LOCAL-70-01060
2026-08-25,INV-70-01061,0.99,Invoice,LOCAL-70-01061
2026-08-26,INV-70-01062,250.00,Invoice,LOCAL-70-01062
2026-08-27,PAY-70-01063,-33.30,Payment,LOCAL-70-01063
2026-08-28,INV-70-01064,71.07,Invoice,LOCAL-70-01064
2026-08-01,INV-70-01065,125.75,Invoice,LOCAL-70-01065
2026-08-02,PAY-70-01066,-40.25,Payment,LOCAL-70-01066
2026-08-03,INV-70-01067,900.10,Invoice,LOCAL-70-01067
2026-08-04,INV-70-01068,0.99,Invoice,LOCAL-70-01068
2026-08-05,INV-70-01069,250.00,Invoice,LOCAL-70-01069
2026-08-06,PAY-70-01070,-33.30,Payment,LOCAL-70-01070
2026-08-07,INV-70-01071,71.07,Invoice,LOCAL-70-01071
2026-08-08,INV-70-01072,125.75,Invoice,LOCAL-70-01072
2026-08-09,PAY-70-01073,-40.25,Payment,LOCAL-70-01073
2026-08-10,INV-70-01074,900.10,Invoice,LOCAL-70-01074
2026-08-11,INV-70-01075,0.99,Invoice,LOCAL-70-01075
2026-08-12,INV-70-01076,250.00,Invoice,LOCAL-70-01076
2026-08-13,PAY-70-01077,-33.30,Payment,LOCAL-70-01077
2026-08-14,INV-70-01078,71.07,Invoice,LOCAL-70-01078
2026-08-15,INV-70-01079,125.75,Invoice,LOCAL-70-01079
2026-08-16,PAY-70-01080,-40.25,Payment,LOCAL-70-01080
2026-08-17,INV-70-01081,900.10,Invoice,LOCAL-70-01081
2026-08-18,INV-70-01082,0.99,Invoice,LOCAL-70-01082
2026-08-19,INV-70-01083,250.00,Invoice,LOCAL-70-01083
2026-08-20,PAY-70-01084,-33.30,Payment,LOCAL-70-01084
2026-08-21,INV-70-01085,71.07,Invoice,LOCAL-70-01085
2026-08-22,INV-70-01086,125.75,Invoice,LOCAL-70-01086
2026-08-23,PAY-70-01087,-40.25,Payment,LOCAL-70-01087
2026-08-24,INV-70-01088,900.10,Invoice,LOCAL-70-01088
2026-08-25,INV-70-01089,0.99,Invoice,LOCAL-70-01089
2026-08-26,INV-70-01090,250.00,Invoice,LOCAL-70-01090
2026-08-27,PAY-70-01091,-33.30,Payment,LOCAL-70-01091
2026-08-28,INV-70-01092,71.07,Invoice,LOCAL-70-01092
2026-08-01,INV-70-01093,125.75,Invoice,LOCAL-70-01093
2026-08-02,PAY-70-01094,-40.25,Payment,LOCAL-70-01094
2026-08-03,INV-70-01095,900.10,Invoice,LOCAL-70-01095
2026-08-04,INV-70-01096,0.99,Invoice,LOCAL-70-01096
2026-08-05,INV-70-01097,250.00,Invoice,LOCAL-70-01097
2026-08-06,PAY-70-01098,-33.30,Payment,LOCAL-70-01098
2026-08-07,INV-70-01099,71.07,Invoice,LOCAL-70-01099
2026-08-08,INV-70-01100,125.75,Invoice,LOCAL-70-01100
2026-08-09,PAY-70-01101,-40.25,Payment,LOCAL-70-01101
2026-08-10,INV-70-01102,900.10,Invoice,LOCAL-70-01102
2026-08-11,INV-70-01103,0.99,Invoice,LOCAL-70-01103
2026-08-12,INV-70-01104,250.00,Invoice,LOCAL-70-01104
2026-08-13,PAY-70-01105,-33.30,Payment,LOCAL-70-01105
2026-08-14,INV-70-01106,71.07,Invoice,LOCAL-70-01106
2026-08-15,INV-70-01107,125.75,Invoice,LOCAL-70-01107
2026-08-16,PAY-70-01108,-40.25,Payment,LOCAL-70-01108
2026-08-17,INV-70-01109,900.10,Invoice,LOCAL-70-01109
2026-08-18,INV-70-01110,0.99,Invoice,LOCAL-70-01110
2026-08-19,INV-70-01111,250.00,Invoice,LOCAL-70-01111
2026-08-20,PAY-70-01112,-33.30,Payment,LOCAL-70-01112
2026-08-21,INV-70-01113,71.07,Invoice,LOCAL-70-01113
2026-08-22,INV-70-01114,125.75,Invoice,LOCAL-70-01114
2026-08-23,PAY-70-01115,-40.25,Payment,LOCAL-70-01115
2026-08-24,INV-70-01116,900.10,Invoice,LOCAL-70-01116
2026-08-25,INV-70-01117,0.99,Invoice,LOCAL-70-01117
2026-08-26,INV-70-01118,250.00,Invoice,LOCAL-70-01118
2026-08-27,PAY-70-01119,-33.30,Payment,LOCAL-70-01119
2026-08-28,INV-70-01120,71.07,Invoice,LOCAL-70-01120
2026-08-01,INV-70-01121,125.75,Invoice,LOCAL-70-01121
2026-08-02,PAY-70-01122,-40.25,Payment,LOCAL-70-01122
2026-08-03,INV-70-01123,900.10,Invoice,LOCAL-70-01123
2026-08-04,INV-70-01124,0.99,Invoice,LOCAL-70-01124
2026-08-05,INV-70-01125,250.00,Invoice,LOCAL-70-01125
2026-08-06,PAY-70-01126,-33.30,Payment,LOCAL-70-01126
2026-08-07,INV-70-01127,71.07,Invoice,LOCAL-70-01127
2026-08-08,INV-70-01128,125.75,Invoice,LOCAL-70-01128
2026-08-09,PAY-70-01129,-40.25,Payment,LOCAL-70-01129
2026-08-10,INV-70-01130,900.10,Invoice,LOCAL-70-01130
2026-08-11,INV-70-01131,0.99,Invoice,LOCAL-70-01131
2026-08-12,INV-70-01132,250.00,Invoice,LOCAL-70-01132
2026-08-13,PAY-70-01133,-33.30,Payment,LOCAL-70-01133
2026-08-14,INV-70-01134,71.07,Invoice,LOCAL-70-01134
2026-08-15,INV-70-01135,125.75,Invoice,LOCAL-70-01135
2026-08-16,PAY-70-01136,-40.25,Payment,LOCAL-70-01136
2026-08-17,INV-70-01137,900.10,Invoice,LOCAL-70-01137
2026-08-18,INV-70-01138,0.99,Invoice,LOCAL-70-01138
2026-08-19,INV-70-01139,250.00,Invoice,LOCAL-70-01139
2026-08-20,PAY-70-01140,-33.30,Payment,LOCAL-70-01140
2026-08-21,INV-70-01141,71.07,Invoice,LOCAL-70-01141
2026-08-22,INV-70-01142,125.75,Invoice,LOCAL-70-01142
2026-08-23,PAY-70-01143,-40.25,Payment,LOCAL-70-01143
2026-08-24,INV-70-01144,900.10,Invoice,LOCAL-70-01144
2026-08-25,INV-70-01145,0.99,Invoice,LOCAL-70-01145
2026-08-26,INV-70-01146,250.00,Invoice,LOCAL-70-01146
2026-08-27,PAY-70-01147,-33.30,Payment,LOCAL-70-01147
2026-08-28,INV-70-01148,71.07,Invoice,LOCAL-70-01148
2026-08-01,INV-70-01149,125.75,Invoice,LOCAL-70-01149
2026-08-02,PAY-70-01150,-40.25,Payment,LOCAL-70-01150
2026-08-03,INV-70-01151,900.10,Invoice,LOCAL-70-01151
2026-08-04,INV-70-01152,0.99,Invoice,LOCAL-70-01152
2026-08-05,INV-70-01153,250.00,Invoice,LOCAL-70-01153
2026-08-06,PAY-70-01154,-33.30,Payment,LOCAL-70-01154
2026-08-07,INV-70-01155,71.07,Invoice,LOCAL-70-01155
2026-08-08,INV-70-01156,125.75,Invoice,LOCAL-70-01156
2026-08-09,PAY-70-01157,-40.25,Payment,LOCAL-70-01157
2026-08-10,INV-70-01158,900.10,Invoice,LOCAL-70-01158
2026-08-11,INV-70-01159,0.99,Invoice,LOCAL-70-01159
2026-08-12,INV-70-01160,250.00,Invoice,LOCAL-70-01160
2026-08-13,PAY-70-01161,-33.30,Payment,LOCAL-70-01161
2026-08-14,INV-70-01162,71.07,Invoice,LOCAL-70-01162
2026-08-15,INV-70-01163,125.75,Invoice,LOCAL-70-01163
2026-08-16,PAY-70-01164,-40.25,Payment,LOCAL-70-01164
2026-08-17,INV-70-01165,900.10,Invoice,LOCAL-70-01165
2026-08-18,INV-70-01166,0.99,Invoice,LOCAL-70-01166
2026-08-19,INV-70-01167,250.00,Invoice,LOCAL-70-01167
2026-08-20,PAY-70-01168,-33.30,Payment,LOCAL-70-01168
2026-08-21,INV-70-01169,71.07,Invoice,LOCAL-70-01169
2026-08-22,INV-70-01170,125.75,Invoice,LOCAL-70-01170
2026-08-23,PAY-70-01171,-40.25,Payment,LOCAL-70-01171
2026-08-24,INV-70-01172,900.10,Invoice,LOCAL-70-01172
2026-08-25,INV-70-01173,0.99,Invoice,LOCAL-70-01173
2026-08-26,INV-70-01174,250.00,Invoice,LOCAL-70-01174
2026-08-27,PAY-70-01175,-33.30,Payment,LOCAL-70-01175
2026-08-28,INV-70-01176,71.07,Invoice,LOCAL-70-01176
2026-08-01,INV-70-01177,125.75,Invoice,LOCAL-70-01177
2026-08-02,PAY-70-01178,-40.25,Payment,LOCAL-70-01178
2026-08-03,INV-70-01179,900.10,Invoice,LOCAL-70-01179
2026-08-04,INV-70-01180,0.99,Invoice,LOCAL-70-01180
2026-08-05,INV-70-01181,250.00,Invoice,LOCAL-70-01181
2026-08-06,PAY-70-01182,-33.30,Payment,LOCAL-70-01182
2026-08-07,INV-70-01183,71.07,Invoice,LOCAL-70-01183
2026-08-08,INV-70-01184,125.75,Invoice,LOCAL-70-01184
2026-08-09,PAY-70-01185,-40.25,Payment,LOCAL-70-01185
2026-08-10,INV-70-01186,900.10,Invoice,LOCAL-70-01186
2026-08-11,INV-70-01187,0.99,Invoice,LOCAL-70-01187
2026-08-12,INV-70-01188,250.00,Invoice,LOCAL-70-01188
2026-08-13,PAY-70-01189,-33.30,Payment,LOCAL-70-01189
2026-08-14,INV-70-01190,71.07,Invoice,LOCAL-70-01190
2026-08-15,INV-70-01191,125.75,Invoice,LOCAL-70-01191
2026-08-16,PAY-70-01192,-40.25,Payment,LOCAL-70-01192
2026-08-17,INV-70-01193,900.10,Invoice,LOCAL-70-01193
2026-08-18,INV-70-01194,0.99,Invoice,LOCAL-70-01194
2026-08-19,INV-70-01195,250.00,Invoice,LOCAL-70-01195
2026-08-20,PAY-70-01196,-33.30,Payment,LOCAL-70-01196
2026-08-21,INV-70-01197,71.07,Invoice,LOCAL-70-01197
2026-08-22,INV-70-01198,125.75,Invoice,LOCAL-70-01198
2026-08-23,PAY-70-01199,-40.25,Payment,LOCAL-70-01199
2026-08-24,INV-70-01200,900.10,Invoice,LOCAL-70-01200
2026-08-25,INV-70-01201,0.99,Invoice,LOCAL-70-01201
2026-08-26,INV-70-01202,250.00,Invoice,LOCAL-70-01202
2026-08-27,PAY-70-01203,-33.30,Payment,LOCAL-70-01203
2026-08-28,INV-70-01204,71.07,Invoice,LOCAL-70-01204
2026-08-01,INV-70-01205,125.75,Invoice,LOCAL-70-01205
2026-08-02,PAY-70-01206,-40.25,Payment,LOCAL-70-01206
2026-08-03,INV-70-01207,900.10,Invoice,LOCAL-70-01207
2026-08-04,INV-70-01208,0.99,Invoice,LOCAL-70-01208
2026-08-05,INV-70-01209,250.00,Invoice,LOCAL-70-01209
2026-08-06,PAY-70-01210,-33.30,Payment,LOCAL-70-01210
2026-08-07,INV-70-01211,71.07,Invoice,LOCAL-70-01211
2026-08-08,INV-70-01212,125.75,Invoice,LOCAL-70-01212
2026-08-09,PAY-70-01213,-40.25,Payment,LOCAL-70-01213
2026-08-10,INV-70-01214,900.10,Invoice,LOCAL-70-01214
2026-08-11,INV-70-01215,0.99,Invoice,LOCAL-70-01215
2026-08-12,INV-70-01216,250.00,Invoice,LOCAL-70-01216
2026-08-13,PAY-70-01217,-33.30,Payment,LOCAL-70-01217
2026-08-14,INV-70-01218,71.07,Invoice,LOCAL-70-01218
2026-08-15,INV-70-01219,125.75,Invoice,LOCAL-70-01219
2026-08-16,PAY-70-01220,-40.25,Payment,LOCAL-70-01220
2026-08-17,INV-70-01221,900.10,Invoice,LOCAL-70-01221
2026-08-18,INV-70-01222,0.99,Invoice,LOCAL-70-01222
2026-08-19,INV-70-01223,250.00,Invoice,LOCAL-70-01223
2026-08-20,PAY-70-01224,-33.30,Payment,LOCAL-70-01224
2026-08-21,INV-70-01225,71.07,Invoice,LOCAL-70-01225
2026-08-22,INV-70-01226,125.75,Invoice,LOCAL-70-01226
2026-08-23,PAY-70-01227,-40.25,Payment,LOCAL-70-01227
2026-08-24,INV-70-01228,900.10,Invoice,LOCAL-70-01228
2026-08-25,INV-70-01229,0.99,Invoice,LOCAL-70-01229
2026-08-26,INV-70-01230,250.00,Invoice,LOCAL-70-01230
2026-08-27,PAY-70-01231,-33.30,Payment,LOCAL-70-01231
2026-08-28,INV-70-01232,71.07,Invoice,LOCAL-70-01232
2026-08-01,INV-70-01233,125.75,Invoice,LOCAL-70-01233
2026-08-02,PAY-70-01234,-40.25,Payment,LOCAL-70-01234
2026-08-03,INV-70-01235,900.10,Invoice,LOCAL-70-01235
2026-08-04,INV-70-01236,0.99,Invoice,LOCAL-70-01236
2026-08-05,INV-70-01237,250.00,Invoice,LOCAL-70-01237
2026-08-06,PAY-70-01238,-33.30,Payment,LOCAL-70-01238
2026-08-07,INV-70-01239,71.07,Invoice,LOCAL-70-01239
2026-08-08,INV-70-01240,125.75,Invoice,LOCAL-70-01240
2026-08-09,PAY-70-01241,-40.25,Payment,LOCAL-70-01241
2026-08-10,INV-70-01242,900.10,Invoice,LOCAL-70-01242
2026-08-11,INV-70-01243,0.99,Invoice,LOCAL-70-01243
2026-08-12,INV-70-01244,250.00,Invoice,LOCAL-70-01244
2026-08-13,PAY-70-01245,-33.30,Payment,LOCAL-70-01245
2026-08-14,INV-70-01246,71.07,Invoice,LOCAL-70-01246
2026-08-15,INV-70-01247,125.75,Invoice,LOCAL-70-01247
2026-08-16,PAY-70-01248,-40.25,Payment,LOCAL-70-01248
2026-08-17,INV-70-01249,900.10,Invoice,LOCAL-70-01249
2026-08-18,INV-70-01250,0.99,Invoice,LOCAL-70-01250
2026-08-19,INV-70-01251,250.00,Invoice,LOCAL-70-01251
2026-08-20,PAY-70-01252,-33.30,Payment,LOCAL-70-01252
2026-08-21,INV-70-01253,71.07,Invoice,LOCAL-70-01253
2026-08-22,INV-70-01254,125.75,Invoice,LOCAL-70-01254
2026-08-23,PAY-70-01255,-40.25,Payment,LOCAL-70-01255
2026-08-24,INV-70-01256,900.10,Invoice,LOCAL-70-01256
2026-08-25,INV-70-01257,0.99,Invoice,LOCAL-70-01257
2026-08-26,INV-70-01258,250.00,Invoice,LOCAL-70-01258
2026-08-27,PAY-70-01259,-33.30,Payment,LOCAL-70-01259
2026-08-28,INV-70-01260,71.07,Invoice,LOCAL-70-01260
2026-08-01,INV-70-01261,125.75,Invoice,LOCAL-70-01261
2026-08-02,PAY-70-01262,-40.25,Payment,LOCAL-70-01262
2026-08-03,INV-70-01263,900.10,Invoice,LOCAL-70-01263
2026-08-04,INV-70-01264,0.99,Invoice,LOCAL-70-01264
2026-08-05,INV-70-01265,250.00,Invoice,LOCAL-70-01265
2026-08-06,PAY-70-01266,-33.30,Payment,LOCAL-70-01266
2026-08-07,INV-70-01267,71.07,Invoice,LOCAL-70-01267
2026-08-08,INV-70-01268,125.75,Invoice,LOCAL-70-01268
2026-08-09,PAY-70-01269,-40.25,Payment,LOCAL-70-01269
2026-08-10,INV-70-01270,900.10,Invoice,LOCAL-70-01270
2026-08-11,INV-70-01271,0.99,Invoice,LOCAL-70-01271
2026-08-12,INV-70-01272,250.00,Invoice,LOCAL-70-01272
2026-08-13,PAY-70-01273,-33.30,Payment,LOCAL-70-01273
2026-08-14,INV-70-01274,71.07,Invoice,LOCAL-70-01274
2026-08-15,INV-70-01275,125.75,Invoice,LOCAL-70-01275
2026-08-16,PAY-70-01276,-40.25,Payment,LOCAL-70-01276
2026-08-17,INV-70-01277,900.10,Invoice,LOCAL-70-01277
2026-08-18,INV-70-01278,0.99,Invoice,LOCAL-70-01278
2026-08-19,INV-70-01279,250.00,Invoice,LOCAL-70-01279
2026-08-20,PAY-70-01280,-33.30,Payment,LOCAL-70-01280
2026-08-21,INV-70-01281,71.07,Invoice,LOCAL-70-01281
2026-08-22,INV-70-01282,125.75,Invoice,LOCAL-70-01282
2026-08-23,PAY-70-01283,-40.25,Payment,LOCAL-70-01283
2026-08-24,INV-70-01284,900.10,Invoice,LOCAL-70-01284
2026-08-25,INV-70-01285,0.99,Invoice,LOCAL-70-01285
2026-08-26,INV-70-01286,250.00,Invoice,LOCAL-70-01286
2026-08-27,PAY-70-01287,-33.30,Payment,LOCAL-70-01287
2026-08-28,INV-70-01288,71.07,Invoice,LOCAL-70-01288
2026-08-01,INV-70-01289,125.75,Invoice,LOCAL-70-01289
2026-08-02,PAY-70-01290,-40.25,Payment,LOCAL-70-01290
2026-08-03,INV-70-01291,900.10,Invoice,LOCAL-70-01291
2026-08-04,INV-70-01292,0.99,Invoice,LOCAL-70-01292
2026-08-05,INV-70-01293,250.00,Invoice,LOCAL-70-01293
2026-08-06,PAY-70-01294,-33.30,Payment,LOCAL-70-01294
2026-08-07,INV-70-01295,71.07,Invoice,LOCAL-70-01295
2026-08-08,INV-70-01296,125.75,Invoice,LOCAL-70-01296
2026-08-09,PAY-70-01297,-40.25,Payment,LOCAL-70-01297
2026-08-10,INV-70-01298,900.10,Invoice,LOCAL-70-01298
2026-08-11,INV-70-01299,0.99,Invoice,LOCAL-70-01299
2026-08-12,INV-70-01300,250.00,Invoice,LOCAL-70-01300
2026-08-13,PAY-70-01301,-33.30,Payment,LOCAL-70-01301
2026-08-14,INV-70-01302,71.07,Invoice,LOCAL-70-01302
2026-08-15,INV-70-01303,125.75,Invoice,LOCAL-70-01303
2026-08-16,PAY-70-01304,-40.25,Payment,LOCAL-70-01304
2026-08-17,INV-70-01305,900.10,Invoice,LOCAL-70-01305
2026-08-18,INV-70-01306,0.99,Invoice,LOCAL-70-01306
2026-08-19,INV-70-01307,250.00,Invoice,LOCAL-70-01307
2026-08-20,PAY-70-01308,-33.30,Payment,LOCAL-70-01308
2026-08-21,INV-70-01309,71.07,Invoice,LOCAL-70-01309
2026-08-22,INV-70-01310,125.75,Invoice,LOCAL-70-01310
2026-08-23,PAY-70-01311,-40.25,Payment,LOCAL-70-01311
2026-08-24,INV-70-01312,900.10,Invoice,LOCAL-70-01312
2026-08-25,INV-70-01313,0.99,Invoice,LOCAL-70-01313
2026-08-26,INV-70-01314,250.00,Invoice,LOCAL-70-01314
2026-08-27,PAY-70-01315,-33.30,Payment,LOCAL-70-01315
2026-08-28,INV-70-01316,71.07,Invoice,LOCAL-70-01316
2026-08-01,INV-70-01317,125.75,Invoice,LOCAL-70-01317
2026-08-02,PAY-70-01318,-40.25,Payment,LOCAL-70-01318
2026-08-03,INV-70-01319,900.10,Invoice,LOCAL-70-01319
2026-08-04,INV-70-01320,0.99,Invoice,LOCAL-70-01320
2026-08-05,INV-70-01321,250.00,Invoice,LOCAL-70-01321
2026-08-06,PAY-70-01322,-33.30,Payment,LOCAL-70-01322
2026-08-07,INV-70-01323,71.07,Invoice,LOCAL-70-01323
2026-08-08,INV-70-01324,125.75,Invoice,LOCAL-70-01324
2026-08-09,PAY-70-01325,-40.25,Payment,LOCAL-70-01325
2026-08-10,INV-70-01326,900.10,Invoice,LOCAL-70-01326
2026-08-11,INV-70-01327,0.99,Invoice,LOCAL-70-01327
2026-08-12,INV-70-01328,250.00,Invoice,LOCAL-70-01328
2026-08-13,PAY-70-01329,-33.30,Payment,LOCAL-70-01329
2026-08-14,INV-70-01330,71.07,Invoice,LOCAL-70-01330
2026-08-15,INV-70-01331,125.75,Invoice,LOCAL-70-01331
2026-08-16,PAY-70-01332,-40.25,Payment,LOCAL-70-01332
2026-08-17,INV-70-01333,900.10,Invoice,LOCAL-70-01333
2026-08-18,INV-70-01334,0.99,Invoice,LOCAL-70-01334
2026-08-19,INV-70-01335,250.00,Invoice,LOCAL-70-01335
2026-08-20,PAY-70-01336,-33.30,Payment,LOCAL-70-01336
2026-08-21,INV-70-01337,71.07,Invoice,LOCAL-70-01337
2026-08-22,INV-70-01338,125.75,Invoice,LOCAL-70-01338
2026-08-23,PAY-70-01339,-40.25,Payment,LOCAL-70-01339
2026-08-24,INV-70-01340,900.10,Invoice,LOCAL-70-01340
2026-08-25,INV-70-01341,0.99,Invoice,LOCAL-70-01341
2026-08-26,INV-70-01342,250.00,Invoice,LOCAL-70-01342
2026-08-27,PAY-70-01343,-33.30,Payment,LOCAL-70-01343
2026-08-28,INV-70-01344,71.07,Invoice,LOCAL-70-01344
2026-08-01,INV-70-01345,125.75,Invoice,LOCAL-70-01345
2026-08-02,PAY-70-01346,-40.25,Payment,LOCAL-70-01346
2026-08-03,INV-70-01347,900.10,Invoice,LOCAL-70-01347
2026-08-04,INV-70-01348,0.99,Invoice,LOCAL-70-01348
2026-08-05,INV-70-01349,250.00,Invoice,LOCAL-70-01349
2026-08-06,PAY-70-01350,-33.30,Payment,LOCAL-70-01350
2026-08-07,INV-70-01351,71.07,Invoice,LOCAL-70-01351
2026-08-08,INV-70-01352,125.75,Invoice,LOCAL-70-01352
2026-08-09,PAY-70-01353,-40.25,Payment,LOCAL-70-01353
2026-08-10,INV-70-01354,900.10,Invoice,LOCAL-70-01354
2026-08-11,INV-70-01355,0.99,Invoice,LOCAL-70-01355
2026-08-12,INV-70-01356,250.00,Invoice,LOCAL-70-01356
2026-08-13,PAY-70-01357,-33.30,Payment,LOCAL-70-01357
2026-08-14,INV-70-01358,71.07,Invoice,LOCAL-70-01358
2026-08-15,INV-70-01359,125.75,Invoice,LOCAL-70-01359
2026-08-16,PAY-70-01360,-40.25,Payment,LOCAL-70-01360
2026-08-17,INV-70-01361,900.10,Invoice,LOCAL-70-01361
2026-08-18,INV-70-01362,0.99,Invoice,LOCAL-70-01362
2026-08-19,INV-70-01363,250.00,Invoice,LOCAL-70-01363
2026-08-20,PAY-70-01364,-33.30,Payment,LOCAL-70-01364
2026-08-21,INV-70-01365,71.07,Invoice,LOCAL-70-01365
2026-08-22,INV-70-01366,125.75,Invoice,LOCAL-70-01366
2026-08-23,PAY-70-01367,-40.25,Payment,LOCAL-70-01367
2026-08-24,INV-70-01368,900.10,Invoice,LOCAL-70-01368
2026-08-25,INV-70-01369,0.99,Invoice,LOCAL-70-01369
2026-08-26,INV-70-01370,250.00,Invoice,LOCAL-70-01370
2026-08-27,PAY-70-01371,-33.30,Payment,LOCAL-70-01371
2026-08-28,INV-70-01372,71.07,Invoice,LOCAL-70-01372
2026-08-01,INV-70-01373,125.75,Invoice,LOCAL-70-01373
2026-08-02,PAY-70-01374,-40.25,Payment,LOCAL-70-01374
2026-08-03,INV-70-01375,900.10,Invoice,LOCAL-70-01375
2026-08-04,INV-70-01376,0.99,Invoice,LOCAL-70-01376
2026-08-05,INV-70-01377,250.00,Invoice,LOCAL-70-01377
2026-08-06,PAY-70-01378,-33.30,Payment,LOCAL-70-01378
2026-08-07,INV-70-01379,71.07,Invoice,LOCAL-70-01379
2026-08-08,INV-70-01380,125.75,Invoice,LOCAL-70-01380
2026-08-09,PAY-70-01381,-40.25,Payment,LOCAL-70-01381
2026-08-10,INV-70-01382,900.10,Invoice,LOCAL-70-01382
2026-08-11,INV-70-01383,0.99,Invoice,LOCAL-70-01383
2026-08-12,INV-70-01384,250.00,Invoice,LOCAL-70-01384
2026-08-13,PAY-70-01385,-33.30,Payment,LOCAL-70-01385
2026-08-14,INV-70-01386,71.07,Invoice,LOCAL-70-01386
2026-08-15,INV-70-01387,125.75,Invoice,LOCAL-70-01387
2026-08-16,PAY-70-01388,-40.25,Payment,LOCAL-70-01388
2026-08-17,INV-70-01389,900.10,Invoice,LOCAL-70-01389
2026-08-18,INV-70-01390,0.99,Invoice,LOCAL-70-01390
2026-08-19,INV-70-01391,250.00,Invoice,LOCAL-70-01391
2026-08-20,PAY-70-01392,-33.30,Payment,LOCAL-70-01392
2026-08-21,INV-70-01393,71.07,Invoice,LOCAL-70-01393
2026-08-22,INV-70-01394,125.75,Invoice,LOCAL-70-01394
2026-08-23,PAY-70-01395,-40.25,Payment,LOCAL-70-01395
2026-08-24,INV-70-01396,900.10,Invoice,LOCAL-70-01396
2026-08-25,INV-70-01397,0.99,Invoice,LOCAL-70-01397
2026-08-26,INV-70-01398,250.00,Invoice,LOCAL-70-01398
2026-08-27,PAY-70-01399,-33.30,Payment,LOCAL-70-01399
2026-08-28,INV-70-01400,71.07,Invoice,LOCAL-70-01400
2026-08-01,INV-70-01401,125.75,Invoice,LOCAL-70-01401
2026-08-02,PAY-70-01402,-40.25,Payment,LOCAL-70-01402
2026-08-03,INV-70-01403,900.10,Invoice,LOCAL-70-01403
2026-08-04,INV-70-01404,0.99,Invoice,LOCAL-70-01404
2026-08-05,INV-70-01405,250.00,Invoice,LOCAL-70-01405
2026-08-06,PAY-70-01406,-33.30,Payment,LOCAL-70-01406
2026-08-07,INV-70-01407,71.07,Invoice,LOCAL-70-01407
2026-08-08,INV-70-01408,125.75,Invoice,LOCAL-70-01408
2026-08-09,PAY-70-01409,-40.25,Payment,LOCAL-70-01409
2026-08-10,INV-70-01410,900.10,Invoice,LOCAL-70-01410
2026-08-11,INV-70-01411,0.99,Invoice,LOCAL-70-01411
2026-08-12,INV-70-01412,250.00,Invoice,LOCAL-70-01412
2026-08-13,PAY-70-01413,-33.30,Payment,LOCAL-70-01413
2026-08-14,INV-70-01414,71.07,Invoice,LOCAL-70-01414
2026-08-15,INV-70-01415,125.75,Invoice,LOCAL-70-01415
2026-08-16,PAY-70-01416,-40.25,Payment,LOCAL-70-01416
2026-08-17,INV-70-01417,900.10,Invoice,LOCAL-70-01417
2026-08-18,INV-70-01418,0.99,Invoice,LOCAL-70-01418
2026-08-19,INV-70-01419,250.00,Invoice,LOCAL-70-01419
2026-08-20,PAY-70-01420,-33.30,Payment,LOCAL-70-01420
2026-08-21,INV-70-01421,71.07,Invoice,LOCAL-70-01421
2026-08-22,INV-70-01422,125.75,Invoice,LOCAL-70-01422
2026-08-23,PAY-70-01423,-40.25,Payment,LOCAL-70-01423
2026-08-24,INV-70-01424,900.10,Invoice,LOCAL-70-01424
2026-08-25,INV-70-01425,0.99,Invoice,LOCAL-70-01425
2026-08-26,INV-70-01426,250.00,Invoice,LOCAL-70-01426
2026-08-27,PAY-70-01427,-33.30,Payment,LOCAL-70-01427
2026-08-28,INV-70-01428,71.07,Invoice,LOCAL-70-01428
2026-08-01,INV-70-01429,125.75,Invoice,LOCAL-70-01429
2026-08-02,PAY-70-01430,-40.25,Payment,LOCAL-70-01430
2026-08-03,INV-70-01431,900.10,Invoice,LOCAL-70-01431
2026-08-04,INV-70-01432,0.99,Invoice,LOCAL-70-01432
2026-08-05,INV-70-01433,250.00,Invoice,LOCAL-70-01433
2026-08-06,PAY-70-01434,-33.30,Payment,LOCAL-70-01434
2026-08-07,INV-70-01435,71.07,Invoice,LOCAL-70-01435
2026-08-08,INV-70-01436,125.75,Invoice,LOCAL-70-01436
2026-08-09,PAY-70-01437,-40.25,Payment,LOCAL-70-01437
2026-08-10,INV-70-01438,900.10,Invoice,LOCAL-70-01438
2026-08-11,INV-70-01439,0.99,Invoice,LOCAL-70-01439
2026-08-12,INV-70-01440,250.00,Invoice,LOCAL-70-01440
2026-08-13,PAY-70-01441,-33.30,Payment,LOCAL-70-01441
2026-08-14,INV-70-01442,71.07,Invoice,LOCAL-70-01442
2026-08-15,INV-70-01443,125.75,Invoice,LOCAL-70-01443
2026-08-16,PAY-70-01444,-40.25,Payment,LOCAL-70-01444
2026-08-17,INV-70-01445,900.10,Invoice,LOCAL-70-01445
2026-08-18,INV-70-01446,0.99,Invoice,LOCAL-70-01446
2026-08-19,INV-70-01447,250.00,Invoice,LOCAL-70-01447
2026-08-20,PAY-70-01448,-33.30,Payment,LOCAL-70-01448
2026-08-21,INV-70-01449,71.07,Invoice,LOCAL-70-01449
2026-08-22,INV-70-01450,125.75,Invoice,LOCAL-70-01450
2026-08-23,PAY-70-01451,-40.25,Payment,LOCAL-70-01451
2026-08-24,INV-70-01452,900.10,Invoice,LOCAL-70-01452
2026-08-25,INV-70-01453,0.99,Invoice,LOCAL-70-01453
2026-08-26,INV-70-01454,250.00,Invoice,LOCAL-70-01454
2026-08-27,PAY-70-01455,-33.30,Payment,LOCAL-70-01455
2026-08-28,INV-70-01456,71.07,Invoice,LOCAL-70-01456
2026-08-01,INV-70-01457,125.75,Invoice,LOCAL-70-01457
2026-08-02,PAY-70-01458,-40.25,Payment,LOCAL-70-01458
2026-08-03,INV-70-01459,900.10,Invoice,LOCAL-70-01459
2026-08-04,INV-70-01460,0.99,Invoice,LOCAL-70-01460
2026-08-05,INV-70-01461,250.00,Invoice,LOCAL-70-01461
2026-08-06,PAY-70-01462,-33.30,Payment,LOCAL-70-01462
2026-08-07,INV-70-01463,71.07,Invoice,LOCAL-70-01463
2026-08-08,INV-70-01464,125.75,Invoice,LOCAL-70-01464
2026-08-09,PAY-70-01465,-40.25,Payment,LOCAL-70-01465
2026-08-10,INV-70-01466,900.10,Invoice,LOCAL-70-01466
2026-08-11,INV-70-01467,0.99,Invoice,LOCAL-70-01467
2026-08-12,INV-70-01468,250.00,Invoice,LOCAL-70-01468
2026-08-13,PAY-70-01469,-33.30,Payment,LOCAL-70-01469
2026-08-14,INV-70-01470,71.07,Invoice,LOCAL-70-01470
2026-08-15,INV-70-01471,125.75,Invoice,LOCAL-70-01471
2026-08-16,PAY-70-01472,-40.25,Payment,LOCAL-70-01472
2026-08-17,INV-70-01473,900.10,Invoice,LOCAL-70-01473
2026-08-18,INV-70-01474,0.99,Invoice,LOCAL-70-01474
2026-08-19,INV-70-01475,250.00,Invoice,LOCAL-70-01475
2026-08-20,PAY-70-01476,-33.30,Payment,LOCAL-70-01476
2026-08-21,INV-70-01477,71.07,Invoice,LOCAL-70-01477
2026-08-22,INV-70-01478,125.75,Invoice,LOCAL-70-01478
2026-08-23,PAY-70-01479,-40.25,Payment,LOCAL-70-01479
2026-08-24,INV-70-01480,900.10,Invoice,LOCAL-70-01480
2026-08-25,INV-70-01481,0.99,Invoice,LOCAL-70-01481
2026-08-26,INV-70-01482,250.00,Invoice,LOCAL-70-01482
2026-08-27,PAY-70-01483,-33.30,Payment,LOCAL-70-01483
2026-08-28,INV-70-01484,71.07,Invoice,LOCAL-70-01484
2026-08-01,INV-70-01485,125.75,Invoice,LOCAL-70-01485
2026-08-02,PAY-70-01486,-40.25,Payment,LOCAL-70-01486
2026-08-03,INV-70-01487,900.10,Invoice,LOCAL-70-01487
2026-08-04,INV-70-01488,0.99,Invoice,LOCAL-70-01488
2026-08-05,INV-70-01489,250.00,Invoice,LOCAL-70-01489
2026-08-06,PAY-70-01490,-33.30,Payment,LOCAL-70-01490
2026-08-07,INV-70-01491,71.07,Invoice,LOCAL-70-01491
2026-08-08,INV-70-01492,125.75,Invoice,LOCAL-70-01492
2026-08-09,PAY-70-01493,-40.25,Payment,LOCAL-70-01493
2026-08-10,INV-70-01494,900.10,Invoice,LOCAL-70-01494
2026-08-11,INV-70-01495,0.99,Invoice,LOCAL-70-01495
2026-08-12,INV-70-01496,250.00,Invoice,LOCAL-70-01496
2026-08-13,PAY-70-01497,-33.30,Payment,LOCAL-70-01497
2026-08-14,INV-70-01498,71.07,Invoice,LOCAL-70-01498
2026-08-15,INV-70-01499,125.75,Invoice,LOCAL-70-01499
2026-08-16,PAY-70-01500,-40.25,Payment,LOCAL-70-01500
2026-08-17,INV-70-01501,900.10,Invoice,LOCAL-70-01501
2026-08-18,INV-70-01502,0.99,Invoice,LOCAL-70-01502
2026-08-19,INV-70-01503,250.00,Invoice,LOCAL-70-01503
2026-08-20,PAY-70-01504,-33.30,Payment,LOCAL-70-01504
2026-08-21,INV-70-01505,71.07,Invoice,LOCAL-70-01505
2026-08-22,INV-70-01506,125.75,Invoice,LOCAL-70-01506
2026-08-23,PAY-70-01507,-40.25,Payment,LOCAL-70-01507
2026-08-24,INV-70-01508,900.10,Invoice,LOCAL-70-01508
2026-08-25,INV-70-01509,0.99,Invoice,LOCAL-70-01509
2026-08-26,INV-70-01510,250.00,Invoice,LOCAL-70-01510
2026-08-27,PAY-70-01511,-33.30,Payment,LOCAL-70-01511
2026-08-28,INV-70-01512,71.07,Invoice,LOCAL-70-01512
2026-08-01,INV-70-01513,125.75,Invoice,LOCAL-70-01513
2026-08-02,PAY-70-01514,-40.25,Payment,LOCAL-70-01514
2026-08-03,INV-70-01515,900.10,Invoice,LOCAL-70-01515
2026-08-04,INV-70-01516,0.99,Invoice,LOCAL-70-01516
2026-08-05,INV-70-01517,250.00,Invoice,LOCAL-70-01517
2026-08-06,PAY-70-01518,-33.30,Payment,LOCAL-70-01518
2026-08-07,INV-70-01519,71.07,Invoice,LOCAL-70-01519
2026-08-08,INV-70-01520,125.75,Invoice,LOCAL-70-01520
2026-08-09,PAY-70-01521,-40.25,Payment,LOCAL-70-01521
2026-08-10,INV-70-01522,900.10,Invoice,LOCAL-70-01522
2026-08-11,INV-70-01523,0.99,Invoice,LOCAL-70-01523
2026-08-12,INV-70-01524,250.00,Invoice,LOCAL-70-01524
2026-08-13,PAY-70-01525,-33.30,Payment,LOCAL-70-01525
2026-08-14,INV-70-01526,71.07,Invoice,LOCAL-70-01526
2026-08-15,INV-70-01527,125.75,Invoice,LOCAL-70-01527
2026-08-16,PAY-70-01528,-40.25,Payment,LOCAL-70-01528
2026-08-17,INV-70-01529,900.10,Invoice,LOCAL-70-01529
2026-08-18,INV-70-01530,0.99,Invoice,LOCAL-70-01530
2026-08-19,INV-70-01531,250.00,Invoice,LOCAL-70-01531
2026-08-20,PAY-70-01532,-33.30,Payment,LOCAL-70-01532
2026-08-21,INV-70-01533,71.07,Invoice,LOCAL-70-01533
2026-08-22,INV-70-01534,125.75,Invoice,LOCAL-70-01534
2026-08-23,PAY-70-01535,-40.25,Payment,LOCAL-70-01535
2026-08-24,INV-70-01536,900.10,Invoice,LOCAL-70-01536
2026-08-25,INV-70-01537,0.99,Invoice,LOCAL-70-01537
2026-08-26,INV-70-01538,250.00,Invoice,LOCAL-70-01538
2026-08-27,PAY-70-01539,-33.30,Payment,LOCAL-70-01539
2026-08-28,INV-70-01540,71.07,Invoice,LOCAL-70-01540
2026-08-01,INV-70-01541,125.75,Invoice,LOCAL-70-01541
2026-08-02,PAY-70-01542,-40.25,Payment,LOCAL-70-01542
2026-08-03,INV-70-01543,900.10,Invoice,LOCAL-70-01543
2026-08-04,INV-70-01544,0.99,Invoice,LOCAL-70-01544
2026-08-05,INV-70-01545,250.00,Invoice,LOCAL-70-01545
2026-08-06,PAY-70-01546,-33.30,Payment,LOCAL-70-01546
2026-08-07,INV-70-01547,71.07,Invoice,LOCAL-70-01547
2026-08-08,INV-70-01548,125.75,Invoice,LOCAL-70-01548
2026-08-09,PAY-70-01549,-40.25,Payment,LOCAL-70-01549
2026-08-10,INV-70-01550,900.10,Invoice,LOCAL-70-01550
2026-08-11,INV-70-01551,0.99,Invoice,LOCAL-70-01551
2026-08-12,INV-70-01552,250.00,Invoice,LOCAL-70-01552
2026-08-13,PAY-70-01553,-33.30,Payment,LOCAL-70-01553
2026-08-14,INV-70-01554,71.07,Invoice,LOCAL-70-01554
2026-08-15,INV-70-01555,125.75,Invoice,LOCAL-70-01555
2026-08-16,PAY-70-01556,-40.25,Payment,LOCAL-70-01556
2026-08-17,INV-70-01557,900.10,Invoice,LOCAL-70-01557
2026-08-18,INV-70-01558,0.99,Invoice,LOCAL-70-01558
2026-08-19,INV-70-01559,250.00,Invoice,LOCAL-70-01559
2026-08-20,PAY-70-01560,-33.30,Payment,LOCAL-70-01560
2026-08-21,INV-70-01561,71.07,Invoice,LOCAL-70-01561
2026-08-22,INV-70-01562,125.75,Invoice,LOCAL-70-01562
2026-08-23,PAY-70-01563,-40.25,Payment,LOCAL-70-01563
2026-08-24,INV-70-01564,900.10,Invoice,LOCAL-70-01564
2026-08-25,INV-70-01565,0.99,Invoice,LOCAL-70-01565
2026-08-26,INV-70-01566,250.00,Invoice,LOCAL-70-01566
2026-08-27,PAY-70-01567,-33.30,Payment,LOCAL-70-01567
2026-08-28,INV-70-01568,71.07,Invoice,LOCAL-70-01568
2026-08-01,INV-70-01569,125.75,Invoice,LOCAL-70-01569
2026-08-02,PAY-70-01570,-40.25,Payment,LOCAL-70-01570
2026-08-03,INV-70-01571,900.10,Invoice,LOCAL-70-01571
2026-08-04,INV-70-01572,0.99,Invoice,LOCAL-70-01572
2026-08-05,INV-70-01573,250.00,Invoice,LOCAL-70-01573
2026-08-06,PAY-70-01574,-33.30,Payment,LOCAL-70-01574
2026-08-07,INV-70-01575,71.07,Invoice,LOCAL-70-01575
2026-08-08,INV-70-01576,125.75,Invoice,LOCAL-70-01576
2026-08-09,PAY-70-01577,-40.25,Payment,LOCAL-70-01577
2026-08-10,INV-70-01578,900.10,Invoice,LOCAL-70-01578
2026-08-11,INV-70-01579,0.99,Invoice,LOCAL-70-01579
2026-08-12,INV-70-01580,250.00,Invoice,LOCAL-70-01580
2026-08-13,PAY-70-01581,-33.30,Payment,LOCAL-70-01581
2026-08-14,INV-70-01582,71.07,Invoice,LOCAL-70-01582
2026-08-15,INV-70-01583,125.75,Invoice,LOCAL-70-01583
2026-08-16,PAY-70-01584,-40.25,Payment,LOCAL-70-01584
2026-08-17,INV-70-01585,900.10,Invoice,LOCAL-70-01585
2026-08-18,INV-70-01586,0.99,Invoice,LOCAL-70-01586
2026-08-19,INV-70-01587,250.00,Invoice,LOCAL-70-01587
2026-08-20,PAY-70-01588,-33.30,Payment,LOCAL-70-01588
2026-08-21,INV-70-01589,71.07,Invoice,LOCAL-70-01589
2026-08-22,INV-70-01590,125.75,Invoice,LOCAL-70-01590
2026-08-23,PAY-70-01591,-40.25,Payment,LOCAL-70-01591
2026-08-24,INV-70-01592,900.10,Invoice,LOCAL-70-01592
2026-08-25,INV-70-01593,0.99,Invoice,LOCAL-70-01593
2026-08-26,INV-70-01594,250.00,Invoice,LOCAL-70-01594
2026-08-27,PAY-70-01595,-33.30,Payment,LOCAL-70-01595
2026-08-28,INV-70-01596,71.07,Invoice,LOCAL-70-01596
2026-08-01,INV-70-01597,125.75,Invoice,LOCAL-70-01597
2026-08-02,PAY-70-01598,-40.25,Payment,LOCAL-70-01598
2026-08-03,INV-70-01599,900.10,Invoice,LOCAL-70-01599
2026-08-04,INV-70-01600,0.99,Invoice,LOCAL-70-01600
2026-08-05,INV-70-01601,250.00,Invoice,LOCAL-70-01601
2026-08-06,PAY-70-01602,-33.30,Payment,LOCAL-70-01602
2026-08-07,INV-70-01603,71.07,Invoice,LOCAL-70-01603
2026-08-08,INV-70-01604,125.75,Invoice,LOCAL-70-01604
2026-08-09,PAY-70-01605,-40.25,Payment,LOCAL-70-01605
2026-08-10,INV-70-01606,900.10,Invoice,LOCAL-70-01606
2026-08-11,INV-70-01607,0.99,Invoice,LOCAL-70-01607
2026-08-12,INV-70-01608,250.00,Invoice,LOCAL-70-01608
2026-08-13,PAY-70-01609,-33.30,Payment,LOCAL-70-01609
2026-08-14,INV-70-01610,71.07,Invoice,LOCAL-70-01610
2026-08-15,INV-70-01611,125.75,Invoice,LOCAL-70-01611
2026-08-16,PAY-70-01612,-40.25,Payment,LOCAL-70-01612
2026-08-17,INV-70-01613,900.10,Invoice,LOCAL-70-01613
2026-08-18,INV-70-01614,0.99,Invoice,LOCAL-70-01614
2026-08-19,INV-70-01615,250.00,Invoice,LOCAL-70-01615
2026-08-20,PAY-70-01616,-33.30,Payment,LOCAL-70-01616
2026-08-21,INV-70-01617,71.07,Invoice,LOCAL-70-01617
2026-08-22,INV-70-01618,125.75,Invoice,LOCAL-70-01618
2026-08-23,PAY-70-01619,-40.25,Payment,LOCAL-70-01619
2026-08-24,INV-70-01620,900.10,Invoice,LOCAL-70-01620
2026-08-25,INV-70-01621,0.99,Invoice,LOCAL-70-01621
2026-08-26,INV-70-01622,250.00,Invoice,LOCAL-70-01622
2026-08-27,PAY-70-01623,-33.30,Payment,LOCAL-70-01623
2026-08-28,INV-70-01624,71.07,Invoice,LOCAL-70-01624
2026-08-01,INV-70-01625,125.75,Invoice,LOCAL-70-01625
2026-08-02,PAY-70-01626,-40.25,Payment,LOCAL-70-01626
2026-08-03,INV-70-01627,900.10,Invoice,LOCAL-70-01627
2026-08-04,INV-70-01628,0.99,Invoice,LOCAL-70-01628
2026-08-05,INV-70-01629,250.00,Invoice,LOCAL-70-01629
2026-08-06,PAY-70-01630,-33.30,Payment,LOCAL-70-01630
2026-08-07,INV-70-01631,71.07,Invoice,LOCAL-70-01631
2026-08-08,INV-70-01632,125.75,Invoice,LOCAL-70-01632
2026-08-09,PAY-70-01633,-40.25,Payment,LOCAL-70-01633
2026-08-10,INV-70-01634,900.10,Invoice,LOCAL-70-01634
2026-08-11,INV-70-01635,0.99,Invoice,LOCAL-70-01635
2026-08-12,INV-70-01636,250.00,Invoice,LOCAL-70-01636
2026-08-13,PAY-70-01637,-33.30,Payment,LOCAL-70-01637
2026-08-14,INV-70-01638,71.07,Invoice,LOCAL-70-01638
2026-08-15,INV-70-01639,125.75,Invoice,LOCAL-70-01639
2026-08-16,PAY-70-01640,-40.25,Payment,LOCAL-70-01640
2026-08-17,INV-70-01641,900.10,Invoice,LOCAL-70-01641
2026-08-18,INV-70-01642,0.99,Invoice,LOCAL-70-01642
2026-08-19,INV-70-01643,250.00,Invoice,LOCAL-70-01643
2026-08-20,PAY-70-01644,-33.30,Payment,LOCAL-70-01644
2026-08-21,INV-70-01645,71.07,Invoice,LOCAL-70-01645
2026-08-22,INV-70-01646,125.75,Invoice,LOCAL-70-01646
2026-08-23,PAY-70-01647,-40.25,Payment,LOCAL-70-01647
2026-08-24,INV-70-01648,900.10,Invoice,LOCAL-70-01648
2026-08-25,INV-70-01649,0.99,Invoice,LOCAL-70-01649
2026-08-26,INV-70-01650,250.00,Invoice,LOCAL-70-01650
2026-08-27,PAY-70-01651,-33.30,Payment,LOCAL-70-01651
2026-08-28,INV-70-01652,71.07,Invoice,LOCAL-70-01652
2026-08-01,INV-70-01653,125.75,Invoice,LOCAL-70-01653
2026-08-02,PAY-70-01654,-40.25,Payment,LOCAL-70-01654
2026-08-03,INV-70-01655,900.10,Invoice,LOCAL-70-01655
2026-08-04,INV-70-01656,0.99,Invoice,LOCAL-70-01656
2026-08-05,INV-70-01657,250.00,Invoice,LOCAL-70-01657
2026-08-06,PAY-70-01658,-33.30,Payment,LOCAL-70-01658
2026-08-07,INV-70-01659,71.07,Invoice,LOCAL-70-01659
2026-08-08,INV-70-01660,125.75,Invoice,LOCAL-70-01660
2026-08-09,PAY-70-01661,-40.25,Payment,LOCAL-70-01661
2026-08-10,INV-70-01662,900.10,Invoice,LOCAL-70-01662
2026-08-11,INV-70-01663,0.99,Invoice,LOCAL-70-01663
2026-08-12,INV-70-01664,250.00,Invoice,LOCAL-70-01664
2026-08-13,PAY-70-01665,-33.30,Payment,LOCAL-70-01665
2026-08-14,INV-70-01666,71.07,Invoice,LOCAL-70-01666
2026-08-15,INV-70-01667,125.75,Invoice,LOCAL-70-01667
2026-08-16,PAY-70-01668,-40.25,Payment,LOCAL-70-01668
2026-08-17,INV-70-01669,900.10,Invoice,LOCAL-70-01669
2026-08-18,INV-70-01670,0.99,Invoice,LOCAL-70-01670
2026-08-19,INV-70-01671,250.00,Invoice,LOCAL-70-01671
2026-08-20,PAY-70-01672,-33.30,Payment,LOCAL-70-01672
2026-08-21,INV-70-01673,71.07,Invoice,LOCAL-70-01673
2026-08-22,INV-70-01674,125.75,Invoice,LOCAL-70-01674
2026-08-23,PAY-70-01675,-40.25,Payment,LOCAL-70-01675
2026-08-24,INV-70-01676,900.10,Invoice,LOCAL-70-01676
2026-08-25,INV-70-01677,0.99,Invoice,LOCAL-70-01677
2026-08-26,INV-70-01678,250.00,Invoice,LOCAL-70-01678
2026-08-27,PAY-70-01679,-33.30,Payment,LOCAL-70-01679
2026-08-28,INV-70-01680,71.07,Invoice,LOCAL-70-01680
2026-08-01,INV-70-01681,125.75,Invoice,LOCAL-70-01681
2026-08-02,PAY-70-01682,-40.25,Payment,LOCAL-70-01682
2026-08-03,INV-70-01683,900.10,Invoice,LOCAL-70-01683
2026-08-04,INV-70-01684,0.99,Invoice,LOCAL-70-01684
2026-08-05,INV-70-01685,250.00,Invoice,LOCAL-70-01685
2026-08-06,PAY-70-01686,-33.30,Payment,LOCAL-70-01686
2026-08-07,INV-70-01687,71.07,Invoice,LOCAL-70-01687
2026-08-08,INV-70-01688,125.75,Invoice,LOCAL-70-01688
2026-08-09,PAY-70-01689,-40.25,Payment,LOCAL-70-01689
2026-08-10,INV-70-01690,900.10,Invoice,LOCAL-70-01690
2026-08-11,INV-70-01691,0.99,Invoice,LOCAL-70-01691
2026-08-12,INV-70-01692,250.00,Invoice,LOCAL-70-01692
2026-08-13,PAY-70-01693,-33.30,Payment,LOCAL-70-01693
2026-08-14,INV-70-01694,71.07,Invoice,LOCAL-70-01694
2026-08-15,INV-70-01695,125.75,Invoice,LOCAL-70-01695
2026-08-16,PAY-70-01696,-40.25,Payment,LOCAL-70-01696
2026-08-17,INV-70-01697,900.10,Invoice,LOCAL-70-01697
2026-08-18,INV-70-01698,0.99,Invoice,LOCAL-70-01698
2026-08-19,INV-70-01699,250.00,Invoice,LOCAL-70-01699
2026-08-20,PAY-70-01700,-33.30,Payment,LOCAL-70-01700
2026-08-21,INV-70-01701,71.07,Invoice,LOCAL-70-01701
2026-08-22,INV-70-01702,125.75,Invoice,LOCAL-70-01702
2026-08-23,PAY-70-01703,-40.25,Payment,LOCAL-70-01703
2026-08-24,INV-70-01704,900.10,Invoice,LOCAL-70-01704
2026-08-25,INV-70-01705,0.99,Invoice,LOCAL-70-01705
2026-08-26,INV-70-01706,250.00,Invoice,LOCAL-70-01706
2026-08-27,PAY-70-01707,-33.30,Payment,LOCAL-70-01707
2026-08-28,INV-70-01708,71.07,Invoice,LOCAL-70-01708
2026-08-01,INV-70-01709,125.75,Invoice,LOCAL-70-01709
2026-08-02,PAY-70-01710,-40.25,Payment,LOCAL-70-01710
2026-08-03,INV-70-01711,900.10,Invoice,LOCAL-70-01711
2026-08-04,INV-70-01712,0.99,Invoice,LOCAL-70-01712
2026-08-05,INV-70-01713,250.00,Invoice,LOCAL-70-01713
2026-08-06,PAY-70-01714,-33.30,Payment,LOCAL-70-01714
2026-08-07,INV-70-01715,71.07,Invoice,LOCAL-70-01715
2026-08-08,INV-70-01716,125.75,Invoice,LOCAL-70-01716
2026-08-09,PAY-70-01717,-40.25,Payment,LOCAL-70-01717
2026-08-10,INV-70-01718,900.10,Invoice,LOCAL-70-01718
2026-08-11,INV-70-01719,0.99,Invoice,LOCAL-70-01719
2026-08-12,INV-70-01720,250.00,Invoice,LOCAL-70-01720
2026-08-13,PAY-70-01721,-33.30,Payment,LOCAL-70-01721
2026-08-14,INV-70-01722,71.07,Invoice,LOCAL-70-01722
2026-08-15,INV-70-01723,125.75,Invoice,LOCAL-70-01723
2026-08-16,PAY-70-01724,-40.25,Payment,LOCAL-70-01724
2026-08-17,INV-70-01725,900.10,Invoice,LOCAL-70-01725
2026-08-18,INV-70-01726,0.99,Invoice,LOCAL-70-01726
2026-08-19,INV-70-01727,250.00,Invoice,LOCAL-70-01727
2026-08-20,PAY-70-01728,-33.30,Payment,LOCAL-70-01728
2026-08-21,INV-70-01729,71.07,Invoice,LOCAL-70-01729
2026-08-22,INV-70-01730,125.75,Invoice,LOCAL-70-01730
2026-08-23,PAY-70-01731,-40.25,Payment,LOCAL-70-01731
2026-08-24,INV-70-01732,900.10,Invoice,LOCAL-70-01732
2026-08-25,INV-70-01733,0.99,Invoice,LOCAL-70-01733
2026-08-26,INV-70-01734,250.00,Invoice,LOCAL-70-01734
2026-08-27,PAY-70-01735,-33.30,Payment,LOCAL-70-01735
2026-08-28,INV-70-01736,71.07,Invoice,LOCAL-70-01736
2026-08-01,INV-70-01737,125.75,Invoice,LOCAL-70-01737
2026-08-02,PAY-70-01738,-40.25,Payment,LOCAL-70-01738
2026-08-03,INV-70-01739,900.10,Invoice,LOCAL-70-01739
2026-08-04,INV-70-01740,0.99,Invoice,LOCAL-70-01740
2026-08-05,INV-70-01741,250.00,Invoice,LOCAL-70-01741
2026-08-06,PAY-70-01742,-33.30,Payment,LOCAL-70-01742
2026-08-07,INV-70-01743,71.07,Invoice,LOCAL-70-01743
2026-08-08,INV-70-01744,125.75,Invoice,LOCAL-70-01744
2026-08-09,PAY-70-01745,-40.25,Payment,LOCAL-70-01745
2026-08-10,INV-70-01746,900.10,Invoice,LOCAL-70-01746
2026-08-11,INV-70-01747,0.99,Invoice,LOCAL-70-01747
2026-08-12,INV-70-01748,250.00,Invoice,LOCAL-70-01748
2026-08-13,PAY-70-01749,-33.30,Payment,LOCAL-70-01749
2026-08-14,INV-70-01750,71.07,Invoice,LOCAL-70-01750
2026-08-15,INV-70-01751,125.75,Invoice,LOCAL-70-01751
2026-08-16,PAY-70-01752,-40.25,Payment,LOCAL-70-01752
2026-08-17,INV-70-01753,900.10,Invoice,LOCAL-70-01753
2026-08-18,INV-70-01754,0.99,Invoice,LOCAL-70-01754
2026-08-19,INV-70-01755,250.00,Invoice,LOCAL-70-01755
2026-08-20,PAY-70-01756,-33.30,Payment,LOCAL-70-01756
2026-08-21,INV-70-01757,71.07,Invoice,LOCAL-70-01757
2026-08-22,INV-70-01758,125.75,Invoice,LOCAL-70-01758
2026-08-23,PAY-70-01759,-40.25,Payment,LOCAL-70-01759
2026-08-24,INV-70-01760,900.10,Invoice,LOCAL-70-01760
2026-08-25,INV-70-01761,0.99,Invoice,LOCAL-70-01761
2026-08-26,INV-70-01762,250.00,Invoice,LOCAL-70-01762
2026-08-27,PAY-70-01763,-33.30,Payment,LOCAL-70-01763
2026-08-28,INV-70-01764,71.07,Invoice,LOCAL-70-01764
2026-08-01,INV-70-01765,125.75,Invoice,LOCAL-70-01765
2026-08-02,PAY-70-01766,-40.25,Payment,LOCAL-70-01766
2026-08-03,INV-70-01767,900.10,Invoice,LOCAL-70-01767
2026-08-04,INV-70-01768,0.99,Invoice,LOCAL-70-01768
2026-08-05,INV-70-01769,250.00,Invoice,LOCAL-70-01769
2026-08-06,PAY-70-01770,-33.30,Payment,LOCAL-70-01770
2026-08-07,INV-70-01771,71.07,Invoice,LOCAL-70-01771
2026-08-08,INV-70-01772,125.75,Invoice,LOCAL-70-01772
2026-08-09,PAY-70-01773,-40.25,Payment,LOCAL-70-01773
2026-08-10,INV-70-01774,900.10,Invoice,LOCAL-70-01774
2026-08-11,INV-70-01775,0.99,Invoice,LOCAL-70-01775
2026-08-12,INV-70-01776,250.00,Invoice,LOCAL-70-01776
2026-08-13,PAY-70-01777,-33.30,Payment,LOCAL-70-01777
2026-08-14,INV-70-01778,71.07,Invoice,LOCAL-70-01778
2026-08-15,INV-70-01779,125.75,Invoice,LOCAL-70-01779
2026-08-16,PAY-70-01780,-40.25,Payment,LOCAL-70-01780
2026-08-17,INV-70-01781,900.10,Invoice,LOCAL-70-01781
2026-08-18,INV-70-01782,0.99,Invoice,LOCAL-70-01782
2026-08-19,INV-70-01783,250.00,Invoice,LOCAL-70-01783
2026-08-20,PAY-70-01784,-33.30,Payment,LOCAL-70-01784
2026-08-21,INV-70-01785,71.07,Invoice,LOCAL-70-01785
2026-08-22,INV-70-01786,125.75,Invoice,LOCAL-70-01786
2026-08-23,PAY-70-01787,-40.25,Payment,LOCAL-70-01787
2026-08-24,INV-70-01788,900.10,Invoice,LOCAL-70-01788
2026-08-25,INV-70-01789,0.99,Invoice,LOCAL-70-01789
2026-08-26,INV-70-01790,250.00,Invoice,LOCAL-70-01790
2026-08-27,PAY-70-01791,-33.30,Payment,LOCAL-70-01791
2026-08-28,INV-70-01792,71.07,Invoice,LOCAL-70-01792
2026-08-01,INV-70-01793,125.75,Invoice,LOCAL-70-01793
2026-08-02,PAY-70-01794,-40.25,Payment,LOCAL-70-01794
2026-08-03,INV-70-01795,900.10,Invoice,LOCAL-70-01795
2026-08-04,INV-70-01796,0.99,Invoice,LOCAL-70-01796
2026-08-05,INV-70-01797,250.00,Invoice,LOCAL-70-01797
2026-08-06,PAY-70-01798,-33.30,Payment,LOCAL-70-01798
2026-08-07,INV-70-01799,71.07,Invoice,LOCAL-70-01799
2026-08-08,INV-70-01800,125.75,Invoice,LOCAL-70-01800
2026-08-09,PAY-70-01801,-40.25,Payment,LOCAL-70-01801
2026-08-10,INV-70-01802,900.10,Invoice,LOCAL-70-01802
2026-08-11,INV-70-01803,0.99,Invoice,LOCAL-70-01803
2026-08-12,INV-70-01804,250.00,Invoice,LOCAL-70-01804
2026-08-13,PAY-70-01805,-33.30,Payment,LOCAL-70-01805
2026-08-14,INV-70-01806,71.07,Invoice,LOCAL-70-01806
2026-08-15,INV-70-01807,125.75,Invoice,LOCAL-70-01807
2026-08-16,PAY-70-01808,-40.25,Payment,LOCAL-70-01808
2026-08-17,INV-70-01809,900.10,Invoice,LOCAL-70-01809
2026-08-18,INV-70-01810,0.99,Invoice,LOCAL-70-01810
2026-08-19,INV-70-01811,250.00,Invoice,LOCAL-70-01811
2026-08-20,PAY-70-01812,-33.30,Payment,LOCAL-70-01812
2026-08-21,INV-70-01813,71.07,Invoice,LOCAL-70-01813
2026-08-22,INV-70-01814,125.75,Invoice,LOCAL-70-01814
2026-08-23,PAY-70-01815,-40.25,Payment,LOCAL-70-01815
2026-08-24,INV-70-01816,900.10,Invoice,LOCAL-70-01816
2026-08-25,INV-70-01817,0.99,Invoice,LOCAL-70-01817
2026-08-26,INV-70-01818,250.00,Invoice,LOCAL-70-01818
2026-08-27,PAY-70-01819,-33.30,Payment,LOCAL-70-01819
2026-08-28,INV-70-01820,71.07,Invoice,LOCAL-70-01820
2026-08-01,INV-70-01821,125.75,Invoice,LOCAL-70-01821
2026-08-02,PAY-70-01822,-40.25,Payment,LOCAL-70-01822
2026-08-03,INV-70-01823,900.10,Invoice,LOCAL-70-01823
2026-08-04,INV-70-01824,0.99,Invoice,LOCAL-70-01824
2026-08-05,INV-70-01825,250.00,Invoice,LOCAL-70-01825
2026-08-06,PAY-70-01826,-33.30,Payment,LOCAL-70-01826
2026-08-07,INV-70-01827,71.07,Invoice,LOCAL-70-01827
2026-08-08,INV-70-01828,125.75,Invoice,LOCAL-70-01828
2026-08-09,PAY-70-01829,-40.25,Payment,LOCAL-70-01829
2026-08-10,INV-70-01830,900.10,Invoice,LOCAL-70-01830
2026-08-11,INV-70-01831,0.99,Invoice,LOCAL-70-01831
2026-08-12,INV-70-01832,250.00,Invoice,LOCAL-70-01832
2026-08-13,PAY-70-01833,-33.30,Payment,LOCAL-70-01833
2026-08-14,INV-70-01834,71.07,Invoice,LOCAL-70-01834
2026-08-15,INV-70-01835,125.75,Invoice,LOCAL-70-01835
2026-08-16,PAY-70-01836,-40.25,Payment,LOCAL-70-01836
2026-08-17,INV-70-01837,900.10,Invoice,LOCAL-70-01837
2026-08-18,INV-70-01838,0.99,Invoice,LOCAL-70-01838
2026-08-19,INV-70-01839,250.00,Invoice,LOCAL-70-01839
2026-08-20,PAY-70-01840,-33.30,Payment,LOCAL-70-01840
2026-08-21,INV-70-01841,71.07,Invoice,LOCAL-70-01841
2026-08-22,INV-70-01842,125.75,Invoice,LOCAL-70-01842
2026-08-23,PAY-70-01843,-40.25,Payment,LOCAL-70-01843
2026-08-24,INV-70-01844,900.10,Invoice,LOCAL-70-01844
2026-08-25,INV-70-01845,0.99,Invoice,LOCAL-70-01845
2026-08-26,INV-70-01846,250.00,Invoice,LOCAL-70-01846
2026-08-27,PAY-70-01847,-33.30,Payment,LOCAL-70-01847
2026-08-28,INV-70-01848,71.07,Invoice,LOCAL-70-01848
2026-08-01,INV-70-01849,125.75,Invoice,LOCAL-70-01849
2026-08-02,PAY-70-01850,-40.25,Payment,LOCAL-70-01850
2026-08-03,INV-70-01851,900.10,Invoice,LOCAL-70-01851
2026-08-04,INV-70-01852,0.99,Invoice,LOCAL-70-01852
2026-08-05,INV-70-01853,250.00,Invoice,LOCAL-70-01853
2026-08-06,PAY-70-01854,-33.30,Payment,LOCAL-70-01854
2026-08-07,INV-70-01855,71.07,Invoice,LOCAL-70-01855
2026-08-08,INV-70-01856,125.75,Invoice,LOCAL-70-01856
2026-08-09,PAY-70-01857,-40.25,Payment,LOCAL-70-01857
2026-08-10,INV-70-01858,900.10,Invoice,LOCAL-70-01858
2026-08-11,INV-70-01859,0.99,Invoice,LOCAL-70-01859
2026-08-12,INV-70-01860,250.00,Invoice,LOCAL-70-01860
2026-08-13,PAY-70-01861,-33.30,Payment,LOCAL-70-01861
2026-08-14,INV-70-01862,71.07,Invoice,LOCAL-70-01862
2026-08-15,INV-70-01863,125.75,Invoice,LOCAL-70-01863
2026-08-16,PAY-70-01864,-40.25,Payment,LOCAL-70-01864
2026-08-17,INV-70-01865,900.10,Invoice,LOCAL-70-01865
2026-08-18,INV-70-01866,0.99,Invoice,LOCAL-70-01866
2026-08-19,INV-70-01867,250.00,Invoice,LOCAL-70-01867
2026-08-20,PAY-70-01868,-33.30,Payment,LOCAL-70-01868
2026-08-21,INV-70-01869,71.07,Invoice,LOCAL-70-01869
2026-08-22,INV-70-01870,125.75,Invoice,LOCAL-70-01870
2026-08-23,PAY-70-01871,-40.25,Payment,LOCAL-70-01871
2026-08-24,INV-70-01872,900.10,Invoice,LOCAL-70-01872
2026-08-25,INV-70-01873,0.99,Invoice,LOCAL-70-01873
2026-08-26,INV-70-01874,250.00,Invoice,LOCAL-70-01874
2026-08-27,PAY-70-01875,-33.30,Payment,LOCAL-70-01875
2026-08-28,INV-70-01876,71.07,Invoice,LOCAL-70-01876
2026-08-01,INV-70-01877,125.75,Invoice,LOCAL-70-01877
2026-08-02,PAY-70-01878,-40.25,Payment,LOCAL-70-01878
2026-08-03,INV-70-01879,900.10,Invoice,LOCAL-70-01879
2026-08-04,INV-70-01880,0.99,Invoice,LOCAL-70-01880
2026-08-05,INV-70-01881,250.00,Invoice,LOCAL-70-01881
2026-08-06,PAY-70-01882,-33.30,Payment,LOCAL-70-01882
2026-08-07,INV-70-01883,71.07,Invoice,LOCAL-70-01883
2026-08-08,INV-70-01884,125.75,Invoice,LOCAL-70-01884
2026-08-09,PAY-70-01885,-40.25,Payment,LOCAL-70-01885
2026-08-10,INV-70-01886,900.10,Invoice,LOCAL-70-01886
2026-08-11,INV-70-01887,0.99,Invoice,LOCAL-70-01887
2026-08-12,INV-70-01888,250.00,Invoice,LOCAL-70-01888
2026-08-13,PAY-70-01889,-33.30,Payment,LOCAL-70-01889
2026-08-14,INV-70-01890,71.07,Invoice,LOCAL-70-01890
2026-08-15,INV-70-01891,125.75,Invoice,LOCAL-70-01891
2026-08-16,PAY-70-01892,-40.25,Payment,LOCAL-70-01892
2026-08-17,INV-70-01893,900.10,Invoice,LOCAL-70-01893
2026-08-18,INV-70-01894,0.99,Invoice,LOCAL-70-01894
2026-08-19,INV-70-01895,250.00,Invoice,LOCAL-70-01895
2026-08-20,PAY-70-01896,-33.30,Payment,LOCAL-70-01896
2026-08-21,INV-70-01897,71.07,Invoice,LOCAL-70-01897
2026-08-22,INV-70-01898,125.75,Invoice,LOCAL-70-01898
2026-08-23,PAY-70-01899,-40.25,Payment,LOCAL-70-01899
2026-08-24,INV-70-01900,900.10,Invoice,LOCAL-70-01900
2026-08-25,INV-70-01901,0.99,Invoice,LOCAL-70-01901
2026-08-26,INV-70-01902,250.00,Invoice,LOCAL-70-01902
2026-08-27,PAY-70-01903,-33.30,Payment,LOCAL-70-01903
2026-08-28,INV-70-01904,71.07,Invoice,LOCAL-70-01904
2026-08-01,INV-70-01905,125.75,Invoice,LOCAL-70-01905
2026-08-02,PAY-70-01906,-40.25,Payment,LOCAL-70-01906
2026-08-03,INV-70-01907,900.10,Invoice,LOCAL-70-01907
2026-08-04,INV-70-01908,0.99,Invoice,LOCAL-70-01908
2026-08-05,INV-70-01909,250.00,Invoice,LOCAL-70-01909
2026-08-06,PAY-70-01910,-33.30,Payment,LOCAL-70-01910
2026-08-07,INV-70-01911,71.07,Invoice,LOCAL-70-01911
2026-08-08,INV-70-01912,125.75,Invoice,LOCAL-70-01912
2026-08-09,PAY-70-01913,-40.25,Payment,LOCAL-70-01913
2026-08-10,INV-70-01914,900.10,Invoice,LOCAL-70-01914
2026-08-11,INV-70-01915,0.99,Invoice,LOCAL-70-01915
2026-08-12,INV-70-01916,250.00,Invoice,LOCAL-70-01916
2026-08-13,PAY-70-01917,-33.30,Payment,LOCAL-70-01917
2026-08-14,INV-70-01918,71.07,Invoice,LOCAL-70-01918
2026-08-15,INV-70-01919,125.75,Invoice,LOCAL-70-01919
2026-08-16,PAY-70-01920,-40.25,Payment,LOCAL-70-01920
2026-08-17,INV-70-01921,900.10,Invoice,LOCAL-70-01921
2026-08-18,INV-70-01922,0.99,Invoice,LOCAL-70-01922
2026-08-19,INV-70-01923,250.00,Invoice,LOCAL-70-01923
2026-08-20,PAY-70-01924,-33.30,Payment,LOCAL-70-01924
2026-08-21,INV-70-01925,71.07,Invoice,LOCAL-70-01925
2026-08-22,INV-70-01926,125.75,Invoice,LOCAL-70-01926
2026-08-23,PAY-70-01927,-40.25,Payment,LOCAL-70-01927
2026-08-24,INV-70-01928,900.10,Invoice,LOCAL-70-01928
2026-08-25,INV-70-01929,0.99,Invoice,LOCAL-70-01929
2026-08-26,INV-70-01930,250.00,Invoice,LOCAL-70-01930
2026-08-27,PAY-70-01931,-33.30,Payment,LOCAL-70-01931
2026-08-28,INV-70-01932,71.07,Invoice,LOCAL-70-01932
2026-08-01,INV-70-01933,125.75,Invoice,LOCAL-70-01933
2026-08-02,PAY-70-01934,-40.25,Payment,LOCAL-70-01934
2026-08-03,INV-70-01935,900.10,Invoice,LOCAL-70-01935
2026-08-04,INV-70-01936,0.99,Invoice,LOCAL-70-01936
2026-08-05,INV-70-01937,250.00,Invoice,LOCAL-70-01937
2026-08-06,PAY-70-01938,-33.30,Payment,LOCAL-70-01938
2026-08-07,INV-70-01939,71.07,Invoice,LOCAL-70-01939
2026-08-08,INV-70-01940,125.75,Invoice,LOCAL-70-01940
2026-08-09,PAY-70-01941,-40.25,Payment,LOCAL-70-01941
2026-08-10,INV-70-01942,900.10,Invoice,LOCAL-70-01942
2026-08-11,INV-70-01943,0.99,Invoice,LOCAL-70-01943
2026-08-12,INV-70-01944,250.00,Invoice,LOCAL-70-01944
2026-08-13,PAY-70-01945,-33.30,Payment,LOCAL-70-01945
2026-08-14,INV-70-01946,71.07,Invoice,LOCAL-70-01946
2026-08-15,INV-70-01947,125.75,Invoice,LOCAL-70-01947
2026-08-16,PAY-70-01948,-40.25,Payment,LOCAL-70-01948
2026-08-17,INV-70-01949,900.10,Invoice,LOCAL-70-01949
2026-08-18,INV-70-01950,0.99,Invoice,LOCAL-70-01950
2026-08-19,INV-70-01951,250.00,Invoice,LOCAL-70-01951
2026-08-20,PAY-70-01952,-33.30,Payment,LOCAL-70-01952
2026-08-21,INV-70-01953,71.07,Invoice,LOCAL-70-01953
2026-08-22,INV-70-01954,125.75,Invoice,LOCAL-70-01954
2026-08-23,PAY-70-01955,-40.25,Payment,LOCAL-70-01955
2026-08-24,INV-70-01956,900.10,Invoice,LOCAL-70-01956
2026-08-25,INV-70-01957,0.99,Invoice,LOCAL-70-01957
2026-08-26,INV-70-01958,250.00,Invoice,LOCAL-70-01958
2026-08-27,PAY-70-01959,-33.30,Payment,LOCAL-70-01959
2026-08-28,INV-70-01960,71.07,Invoice,LOCAL-70-01960
2026-08-01,INV-70-01961,125.75,Invoice,LOCAL-70-01961
2026-08-02,PAY-70-01962,-40.25,Payment,LOCAL-70-01962
2026-08-03,INV-70-01963,900.10,Invoice,LOCAL-70-01963
2026-08-04,INV-70-01964,0.99,Invoice,LOCAL-70-01964
2026-08-05,INV-70-01965,250.00,Invoice,LOCAL-70-01965
2026-08-06,PAY-70-01966,-33.30,Payment,LOCAL-70-01966
2026-08-07,INV-70-01967,71.07,Invoice,LOCAL-70-01967
2026-08-08,INV-70-01968,125.75,Invoice,LOCAL-70-01968
2026-08-09,PAY-70-01969,-40.25,Payment,LOCAL-70-01969
2026-08-10,INV-70-01970,900.10,Invoice,LOCAL-70-01970
2026-08-11,INV-70-01971,0.99,Invoice,LOCAL-70-01971
2026-08-12,INV-70-01972,250.00,Invoice,LOCAL-70-01972
2026-08-13,PAY-70-01973,-33.30,Payment,LOCAL-70-01973
2026-08-14,INV-70-01974,71.07,Invoice,LOCAL-70-01974
2026-08-15,INV-70-01975,125.75,Invoice,LOCAL-70-01975
2026-08-16,PAY-70-01976,-40.25,Payment,LOCAL-70-01976
2026-08-17,INV-70-01977,900.10,Invoice,LOCAL-70-01977
2026-08-18,INV-70-01978,0.99,Invoice,LOCAL-70-01978
2026-08-19,INV-70-01979,250.00,Invoice,LOCAL-70-01979
2026-08-20,PAY-70-01980,-33.30,Payment,LOCAL-70-01980
2026-08-21,INV-70-01981,71.07,Invoice,LOCAL-70-01981
2026-08-22,INV-70-01982,125.75,Invoice,LOCAL-70-01982
2026-08-23,PAY-70-01983,-40.25,Payment,LOCAL-70-01983
2026-08-24,INV-70-01984,900.10,Invoice,LOCAL-70-01984
2026-08-25,INV-70-01985,0.99,Invoice,LOCAL-70-01985
2026-08-26,INV-70-01986,250.00,Invoice,LOCAL-70-01986
2026-08-27,PAY-70-01987,-33.30,Payment,LOCAL-70-01987
2026-08-28,INV-70-01988,71.07,Invoice,LOCAL-70-01988
2026-08-01,INV-70-01989,125.75,Invoice,LOCAL-70-01989
2026-08-02,PAY-70-01990,-40.25,Payment,LOCAL-70-01990
2026-08-03,INV-70-01991,900.10,Invoice,LOCAL-70-01991
2026-08-04,INV-70-01992,0.99,Invoice,LOCAL-70-01992
2026-08-05,INV-70-01993,250.00,Invoice,LOCAL-70-01993
2026-08-06,PAY-70-01994,-33.30,Payment,LOCAL-70-01994
2026-08-07,INV-70-01995,71.07,Invoice,LOCAL-70-01995
2026-08-08,INV-70-01996,125.75,Invoice,LOCAL-70-01996
2026-08-09,PAY-70-01997,-40.25,Payment,LOCAL-70-01997
2026-08-10,INV-70-01998,900.10,Invoice,LOCAL-70-01998
2026-08-11,INV-70-01999,0.99,Invoice,LOCAL-70-01999
2026-08-12,INV-70-02000,250.00,Invoice,LOCAL-70-02000
2026-08-13,PAY-70-02001,-33.30,Payment,LOCAL-70-02001
2026-08-14,INV-70-02002,71.07,Invoice,LOCAL-70-02002
2026-08-15,INV-70-02003,125.75,Invoice,LOCAL-70-02003
2026-08-16,PAY-70-02004,-40.25,Payment,LOCAL-70-02004
2026-08-17,INV-70-02005,900.10,Invoice,LOCAL-70-02005
2026-08-18,INV-70-02006,0.99,Invoice,LOCAL-70-02006
2026-08-19,INV-70-02007,250.00,Invoice,LOCAL-70-02007
2026-08-20,PAY-70-02008,-33.30,Payment,LOCAL-70-02008
2026-08-21,INV-70-02009,71.07,Invoice,LOCAL-70-02009
2026-08-22,INV-70-02010,125.75,Invoice,LOCAL-70-02010
2026-08-23,PAY-70-02011,-40.25,Payment,LOCAL-70-02011
2026-08-24,INV-70-02012,900.10,Invoice,LOCAL-70-02012
2026-08-25,INV-70-02013,0.99,Invoice,LOCAL-70-02013
2026-08-26,INV-70-02014,250.00,Invoice,LOCAL-70-02014
2026-08-27,PAY-70-02015,-33.30,Payment,LOCAL-70-02015
2026-08-28,INV-70-02016,71.07,Invoice,LOCAL-70-02016
2026-08-01,INV-70-02017,125.75,Invoice,LOCAL-70-02017
2026-08-02,PAY-70-02018,-40.25,Payment,LOCAL-70-02018
2026-08-03,INV-70-02019,900.10,Invoice,LOCAL-70-02019
2026-08-04,INV-70-02020,0.99,Invoice,LOCAL-70-02020
2026-08-05,INV-70-02021,250.00,Invoice,LOCAL-70-02021
2026-08-06,PAY-70-02022,-33.30,Payment,LOCAL-70-02022
2026-08-07,INV-70-02023,71.07,Invoice,LOCAL-70-02023
2026-08-08,INV-70-02024,125.75,Invoice,LOCAL-70-02024
2026-08-09,PAY-70-02025,-40.25,Payment,LOCAL-70-02025
2026-08-10,INV-70-02026,900.10,Invoice,LOCAL-70-02026
2026-08-11,INV-70-02027,0.99,Invoice,LOCAL-70-02027
2026-08-12,INV-70-02028,250.00,Invoice,LOCAL-70-02028
2026-08-13,PAY-70-02029,-33.30,Payment,LOCAL-70-02029
2026-08-14,INV-70-02030,71.07,Invoice,LOCAL-70-02030
2026-08-15,INV-70-02031,125.75,Invoice,LOCAL-70-02031
2026-08-16,PAY-70-02032,-40.25,Payment,LOCAL-70-02032
2026-08-17,INV-70-02033,900.10,Invoice,LOCAL-70-02033
2026-08-18,INV-70-02034,0.99,Invoice,LOCAL-70-02034
2026-08-19,INV-70-02035,250.00,Invoice,LOCAL-70-02035
2026-08-20,PAY-70-02036,-33.30,Payment,LOCAL-70-02036
2026-08-21,INV-70-02037,71.07,Invoice,LOCAL-70-02037
2026-08-22,INV-70-02038,125.75,Invoice,LOCAL-70-02038
2026-08-23,PAY-70-02039,-40.25,Payment,LOCAL-70-02039
2026-08-24,INV-70-02040,900.10,Invoice,LOCAL-70-02040
2026-08-25,INV-70-02041,0.99,Invoice,LOCAL-70-02041
2026-08-26,INV-70-02042,250.00,Invoice,LOCAL-70-02042
2026-08-27,PAY-70-02043,-33.30,Payment,LOCAL-70-02043
2026-08-28,INV-70-02044,71.07,Invoice,LOCAL-70-02044
2026-08-01,INV-70-02045,125.75,Invoice,LOCAL-70-02045
2026-08-02,PAY-70-02046,-40.25,Payment,LOCAL-70-02046
2026-08-03,INV-70-02047,900.10,Invoice,LOCAL-70-02047
2026-08-04,INV-70-02048,0.99,Invoice,LOCAL-70-02048
2026-08-05,INV-70-02049,250.00,Invoice,LOCAL-70-02049
2026-08-06,PAY-70-02050,-33.30,Payment,LOCAL-70-02050
2026-08-07,INV-70-02051,71.07,Invoice,LOCAL-70-02051
2026-08-08,INV-70-02052,125.75,Invoice,LOCAL-70-02052
2026-08-09,PAY-70-02053,-40.25,Payment,LOCAL-70-02053
2026-08-10,INV-70-02054,900.10,Invoice,LOCAL-70-02054
2026-08-11,INV-70-02055,0.99,Invoice,LOCAL-70-02055
2026-08-12,INV-70-02056,250.00,Invoice,LOCAL-70-02056
2026-08-13,PAY-70-02057,-33.30,Payment,LOCAL-70-02057
2026-08-14,INV-70-02058,71.07,Invoice,LOCAL-70-02058
2026-08-15,INV-70-02059,125.75,Invoice,LOCAL-70-02059
2026-08-16,PAY-70-02060,-40.25,Payment,LOCAL-70-02060
2026-08-17,INV-70-02061,900.10,Invoice,LOCAL-70-02061
2026-08-18,INV-70-02062,0.99,Invoice,LOCAL-70-02062
2026-08-19,INV-70-02063,250.00,Invoice,LOCAL-70-02063
2026-08-20,PAY-70-02064,-33.30,Payment,LOCAL-70-02064
2026-08-21,INV-70-02065,71.07,Invoice,LOCAL-70-02065
2026-08-22,INV-70-02066,125.75,Invoice,LOCAL-70-02066
2026-08-23,PAY-70-02067,-40.25,Payment,LOCAL-70-02067
2026-08-24,INV-70-02068,900.10,Invoice,LOCAL-70-02068
2026-08-25,INV-70-02069,0.99,Invoice,LOCAL-70-02069
2026-08-26,INV-70-02070,250.00,Invoice,LOCAL-70-02070
2026-08-27,PAY-70-02071,-33.30,Payment,LOCAL-70-02071
2026-08-28,INV-70-02072,71.07,Invoice,LOCAL-70-02072
2026-08-01,INV-70-02073,125.75,Invoice,LOCAL-70-02073
2026-08-02,PAY-70-02074,-40.25,Payment,LOCAL-70-02074
2026-08-03,INV-70-02075,900.10,Invoice,LOCAL-70-02075
2026-08-04,INV-70-02076,0.99,Invoice,LOCAL-70-02076
2026-08-05,INV-70-02077,250.00,Invoice,LOCAL-70-02077
2026-08-06,PAY-70-02078,-33.30,Payment,LOCAL-70-02078
2026-08-07,INV-70-02079,71.07,Invoice,LOCAL-70-02079
2026-08-08,INV-70-02080,125.75,Invoice,LOCAL-70-02080
2026-08-09,PAY-70-02081,-40.25,Payment,LOCAL-70-02081
2026-08-10,INV-70-02082,900.10,Invoice,LOCAL-70-02082
2026-08-11,INV-70-02083,0.99,Invoice,LOCAL-70-02083
2026-08-12,INV-70-02084,250.00,Invoice,LOCAL-70-02084
2026-08-13,PAY-70-02085,-33.30,Payment,LOCAL-70-02085
2026-08-14,INV-70-02086,71.07,Invoice,LOCAL-70-02086
2026-08-15,INV-70-02087,125.75,Invoice,LOCAL-70-02087
2026-08-16,PAY-70-02088,-40.25,Payment,LOCAL-70-02088
2026-08-17,INV-70-02089,900.10,Invoice,LOCAL-70-02089
2026-08-18,INV-70-02090,0.99,Invoice,LOCAL-70-02090
2026-08-19,INV-70-02091,250.00,Invoice,LOCAL-70-02091
2026-08-20,PAY-70-02092,-33.30,Payment,LOCAL-70-02092
2026-08-21,INV-70-02093,71.07,Invoice,LOCAL-70-02093
2026-08-22,INV-70-02094,125.75,Invoice,LOCAL-70-02094
2026-08-23,PAY-70-02095,-40.25,Payment,LOCAL-70-02095
2026-08-24,INV-70-02096,900.10,Invoice,LOCAL-70-02096
2026-08-25,INV-70-02097,0.99,Invoice,LOCAL-70-02097
2026-08-26,INV-70-02098,250.00,Invoice,LOCAL-70-02098
2026-08-27,PAY-70-02099,-33.30,Payment,LOCAL-70-02099
2026-08-28,INV-70-02100,71.07,Invoice,LOCAL-70-02100
2026-08-01,INV-70-02101,125.75,Invoice,LOCAL-70-02101
2026-08-02,PAY-70-02102,-40.25,Payment,LOCAL-70-02102
2026-08-03,INV-70-02103,900.10,Invoice,LOCAL-70-02103
2026-08-04,INV-70-02104,0.99,Invoice,LOCAL-70-02104
2026-08-05,INV-70-02105,250.00,Invoice,LOCAL-70-02105
2026-08-06,PAY-70-02106,-33.30,Payment,LOCAL-70-02106
2026-08-07,INV-70-02107,71.07,Invoice,LOCAL-70-02107
2026-08-08,INV-70-02108,125.75,Invoice,LOCAL-70-02108
2026-08-09,PAY-70-02109,-40.25,Payment,LOCAL-70-02109
2026-08-10,INV-70-02110,900.10,Invoice,LOCAL-70-02110
2026-08-11,INV-70-02111,0.99,Invoice,LOCAL-70-02111
2026-08-12,INV-70-02112,250.00,Invoice,LOCAL-70-02112
2026-08-13,PAY-70-02113,-33.30,Payment,LOCAL-70-02113
2026-08-14,INV-70-02114,71.07,Invoice,LOCAL-70-02114
2026-08-15,INV-70-02115,125.75,Invoice,LOCAL-70-02115
2026-08-16,PAY-70-02116,-40.25,Payment,LOCAL-70-02116
2026-08-17,INV-70-02117,900.10,Invoice,LOCAL-70-02117
2026-08-18,INV-70-02118,0.99,Invoice,LOCAL-70-02118
2026-08-19,INV-70-02119,250.00,Invoice,LOCAL-70-02119
2026-08-20,PAY-70-02120,-33.30,Payment,LOCAL-70-02120
2026-08-21,INV-70-02121,71.07,Invoice,LOCAL-70-02121
2026-08-22,INV-70-02122,125.75,Invoice,LOCAL-70-02122
2026-08-23,PAY-70-02123,-40.25,Payment,LOCAL-70-02123
2026-08-24,INV-70-02124,900.10,Invoice,LOCAL-70-02124
2026-08-25,INV-70-02125,0.99,Invoice,LOCAL-70-02125
2026-08-26,INV-70-02126,250.00,Invoice,LOCAL-70-02126
2026-08-27,PAY-70-02127,-33.30,Payment,LOCAL-70-02127
2026-08-28,INV-70-02128,71.07,Invoice,LOCAL-70-02128
2026-08-01,INV-70-02129,125.75,Invoice,LOCAL-70-02129
2026-08-02,PAY-70-02130,-40.25,Payment,LOCAL-70-02130
2026-08-03,INV-70-02131,900.10,Invoice,LOCAL-70-02131
2026-08-04,INV-70-02132,0.99,Invoice,LOCAL-70-02132
2026-08-05,INV-70-02133,250.00,Invoice,LOCAL-70-02133
2026-08-06,PAY-70-02134,-33.30,Payment,LOCAL-70-02134
2026-08-07,INV-70-02135,71.07,Invoice,LOCAL-70-02135
2026-08-08,INV-70-02136,125.75,Invoice,LOCAL-70-02136
2026-08-09,PAY-70-02137,-40.25,Payment,LOCAL-70-02137
2026-08-10,INV-70-02138,900.10,Invoice,LOCAL-70-02138
2026-08-11,INV-70-02139,0.99,Invoice,LOCAL-70-02139
2026-08-12,INV-70-02140,250.00,Invoice,LOCAL-70-02140
2026-08-13,PAY-70-02141,-33.30,Payment,LOCAL-70-02141
2026-08-14,INV-70-02142,71.07,Invoice,LOCAL-70-02142
2026-08-15,INV-70-02143,125.75,Invoice,LOCAL-70-02143
2026-08-16,PAY-70-02144,-40.25,Payment,LOCAL-70-02144
2026-08-17,INV-70-02145,900.10,Invoice,LOCAL-70-02145
2026-08-18,INV-70-02146,0.99,Invoice,LOCAL-70-02146
2026-08-19,INV-70-02147,250.00,Invoice,LOCAL-70-02147
2026-08-20,PAY-70-02148,-33.30,Payment,LOCAL-70-02148
2026-08-21,INV-70-02149,71.07,Invoice,LOCAL-70-02149
2026-08-22,INV-70-02150,125.75,Invoice,LOCAL-70-02150
2026-08-23,PAY-70-02151,-40.25,Payment,LOCAL-70-02151
2026-08-24,INV-70-02152,900.10,Invoice,LOCAL-70-02152
2026-08-25,INV-70-02153,0.99,Invoice,LOCAL-70-02153
2026-08-26,INV-70-02154,250.00,Invoice,LOCAL-70-02154
2026-08-27,PAY-70-02155,-33.30,Payment,LOCAL-70-02155
2026-08-28,INV-70-02156,71.07,Invoice,LOCAL-70-02156
2026-08-01,INV-70-02157,125.75,Invoice,LOCAL-70-02157
2026-08-02,PAY-70-02158,-40.25,Payment,LOCAL-70-02158
2026-08-03,INV-70-02159,900.10,Invoice,LOCAL-70-02159
2026-08-04,INV-70-02160,0.99,Invoice,LOCAL-70-02160
2026-08-05,INV-70-02161,250.00,Invoice,LOCAL-70-02161
2026-08-06,PAY-70-02162,-33.30,Payment,LOCAL-70-02162
2026-08-07,INV-70-02163,71.07,Invoice,LOCAL-70-02163
2026-08-08,INV-70-02164,125.75,Invoice,LOCAL-70-02164
2026-08-09,PAY-70-02165,-40.25,Payment,LOCAL-70-02165
2026-08-10,INV-70-02166,900.10,Invoice,LOCAL-70-02166
2026-08-11,INV-70-02167,0.99,Invoice,LOCAL-70-02167
2026-08-12,INV-70-02168,250.00,Invoice,LOCAL-70-02168
2026-08-13,PAY-70-02169,-33.30,Payment,LOCAL-70-02169
2026-08-14,INV-70-02170,71.07,Invoice,LOCAL-70-02170
2026-08-15,INV-70-02171,125.75,Invoice,LOCAL-70-02171
2026-08-16,PAY-70-02172,-40.25,Payment,LOCAL-70-02172
2026-08-17,INV-70-02173,900.10,Invoice,LOCAL-70-02173
2026-08-18,INV-70-02174,0.99,Invoice,LOCAL-70-02174
2026-08-19,INV-70-02175,250.00,Invoice,LOCAL-70-02175
2026-08-20,PAY-70-02176,-33.30,Payment,LOCAL-70-02176
2026-08-21,INV-70-02177,71.07,Invoice,LOCAL-70-02177
2026-08-22,INV-70-02178,125.75,Invoice,LOCAL-70-02178
2026-08-23,PAY-70-02179,-40.25,Payment,LOCAL-70-02179
2026-08-24,INV-70-02180,900.10,Invoice,LOCAL-70-02180
2026-08-25,INV-70-02181,0.99,Invoice,LOCAL-70-02181
2026-08-26,INV-70-02182,250.00,Invoice,LOCAL-70-02182
2026-08-27,PAY-70-02183,-33.30,Payment,LOCAL-70-02183
2026-08-28,INV-70-02184,71.07,Invoice,LOCAL-70-02184
2026-08-01,INV-70-02185,125.75,Invoice,LOCAL-70-02185
2026-08-02,PAY-70-02186,-40.25,Payment,LOCAL-70-02186
2026-08-03,INV-70-02187,900.10,Invoice,LOCAL-70-02187
2026-08-04,INV-70-02188,0.99,Invoice,LOCAL-70-02188
2026-08-05,INV-70-02189,250.00,Invoice,LOCAL-70-02189
2026-08-06,PAY-70-02190,-33.30,Payment,LOCAL-70-02190
2026-08-07,INV-70-02191,71.07,Invoice,LOCAL-70-02191
2026-08-08,INV-70-02192,125.75,Invoice,LOCAL-70-02192
2026-08-09,PAY-70-02193,-40.25,Payment,LOCAL-70-02193
2026-08-10,INV-70-02194,900.10,Invoice,LOCAL-70-02194
2026-08-11,INV-70-02195,0.99,Invoice,LOCAL-70-02195
2026-08-12,INV-70-02196,250.00,Invoice,LOCAL-70-02196
2026-08-13,PAY-70-02197,-33.30,Payment,LOCAL-70-02197
2026-08-14,INV-70-02198,71.07,Invoice,LOCAL-70-02198
2026-08-15,INV-70-02199,125.75,Invoice,LOCAL-70-02199
2026-08-16,PAY-70-02200,-40.25,Payment,LOCAL-70-02200
2026-08-17,INV-70-02201,900.10,Invoice,LOCAL-70-02201
2026-08-18,INV-70-02202,0.99,Invoice,LOCAL-70-02202
2026-08-19,INV-70-02203,250.00,Invoice,LOCAL-70-02203
2026-08-20,PAY-70-02204,-33.30,Payment,LOCAL-70-02204
2026-08-21,INV-70-02205,71.07,Invoice,LOCAL-70-02205
2026-08-22,INV-70-02206,125.75,Invoice,LOCAL-70-02206
2026-08-23,PAY-70-02207,-40.25,Payment,LOCAL-70-02207
2026-08-24,INV-70-02208,900.10,Invoice,LOCAL-70-02208
2026-08-25,INV-70-02209,0.99,Invoice,LOCAL-70-02209
2026-08-26,INV-70-02210,250.00,Invoice,LOCAL-70-02210
2026-08-27,PAY-70-02211,-33.30,Payment,LOCAL-70-02211
2026-08-28,INV-70-02212,71.07,Invoice,LOCAL-70-02212
2026-08-01,INV-70-02213,125.75,Invoice,LOCAL-70-02213
2026-08-02,PAY-70-02214,-40.25,Payment,LOCAL-70-02214
2026-08-03,INV-70-02215,900.10,Invoice,LOCAL-70-02215
2026-08-04,INV-70-02216,0.99,Invoice,LOCAL-70-02216
2026-08-05,INV-70-02217,250.00,Invoice,LOCAL-70-02217
2026-08-06,PAY-70-02218,-33.30,Payment,LOCAL-70-02218
2026-08-07,INV-70-02219,71.07,Invoice,LOCAL-70-02219
2026-08-08,INV-70-02220,125.75,Invoice,LOCAL-70-02220
2026-08-09,PAY-70-02221,-40.25,Payment,LOCAL-70-02221
2026-08-10,INV-70-02222,900.10,Invoice,LOCAL-70-02222
2026-08-11,INV-70-02223,0.99,Invoice,LOCAL-70-02223
2026-08-12,INV-70-02224,250.00,Invoice,LOCAL-70-02224
2026-08-13,PAY-70-02225,-33.30,Payment,LOCAL-70-02225
2026-08-14,INV-70-02226,71.07,Invoice,LOCAL-70-02226
2026-08-15,INV-70-02227,125.75,Invoice,LOCAL-70-02227
2026-08-16,PAY-70-02228,-40.25,Payment,LOCAL-70-02228
2026-08-17,INV-70-02229,900.10,Invoice,LOCAL-70-02229
2026-08-18,INV-70-02230,0.99,Invoice,LOCAL-70-02230
2026-08-19,INV-70-02231,250.00,Invoice,LOCAL-70-02231
2026-08-20,PAY-70-02232,-33.30,Payment,LOCAL-70-02232
2026-08-21,INV-70-02233,71.07,Invoice,LOCAL-70-02233
2026-08-22,INV-70-02234,125.75,Invoice,LOCAL-70-02234
2026-08-23,PAY-70-02235,-40.25,Payment,LOCAL-70-02235
2026-08-24,INV-70-02236,900.10,Invoice,LOCAL-70-02236
2026-08-25,INV-70-02237,0.99,Invoice,LOCAL-70-02237
2026-08-26,INV-70-02238,250.00,Invoice,LOCAL-70-02238
2026-08-27,PAY-70-02239,-33.30,Payment,LOCAL-70-02239
2026-08-28,INV-70-02240,71.07,Invoice,LOCAL-70-02240
