2026-10-03T15:11:23.0528428Z Current runner version: '2.337.0'
2026-10-03T15:11:23.0542119Z ##[group]Runner Image Provisioner
2026-10-03T15:11:23.0542622Z Hosted Compute Agent
2026-10-03T15:11:23.0543043Z Version: 20260901.588
2026-10-03T15:11:23.0543422Z Commit: f88ec8081b781fac6c440065ac7ff9e710ce3d0b
2026-10-03T15:11:23.0543859Z Build Date: 2026-09-01T19:56:44Z
2026-10-03T15:11:23.0544302Z Worker ID: {e028ef42-f5ee-4bf3-92d4-dcb793383a94}
2026-10-03T15:11:23.0544709Z Azure Region: centralus
2026-10-03T15:11:23.0545099Z ##[endgroup]
2026-10-03T15:11:23.0545784Z ##[group]Operating System
2026-10-03T15:11:23.0546128Z Ubuntu
2026-10-03T15:11:23.0546471Z 24.04.5
2026-10-03T15:11:23.0546771Z LTS
2026-10-03T15:11:23.0547091Z ##[endgroup]
2026-10-03T15:11:23.0547452Z ##[group]Runner Image
2026-10-03T15:11:23.0547820Z Image: ubuntu-24.04
2026-10-03T15:11:23.0548181Z Version: 20260927.320.1
2026-10-03T15:11:23.0548915Z Included Software: https://github.com/actions/runner-images/blob/ubuntu24/20260927.320/images/ubuntu/Ubuntu2404-Readme.md
2026-10-03T15:11:23.0549766Z Image Release: https://github.com/actions/runner-images/releases/tag/ubuntu24%2F20260927.320
2026-10-03T15:11:23.0550448Z ##[endgroup]
2026-10-03T15:11:23.0551092Z ##[group]GITHUB_TOKEN Permissions
2026-10-03T15:11:23.0552199Z Contents: read
2026-10-03T15:11:23.0552575Z Metadata: read
2026-10-03T15:11:23.0552897Z ##[endgroup]
2026-10-03T15:11:23.0554014Z Secret source: Actions
2026-10-03T15:11:23.0554600Z Cache mode: write
2026-10-03T15:11:23.0555008Z Prepare workflow directory
2026-10-03T15:11:23.0744136Z Prepare all required actions
2026-10-03T15:11:23.0776287Z Getting action download info
2026-10-03T15:11:23.3339088Z Download action repository 'actions/checkout@11d5960a326750d5838078e36cf38b85af677262' (SHA:11d5960a326750d5838078e36cf38b85af677262)
2026-10-03T15:11:23.4363346Z Download action repository 'pnpm/action-setup@b906affcce14559ad1aafd4ab0e942779e9f58b1' (SHA:b906affcce14559ad1aafd4ab0e942779e9f58b1)
2026-10-03T15:11:24.0388674Z Download action repository 'actions/setup-node@49933ea5288caeca8642d1e84afbd3f7d6820020' (SHA:49933ea5288caeca8642d1e84afbd3f7d6820020)
2026-10-03T15:11:24.3289234Z Download action repository 'actions/upload-artifact@ea165f8d65b6e75b540449e92b4886f43607fa02' (SHA:ea165f8d65b6e75b540449e92b4886f43607fa02)
2026-10-03T15:11:24.7300982Z Download action repository 'actions/upload-pages-artifact@56afc609e74202658d3ffba0e8f6dda462b719fa' (SHA:56afc609e74202658d3ffba0e8f6dda462b719fa)
2026-10-03T15:11:25.1288884Z Getting action download info
2026-10-03T15:11:25.2542403Z Download action repository 'actions/upload-artifact@v4' (SHA:ea165f8d65b6e75b540449e92b4886f43607fa02)
2026-10-03T15:11:25.7470758Z Complete job name: build
2026-10-03T15:11:25.7994064Z ##[group]Run actions/checkout@11d5960a326750d5838078e36cf38b85af677262
2026-10-03T15:11:25.7994427Z with:
2026-10-03T15:11:25.7994553Z   repository: mjodshamrani-ux/accounting
2026-10-03T15:11:25.7995865Z   token: ***
2026-10-03T15:11:25.7995978Z   ssh-strict: true
2026-10-03T15:11:25.7996094Z   ssh-user: git
2026-10-03T15:11:25.7996234Z   persist-credentials: true
2026-10-03T15:11:25.7996362Z   clean: true
2026-10-03T15:11:25.7996485Z   sparse-checkout-cone-mode: true
2026-10-03T15:11:25.7996635Z   fetch-depth: 1
2026-10-03T15:11:25.7996748Z   fetch-tags: false
2026-10-03T15:11:25.7996862Z   show-progress: true
2026-10-03T15:11:25.7996976Z   lfs: false
2026-10-03T15:11:25.7997086Z   submodules: false
2026-10-03T15:11:25.7997202Z   set-safe-directory: true
2026-10-03T15:11:25.7997338Z   allow-unsafe-pr-checkout: false
2026-10-03T15:11:25.7997551Z ##[endgroup]
2026-10-03T15:11:25.8651582Z Syncing repository: mjodshamrani-ux/accounting
2026-10-03T15:11:25.8652436Z ##[group]Getting Git version info
2026-10-03T15:11:25.8652654Z Working directory is '/home/runner/work/accounting/accounting'
2026-10-03T15:11:25.8653001Z [command]/usr/bin/git version
2026-10-03T15:11:25.9649367Z git version 2.55.0
2026-10-03T15:11:25.9662434Z ##[endgroup]
2026-10-03T15:11:25.9673551Z Temporarily overriding HOME='/home/runner/work/_temp/bc5d50c8-545e-48f2-9ef2-94c1eeb8cbef' before making global git config changes
2026-10-03T15:11:25.9674617Z Adding repository directory to the temporary git global config as a safe directory
2026-10-03T15:11:25.9677797Z [command]/usr/bin/git config --global --add safe.directory /home/runner/work/accounting/accounting
2026-10-03T15:11:25.9772996Z Deleting the contents of '/home/runner/work/accounting/accounting'
2026-10-03T15:11:25.9773902Z ##[group]Initializing the repository
2026-10-03T15:11:25.9776525Z [command]/usr/bin/git init /home/runner/work/accounting/accounting
2026-10-03T15:11:25.9979782Z hint: Using 'master' as the name for the initial branch. This default branch name
2026-10-03T15:11:25.9980396Z hint: will change to "main" in Git 3.0. To configure the initial branch name
2026-10-03T15:11:25.9980814Z hint: to use in all of your new repositories, which will suppress this warning,
2026-10-03T15:11:25.9981093Z hint: call:
2026-10-03T15:11:25.9981273Z hint:
2026-10-03T15:11:25.9981463Z hint: 	git config --global init.defaultBranch <name>
2026-10-03T15:11:25.9981640Z hint:
2026-10-03T15:11:25.9981902Z hint: Names commonly chosen instead of 'master' are 'main', 'trunk' and
2026-10-03T15:11:25.9982317Z hint: 'development'. The just-created branch can be renamed via this command:
2026-10-03T15:11:25.9982616Z hint:
2026-10-03T15:11:25.9982781Z hint: 	git branch -m <name>
2026-10-03T15:11:25.9982908Z hint:
2026-10-03T15:11:25.9983096Z hint: Disable this message with "git config set advice.defaultBranchName false"
2026-10-03T15:11:25.9983410Z Initialized empty Git repository in /home/runner/work/accounting/accounting/.git/
2026-10-03T15:11:25.9988762Z [command]/usr/bin/git remote add origin https://github.com/mjodshamrani-ux/accounting
2026-10-03T15:11:26.0169069Z ##[endgroup]
2026-10-03T15:11:26.0169295Z ##[group]Disabling automatic garbage collection
2026-10-03T15:11:26.0171641Z [command]/usr/bin/git config --local gc.auto 0
2026-10-03T15:11:26.0266428Z ##[endgroup]
2026-10-03T15:11:26.0266746Z ##[group]Setting up auth
2026-10-03T15:11:26.0270845Z [command]/usr/bin/git config --local --name-only --get-regexp core\.sshCommand
2026-10-03T15:11:26.0296238Z [command]/usr/bin/git submodule foreach --recursive sh -c "git config --local --name-only --get-regexp 'core\.sshCommand' && git config --local --unset-all 'core.sshCommand' || :"
2026-10-03T15:11:26.0696904Z [command]/usr/bin/git config --local --name-only --get-regexp http\.https\:\/\/github\.com\/\.extraheader
2026-10-03T15:11:26.0723242Z [command]/usr/bin/git submodule foreach --recursive sh -c "git config --local --name-only --get-regexp 'http\.https\:\/\/github\.com\/\.extraheader' && git config --local --unset-all 'http.https://github.com/.extraheader' || :"
2026-10-03T15:11:26.0907109Z [command]/usr/bin/git config --local --name-only --get-regexp ^includeIf\.gitdir:
2026-10-03T15:11:26.0934675Z [command]/usr/bin/git submodule foreach --recursive git config --local --show-origin --name-only --get-regexp remote.origin.url
2026-10-03T15:11:26.1115974Z [command]/usr/bin/git config --local http.https://github.com/.extraheader AUTHORIZATION: basic ***
2026-10-03T15:11:26.1456472Z ##[endgroup]
2026-10-03T15:11:26.1456835Z ##[group]Fetching the repository
2026-10-03T15:11:26.1463119Z [command]/usr/bin/git -c protocol.version=2 fetch --no-tags --prune --no-recurse-submodules --depth=1 origin +20bf019061db5c73e663e0a4bc28d71445891762:refs/remotes/origin/main
2026-10-03T15:11:30.8497956Z From https://github.com/mjodshamrani-ux/accounting
2026-10-03T15:11:30.8498485Z  * [new ref]         20bf019061db5c73e663e0a4bc28d71445891762 -> origin/main
2026-10-03T15:11:30.8501448Z ##[endgroup]
2026-10-03T15:11:30.8501821Z ##[group]Determining the checkout info
2026-10-03T15:11:30.8503570Z ##[endgroup]
2026-10-03T15:11:30.8508856Z [command]/usr/bin/git sparse-checkout disable
2026-10-03T15:11:30.8549517Z [command]/usr/bin/git config --local --unset-all extensions.worktreeConfig
2026-10-03T15:11:30.8574983Z ##[group]Checking out the ref
2026-10-03T15:11:30.8577545Z [command]/usr/bin/git checkout --progress --force -B main refs/remotes/origin/main
2026-10-03T15:11:31.1203168Z Switched to a new branch 'main'
2026-10-03T15:11:31.1206128Z branch 'main' set up to track 'origin/main'.
2026-10-03T15:11:31.1237330Z ##[endgroup]
2026-10-03T15:11:31.1274652Z [command]/usr/bin/git log -1 --format=%H
2026-10-03T15:11:31.1296178Z 20bf019061db5c73e663e0a4bc28d71445891762
2026-10-03T15:11:31.1478615Z ##[group]Run pnpm/action-setup@b906affcce14559ad1aafd4ab0e942779e9f58b1
2026-10-03T15:11:31.1478843Z with:
2026-10-03T15:11:31.1478949Z   version: 11.19.0
2026-10-03T15:11:31.1479062Z   dest: ~/setup-pnpm
2026-10-03T15:11:31.1479173Z   run_install: null
2026-10-03T15:11:31.1479283Z   cache: false
2026-10-03T15:11:31.1479399Z   cache_dependency_path: pnpm-lock.yaml
2026-10-03T15:11:31.1479551Z   package_json_file: package.json
2026-10-03T15:11:31.1479684Z   standalone: false
2026-10-03T15:11:31.1479794Z ##[endgroup]
2026-10-03T15:11:31.2316273Z ##[group]Running self-installer...
2026-10-03T15:11:31.4596164Z (node:2101) [DEP0169] DeprecationWarning: `url.parse()` behavior is not standardized and prone to errors that have security implications. Use the WHATWG URL API instead. CVEs are not issued for `url.parse()` vulnerabilities.
2026-10-03T15:11:31.4597029Z (Use `node --trace-deprecation ...` to show where the warning was created)
2026-10-03T15:11:31.6681743Z Progress: resolved 1, reused 0, downloaded 0, added 0
2026-10-03T15:11:31.6728358Z Packages: +1
2026-10-03T15:11:31.6728965Z +
2026-10-03T15:11:31.9680966Z Progress: resolved 1, reused 0, downloaded 1, added 1, done
2026-10-03T15:11:31.9877985Z 
2026-10-03T15:11:31.9878915Z dependencies:
2026-10-03T15:11:31.9879233Z + pnpm 11.19.0 (12.8.1 is available)
2026-10-03T15:11:31.9879397Z 
2026-10-03T15:11:31.9893717Z Done in 648ms
2026-10-03T15:11:32.2486391Z ##[endgroup]
2026-10-03T15:11:32.2490598Z Installation Completed!
2026-10-03T15:11:32.2613664Z ##[group]Run actions/setup-node@49933ea5288caeca8642d1e84afbd3f7d6820020
2026-10-03T15:11:32.2613881Z with:
2026-10-03T15:11:32.2614002Z   node-version: 24
2026-10-03T15:11:32.2614115Z   cache: pnpm
2026-10-03T15:11:32.2614222Z   always-auth: false
2026-10-03T15:11:32.2614340Z   check-latest: false
2026-10-03T15:11:32.2615674Z   token: ***
2026-10-03T15:11:32.2615783Z env:
2026-10-03T15:11:32.2615929Z   PNPM_HOME: /home/runner/setup-pnpm/node_modules/.bin
2026-10-03T15:11:32.2616103Z ##[endgroup]
2026-10-03T15:11:32.3473498Z Found in cache @ /opt/hostedtoolcache/node/24.21.0/x64
2026-10-03T15:11:32.3476478Z (node:2116) [DEP0040] DeprecationWarning: The `punycode` module is deprecated. Please use a userland alternative instead.
2026-10-03T15:11:32.3476995Z (Use `node --trace-deprecation ...` to show where the warning was created)
2026-10-03T15:11:32.3478097Z ##[group]Environment details
2026-10-03T15:11:34.9478799Z node: v24.21.0
2026-10-03T15:11:34.9479008Z npm: 11.19.0
2026-10-03T15:11:34.9479200Z yarn: 1.22.22
2026-10-03T15:11:34.9480061Z ##[endgroup]
2026-10-03T15:11:34.9505798Z [command]/home/runner/setup-pnpm/node_modules/.bin/pnpm store path --silent
2026-10-03T15:11:35.5563618Z /home/runner/setup-pnpm/node_modules/.bin/store/v11
2026-10-03T15:11:35.7008133Z Cache hit for: node-cache-Linux-x64-pnpm-970ff90c8c5b62d936b78a56179f81cdf02982feb14381f8bba791078d20d9fe
2026-10-03T15:11:35.7069370Z (node:2116) [DEP0169] DeprecationWarning: `url.parse()` behavior is not standardized and prone to errors that have security implications. Use the WHATWG URL API instead. CVEs are not issued for `url.parse()` vulnerabilities.
2026-10-03T15:11:36.7612687Z Received 118816928 of 118816928 (100.0%), 124.0 MBs/sec
2026-10-03T15:11:36.7613020Z Cache Size: ~113 MB (118816928 B)
2026-10-03T15:11:36.7694356Z [command]/usr/bin/tar -xf /home/runner/work/_temp/3a111170-04cd-47c6-b74d-6a3fb30c1bda/cache.tzst -P -C /home/runner/work/accounting/accounting --use-compress-program unzstd
2026-10-03T15:11:37.5238149Z Cache restored successfully
2026-10-03T15:11:37.5289060Z Cache restored from key: node-cache-Linux-x64-pnpm-970ff90c8c5b62d936b78a56179f81cdf02982feb14381f8bba791078d20d9fe
2026-10-03T15:11:37.5414271Z ##[group]Run pnpm install --frozen-lockfile
2026-10-03T15:11:37.5414506Z [36;1mpnpm install --frozen-lockfile[0m
2026-10-03T15:11:37.6193381Z shell: /usr/bin/bash -e {0}
2026-10-03T15:11:37.6193532Z env:
2026-10-03T15:11:37.6193677Z   PNPM_HOME: /home/runner/setup-pnpm/node_modules/.bin
2026-10-03T15:11:37.6193852Z ##[endgroup]
2026-10-03T15:11:37.9998747Z ? Verifying lockfile against supply-chain policies (367 entries)...
2026-10-03T15:11:38.0037101Z Lockfile is up to date, resolution step is skipped
2026-10-03T15:11:38.0822283Z Progress: resolved 1, reused 0, downloaded 0, added 0
2026-10-03T15:11:38.1089063Z Packages: +249
2026-10-03T15:11:38.1089830Z ++++++++++++++++++++++++++++++++++++++++++++++++++++++++++++++++++++++++++++++++
2026-10-03T15:11:38.5922001Z Packages are hard linked from the content-addressable store to the virtual store.
2026-10-03T15:11:38.5951492Z   Content-addressable store is at: /home/runner/setup-pnpm/node_modules/.bin/store/v11
2026-10-03T15:11:38.5956654Z   Virtual store is at:             node_modules/.pnpm
2026-10-03T15:11:39.0833885Z Progress: resolved 249, reused 249, downloaded 0, added 78
2026-10-03T15:11:39.6751840Z Progress: resolved 249, reused 249, downloaded 0, added 249, done
2026-10-03T15:11:40.6634972Z ✓ Lockfile passes supply-chain policies (367 entries in 2.6s)
2026-10-03T15:11:40.8544744Z 
2026-10-03T15:11:40.8545126Z dependencies:
2026-10-03T15:11:40.8545485Z + @base-ui/react 1.7.0
2026-10-03T15:11:40.8545719Z + @shadcn/react 0.3.0
2026-10-03T15:11:40.8546060Z + @tesseract.js-data/ara 1.0.0
2026-10-03T15:11:40.8546386Z + @tesseract.js-data/eng 1.0.0
2026-10-03T15:11:40.8546700Z + class-variance-authority 0.7.1
2026-10-03T15:11:40.8546958Z + clsx 2.1.1
2026-10-03T15:11:40.8547129Z + cmdk 1.1.1
2026-10-03T15:11:40.8547346Z + date-fns 4.1.0
2026-10-03T15:11:40.8547589Z + embla-carousel-react 8.5.2
2026-10-03T15:11:40.8547853Z + exceljs 4.4.0
2026-10-03T15:11:40.8548055Z + input-otp 1.4.2
2026-10-03T15:11:40.8548307Z + jszip 3.10.1
2026-10-03T15:11:40.8548536Z + lucide-react 1.31.0
2026-10-03T15:11:40.8548771Z + react 19.2.6
2026-10-03T15:11:40.8549007Z + react-day-picker 9.8.1
2026-10-03T15:11:40.8549245Z + react-dom 19.2.6
2026-10-03T15:11:40.8549470Z + react-resizable-panels 4.5.8
2026-10-03T15:11:40.8549728Z + recharts 3.8.0
2026-10-03T15:11:40.8549922Z + saxes 5.0.1
2026-10-03T15:11:40.8550272Z + tailwind-merge 3.6.0
2026-10-03T15:11:40.8550512Z + tesseract.js 7.0.0
2026-10-03T15:11:40.8550666Z + tw-animate-css 1.4.0
2026-10-03T15:11:40.8550896Z + unpdf 1.8.1
2026-10-03T15:11:40.8550964Z 
2026-10-03T15:11:40.8551050Z devDependencies:
2026-10-03T15:11:40.8551185Z + @tailwindcss/postcss 4.2.1
2026-10-03T15:11:40.8551370Z + @types/node 22.19.19
2026-10-03T15:11:40.8551502Z + @types/react 19.2.14
2026-10-03T15:11:40.8551635Z + @types/react-dom 19.2.3
2026-10-03T15:11:40.8551783Z + @vitejs/plugin-react 6.0.2
2026-10-03T15:11:40.8551915Z + oxfmt 0.61.0
2026-10-03T15:11:40.8552030Z + oxlint 1.76.0
2026-10-03T15:11:40.8552172Z + oxlint-tsgolint 7.0.2001
2026-10-03T15:11:40.8552312Z + playwright 1.62.1
2026-10-03T15:11:40.8552439Z + tailwindcss 4.2.1
2026-10-03T15:11:40.8552564Z + typescript 5.9.3
2026-10-03T15:11:40.8552680Z + vite 8.0.16
2026-10-03T15:11:40.8552750Z 
2026-10-03T15:11:40.8948982Z Done in 3.2s using pnpm v11.19.0
2026-10-03T15:11:40.9363050Z ##[group]Run pnpm audit --prod --audit-level=moderate
2026-10-03T15:11:40.9363289Z [36;1mpnpm audit --prod --audit-level=moderate[0m
2026-10-03T15:11:40.9415113Z shell: /usr/bin/bash -e {0}
2026-10-03T15:11:40.9415255Z env:
2026-10-03T15:11:40.9415397Z   PNPM_HOME: /home/runner/setup-pnpm/node_modules/.bin
2026-10-03T15:11:40.9415570Z ##[endgroup]
2026-10-03T15:11:41.3462293Z No known vulnerabilities found
2026-10-03T15:11:41.3624936Z ##[group]Run pnpm typecheck
2026-10-03T15:11:41.3625112Z [36;1mpnpm typecheck[0m
2026-10-03T15:11:41.3677523Z shell: /usr/bin/bash -e {0}
2026-10-03T15:11:41.3677664Z env:
2026-10-03T15:11:41.3677810Z   PNPM_HOME: /home/runner/setup-pnpm/node_modules/.bin
2026-10-03T15:11:41.3678132Z ##[endgroup]
2026-10-03T15:11:41.8554352Z Already up to date
2026-10-03T15:11:41.8557676Z Done in 223ms using pnpm v11.19.0
2026-10-03T15:11:41.8663432Z $ tsc --noEmit
2026-10-03T15:11:47.4127944Z ##[group]Run pnpm test
2026-10-03T15:11:47.4128122Z [36;1mpnpm test[0m
2026-10-03T15:11:47.4191255Z shell: /usr/bin/bash -e {0}
2026-10-03T15:11:47.4191478Z env:
2026-10-03T15:11:47.4191698Z   PNPM_HOME: /home/runner/setup-pnpm/node_modules/.bin
2026-10-03T15:11:47.4191970Z ##[endgroup]
2026-10-03T15:11:47.9551071Z Already up to date
2026-10-03T15:11:47.9554540Z Done in 226ms using pnpm v11.19.0
2026-10-03T15:11:47.9660929Z $ node --experimental-strip-types --test tests/*.test.ts
2026-10-03T15:11:48.2820578Z ✔ 047 a sound export passes the round (31.622352ms)
2026-10-03T15:11:48.2999003Z ✔ 047 swapping two links fails even though the count is unchanged (17.272161ms)
2026-10-03T15:11:48.3191615Z ✔ 047 a link the case forbids is caught (18.716892ms)
2026-10-03T15:11:48.3298285Z ✔ 047 a dropped row on either side is caught (12.906551ms)
2026-10-03T15:11:48.3574870Z ✔ 047 a changed amount is caught, and a blank one cannot slip through (28.095263ms)
2026-10-03T15:11:48.3612697Z ✔ 047 an item that must stay for review or unmatched is checked (1.957565ms)
2026-10-03T15:11:48.3613478Z ✔ 047 an unchecked export is not an accounting pass (0.235753ms)
2026-10-03T15:11:48.3617897Z ✔ 047 a link count that disagrees with the declared links is not a pass (0.104597ms)
2026-10-03T15:11:48.3644866Z ✔ 047 reaching the results screen is not the criterion for a stop case (1.638407ms)
2026-10-03T15:11:48.5771063Z ✔ canonical source amounts yield facts only, with no state mutation or automatic approval (13.360672ms)
2026-10-03T15:11:48.5791333Z ✔ case-only phantom IDs are rejected even if their invented amounts agree (2.508121ms)
2026-10-03T15:11:48.5792477Z ✔ stale display copies cannot change amount, sign, reference, date, currency or provenance (11.210276ms)
2026-10-03T15:11:48.5793802Z ✔ duplicate or missing canonical rows and foreign case ownership reject the whole proposal result (3.499874ms)
2026-10-03T15:11:48.5794799Z ✔ every source trace must name its actual canonical member exactly once (5.298623ms)
2026-10-03T15:11:48.5795711Z ✔ stale source totals, case totals, variance and bridge values are never reused (6.31427ms)
2026-10-03T15:11:48.5796566Z ✔ unread source rows make uniqueness and proposal verification incomplete (0.774303ms)
2026-10-03T15:11:48.5797448Z ✔ explicit currency, type, purchase order and unreadable reference conflicts are rejected (2.992679ms)
2026-10-03T15:11:48.5798446Z ✔ invalid calendar dates, dates outside the window, zero and offsetting signs cannot prove a relationship (2.256546ms)
2026-10-03T15:11:48.5799417Z ✔ a subset of an ambiguous duplicate-reference group is not a verified hypothesis (1.791918ms)
2026-10-03T15:11:48.5800361Z ✔ matched rows stay unavailable even if a stale case is relabeled reviewable (1.252773ms)
2026-10-03T15:11:48.5801056Z ✔ malformed current result structures fail closed without throwing (3.38209ms)
2026-10-03T15:11:48.5802115Z ✔ untrusted description instructions never become commands, amounts, decisions or model authority (1.028972ms)
2026-10-03T15:11:48.6009245Z ✔ 047 only the guard’s own refusal counts as protection (11.736387ms)
2026-10-03T15:11:48.6035330Z ✔ 047 the answered ambiguity is accepted and produces the chosen values (6.140627ms)
2026-10-03T15:11:48.6039175Z ✔ 047 the worker refuses an unanswered ambiguity on reconcile, compare and export, and completes once answered (82.135258ms)
2026-10-03T15:11:48.6087606Z ✔ 047 session restore refuses an unanswered ambiguity with the same code (7.743935ms)
2026-10-03T15:11:48.6235509Z ✔ AI cannot pick one row from a reference shared by several documents (26.376954ms)
2026-10-03T15:11:48.6243597Z ✔ explicit row ID can disambiguate AI routing, but contradictory references cannot (5.35476ms)
2026-10-03T15:11:48.6250568Z ✔ AI routing rejects irrelevant transaction fields and blank or oversized questions (4.809466ms)
2026-10-03T15:11:48.6251951Z ✔ out-of-range hypothesis differences fail closed without crashing the assistant (3.407579ms)
2026-10-03T15:11:48.6253111Z ✔ hostile model proposals never acquire authority or alter any source evidence (7.958991ms)
2026-10-03T15:11:48.6253846Z ✔ Arabic and aborted requests do not even query a model provider (2.797483ms)
2026-10-03T15:11:48.8182362Z ✔ Arabic and English variance questions find a proved transaction difference without closing balances (49.968316ms)
2026-10-03T15:11:48.8203084Z ✔ thousands separators and Arabic or Persian digits preserve the exact requested minor units (5.173136ms)
2026-10-03T15:11:48.8230401Z ✔ all cases sharing a requested variance are cited without selecting one as the cause (4.195604ms)
2026-10-03T15:11:48.8239817Z ✔ negative variance uses its signed value and the bridge effect has the opposite sign (5.138332ms)
2026-10-03T15:11:48.8255903Z ✔ transaction variance and closing-balance delta remain explicitly separate (2.417158ms)
2026-10-03T15:11:48.8285345Z ✔ missing requested amounts do not select a nearby case or repeat the user amount as a fact (4.323304ms)
2026-10-03T15:11:48.8301354Z ✔ ambiguous numeric conventions, invalid notation and multiple amounts never select a case (5.141316ms)
2026-10-03T15:11:48.8318858Z ✔ an explicit foreign currency or unknown invoice cannot be replaced by a same-number case (3.439539ms)
2026-10-03T15:11:48.8320433Z ✔ stale numeric evidence and unreadable source rows cannot acquire a grounded variance explanation (2.287584ms)
2026-10-03T15:11:48.8321566Z ✔ amount questions and hostile instructions never alter source values or turn cases into matches (2.039536ms)
2026-10-03T15:11:49.1353519Z ✔ A02: native Excel 1.234 never matches native 1234 under comma locale (143.269256ms)
2026-10-03T15:11:49.3641681Z ✔ native/text × dot/comma × 0/2/3 decimal matrix preserves expected minor units (238.525879ms)
2026-10-03T15:11:49.4126792Z ✔ native percentages and excess precision block rather than reinterpret or round (31.843827ms)
2026-10-03T15:11:49.4142350Z ✔ A01: references and row IDs must match whole tokens, never prefixes (8.208912ms)
2026-10-03T15:11:49.4161359Z ✔ model cannot route a question to an unrelated but existing document (4.758726ms)
2026-10-03T15:11:49.4176322Z ✔ Arabic AI path declines before invoking unsupported model API (2.526328ms)
2026-10-03T15:11:49.4578349Z ✔ original bytes and fingerprint survive import; reparsing blocks a corrupted numeric interpretation on export (44.09928ms)
2026-10-03T15:11:49.4844555Z ✔ title merge and errors on unrelated worksheet do not contaminate selected clean data (25.809051ms)
2026-10-03T15:11:49.5676493Z ✔ A04: actual decompressed bytes cannot exceed falsified declared size (3.653315ms)
2026-10-03T15:11:49.8704281Z ✔ actual 33 MB expansion stops at 32 MB budget even when index underreports (382.396789ms)
2026-10-03T15:11:49.8708291Z ✔ ZIP integrity rejects bad CRC and truncated index (2.3402ms)
2026-10-03T15:11:49.8851403Z ✔ session roundtrip reparses originals and never restores reviewer approval (14.051815ms)
2026-10-03T15:11:49.8921866Z ✔ session tampered fingerprint, unknown version and invalid decisions are rejected (6.240549ms)
2026-10-03T15:11:49.9010334Z ✔ patched UUID dependency remains compatible with Excel conditional-formatting export (10.06812ms)
2026-10-03T15:11:49.9158530Z ✔ 046 balance labels after the amount remain structural across column permutations and preserve complete payment groups (28.904701ms)
2026-10-03T15:11:49.9159788Z ✔ 046 a dated invoice named Opening or Closing balance cannot disappear when its amount precedes its description (2.263587ms)
2026-10-03T15:11:49.9161187Z ✔ 046 nonleading balance labels cannot conceal references, malformed dates or amounts, multiple labels or unrelated helper text (6.45237ms)
2026-10-03T15:11:49.9162288Z ✔ 046 unsafe or hidden nonleading balance labels remain source errors and cannot establish complete groups (5.151652ms)
2026-10-03T15:11:49.9163279Z ✔ 046 Arabic presentation forms normalize document categories without rewriting source, references or amounts (21.1947ms)
2026-10-03T15:11:49.9164946Z ✔ 046 actual Arabic PDF balance labels establish arithmetic with original provenance, not coverage (143.817645ms)
2026-10-03T15:11:49.9165965Z ✔ 046 balance category normalization never repairs monetary characters or erases dated documents and unsafe labels (1.521705ms)
2026-10-03T15:11:49.9166926Z ✔ 046 shaped running balance labels retain exact sign proof and reject conflicting recurrences (0.952933ms)
2026-10-03T15:11:49.9167764Z ✔ 046 rectangular PDF clipping cannot ignore nested exclusions, holes or a later opaque cover (17.53767ms)
2026-10-03T15:11:49.9168557Z ✔ ambiguous column meanings are left unmapped instead of selecting the first header (6.29277ms)
2026-10-03T15:11:49.9169276Z ✔ exact summation does not depend on ordering of large offsetting entries (0.243932ms)
2026-10-03T15:11:49.9169981Z ✔ truthy non-boolean confirmations cannot create verified balance evidence (0.217811ms)
2026-10-03T15:11:49.9175419Z ✔ unknown and out-of-range exclusions cannot silently masquerade as reviewed rows (0.29329ms)
2026-10-03T15:11:52.1502065Z ✔ decimal money: no floating arithmetic, Arabic digits and parentheses (1.286627ms)
2026-10-03T15:11:52.1531436Z ✔ reject ambiguous grouping, excessive precision, missing and exponent amounts (0.361837ms)
2026-10-03T15:11:52.1590483Z ✔ dates require explicit format and real calendar dates (0.484669ms)
2026-10-03T15:11:52.1654359Z ✔ reference normalization preserves year and leading zero distinctions (0.245084ms)
2026-10-03T15:11:52.1671154Z ✔ demo retains duplicate ambiguity and produces 2 strict automatic pairs (15.352907ms)
2026-10-03T15:11:52.1695705Z ✔ zero bridge residual never deletes opposite exceptions (4.178898ms)
2026-10-03T15:11:52.1711543Z ✔ duplicate equality is not resolved by order or date (6.26051ms)
2026-10-03T15:11:52.1712506Z ✔ numeric-only weak reference does not auto match (0.669509ms)
2026-10-03T15:11:52.1713266Z ✔ direction must be explicit and sign disagreement cannot auto match (1.022202ms)
2026-10-03T15:11:52.1714134Z ✔ cutoff exclusions retained and blank/header rows accounted for (2.264839ms)
2026-10-03T15:11:52.1714977Z ✔ a formula row blocks, a total row is classified, and no row is skipped silently (1.145335ms)
2026-10-03T15:11:52.1715747Z ✔ manual exclusions require reason and preserve source contents (0.463526ms)
2026-10-03T15:11:52.1716370Z ✔ currency mismatch blocks source (2.421715ms)
2026-10-03T15:11:52.1716904Z ✔ reused column mapping is rejected (0.176928ms)
2026-10-03T15:11:52.1717598Z ✔ arithmetic bridge stays separate from user coverage and invalid balances block it (4.054593ms)
2026-10-03T15:11:52.1718279Z ✔ opening adjustment remains separate and unexplained (2.251087ms)
2026-10-03T15:11:52.1718925Z ✔ open items include old unpaid documents; sum must match closing (0.675529ms)
2026-10-03T15:11:52.1719484Z ✔ mixed report types rejected (7.714343ms)
2026-10-03T15:11:52.1720313Z ✔ manual pair cannot consume a transaction twice or conceal amount discrepancy (3.980648ms)
2026-10-03T15:11:52.1721196Z ✔ rejected automatic match stays a rejected case until a new explicit decision (2.012073ms)
2026-10-03T15:11:52.1721992Z ✔ inference suggests only column indices, no invented scope or balance (1.764524ms)
2026-10-03T15:11:52.1722700Z ✔ 20k rows compare without quadratic candidate search (2706.676091ms)
2026-10-03T15:11:52.1723306Z ✔ generic word reference does not auto match (0.996344ms)
2026-10-03T15:11:52.1724023Z ✔ extra CSV fields cannot silently shift or truncate amount (0.294642ms)
2026-10-03T15:11:52.2497977Z ✔ unused percentage, hidden-sign format, formulas, errors and merged notes do not invalidate mapped transactions (249.578405ms)
2026-10-03T15:11:52.2522306Z ✔ formula in mapped amount still blocks cached values and names its exact cell (18.367097ms)
2026-10-03T15:11:52.2550438Z ✔ uncached formulas cannot disappear as an empty data row (24.552574ms)
2026-10-03T15:11:52.2578311Z ✔ displayed numeric references cannot silently collapse to a different raw identifier (88.085973ms)
2026-10-03T15:11:52.2611351Z ✔ text formats hiding a mapped reference require review; unrelated text formats remain usable (45.344888ms)
2026-10-03T15:11:52.2641710Z ✔ conditional numeric formats are checked only in their affected ranges and selected columns (130.008078ms)
2026-10-03T15:11:52.2643357Z ✔ ordinary conditional accounting formats retain values without evaluating Excel expressions (13.387678ms)
2026-10-03T15:11:52.2671170Z ✔ multisheet workbooks are admitted through the declared sheet limit and fail beyond it (118.826622ms)
2026-10-03T15:11:52.2690442Z ✔ namespaced original-shaped Excel pair reaches exact comparison, audit workbook and restorable session (520.11465ms)
2026-10-03T15:11:52.2691968Z ✔ export and session restore reject stale claimed direction proof even when arithmetic result was otherwise unchanged (455.596489ms)
2026-10-03T15:11:52.2693128Z ✔ export and saved sessions replace arbitrary direction explanation text with freshly computed evidence (264.753901ms)
2026-10-03T15:11:52.2694281Z ✔ manual exclusions retain a safe literal envelope before bad amount or date parsing on either side (35.010924ms)
2026-10-03T15:11:52.2695343Z ✔ literal and normalized manual exclusion collisions block only the affected pair on both sides (11.105616ms)
2026-10-03T15:11:52.2696464Z ✔ every excluded secondary identity blocks matching across reference roles without supplying positive authority (20.359085ms)
2026-10-03T15:11:52.2697525Z ✔ a displaced identity in the manually excluded date or amount remains negative evidence on either side (5.051556ms)
2026-10-03T15:11:52.2698542Z ✔ an excluded unknown or unsafe reference envelope is a wildcard even when the visible document is disjoint (10.573689ms)
2026-10-03T15:11:52.2699561Z ✔ parsed manual exclusions with a missing or empty isolation envelope cannot recover automatic matches (3.192799ms)
2026-10-03T15:11:52.2700715Z ✔ unsafe blank manual exclusions remain wildcard blockers and cannot establish complete balance coverage (3.91387ms)
2026-10-03T15:11:52.2701851Z ✔ excluded cross-role normalized taint follows original transitive memberships after manual acceptance or rejection (9.317124ms)
2026-10-03T15:11:52.2703000Z ✔ outside-period literal or normalized collisions cannot manufacture uniqueness through date filtering (10.485717ms)
2026-10-03T15:11:52.2704003Z ✔ a safely disjoint outside-period movement leaves the in-period pair automatic (2.012138ms)
2026-10-03T15:11:52.2705027Z ✔ confirmed headers, blank rows, summaries, repeated headers and independent footers are non-movements (1.888953ms)
2026-10-03T15:11:52.2706065Z ✔ legacy exclusions use all nonempty raw cells as negative keys regardless of their reason text (9.565527ms)
2026-10-03T15:11:52.2707033Z ✔ legacy exclusions with disjoint raw identities preserve independent automatic pairs (1.20655ms)
2026-10-03T15:11:52.2708004Z ✔ a legacy isolation certificate cannot omit a competing identity still present in a raw cell (1.947641ms)
2026-10-03T15:11:52.2709116Z ✔ explicit manual acceptance remains manual when an excluded possible competitor blocks automatic authority (2.015123ms)
2026-10-03T15:11:52.2710422Z ✔ AI hypotheses reject excluded identity memberships without mutation and leave disjoint proposals for review (5.209774ms)
2026-10-03T15:11:52.2713334Z ✔ offsetting manually excluded movements prevent complete balance reconciliation despite exact arithmetic (4.367711ms)
2026-10-03T15:11:52.2714457Z ✔ manual excluded competitors block complete invoice and payment group proofs while disjoint groups survive (4.077346ms)
2026-10-03T15:11:52.2715469Z ✔ malformed exclusion state rejects an AI proposal without throwing or mutating (6.841601ms)
2026-10-03T15:11:52.2716314Z ✔ P5 native evidence lookup and restored explanation: untyped-credit (31.005071ms)
2026-10-03T15:11:52.2717101Z ✔ P5 native evidence lookup and restored explanation: unselected-reference (9.473308ms)
2026-10-03T15:11:52.2717880Z ✔ P5 native evidence lookup and restored explanation: balanced-variance (10.143093ms)
2026-10-03T15:11:52.2719093Z ✔ P5 native evidence lookup and restored explanation: partial-source (15.786206ms)
2026-10-03T15:11:52.2720028Z ✔ P5 inconsistent case total cannot become a chat figure or model context (4.261532ms)
2026-10-03T15:11:52.2721002Z ✔ P5 inconsistent case variance cannot become a chat figure or model context (2.521392ms)
2026-10-03T15:11:52.2721878Z ✔ P5 inconsistent case bridge effect cannot become a chat figure or model context (3.528462ms)
2026-10-03T15:11:52.2722732Z ✔ P5 inconsistent display member cannot become a chat figure or model context (1.995473ms)
2026-10-03T15:11:52.2723659Z ✔ P5 inconsistent source trace cannot become a chat figure or model context (2.051347ms)
2026-10-03T15:11:52.2724422Z ✔ P5 inconsistent counter cannot become a chat figure or model context (5.874791ms)
2026-10-03T15:11:52.2725228Z ✔ P5 inconsistent bridge delta cannot become a chat figure or model context (3.833279ms)
2026-10-03T15:11:52.2726261Z ✔ P5 inconsistent bridge adjustment cannot become a chat figure or model context (1.641021ms)
2026-10-03T15:11:52.2727151Z ✔ P5 inconsistent closing source drift cannot become a chat figure or model context (1.682774ms)
2026-10-03T15:11:52.2728015Z ✔ P5 inconsistent bridge arithmetic status cannot become a chat figure or model context (4.612938ms)
2026-10-03T15:11:52.2728895Z ✔ P5 inconsistent false full reconciliation cannot become a chat figure or model context (1.711457ms)
2026-10-03T15:11:52.2729755Z ✔ P5 inconsistent missing case cannot become a chat figure or model context (1.594261ms)
2026-10-03T15:11:52.2730748Z ✔ P5 audit-only lookups keep exact spelling, ambiguity and unknown identifiers (1.594161ms)
2026-10-03T15:11:52.2731572Z ✔ P5 source-only views and retained evidence cannot drift from canonical rows (2.67318ms)
2026-10-03T15:11:52.2732432Z ✔ P5 complete model windows carry canonical native cues and complete case membership (2.635002ms)
2026-10-03T15:11:52.2733390Z ✔ P5 an over-budget UTF-8 window declines without truncating evidence or querying a model (2.016174ms)
2026-10-03T15:11:52.2734365Z ✔ P5 exact identifier lookup keeps punctuation and Unicode boundaries during literal screening (1.019188ms)
2026-10-03T15:11:52.2735241Z ✔ Excel formats that conceal or alter displayed values block the row (311.063507ms)
2026-10-03T15:11:52.2736073Z ✔ ordinary numeric, negative and accounting formats retain native exact amounts (320.685749ms)
2026-10-03T15:11:52.2851533Z ✔ conditional numeric formatting cannot silently override the displayed sign (21.64328ms)
2026-10-03T15:11:52.3022139Z ✔ 047 an ambiguous amount format needs a recorded choice, not a value in the mapping (6.436353ms)
2026-10-03T15:11:52.3023263Z ✔ 047 a recorded choice does not travel to another document or another reading (1.232789ms)
2026-10-03T15:11:52.3024281Z ✔ 047 a choice made at another currency precision is not reused (0.535232ms)
2026-10-03T15:11:52.3029466Z ✔ 047 a column template never carries a document-specific choice (0.65308ms)
2026-10-03T15:11:52.3031567Z ✔ 047 formatChoiceColumns follows the mapped amount columns in either mode (0.249264ms)
2026-10-03T15:11:52.3032714Z ✔ 047 a saved session is re-checked on restore and cannot assert its own approval (29.478001ms)
2026-10-03T15:11:52.3033534Z ✔ 047 changing PDF extraction boundaries does not change the file hash (96.685159ms)
2026-10-03T15:11:52.3034355Z ✔ 047 a choice made under one set of extraction boundaries is not reused under another (1.063736ms)
2026-10-03T15:11:52.3035153Z ✔ 047 excluding a row, or typing a balance, asks the format question again (0.823485ms)
2026-10-03T15:11:52.3035872Z ✔ 047 a change that does not touch the values keeps the answer (1.643495ms)
2026-10-03T15:11:52.4420962Z ✔ ISO dates, explicit month names and whole numbers need no locale question (4.697575ms)
2026-10-03T15:11:52.4435305Z ✔ calendar ambiguity remains visible until a whole-column interpretation is unique (1.275673ms)
2026-10-03T15:11:52.4463285Z ✔ impossible dates, short years and mutually incompatible date orders are invalid (0.887791ms)
2026-10-03T15:11:52.4490403Z ✔ number format inference obeys grouping, decimal precision and Arabic separators (1.385157ms)
2026-10-03T15:11:52.4522325Z ✔ three-decimal currencies never guess between decimal and thousands separators (0.671817ms)
2026-10-03T15:11:52.4551343Z ✔ native Excel numeric cells are locale independent, while text cells still constrain format (0.608432ms)
2026-10-03T15:11:52.4552434Z ✔ mapped parser defects and percentage cells cannot become format proof (0.55286ms)
2026-10-03T15:11:52.4581432Z ✔ inference ignores explicit exclusions, preheaders and clear balance rows without changing them (1.039259ms)
2026-10-03T15:11:52.4611354Z ✔ split amounts allow a blank side but not an entirely missing movement value (0.807201ms)
2026-10-03T15:11:52.4641223Z ✔ no sample cutoff hides a late incompatible value or an oversized source (110.82758ms)
2026-10-03T15:11:52.4642307Z ✔ existing entered balances participate in proof and missing mappings stay unavailable (6.19414ms)
2026-10-03T15:11:52.8867904Z ✔ evaluator: the untouched engine passes the cases used below (59.825997ms)
2026-10-03T15:11:52.8879302Z ✔ evaluator: losing a required piece of evidence fails the case (3.678597ms)
2026-10-03T15:11:52.8880586Z ✔ evaluator: the value in a field of another role does not count as kept (9.842732ms)
2026-10-03T15:11:52.8889093Z ✔ evaluator: exact generic reference text and header count as retained under either supported representation (4.765497ms)
2026-10-03T15:11:52.8924239Z ✔ evaluator: an unselected reference needs its exact retained role, header and value (4.409954ms)
2026-10-03T15:11:52.8961908Z ✔ evaluator: retained reference evidence from another source or row does not count (4.358687ms)
2026-10-03T15:11:52.8969714Z ✔ evaluator: preserving unselected references never licenses an automatic match (1.370125ms)
2026-10-03T15:11:52.8991107Z ✔ evaluator: an unexpected internal error is not a successful refusal (5.61374ms)
2026-10-03T15:11:52.8992050Z ✔ evaluator: every invalid case names its own rejection, and another reason fails (30.698953ms)
2026-10-03T15:11:52.8993000Z ✔ evaluator: Needs Review passes as Unmatched only where the contract allows both (8.15423ms)
2026-10-03T15:11:52.8993778Z ✔ evaluator: a required diagnostic is part of the verdict (4.194647ms)
2026-10-03T15:11:52.8994497Z ✔ evaluator: a reference warning does not hide a wrong amount or date (11.03496ms)
2026-10-03T15:11:52.8995332Z ✔ evaluator: a row read under its own document number is not a misread, any other value is (11.260048ms)
2026-10-03T15:11:52.8996114Z ✔ evaluator: unaided and declared runs record assistance separately (3.702844ms)
2026-10-03T15:11:52.9458700Z ✔ T01: documented invoice labels are read as invoices and match (37.835006ms)
2026-10-03T15:11:52.9475334Z ✔ T01 reverse: labels that name another role or no role are not guessed (9.112057ms)
2026-10-03T15:11:52.9476343Z ✔ T01 reverse: a recognised synonym still conflicts with another role (4.128412ms)
2026-10-03T15:11:52.9477196Z ✔ G08: parts of one payment on neighbouring days match through an explicit bank identity (5.034ms)
2026-10-03T15:11:52.9478186Z ✔ G08 reverse: a spread group without full, unique, in-window identity stays for review (15.06198ms)
2026-10-03T15:11:52.9479743Z ✔ G08 reverse: invoice groups still need one date (1.590556ms)
2026-10-03T15:11:52.9480657Z ✔ R01: each book numbers its own vouchers; the chosen reference still names the invoice (1.125528ms)
2026-10-03T15:11:52.9481333Z ✔ R01 reverse: the chosen reference must itself prove the document (3.617245ms)
2026-10-03T15:11:52.9482017Z ✔ R02: batch, chosen reference and type label are kept with their headers, never as proof (3.466769ms)
2026-10-03T15:11:52.9482627Z ✔ R02: retained evidence survives session restore and is exported beside the row (155.131513ms)
2026-10-03T15:11:52.9502842Z ✔ S01: sources, readings and roles that do not correspond are refused, never dropped (4.84022ms)
2026-10-03T15:11:53.0593380Z ✔ S06: formula-like and long references are exported as the text they are (106.738548ms)
2026-10-03T15:11:53.0677183Z ✔ S06: an export whose retained evidence was changed after comparing is refused (10.480449ms)
2026-10-03T15:11:53.0810736Z ✔ S08: the same file under another name, or overlapping exports, are not consumed twice (8.181881ms)
2026-10-03T15:11:53.0878136Z ✔ compatibility: a session saved by the previous engine is refused, not silently re-decided (5.50107ms)
2026-10-03T15:11:53.4002233Z ✔ English has exactly the Arabic keys, lists and message parameters (16.860743ms)
2026-10-03T15:11:53.4031471Z ✔ English interface copy contains no Arabic (1.853229ms)
2026-10-03T15:11:53.4042832Z ✔ Arabic interface copy has no stray English words (1.122975ms)
2026-10-03T15:11:53.4094530Z ✔ the interface source has no Arabic outside the catalogues (249.082571ms)
2026-10-03T15:11:53.4121050Z ✔ every engine message has English, and every entry is still used (240.35075ms)
2026-10-03T15:11:53.4140976Z ✔ every catalogue entry uses each of its slots, and only those (11.718916ms)
2026-10-03T15:11:53.4153047Z ✔ each engine message is recognised and presented with its own values (6.185968ms)
2026-10-03T15:11:53.4176778Z ✔ every user-data slot keeps Arabic data verbatim, even engine words (1.712889ms)
2026-10-03T15:11:53.4186291Z ✔ user data inside an engine message is never translated (1.015152ms)
2026-10-03T15:11:53.4186930Z ✔ Arabic engine text is shown exactly as the engine wrote it (1.933019ms)
2026-10-03T15:11:53.4187601Z ✔ the assistant gives the same answer to the Arabic and English presets (27.266374ms)
2026-10-03T15:11:53.4188280Z ✔ real engine output reads fully in English apart from user data (12.651796ms)
2026-10-03T15:11:53.4338150Z ✔ mapping suggestions contain only source-bound pending roles and reproducible cell evidence (3.060701ms)
2026-10-03T15:11:53.4360539Z ✔ strict schema forbids model numbers, approvals, rewriting, exclusions, mode and inherited authority (10.52108ms)
2026-10-03T15:11:53.4361844Z ✔ source hash, worksheet, header, every current mapping setting and PDF recuts invalidate pending suggestions (1.695914ms)
2026-10-03T15:11:53.4381429Z ✔ equivalent mapping property order produces the same local revision without relaxing source identity (0.355353ms)
2026-10-03T15:11:53.4382373Z ✔ already assigned roles and duplicate roles cannot be replaced or repurposed (0.575733ms)
2026-10-03T15:11:53.4383224Z ✔ numeric Quantity versus Amount and two valid date meanings never become proven semantics (0.816304ms)
2026-10-03T15:11:53.4384005Z ✔ untrusted source instructions are only quoted, bounded cell evidence (0.594672ms)
2026-10-03T15:11:53.4384910Z ✔ unsafe header cells reject only affected proposals while hidden or unreliable header rows block the context (1.251587ms)
2026-10-03T15:11:53.4385836Z ✔ hidden source transactions need manual mapping; a human exclusion is preserved and bound (0.770215ms)
2026-10-03T15:11:53.4386719Z ✔ late unsafe cells are retained beyond the model samples and remain rejected by the engine (13.164594ms)
2026-10-03T15:11:53.4387614Z ✔ all reader issues remain counted even when preview is compact; blank formula cells stay visible (0.535303ms)
2026-10-03T15:11:53.4388506Z ✔ PDF mapping suggestions never restore image review or advance reconciliation state (0.214352ms)
2026-10-03T15:11:53.4389359Z ✔ large hidden/formula metadata is scanned linearly while all source issues remain counted (51.9495ms)
2026-10-03T15:11:53.6339375Z ✔ upload chooses the only recognizable table after an instructions sheet and normalization preserves exact totals (98.121814ms)
2026-10-03T15:11:53.6550701Z ✔ two plausible source tables require explicit sheet selection instead of defaulting to either (26.133615ms)
2026-10-03T15:11:53.6932232Z ✔ unknown multisheet layouts require sheet choice while unknown single-sheet files remain configurable (38.634996ms)
2026-10-03T15:11:53.7594109Z ✔ a unique debit-credit table is suggested without inferring the debt direction or confirmed balances (22.645534ms)
2026-10-03T15:11:53.7595084Z ✔ a PDF awaiting column boundaries remains accessible without gaining extraction approval (0.343255ms)
2026-10-03T15:11:53.9232465Z ✔ a real synthetic export reimports the appropriate source copy and does not restore old approvals or decisions (200.279798ms)
2026-10-03T15:11:53.9722604Z ✔ familiar workpaper sheet names without the export signatures do not auto-select a side (51.25318ms)
2026-10-03T15:11:53.9723636Z ✔ early review lists only selected cells on included data rows, retaining row-level geometry issues (0.719029ms)
2026-10-03T15:11:53.9812735Z ✔ early review exposes uncached formulas even when the row appears empty (13.707318ms)
2026-10-03T15:11:54.0024744Z ✔ 046 invalid PDF layout cannot use a default locale to emit a silently scaled KWD row even after confirmation (112.910204ms)
2026-10-03T15:11:54.0031796Z ✔ 046 input readiness preserves native Excel value semantics and legitimate empty-period balances (4.504926ms)
2026-10-03T15:11:54.0032803Z ✔ 046 an explicit choice for ambiguous valid formats remains valid but impossible dates do not (1.712058ms)
2026-10-03T15:11:54.0040034Z ✔ 046 real worker entry rejects invalid formats for reconcile, compare and export before returning financial values (31.398257ms)
2026-10-03T15:11:54.0291825Z ✔ CSV quoted comma/newline, escaped quote, semicolon and BOM (1.19348ms)
2026-10-03T15:11:54.0292874Z ✔ broken CSV, invalid encoding, wrong extension rejected (3.962423ms)
2026-10-03T15:11:54.0311340Z ✔ non-ZIP input is rejected by the preliminary archive check (0.316034ms)
2026-10-03T15:11:54.0312186Z ✔ XLSX preserves formatted reference zeros and flags formula rows (106.002564ms)
2026-10-03T15:11:54.0313067Z ✔ Excel export roundtrip retains controls/source and never turns input into formula (159.105578ms)
2026-10-03T15:11:54.1416025Z ﹣ July acceptance 1: Excel and PDF have identical accounting cases and bridge (0.988202ms) # Private July originals unavailable; set MIZAN_SAMPLE_DIR to run this acceptance suite.
2026-10-03T15:11:54.1462747Z ﹣ July acceptance 2: every one of the 23 original rows occurs in exactly one case (0.111457ms) # Private July originals unavailable; set MIZAN_SAMPLE_DIR to run this acceptance suite.
2026-10-03T15:11:54.1502118Z ﹣ July acceptance 3: exactly six original one-to-one matches are automatic (0.07972ms) # Private July originals unavailable; set MIZAN_SAMPLE_DIR to run this acceptance suite.
2026-10-03T15:11:54.1531694Z ﹣ July acceptance 4: INV-260729 is one proven 1:M case, never duplicate or unmatched (0.07344ms) # Private July originals unavailable; set MIZAN_SAMPLE_DIR to run this acceptance suite.
2026-10-03T15:11:54.1552852Z ﹣ July acceptance 5: INV-260710 is one amount-variance review with minus 180 SAR effect (0.078758ms) # Private July originals unavailable; set MIZAN_SAMPLE_DIR to run this acceptance suite.
2026-10-03T15:11:54.1573163Z ﹣ July acceptance 6: the unique 15000 SAR payment remains a zero-net review candidate (0.069404ms) # Private July originals unavailable; set MIZAN_SAMPLE_DIR to run this acceptance suite.
2026-10-03T15:11:54.1622300Z ﹣ July acceptance 7: only the three genuinely one-sided documents are unmatched (0.414242ms) # Private July originals unavailable; set MIZAN_SAMPLE_DIR to run this acceptance suite.
2026-10-03T15:11:54.1665265Z ﹣ July acceptance 8: source balance arithmetic, period and account metadata stay distinct from coverage approval (0.096234ms) # Private July originals unavailable; set MIZAN_SAMPLE_DIR to run this acceptance suite.
2026-10-03T15:11:54.1668954Z ﹣ July acceptance 9: the source-to-ledger bridge explains exactly 6160 SAR (0.144207ms) # Private July originals unavailable; set MIZAN_SAMPLE_DIR to run this acceptance suite.
2026-10-03T15:11:54.1701631Z ﹣ July acceptance 10: case counts and source-member counts are both exact (0.156996ms) # Private July originals unavailable; set MIZAN_SAMPLE_DIR to run this acceptance suite.
2026-10-03T15:11:54.1761712Z ﹣ July acceptance 11: exported workbooks have six visible case sheets and native numeric/date cells (0.08001ms) # Private July originals unavailable; set MIZAN_SAMPLE_DIR to run this acceptance suite.
2026-10-03T15:11:54.1803384Z ﹣ July acceptance 12: diagnostics name the actual group, variance and payment states (0.062644ms) # Private July originals unavailable; set MIZAN_SAMPLE_DIR to run this acceptance suite.
2026-10-03T15:11:55.3393202Z ✔ large native PDF L01: positive (1263.554634ms)
2026-10-03T15:12:03.4188263Z ✔ large native PDF L02: positive (8079.16294ms)
2026-10-03T15:12:03.4367580Z ✔ large native PDF L03: limit-rejection (17.845323ms)
2026-10-03T15:12:03.8391847Z ✔ large native PDF L04: empty-page (398.51801ms)
2026-10-03T15:12:04.1982185Z ✔ large native PDF L05: covered-page (362.718458ms)
2026-10-03T15:12:05.1090765Z ✔ large native PDF L06: geometry-drift (909.645282ms)
2026-10-03T15:12:05.5201876Z ✔ large native PDF L07: stream-rejection (411.18482ms)
2026-10-03T15:12:05.6292115Z ✔ group rejection preserves late edges and literal row IDs containing separators (20.736752ms)
2026-10-03T15:12:05.6314158Z ✔ 20,000 by 20,000 oversized payment group retains every row and the last rejected edge (4664.449983ms)
2026-10-03T15:12:05.6361951Z ✔ 20,000 interleaved approved, review and unmatched rows preserve ordered ambiguity and ledger diagnostics (3320.128372ms)
2026-10-03T15:12:05.6391530Z ✔ F02-R01/R15: frozen bytes auto-read; preserve every row, signs and conservative matching (86.381547ms)
2026-10-03T15:12:05.6392922Z ✔ F02-R02: permute all columns and rename sheets without coordinate/name assumptions (73.166546ms)
2026-10-03T15:12:05.6393773Z ✔ F02-R03: explicit bilingual labels and consistent parent currency (41.165951ms)
2026-10-03T15:12:05.6394526Z ✔ F02-R09: NFKC currency tags cannot hide a parent/child conflict (29.648978ms)
2026-10-03T15:12:05.6395281Z ✔ F02-R03/R14: NFKC parent currency is inherited and checked against scope (49.725448ms)
2026-10-03T15:12:05.6396055Z ✔ F02-R14: explicit NFKC child currencies remain visible to scope checks (18.791113ms)
2026-10-03T15:12:05.6396825Z ✔ F02-R04 extends into opening/data: keep file and refuse layered inference (17.614898ms)
2026-10-03T15:12:05.6397614Z ✔ F02-R04 extends into first movement: keep file and refuse layered inference (16.137273ms)
2026-10-03T15:12:05.6398394Z ✔ F02-R05 horizontal Date/Ref: keep file and refuse layered inference (15.98876ms)
2026-10-03T15:12:05.6399183Z ✔ F02-R06 missing native vertical geometry: keep file and refuse layered inference (21.960376ms)
2026-10-03T15:12:05.6399944Z ✔ F02-R07 hidden first row: keep file and refuse layered inference (23.582019ms)
2026-10-03T15:12:05.6400836Z ✔ F02-R07 hidden second row: keep file and refuse layered inference (17.191494ms)
2026-10-03T15:12:05.6401584Z ✔ F02-R07 hidden reference column: keep file and refuse layered inference (26.693826ms)
2026-10-03T15:12:05.6402307Z ✔ F02-R08 formula anchor: keep file and refuse layered inference (17.505696ms)
2026-10-03T15:12:05.6403011Z ✔ F02-R08 error anchor: keep file and refuse layered inference (21.565949ms)
2026-10-03T15:12:05.6403760Z ✔ F02-R08 invisible anchor format: keep file and refuse layered inference (39.818075ms)
2026-10-03T15:12:05.6404518Z ✔ F02-R09 unrelated parent: keep file and refuse layered inference (25.653736ms)
2026-10-03T15:12:05.6405268Z ✔ F02-R09 conflicting currencies: keep file and refuse layered inference (16.878404ms)
2026-10-03T15:12:05.6406064Z ✔ F02-R10 duplicate debit children: keep file and refuse layered inference (18.100658ms)
2026-10-03T15:12:05.6406837Z ✔ F02-R10 missing credit child: keep file and refuse layered inference (22.971763ms)
2026-10-03T15:12:05.6408486Z ✔ F02-R10 competing amount role: keep file and refuse layered inference (15.631825ms)
2026-10-03T15:12:05.6409335Z ✔ F02-R11: do not skip an earlier unresolved table or choose between two plausible sheets (38.958691ms)
2026-10-03T15:12:05.6410299Z ✔ F02-R12: frozen different identity never approves the equal-sum invoice group (9.52757ms)
2026-10-03T15:12:05.6411095Z ✔ F02-R13: erroneous competing payment remains a completeness barrier (27.099204ms)
2026-10-03T15:12:05.6411859Z ✔ F02-R14: native header proof never repairs signs or a broken balance (25.390396ms)
2026-10-03T15:12:05.6413078Z ✔ F02-R04: header exception never exempts merged transaction cells (18.951864ms)
2026-10-03T15:12:05.6414068Z ✔ F02-R13 excluded competitor: excluding a rival must not manufacture uniqueness (176.147223ms)
2026-10-03T15:12:05.6414944Z ✔ native layered-header reading preserves 5,004 movements without reparsing per row (1850.281843ms)
2026-10-03T15:12:05.6415833Z ✔ F02-R16: cloned/forged provenance is not source authority; replay uses actual bytes (37.792462ms)
2026-10-03T15:12:05.6417376Z ✔ F02-R16/export: session replay and original-based export retain source provenance and row fates (198.677132ms)
2026-10-03T15:12:05.6418258Z ✔ a richer later header cannot silently erase an earlier transaction table (14.024051ms)
2026-10-03T15:12:05.6419106Z ✔ explicit multiline and bilingual labels map consistently without changing source text (2.722132ms)
2026-10-03T15:12:05.6419905Z ✔ long cover text does not prevent locating the first explicit table (0.731262ms)
2026-10-03T15:12:05.6420861Z ✔ conflicting bilingual money labels and duplicate amount columns stay unresolved (0.299311ms)
2026-10-03T15:12:05.6421655Z ✔ explicit bilingual currency tags prefill the actual currency (1.074199ms)
2026-10-03T15:12:05.6422529Z ✔ currency inference ignores safe repeated headers and summary rows without hiding mixed currencies (1.775716ms)
2026-10-03T15:12:05.6423504Z ✔ 384 independent CSV/XLSX layouts infer columns and retain the same signed economic records (2721.834705ms)
2026-10-03T15:12:05.6424395Z ✔ a model cannot append unrelated proposal IDs to a specific document explanation (25.043805ms)
2026-10-03T15:12:05.6425214Z ✔ a valid source ID still cannot be invented outside the model evidence window (5.301798ms)
2026-10-03T15:12:05.6426029Z ✔ local model receives canonical review cases, including the document asked about (6.433023ms)
2026-10-03T15:12:05.6426915Z ✔ in-place changes to current accounting result invalidate an outstanding model reply (3.19935ms)
2026-10-03T15:12:05.6427702Z ✔ blank prompts never query a local model (1.697918ms)
2026-10-03T15:12:05.6428490Z ✔ large review contexts reserve ten canonical rows per side instead of starving ledger evidence (13.781886ms)
2026-10-03T15:12:05.6431281Z ✔ an explicitly requested late ledger row is prioritized with the same balanced budget (13.893004ms)
2026-10-03T15:12:05.6432226Z ✔ a referenced ambiguous group is admitted whole and remaining capacity stays bounded on both sides (16.896645ms)
2026-10-03T15:12:05.6433093Z ✔ an inconsistent ambiguous display group is refused before model routing (5.290311ms)
2026-10-03T15:12:05.6433942Z ✔ oversized referenced cases fall back before invoking a model and are never truncated (20.001407ms)
2026-10-03T15:12:05.6434797Z ✔ unavailable or downloadable models never create a session or start download (9.870132ms)
2026-10-03T15:12:05.6435597Z ✔ ready model uses same languages, structured output and destroys session (4.667883ms)
2026-10-03T15:12:05.6436383Z ✔ model cannot supply financial facts, approval, prose or nonexistent IDs (1.122882ms)
2026-10-03T15:12:05.6437161Z ✔ model-generated proposal is rechecked without becoming a match (2.844646ms)
2026-10-03T15:12:05.6437914Z ✔ abort and model errors fall back without output or retained session (1.212948ms)
2026-10-03T15:12:05.6438802Z ✔ local import advice can complete unfamiliar mapping only after explicit application and engine checks (16.145807ms)
2026-10-03T15:12:05.6439712Z ✔ download states, absent model and unsupported Arabic never start model creation (1.906653ms)
2026-10-03T15:12:05.6440674Z ✔ model cannot rewrite values, choose inactive fields, change source or grant approval (2.544945ms)
2026-10-03T15:12:05.6441555Z ✔ stale mapping, recut PDF, and even edits beyond the sample invalidate outstanding advice (1.643536ms)
2026-10-03T15:12:05.6442409Z ✔ abort before creation or during prompting discards advice and destroys the session (1.311086ms)
2026-10-03T15:12:05.6443325Z ✔ unparseable, oversized, thrown and unavailable responses fall back without changing the source (1.345317ms)
2026-10-03T15:12:05.6444467Z ✔ numeric plausibility does not promote Quantity-as-Amount into verified semantics (1.433911ms)
2026-10-03T15:12:05.6445553Z ✔ real-model experiment binding keeps bilingual proposals advisory and native source evidence unchanged (30.350741ms)
2026-10-03T15:12:05.6446479Z ✔ local model cannot supply invented numbers, signs, exclusions, approvals or uncited roles (3.200878ms)
2026-10-03T15:12:05.6447347Z ✔ late model proposals are invalidated by unsampled source rows and reading settings (1.257726ms)
2026-10-03T15:12:05.6448190Z ✔ a correct citation does not prove that Quantity is Amount or confer financial authority (0.698622ms)
2026-10-03T15:12:05.6450051Z ✔ explicit human review of a correct role preserves malformed amounts as native read errors (9.113191ms)
2026-10-03T15:12:05.6451104Z ✔ empty model advice abstains and UTF-8 limits do not silently truncate native evidence (7.679591ms)
2026-10-03T15:12:05.6452143Z ✔ safe unrelated bad amounts and dates preserve proven pairs and every erroneous source row (14.071653ms)
2026-10-03T15:12:05.6453312Z ✔ an unread same-reference or normalized-collision row blocks that bucket without blocking a disjoint pair (3.03912ms)
2026-10-03T15:12:05.6454371Z ✔ a displaced reference in a financial cell blocks its original competitor and preserves a disjoint pair (2.065652ms)
2026-10-03T15:12:05.6455447Z ✔ a mixed alphanumeric bad amount is isolated by source evidence and blocks only when its literal token is a competing identity (2.632016ms)
2026-10-03T15:12:05.6456575Z ✔ unparsed literal cells are negative competitor evidence for alphabetic payment references, never repaired transaction facts (3.792654ms)
2026-10-03T15:12:05.6457640Z ✔ every supported secondary reference is blocking evidence even when the bad row has a different primary document (3.309126ms)
2026-10-03T15:12:05.6458679Z ✔ unselected stated references and selected helper values both propagate taint without acquiring positive authority (0.86259ms)
2026-10-03T15:12:05.6459693Z ✔ taint follows transitive original memberships even after a bridge row is manually used or rejected (2.086664ms)
2026-10-03T15:12:05.6460836Z ✔ unknown, structurally damaged, hidden or unsafe reference envelopes remain wildcard blockers (11.319766ms)
2026-10-03T15:12:05.6462089Z ✔ a selected generic helper alone cannot isolate a failed row, while a precise amount-cell issue can (2.458314ms)
2026-10-03T15:12:05.6462991Z ✔ bad-money rows cannot hide a second supplier, entity, currency or generic account (4.007428ms)
2026-10-03T15:12:05.6463944Z ✔ invalid entered balances block arithmetic but preserve independent automatic and documented manual pairs (0.83611ms)
2026-10-03T15:12:05.6465035Z ✔ disjoint invoice groups and repeated-document pairs remain provable, but a failed bucket member blocks its whole proof (2.584835ms)
2026-10-03T15:12:05.6466008Z ✔ whole payment groups remain complete only outside failed-row bank/receipt memberships (4.616987ms)
2026-10-03T15:12:05.6466947Z ✔ legacy direct-source errors without a valid envelope remain conservative (0.986987ms)
2026-10-03T15:12:05.6467870Z ✔ duplicate direct-source IDs are refused even when their identity components have different taint (1.370164ms)
2026-10-03T15:12:05.6468837Z ✔ known contradictory document types never auto-match equal signed amounts and exact references (23.026696ms)
2026-10-03T15:12:05.6469818Z ✔ contradictory explicit PO evidence blocks auto-match while ordinary internal voucher differences do not (1.951951ms)
2026-10-03T15:12:05.6470818Z ✔ a mapped invoice reference is not replaced by an unrelated common PO (0.94884ms)
2026-10-03T15:12:05.6471662Z ✔ PO-only identity remains visible but cannot certify one invoice or a group of invoices (2.159564ms)
2026-10-03T15:12:05.6472479Z ✔ identical repeated posting lines cannot be proved distinct by their sum (1.955647ms)
2026-10-03T15:12:05.6473394Z ✔ F03 preserves historical group sources: Invoice No proves an invoice group but not a credit-note group (8.181618ms)
2026-10-03T15:12:05.6474449Z ✔ one-to-many proof fails with altered amount, date, type, PO, voucher or unreadable identity (5.162809ms)
2026-10-03T15:12:05.6475694Z ✔ mixed signs, competing whole groups and subset coincidences never produce a group match (2.174066ms)
2026-10-03T15:12:05.6476614Z ✔ currency from another normalized scope cannot be compared, including manual decisions (10.364407ms)
2026-10-03T15:12:05.6477505Z ✔ date boundaries, signed zero and reference punctuation do not silently broaden identity (3.456618ms)
2026-10-03T15:12:05.6478441Z ✔ unique payment amount with different references remains review-only under every row permutation (4.8585ms)
2026-10-03T15:12:05.6479381Z ✔ classification and row conservation are invariant under 864 independent source permutations (745.116715ms)
2026-10-03T15:12:05.6480485Z ✔ exact minor units remain conserved for all supported scales and arithmetic limits reject overflow (2.114737ms)
2026-10-03T15:12:05.6481480Z ✔ repeated headers with formula, hidden or unreadable cells cannot silently leave the transaction population (3.175144ms)
2026-10-03T15:12:05.6482479Z ✔ overlapping rejected edges never choose arbitrary partners under source or decision permutations (18.776872ms)
2026-10-03T15:12:05.6483377Z ✔ an ordinary vendor statement imports and compares without manual row surgery (155.035009ms)
2026-10-03T15:12:05.6484145Z ✔ the dropped time is reported as a note, never as a silent change (22.342375ms)
2026-10-03T15:12:05.6484860Z ✔ a formula inside a total row does not resurrect it as an error (28.039188ms)
2026-10-03T15:12:05.6485577Z ✔ one unreadable row reports itself instead of rejecting both files (6.697231ms)
2026-10-03T15:12:05.6486315Z ✔ the cut-off default is the latest date present, so it excludes nothing (22.860856ms)
2026-10-03T15:12:05.6487055Z ✔ a PDF with unfamiliar headers gets its columns from geometry (71.812243ms)
2026-10-03T15:12:05.6487760Z ✔ geometry detection is independent of the header wording (18.248706ms)
2026-10-03T15:12:05.6488449Z ✔ a reviewed PDF reconciles with no boundary typed by hand (6.463699ms)
2026-10-03T15:12:05.6489145Z ✔ geometry refuses to invent columns when the layout proves none (5.295449ms)
2026-10-03T15:12:05.6489848Z ✔ a cell overflowing a boundary is flagged, never merged quietly (7.209938ms)
2026-10-03T15:12:05.6490985Z ✔ P2 original CSV bank and receipt identities survive normalisation, session restore and N:M export with all source members (347.915614ms)
2026-10-03T15:12:05.6492127Z ✔ P2 group explanation cites every member and distinguishes group totals from individual pairings in both languages (10.518318ms)
2026-10-03T15:12:05.6493167Z ✔ P2 rejecting any member pair atomically unmatches the whole group and restore preserves that rejection (94.174442ms)
2026-10-03T15:12:05.6494120Z ✔ P2 assistant rejects a case-member copy with forged explicit payment identity provenance (3.279051ms)
2026-10-03T15:12:05.6495066Z ✔ P2 changed source bytes invalidate the old group and cannot be exported or restored as its old proof (10.071165ms)
2026-10-03T15:12:05.6496222Z ✔ partial formats isolate malformed dates and amounts without losing original rows or choosing a default (11.363802ms)
2026-10-03T15:12:05.6497276Z ✔ partial formats cannot cherry-pick contradictory but valid conventions (0.763921ms)
2026-10-03T15:12:05.6498077Z ✔ unsafe comma evidence never scales the remaining ambiguous KWD amount (0.616118ms)
2026-10-03T15:12:05.6498922Z ✔ partial formats do not allow a stale chosen convention to bypass proven evidence (0.687356ms)
2026-10-03T15:12:05.6499983Z ✔ native numeric cells remain independent of display format while formula or percentage cells remain errors (1.635835ms)
2026-10-03T15:12:05.6501148Z ✔ no readable date or amount evidence remains an explicit unresolved source, not a default (0.299812ms)
2026-10-03T15:12:05.6502071Z ✔ malformed companion rows cannot answer genuine date ambiguity or transfer a choice to different evidence (0.808889ms)
2026-10-03T15:12:05.6503020Z ✔ partial source rows remain explicit through Excel and original-source session restoration (181.852988ms)
2026-10-03T15:12:05.6504937Z ✔ partial assistant answers disclose incompleteness, prioritize row errors and reject model approval (21.364656ms)
2026-10-03T15:12:05.6506150Z ✔ balance-only issues have no invented row or page and preserve the entered text (1.8782ms)
2026-10-03T15:12:05.6507080Z ✔ clean export and assistant keep their existing status without a partial claim (62.275584ms)
2026-10-03T15:12:05.6514104Z ✔ reference-shaped invalid amounts retain negative collision evidence while disjoint pairs continue (5.920716ms)
2026-10-03T15:12:05.6515094Z ✔ P2 overlapping bank and receipt alternatives are reviewed before any row is consumed (18.038801ms)
2026-10-03T15:12:05.6515963Z ✔ P2 complete N:M payment groups are equivalent groups, never individual pairings (3.872164ms)
2026-10-03T15:12:05.6516843Z ✔ P2 invoice certified subgroups coexist with exact sibling pairs without amount-driven subsets (4.360771ms)
2026-10-03T15:12:05.6517835Z ✔ P2 unbalanced, unsafe and manually consumed competitors never disappear from identity membership (8.199665ms)
2026-10-03T15:12:05.6518778Z ✔ P2 a primary-only unknown member and normalized collisions cannot be dropped from bank groups (3.914198ms)
2026-10-03T15:12:05.6519685Z ✔ P2 an exact payment pair cannot consume a member before overlapping receipts are examined (1.059216ms)
2026-10-03T15:12:05.6520827Z ✔ P2 identical bank and receipt memberships corroborate one group, while one-sided annotations need no guessing (2.491735ms)
2026-10-03T15:12:05.6534346Z ✔ P2 N:M rejects duplicates on either side, sign offsets, wrong dates and incomplete or conflicting evidence (13.861526ms)
2026-10-03T15:12:05.6535385Z ✔ P2 N:M group limit retains every row and never approves a truncated group (15.813637ms)
2026-10-03T15:12:05.6537609Z ✔ P2 unknown document discriminators block invoice subgroups and do not fabricate uniqueness after manual use (3.570109ms)
2026-10-03T15:12:05.6538497Z ✔ P2 an unknown-type original bank member prevents a smaller exact payment pair (1.182572ms)
2026-10-03T15:12:05.6539388Z ✔ P2 invalid calendar dates and direct same-source comparisons cannot become approved groups (2.656332ms)
2026-10-03T15:12:05.6540495Z ✔ P2 explicit numeric receipt identities retain leading zeros across separate N:M and N:1 groups (2.477152ms)
2026-10-03T15:12:05.6541444Z ✔ P2 numeric support never promotes zero, placeholder or formula-like payment identities (5.632547ms)
2026-10-03T15:12:05.6542499Z ✔ P2 certified document identity and shared PO permit different local voucher numbers without weakening whole-document proof (7.217895ms)
2026-10-03T15:12:05.6543453Z ✔ PDF cannot read covered amount text through an opaque vector rectangle (88.346662ms)
2026-10-03T15:12:05.6544255Z ✔ PDF black background cannot silently conceal black transaction text (3.517434ms)
2026-10-03T15:12:05.6545027Z ✔ ordinary white backgrounds and disjoint table lines preserve actual text (9.400276ms)
2026-10-03T15:12:05.6545851Z ✔ bordered supplier tables paint edges, not a solid rectangle over every amount (34.210324ms)
2026-10-03T15:12:05.6546647Z ✔ separate underlines do not connect into an imaginary painted area (2.334821ms)
2026-10-03T15:12:05.6547434Z ✔ stroke width and actual crossing lines still reject covered transaction text (12.760563ms)
2026-10-03T15:12:05.6548226Z ✔ thin filled rectangles used as supplier table borders stay separate (5.944484ms)
2026-10-03T15:12:05.6548976Z ✔ implicit close strokes and curved paths cannot conceal an amount (4.271291ms)
2026-10-03T15:12:05.6549887Z ✔ 100-page native import retains the last page and reports progress without replacing the final source (215.527074ms)
2026-10-03T15:12:05.6550997Z ✔ failure on page 70 does not emit layout or return a usable prefix and the next import is clean (138.379025ms)
2026-10-03T15:12:05.6551928Z ✔ only one explicit complete header and consistent gaps produce PDF suggestions (3.944238ms)
2026-10-03T15:12:05.6552810Z ✔ overlapping, incompatible multi-page or floating tokens cancel automatic suggestions (1.600664ms)
2026-10-03T15:12:05.6553854Z ✔ partial rows tighten a gap without splitting an extended reference (0.408846ms)
2026-10-03T15:12:05.6554809Z ✔ carried-forward lines between pages are structure, not dates or transactions (157.170042ms)
2026-10-03T15:12:05.6555625Z ✔ a table rule at a page break does not make black text count as hidden (84.545789ms)
2026-10-03T15:12:06.0685011Z ✔ PDF diversity: 64 seeded valid layouts preserve independent values under column, font and paint-order changes (746.040666ms)
2026-10-03T15:12:06.1042221Z ✔ PDF diversity: 2 to 6 pages retain repeated headers, source pages and every unique transaction (33.457329ms)
2026-10-03T15:12:06.1152099Z ✔ PDF diversity requires review: a second-page column reorder cannot silently reuse the first mapping (12.434962ms)
2026-10-03T15:12:06.1265316Z ✔ PDF diversity: a reference displaced into an amount cell cannot hide a competing original row (12.55947ms)
2026-10-03T15:12:06.1320248Z ✔ PDF diversity requires review: wrapped transaction descriptions remain separate source rows, never invented joins (5.388165ms)
2026-10-03T15:12:06.1514000Z ✔ PDF diversity requires review: complete rows drawn across one another are not trustworthy transactions (19.056517ms)
2026-10-03T15:12:06.1605828Z ✔ PDF diversity: close but visibly disjoint rows and staggered side-by-side cells remain accepted (8.15014ms)
2026-10-03T15:12:06.1637975Z ✔ PDF diversity unsupported: partially clipped glyphs at the page edge cannot be accepted as fully visible (4.279904ms)
2026-10-03T15:12:06.1740593Z ✔ PDF diversity unsupported: later covers and hidden text remain rejected while styled table backgrounds are safe (9.62914ms)
2026-10-03T15:12:06.1771209Z ✔ PDF diversity requires review: partial tokens cannot cross the final shared multipage column boundary (0.488156ms)
2026-10-03T15:12:06.1796470Z ✔ PDF diversity: RTL-adjacent Arabic descriptions and Arabic numbers keep exact text without reversing identifiers (0.167593ms)
2026-10-03T15:12:06.1928369Z ✔ two dates and a vertically split AP balance header produce all ten columns with exact line evidence (7.303033ms)
2026-10-03T15:12:06.1929125Z ✔ geometric header evidence remains stable for independent amounts, pages, and wrapped versus unwrapped labels (17.647593ms)
2026-10-03T15:12:06.1929610Z ✔ unknown or misaligned fragments cannot be converted to a known balance heading (3.071161ms)
2026-10-03T15:12:06.1930229Z ✔ a different second-page table, duplicate header or transaction crossing a candidate gap cancels the strict proposal (4.750003ms)
2026-10-03T15:12:06.1930806Z ✔ the existing vocabulary-free geometry fallback remains available without claiming header identity (1.090644ms)
2026-10-03T15:12:06.1931284Z ✔ close split header words have one exact supported interpretation, while wide gaps remain separate (1.236345ms)
2026-10-03T15:12:06.1948838Z ✔ PDF diagnosis: blank and vector-only pages report no extractable text without claiming a scan (105.959726ms)
2026-10-03T15:12:06.1949877Z ✔ PDF diagnosis: image-only bytes report factual image presence with the legacy no-text message (4.437001ms)
2026-10-03T15:12:06.1951010Z ✔ PDF diagnosis: both small and large images mixed with native text retain the original rejection (21.811181ms)
2026-10-03T15:12:06.1951895Z ✔ PDF diagnosis: image-paint counts count occurrences without inferring image content (3.936487ms)
2026-10-03T15:12:06.1952772Z ✔ PDF diagnosis: first blocking page is explicit and never claims the remaining pages were inspected (8.233857ms)
2026-10-03T15:12:06.1953607Z ✔ PDF diagnosis: clean native-text PDFs retain the same exact extracted rows (9.670173ms)
2026-10-03T15:12:06.1954475Z ✔ PDF diagnosis: earlier occlusion and hidden-text failures retain precedence over a later image (14.907826ms)
2026-10-03T15:12:06.1955240Z ✔ PDF diagnosis schema: exact bounded worker round-trip is accepted (0.37846ms)
2026-10-03T15:12:06.1956036Z ✔ PDF diagnosis schema: malformed, contradictory and extended payloads are rejected (0.511572ms)
2026-10-03T15:12:06.1957070Z ✔ PDF diagnosis schema: rejects accessors without reading them and tolerates hostile objects (0.187162ms)
2026-10-03T15:12:06.1958303Z ✔ PDF diagnosis error: immutable validated copy prevents later diagnostic mutation (1.542576ms)
2026-10-03T15:12:06.1959199Z ✔ 046 a repeated page banner no longer blocks the format proof (C01436) (5.482678ms)
2026-10-03T15:12:06.1959856Z ✔ 046 inference and the normalizer classify the same banner rows (9.411212ms)
2026-10-03T15:12:06.1960759Z ✔ 046 no movement is deleted while the banner and footer are cleaned (2.542213ms)
2026-10-03T15:12:06.1961434Z ✔ 046 a banner-shaped row carrying a movement stays a movement (2.325527ms)
2026-10-03T15:12:06.1962102Z ✔ 046 a banner that is not repeated verbatim is not treated as one (0.321294ms)
2026-10-03T15:12:06.1962796Z ✔ 046 without a repeated table header the page prefix is not structural (8.828083ms)
2026-10-03T15:12:06.1963596Z ✔ 046 a damaged banner row remains visible and blocks matching despite readable format evidence (3.780802ms)
2026-10-03T15:12:06.1964422Z ✔ 046 an amount landing in the neighbouring reference keeps the source in review (3.276822ms)
2026-10-03T15:12:06.1965121Z ✔ 046 a thousand-fold separator reading is never proven silently (0.625653ms)
2026-10-03T15:12:06.1965777Z ✔ 046 a balance line is recognised before the number format is known (2.112946ms)
2026-10-03T15:12:06.1966462Z ✔ 046 a malformed balance amount is not excused by trying other readings (2.726511ms)
2026-10-03T15:12:06.1967167Z ✔ 046 a dated, referenced movement is never taken for a balance line (1.675266ms)
2026-10-03T15:12:06.1991702Z ✔ exact glyph binding records when text was painted, including split and merged runs (1.839915ms)
2026-10-03T15:12:06.1999541Z ✔ white text requires an opaque dark background covering its entire box (0.39143ms)
2026-10-03T15:12:06.2784025Z ✔ colored statement headers and pale backgrounds drawn after a title load without hiding data (81.033473ms)
2026-10-03T15:12:06.3001879Z ✔ a later opaque rectangle covering transaction text still prevents import (22.077188ms)
2026-10-03T15:12:06.3033346Z ✔ a hairline table rule grazing black text is not a background, but covers and stripes still are (0.43782ms)
2026-10-03T15:12:06.6311988Z ✔ Helvetica: real PDF bytes with a three-line AP header retain all ten columns and every movement (97.206452ms)
2026-10-03T15:12:06.6643296Z ✔ Helvetica: explicit-cut re-read used during export exactly reproduces automatic PDF extraction and accounting provenance (33.045984ms)
2026-10-03T15:12:06.6963760Z ✔ Helvetica: multiple PDF pages keep their repeated logical headers, original fragments and exact movement page lineage (28.536794ms)
2026-10-03T15:12:06.7029279Z ✔ Courier: real PDF bytes with a three-line AP header retain all ten columns and every movement (10.31132ms)
2026-10-03T15:12:06.7183442Z ✔ Courier: explicit-cut re-read used during export exactly reproduces automatic PDF extraction and accounting provenance (12.465658ms)
2026-10-03T15:12:06.7352349Z ✔ Courier: multiple PDF pages keep their repeated logical headers, original fragments and exact movement page lineage (18.232204ms)
2026-10-03T15:12:07.0777496Z ✔ Helvetica: export and session restoration re-prove wrapped-header cells and page provenance from original PDF bytes (338.639537ms)
2026-10-03T15:12:07.2693225Z ✔ Courier: export and session restoration re-prove wrapped-header cells and page provenance from original PDF bytes (195.36854ms)
2026-10-03T15:12:07.2778267Z ✔ manual PDF page-title exclusion cannot disguise an unproved page counter (8.906992ms)
2026-10-03T15:12:07.3051968Z ✔ PDF stream integrity: a late malformed shading cannot leave a silently accepted financial prefix (161.829743ms)
2026-10-03T15:12:07.3062334Z ✔ PDF stream integrity: early parser errors reject single-page and multipage imports (11.503717ms)
2026-10-03T15:12:07.3067326Z ✔ PDF stream integrity: actual PDF.js prefix resolution cannot bypass the document-local guard (18.315775ms)
2026-10-03T15:12:07.3068411Z ✔ PDF stream integrity: unsupported internals and a changed PDF.js version fail closed (0.255916ms)
2026-10-03T15:12:07.3070301Z ✔ PDF stream integrity: successful stream must deliver its final chunk and close (0.376939ms)
2026-10-03T15:12:07.3071355Z ✔ PDF stream integrity: an error after the apparent final chunk is still fatal (0.280633ms)
2026-10-03T15:12:07.3072221Z ✔ PDF stream integrity: truncated, cancelled and malformed stream contracts fail closed (0.65038ms)
2026-10-03T15:12:07.3073178Z ✔ PDF stream integrity: unrelated text streams are untouched and a restored document does not affect another (0.165209ms)
2026-10-03T15:12:07.3074041Z ✔ native visible PDF transaction text retains signs and exact cells (86.877266ms)
2026-10-03T15:12:07.3074810Z ✔ actual PDF rejects transparent and partially transparent fill/stroke text (36.264877ms)
2026-10-03T15:12:07.3075569Z ✔ actual PDF rejects white text in RGB, gray and CMYK color spaces (26.484003ms)
2026-10-03T15:12:07.3076355Z ✔ restoring or explicitly resetting color and alpha permits subsequent visible text (17.512848ms)
2026-10-03T15:12:07.3076963Z ✔ actual PDF rejects clipped transaction text and text clipping modes (29.895873ms)
2026-10-03T15:12:07.3077446Z ✔ clipping restored before transaction text does not reject visible data (3.262049ms)
2026-10-03T15:12:07.3077949Z ✔ actual PDF soft masks reject text rather than trusting an invisible text layer (3.601921ms)
2026-10-03T15:12:07.3078410Z ✔ a disabled soft mask no longer marks later plain text as masked (6.308984ms)
2026-10-03T15:12:07.3078883Z ✔ unsupported blending rejects active text but a restored blend does not leak (9.265702ms)
2026-10-03T15:12:07.3079393Z ✔ actual inline raster images reject regardless of area or neighboring native text (21.15378ms)
2026-10-03T15:12:07.3079890Z ✔ actual image XObjects and solid image masks cannot bypass the raster guard (6.973496ms)
2026-10-03T15:12:07.3080728Z ✔ unsupported Form XObject clipping rejects extracted text with an explicit error (3.219064ms)
2026-10-03T15:12:07.4872273Z Warning: Indexing all PDF objects
2026-10-03T15:12:07.4902170Z ✔ oversized PDF cells reject before reaching Excel and malformed PDFs do not poison later reads (117.017031ms)
2026-10-03T15:12:07.4945287Z ✔ OCR invisible text and large raster backgrounds cannot pass as native PDF text (0.458551ms)
2026-10-03T15:12:07.4946333Z ✔ PDF actual bytes preserve columns, signs, row provenance and original bytes (10.978606ms)
2026-10-03T15:12:07.4947053Z ✔ PDF cannot reconcile without explicit extraction review (4.372554ms)
2026-10-03T15:12:07.4947884Z ✔ multi-page PDF keeps repeated headers and page lineage instead of silently deleting rows (12.021969ms)
2026-10-03T15:12:07.4948744Z ✔ blank/scanned page rejects the entire PDF including text/image mixed documents (7.005955ms)
2026-10-03T15:12:07.4949450Z ✔ fake PDF and more than 100 pages fail closed (6.002972ms)
2026-10-03T15:12:07.4950312Z ✔ column boundary crossings and duplicate overlay glyphs produce blocking row issues (0.499262ms)
2026-10-03T15:12:07.4951137Z ✔ invalid column cuts, coordinates and replacement characters fail closed (0.559163ms)
2026-10-03T15:12:07.4951969Z ✔ Arabic glyph text is preserved without reversing references or guessing numbers (0.197168ms)
2026-10-03T15:12:07.4952961Z ✔ PDF export re-extracts original bytes and session restoration keeps the same result (200.906986ms)
2026-10-03T15:12:07.5268536Z ✔ bounded performance export verifier accepts native dates, negative credits and explicit payment bank identity (140.874584ms)
2026-10-03T15:12:07.5302774Z ✔ bounded performance export verifier detects a reversed amount sign (12.124114ms)
2026-10-03T15:12:07.5303852Z ✔ bounded performance export verifier detects a forged reference despite unchanged financial totals (6.245088ms)
2026-10-03T15:12:07.5343240Z ✔ bounded performance export verifier detects a native Excel date shifted by one day (5.880718ms)
2026-10-03T15:12:07.5359678Z ✔ bounded performance export verifier detects a missing exported row (18.191172ms)
2026-10-03T15:12:07.5394530Z ✔ bounded performance export verifier rejects a formula even with its original correct cached amount (13.77308ms)
2026-10-03T15:12:07.5420962Z ✔ RSS sums every requested process independent of ps ordering (0.87517ms)
2026-10-03T15:12:07.5422015Z ✔ an incomplete process snapshot cannot masquerade as lower memory use (0.282216ms)
2026-10-03T15:12:07.5451186Z ✔ RSS rejects invalid counters and process identifiers (0.209456ms)
2026-10-03T15:12:07.5481006Z ✔ a hung memory sample fails within a deadline so browser cleanup can run (21.960887ms)
2026-10-03T15:12:07.8984696Z ✔ transaction comparison needs verified scope but not optional descriptive names (115.797452ms)
2026-10-03T15:12:07.9002642Z ✔ known currency precision is explicit and unknown currencies are not assigned two decimals (0.321655ms)
2026-10-03T15:12:07.9023902Z ✔ currency precision changes the ambiguity assessment, not the transaction value (1.374092ms)
2026-10-03T15:12:08.0068376Z ✔ PDF automatic column suggestions retain required human review and original row provenance (104.455799ms)
2026-10-03T15:12:08.0081641Z ✔ transaction column spans do not invalidate intact labeled PDF metadata; other parsing issues do (2.364796ms)
2026-10-03T15:12:08.2327635Z ✔ partial date case must preserve its one independently valid pair and both invalid rows (4.07845ms)
2026-10-03T15:12:08.2341437Z ✔ every recompute path gives the core result: ordinary match, amount variance, balances (demo) (286.253583ms)
2026-10-03T15:12:08.3482038Z ✔ every recompute path gives the core result: manual decision and rejected link (demo) (122.718149ms)
2026-10-03T15:12:08.4149940Z ✔ every recompute path gives the core result: proven one-to-many group (69.185802ms)
2026-10-03T15:12:08.4792115Z ✔ every recompute path gives the core result: the same ambiguity, answered (59.244185ms)
2026-10-03T15:12:08.5504203Z ✔ every recompute path gives the core result: split columns with proven direction (72.650506ms)
2026-10-03T15:12:08.6329929Z ✔ every recompute path gives the core result: partial result with an impossible companion date (81.268968ms)
2026-10-03T15:12:08.6435846Z ✔ the cases hold what they are named for (6.124846ms)
2026-10-03T15:12:08.6461310Z ✔ every path refuses FORMAT_AMBIGUOUS_UNRESOLVED: unresolved number-format ambiguity (3.578667ms)
2026-10-03T15:12:08.6688858Z ✔ exportWorkbook itself refuses an unanswered format ambiguity (26.03463ms)
2026-10-03T15:12:08.6968875Z ✔ a result changed after comparing is not exported (34.318102ms)
2026-10-03T15:12:08.7054643Z ✔ a saved format choice that no longer fits is refused (8.217161ms)
2026-10-03T15:12:08.7274278Z ✔ a debit/credit direction claim the source does not prove (11.095437ms)
2026-10-03T15:12:08.7275248Z ✔ compare re-proves a claimed debit/credit direction before showing a result (6.046098ms)
2026-10-03T15:12:08.7490858Z ✔ a direction claim whose facts hold but whose explanation was edited (19.723984ms)
2026-10-03T15:12:08.7552726Z ✔ two faults at once: the format guard, then the direction proof (1.907807ms)
2026-10-03T15:12:08.7581372Z ✔ the shared recompute reports its stages in order (4.588519ms)
2026-10-03T15:12:08.7582439Z ✔ the recompute paths share one entry point; the verifier does not (0.541907ms)
2026-10-03T15:12:08.7932052Z ✔ an explicit document number cannot outvote the references the accountant chose (22.125766ms)
2026-10-03T15:12:08.7941597Z ✔ identities equal only after normalisation are never approved where no chosen reference can differ (8.805108ms)
2026-10-03T15:12:08.7970038Z ✔ a batch, an account or an order chosen as the reference does not prove a document (4.040042ms)
2026-10-03T15:12:08.8019118Z ✔ one value in two fields of different roles does not prove the invoice (1.472821ms)
2026-10-03T15:12:08.8062534Z ✔ matching amount and reference with conflicting document types stay for review (6.695026ms)
2026-10-03T15:12:08.8072039Z ✔ Type = Invoice with a description opening with another documented role is a conflict (7.11522ms)
2026-10-03T15:12:08.8072820Z ✔ an unknown or party-specific code stays unknown, is not guessed, and the pair is shown for review (7.291356ms)
2026-10-03T15:12:08.8073513Z ✔ with no reference column chosen, nothing is approved, as the interface says (7.249953ms)
2026-10-03T15:12:08.8074255Z ✔ an unchosen voucher cannot prove a document even when the unselected references agree or are blank (2.487421ms)
2026-10-03T15:12:08.8074945Z ✔ the accountant can still confirm by hand rows whose chosen references differ (1.741506ms)
2026-10-03T15:12:08.8075610Z ✔ invoice lines naming different purchase orders are shown for review with that reason (1.341553ms)
2026-10-03T15:12:08.8076377Z ✔ P1 proves repeated-document pairs with explicit selected reference provenance and honest evidence (46.433692ms)
2026-10-03T15:12:08.8077140Z ✔ P1 preserves leading zeros, punctuation and case instead of matching normalized lookalikes (6.42552ms)
2026-10-03T15:12:08.8077819Z ✔ P1 requires literal document identity even when normalization collides (7.015089ms)
2026-10-03T15:12:08.8078507Z ✔ P1 does not use unselected references or selected local voucher/order columns as positive identity (7.587352ms)
2026-10-03T15:12:08.8079559Z ✔ P1 counts all discriminator occurrences before amount, date or consumption filtering (4.25079ms)
2026-10-03T15:12:08.8080752Z ✔ P1 missing, placeholder and unsafe discriminators leave the entire document bucket unresolved (30.805444ms)
2026-10-03T15:12:08.8081823Z ✔ P1 contextual discriminator accepts literal numeric and alphabetic references in either language (5.96802ms)
2026-10-03T15:12:08.8082848Z ✔ P1 contextual references are unique within a document, not across unrelated documents (1.69793ms)
2026-10-03T15:12:08.8083851Z ✔ P1 formula-like and error references remain literal, visible and unapproved in every automatic path (16.095813ms)
2026-10-03T15:12:08.8084780Z ✔ P1 direct-source comparisons cannot omit issue flags to bypass unsafe-reference checks (5.937273ms)
2026-10-03T15:12:08.8085752Z ✔ P1 assistant proposal verification rejects a case copy with altered discriminator evidence (3.926761ms)
2026-10-03T15:12:08.8086604Z ✔ P1 keeps amount, sign, date, type, PO conflict and source-reading guards (11.032938ms)
2026-10-03T15:12:08.8087386Z ✔ P1 excluded same-document evidence blocks uniqueness while an unrelated total does not (2.862126ms)
2026-10-03T15:12:08.8088006Z ✔ P1 rejects an invalid source date even when compare is called directly (3.085693ms)
2026-10-03T15:12:08.8088601Z ✔ P1 honors rejection, manual decisions and self-comparison without losing rows (4.446054ms)
2026-10-03T15:12:08.8089288Z ✔ P1 case identity follows the discriminator when identical-amount/date rows are reordered (7.309648ms)
2026-10-03T15:12:08.8090050Z ✔ P1 preserves genuine whole-document groups instead of splitting duplicate discriminators (1.23358ms)
2026-10-03T15:12:08.8090876Z ✔ P1 missing Type is allowed but numeric document roles must be explicit on both sources (3.64703ms)
2026-10-03T15:12:08.8091565Z ✔ P1 restore and verified Excel export preserve pairs and reject altered provenance (136.88018ms)
2026-10-03T15:12:08.8621772Z ✔ F03 native own/related roles: different-credit-notes (216.742421ms)
2026-10-03T15:12:08.8623245Z ✔ F03 native own/related roles: own-credit-note (93.103609ms)
2026-10-03T15:12:08.8623960Z ✔ F03 native own/related roles: generic-own-and-invoice (111.400662ms)
2026-10-03T15:12:08.9470731Z ✔ F03 native own/related roles: short-own-credit-note (88.053093ms)
2026-10-03T15:12:09.0679756Z ✔ F03 native own/related roles: conflicting-related-invoice (121.401228ms)
2026-10-03T15:12:09.1396384Z ✔ F03 native own/related roles: credit-note-invoice-only (71.663313ms)
2026-10-03T15:12:09.2057125Z ✔ F03 native own/related roles: payment-invoice-only (65.703726ms)
2026-10-03T15:12:09.2714519Z ✔ F03 native own/related roles: journal-invoice-only (65.837664ms)
2026-10-03T15:12:09.3571983Z ✔ F03 native own/related roles: ordinary-invoice (82.483064ms)
2026-10-03T15:12:09.4422951Z ✔ F03 native own/related roles: payment-bank-identity (87.190614ms)
2026-10-03T15:12:09.5660488Z ✔ F03 native own/related roles: whole-credit-note-group (95.673284ms)
2026-10-03T15:12:09.5665205Z ✔ F03 selected related-invoice column supplies neither own identity nor discriminator authority (5.491542ms)
2026-10-03T15:12:09.5666199Z ✔ F03 different selected roles permit the same proven short credit note (0.676781ms)
2026-10-03T15:12:09.5666955Z ✔ F03 column permutation and explicit Arabic headers preserve roles (1.51851ms)
2026-10-03T15:12:09.5667628Z ✔ F03 keeps ambiguous evidence for review: duplicate own headers (1.102523ms)
2026-10-03T15:12:09.5668313Z ✔ F03 keeps ambiguous evidence for review: duplicate related headers (1.533993ms)
2026-10-03T15:12:09.5668979Z ✔ F03 keeps ambiguous evidence for review: hidden own cell (1.622867ms)
2026-10-03T15:12:09.5669627Z ✔ F03 keeps ambiguous evidence for review: unsafe related cell (0.593355ms)
2026-10-03T15:12:09.5670492Z ✔ F03 keeps ambiguous evidence for review: different chosen generic reference (0.674017ms)
2026-10-03T15:12:09.5671189Z ✔ F03 an own-number competitor remains after excluded (1.928257ms)
2026-10-03T15:12:09.5677196Z ✔ F03 an own-number competitor remains after outside-period (2.530757ms)
2026-10-03T15:12:09.5677739Z ✔ F03 an own-number competitor remains after failed amount (0.744383ms)
2026-10-03T15:12:09.5678248Z ✔ F03 chat cites the original invoice without substituting it for a credit-note identity (5.692364ms)
2026-10-03T15:12:09.5678669Z ✔ F03 AI cannot resolve a related-invoice contradiction or forge its provenance (2.000492ms)
2026-10-03T15:12:09.6428933Z ✔ F03 native PDF uses own credit-note number: own-credit-note (79.350449ms)
2026-10-03T15:12:09.6639175Z ✔ F03 native PDF uses own credit-note number: short-own-credit-note (18.220867ms)
2026-10-03T15:12:09.6904956Z ✔ F03 native PDF uses own credit-note number: different-credit-notes (11.862063ms)
2026-10-03T15:12:09.6922080Z ✔ F03 original invoice cannot partition repeated credit-note numbers (0.910543ms)
2026-10-03T15:12:09.6923876Z ✔ F03 local model context keeps own/related roles and their canonical source columns (2.666872ms)
2026-10-03T15:12:09.6924885Z ✔ F03 an exact candidate with unverified type stays one review case with both source rows (1.766534ms)
2026-10-03T15:12:09.6925813Z ✔ F03 a shared native Document No cannot erase contradictory document types (2.778821ms)
2026-10-03T15:12:09.6927553Z ✔ F03 bank/receipt roles cannot authorize a voucher-only credit note or journal (7.91101ms)
2026-10-03T15:12:09.7738654Z ✔ 046 Arabic text PDF reportlab-arabic-balances: actual fields, provenance, matches and independent Excel values (268.105421ms)
2026-10-03T15:12:09.7761484Z ✔ 046 Arabic text PDF reportlab-rtl: actual fields, provenance, matches and independent Excel values (86.769979ms)
2026-10-03T15:12:09.7791319Z ✔ 046 Arabic text PDF reportlab-permuted: actual fields, provenance, matches and independent Excel values (74.777313ms)
2026-10-03T15:12:09.7812687Z ✔ 046 Arabic text PDF reportlab-wrapped-header: actual fields, provenance, matches and independent Excel values (64.044268ms)
2026-10-03T15:12:09.7824527Z ✔ 046 Arabic text PDF reportlab-multipage: actual fields, provenance, matches and independent Excel values (74.481357ms)
2026-10-03T15:12:09.7855013Z ✔ 046 Arabic text PDF libreoffice-arabic: actual fields, provenance, matches and independent Excel values (46.569366ms)
2026-10-03T15:12:09.7892553Z ✔ 046 Arabic text PDF libreoffice-mixed: actual fields, provenance, matches and independent Excel values (69.479179ms)
2026-10-03T15:12:09.8182045Z ✔ 046 Arabic continuation and second account table remain visible and cannot claim complete reading (39.846939ms)
2026-10-03T15:12:09.8201552Z ✔ 046 glyph provenance uses pinned bidi ordering without mutating Latin references or numeric signs (1.081861ms)
2026-10-03T15:12:09.8230077Z ✔ 046 source geometry may attach adjacent sign fragments but never guesses separated digits (0.336738ms)
2026-10-03T15:12:09.8232509Z ✔ 046 Arabic word fragments follow RTL geometry while financial fragments retain their source sequence (1.378398ms)
2026-10-03T15:12:09.8329313Z ✔ 046 full-page rectangular clips accept visible statements but partial and unknown clips reject (16.813404ms)
2026-10-03T15:12:09.8637487Z ✔ 046 native Arabic source followed by an unreadable page cannot return partial accounting data (27.631589ms)
2026-10-03T15:12:09.9053656Z ✔ 045 original document value cannot be compared as open-item outstanding even when numbers coincide (12.990139ms)
2026-10-03T15:12:09.9061016Z ✔ 045 running balance, paid amount and aging buckets cannot masquerade as movement values (4.659517ms)
2026-10-03T15:12:09.9061948Z ✔ 045 explicit remaining values require an open-items report and never become period movements (3.238023ms)
2026-10-03T15:12:09.9062940Z ✔ 045 supported original transaction values and remaining open items continue to auto-match (2.514702ms)
2026-10-03T15:12:09.9063996Z ✔ 045 supplier and legal entity conflicts in explicit same-role metadata block automatic and manual comparison (3.834483ms)
2026-10-03T15:12:09.9064949Z ✔ 045 different account roles are not falsely equated across supplier and AP systems (0.803652ms)
2026-10-03T15:12:09.9065909Z ✔ 045 mixed supplier, entity or account columns stop the affected comparison without dropping either row (4.083779ms)
2026-10-03T15:12:09.9066974Z ✔ 045 explicit single-role row identity must agree between the two sources (0.754137ms)
2026-10-03T15:12:09.9067723Z ✔ 045 explicit currency column cannot be ignored by leaving it unmapped (0.733456ms)
2026-10-03T15:12:09.9068610Z ✔ 045 open-item snapshots dated after the requested cutoff cannot reconstruct historical outstanding (1.122433ms)
2026-10-03T15:12:09.9069492Z ✔ 045 a malformed or contradictory declared period cannot certify the arithmetic bridge (2.0949ms)
2026-10-03T15:12:09.9071733Z ✔ 045 a clean declared snapshot at cutoff remains supported (0.801429ms)
2026-10-03T15:12:09.9072491Z ✔ 045 a systemic parsing/semantic failure cannot be bypassed by a manual match (0.642749ms)
2026-10-03T15:12:09.9073424Z ✔ 045 declared transaction period constrains inclusion before the balance equation is checked (3.864918ms)
2026-10-03T15:12:09.9074318Z ✔ 045 an opening balance from a different declared period cannot be certified by coincidental equality (0.691213ms)
2026-10-03T15:12:09.9075364Z ✔ F03 preserves old numeric Invoice No inputs: an invoice can match, its credit note cannot borrow that identity (6.662738ms)
2026-10-03T15:12:09.9076340Z ✔ 045 numeric general references, unknown types, payments, shortened IDs and numeric groups stay unapproved (3.291754ms)
2026-10-03T15:12:09.9077395Z ✔ 045 an explicit as-of snapshot is checked against cutoff without treating a preparation date as snapshot evidence (3.246696ms)
2026-10-03T15:12:09.9078277Z ✔ 045 manually entering a closing balance cannot hide a conflicting balance currency (1.612692ms)
2026-10-03T15:12:09.9079195Z ✔ 045 bounded whole-reference groups retain all source rows for review beyond the automatic limit (30.005097ms)
2026-10-03T15:12:09.9080396Z ✔ 045 explicit conflicting document labels in descriptions veto a match but never certify one (2.41397ms)
2026-10-03T15:12:10.2955294Z ✔ R045 independent exported workbook oracle accepts signed amounts, empty references, Arabic and an opening difference (155.22927ms)
2026-10-03T15:12:10.2971723Z ✔ R045 independent verifier rejects amount, sign, visible reference, row count and cached formula mutations (496.775215ms)
2026-10-03T15:12:10.2973137Z ✔ R045 independent decimal oracle rejects lost minor precision rather than rounding (0.686706ms)
2026-10-03T15:12:10.4242563Z ✔ R045 independent verifier covers transaction-only, zero-effect rejected cases, manual decisions and currency precision (123.431474ms)
2026-10-03T15:12:11.0232176Z ✔ R045 versioned partial output contract preserves every reading issue and rejects corrupted disclosure (603.845261ms)
2026-10-03T15:12:11.0604048Z ✔ independent corpus manifest has 5000 cases in declared categories and disjoint layout holdout (47.478217ms)
2026-10-03T15:12:11.0615932Z ✔ all forty hand-calculated anchors independently agree with generated balances and explicit pairs (15.505482ms)
2026-10-03T15:12:11.0616693Z ✔ truth and observable approval are separate for an unreferenced payment allocation (4.709222ms)
2026-10-03T15:12:11.0617339Z ✔ equal balances do not hide countervailing invoice errors (2.544437ms)
2026-10-03T15:12:11.0617958Z ✔ cutoff exclusions are explicit and do not disappear from source observations (5.555949ms)
2026-10-03T15:12:11.0618673Z ✔ integer minor formatting preserves zero and three decimals without production money helpers (0.390679ms)
2026-10-03T15:12:11.0619446Z ✔ development scenarios are reproducible and contain economic diversity beyond labels and layout (632.771552ms)
2026-10-03T15:12:11.0620424Z ✔ forty foundation source pairs are real files and never embed hidden lineage or oracle keys (304.049025ms)
2026-10-03T15:12:11.0621132Z ✔ generator, manifest and renderers cannot import production reconciliation code (1.787125ms)
2026-10-03T15:12:11.0621908Z ✔ a wrong closing balance blocks balance verification without banning independently proved movement matches (5.467014ms)
2026-10-03T15:12:11.0622728Z ✔ invalid source values affect their rows while scope conflicts stop the affected comparison (4.334006ms)
2026-10-03T15:12:11.0623262Z ✔ numeric invoice identity is explicit while an equally long generic reference needs review (2.528163ms)
2026-10-03T15:12:11.0623744Z ✔ file-specific scenarios really contain their named structures (23.835633ms)
2026-10-03T15:12:11.0624181Z ✔ revision 1.0.1 keeps allocation lineage shared while physical row identities remain distinct (2.841835ms)
2026-10-03T15:12:11.0624886Z ✔ ambiguous decimal case exposes two defensible interpretations and requires format confirmation before normalization (1.426211ms)
2026-10-03T15:12:11.0625415Z ✔ PDF monetary banners use the same decimal convention as transaction cells (5.627386ms)
2026-10-03T15:12:11.0625828Z ✔ 046 explicit shared bank identity proves a whole payment in either 1:N direction (13.021737ms)
2026-10-03T15:12:11.0626313Z ✔ 046 explicit receipt identity supports payment groups without a bank column value (1.050563ms)
2026-10-03T15:12:11.0626940Z ✔ 046 generic shared payment references and unique amount subsets remain review, not proof (3.296401ms)
2026-10-03T15:12:11.0627516Z ✔ 046 payment identity cannot allocate invoices or override document, amount, sign, date or receipt conflicts (7.854594ms)
2026-10-03T15:12:11.0628078Z ✔ 046 bank-reference groups never search a matching subset or ignore a competing same-identity row (3.843006ms)
2026-10-03T15:12:11.0628493Z ✔ 046 a duplicate component cannot be disguised by changing its description (2.51288ms)
2026-10-03T15:12:11.0628981Z ✔ 046 explicit original invoice lines retain the existing 6750 = 2500 + 2250 + 2000 capability (1.210085ms)
2026-10-03T15:12:11.0629617Z ✔ 046 explicit source errors, hidden evidence and excluded same-payment rows prevent complete-group approval (7.887454ms)
2026-10-03T15:12:11.0630533Z ✔ 046 currency and amount-basis conflicts are not group evidence even after user confirmation (2.407701ms)
2026-10-03T15:12:11.0631290Z ✔ 046 row-level amount basis cannot mix original and remaining values under a generic amount header (5.21303ms)
2026-10-03T15:12:11.0730928Z ✔ 046 payment group rejection is preserved and source ordering never selects a subset (2.357916ms)
2026-10-03T15:12:11.0731712Z ✔ 046 a search limit is exposed with all group rows retained (6.877602ms)
2026-10-03T15:12:11.0732343Z ✔ 046 a manual decision cannot override explicit document identity or PO conflicts (1.539913ms)
2026-10-03T15:12:11.0733193Z ✔ 046 payment proof is re-read from original bytes for export and sessions, never trusted from an annotated result (113.189219ms)
2026-10-03T15:12:11.1032446Z ✔ a completed-balance flag cannot replace a missing verified bridge (34.809482ms)
2026-10-03T15:12:11.1057509Z ✔ independent evaluator accepts healthy exact matches and a controlled invalid-source rejection (209.378652ms)
2026-10-03T15:12:11.1106997Z ✔ evaluator independently checks source totals against source transactions (9.978172ms)
2026-10-03T15:12:11.1134899Z ✔ evaluator rejects disagreement between accepted cases and the public match list (7.729827ms)
2026-10-03T15:12:11.1136051Z ✔ evaluator does not reward abstaining from every provable automatic match (48.383477ms)
2026-10-03T15:12:11.1149455Z ✔ runtime errors and cancellation on corrupt input are failures rather than valid rejections (16.402015ms)
2026-10-03T15:12:11.1501935Z ✔ equal-valued invoices with swapped counterparties are false matches even when counts and arithmetic agree (58.196776ms)
2026-10-03T15:12:13.2763040Z ✔ P2 capability requires nine proved groups across the 20 existing focused files with independent workbook verification (1840.950787ms)
2026-10-03T15:12:13.3522590Z ✔ P2 oracle migration keeps the default 046 N:M rejection and the same visible source facts (75.945471ms)
2026-10-03T15:12:13.3908811Z ✔ P2 N:M permission requires visible complete identity and does not reward abstention or equal totals alone (33.394927ms)
2026-10-03T15:12:13.4263381Z ✔ disabling every group fails required completion and cannot be counted as success (42.205678ms)
2026-10-03T15:12:13.4670743Z ✔ forcing a group on equal sums without bank or receipt proof is a false match (36.094657ms)
2026-10-03T15:12:13.5113494Z ✔ hidden metadata changes after rendering cannot change any engine input (50.926063ms)
2026-10-03T15:12:13.5188653Z ✔ ambiguous decimal convention stays unresolved without outside information and is labelled external when provided (8.31284ms)
2026-10-03T15:12:13.5858775Z ✔ the workbook verifier rejects accepted groups outside an independently supplied permission set (67.695089ms)
2026-10-03T15:12:13.6066689Z ✔ a diagnostic result with source errors is never labelled a completed comparison (19.589478ms)
2026-10-03T15:12:13.6283374Z ✔ invalid format inference records an unproven implicit default even when downstream parsing returns values (22.780563ms)
2026-10-03T15:12:13.6603030Z ✔ R045 XML second sheetData cannot replace earlier financial rows (67.920488ms)
2026-10-03T15:12:13.6641416Z ✔ R045 mixed cell payloads cannot concatenate into a different amount (46.687745ms)
2026-10-03T15:12:13.6671147Z ✔ R045 invalid row coordinates cannot silently discard a movement (52.95757ms)
2026-10-03T15:12:13.6672261Z ✔ R045 valid reordered columns, inline text and long references remain exact (49.02466ms)
2026-10-03T15:12:13.6681048Z ✔ R045 closing balance currency is evidence, not disposable footer text (43.589953ms)
2026-10-03T15:12:13.6681893Z ✔ R045 native formula cache validation does not reinterpret decimal point as grouping (20.999418ms)
2026-10-03T15:12:13.6682766Z ✔ R045 duplicate workbook containers and worksheet IDs cannot discard a complete sheet (24.108701ms)
2026-10-03T15:12:13.6683503Z ✔ R045 explicit as-of metadata is retained independently of prepared date (80.866396ms)
2026-10-03T15:12:13.6684127Z ✔ R045 duplicate date systems or style definitions cannot change dates or erase reference zeros (32.558708ms)
2026-10-03T15:12:13.6684810Z ✔ R045 missing or aliased worksheet parts cannot silently remove or relabel source data (18.379046ms)
2026-10-03T15:12:13.6685542Z ✔ R045 balance metadata rejects a wrong formula cache and retains a matching currency (38.504365ms)
2026-10-03T15:12:13.6686927Z ✔ R045 conflicting or ambiguous snapshot metadata cannot produce a verified date (58.977398ms)
2026-10-03T15:12:13.6687914Z ✔ R045 an uncached transaction formula remains an explicit issue rather than zero or a deleted row (16.815628ms)
2026-10-03T15:12:13.6688828Z ✔ R045 standard 1904 dates, sparse rows and deterministic omitted subsequent cell coordinates remain supported (16.852853ms)
2026-10-03T15:12:13.6689685Z ✔ R045 running balance column currency cannot be borrowed from a different currency scope (10.746475ms)
2026-10-03T15:12:13.6690593Z ✔ 045 PDF foundation 3: real files preserve metadata, balances, footer and all movements (219.133292ms)
2026-10-03T15:12:13.6691378Z ✔ 045 PDF foundation 4: real files preserve metadata, balances, footer and all movements (25.518497ms)
2026-10-03T15:12:13.6692054Z ✔ 045 PDF foundation 19: real files preserve metadata, balances, footer and all movements (50.875379ms)
2026-10-03T15:12:13.6692838Z ✔ 045 PDF reordered multi-page source C01436 retains every movement and excludes only repeated page metadata (31.50242ms)
2026-10-03T15:12:13.6693662Z ✔ 045 PDF reordered multi-page source C03754 retains every movement and excludes only repeated page metadata (55.822265ms)
2026-10-03T15:12:13.6694467Z ✔ 045 a later-page changed identity or a transaction before the repeated header is never excluded as metadata (2.313088ms)
2026-10-03T15:12:13.6695095Z ✔ 045 only an isolated exact page-number footer is excluded (3.157502ms)
2026-10-03T15:12:13.6695774Z ✔ 045 inline closing balances retain amount and source evidence without erasing a dated invoice (1.033608ms)
2026-10-03T15:12:13.6696539Z ✔ 045 PDF metadata outside table columns can span cuts without concatenating financial values (6.977071ms)
2026-10-03T15:12:13.6697255Z ✔ 045 all 24 supported four-column PDF orders preserve the same financial fields (78.180861ms)
2026-10-03T15:12:13.6698015Z ✔ metamorphic real CSV files preserve decisions after reordering columns and plain transaction rows (34.189648ms)
2026-10-03T15:12:13.6698840Z ✔ Arabic money digits, decimal comma and alternate explicit date formats preserve economic meaning (10.876502ms)
2026-10-03T15:12:13.6699320Z ✔ determinism includes complete decisions, evidence, bridge and source row identities (5.491791ms)
2026-10-03T15:12:13.6699761Z ✔ a currency conflict cannot cross into automatic matches or a proven balance bridge (4.141004ms)
2026-10-03T15:12:13.6700419Z ✔ reference normalization collisions do not become identities merely because amounts agree (3.200366ms)
2026-10-03T15:12:13.6701256Z ✔ independent invariant probes detect deliberate source reuse, numeric alteration and sign inversion (3.417784ms)
2026-10-03T15:12:13.6702140Z ✔ published file-size and parsed-row limits reject at import rather than returning partial success (56.620884ms)
2026-10-03T15:12:13.6702800Z ✔ 046 stopping every clear case cannot be reported as accurate work (1.77022ms)
2026-10-03T15:12:13.6703406Z ✔ 046 a false match is never absorbed into the correct-match total (0.822039ms)
2026-10-03T15:12:13.6704052Z ✔ 046 amounts of different currencies are never summed together (0.336747ms)
2026-10-03T15:12:13.6704647Z ✔ 046 confirmations are counted per kind so an oracle-fed format is visible (0.336878ms)
2026-10-03T15:12:13.6705278Z ✔ declared aging cannot be accepted by choosing the transactions default (32.629586ms)
2026-10-03T15:12:13.6705905Z ✔ generic accounts cannot be merged merely because reference and amount agree (5.55003ms)
2026-10-03T15:12:13.6706609Z ✔ source-level currency conflicts never relabel a foreign transaction as the scope currency (4.26412ms)
2026-10-03T15:12:13.6707337Z ✔ an explicitly balanced empty period can be compared but an unproven empty file cannot (5.074933ms)
2026-10-03T15:12:13.6707966Z ✔ same input yields byte-identical engine evidence across 20 runs (54.556004ms)
2026-10-03T15:12:13.6708620Z ✔ punctuation normalization is suggestion-only; never proves reference equality (1.418048ms)
2026-10-03T15:12:13.6709459Z ✔ reference reused with different amounts prevents both automatic matches (1.407511ms)
2026-10-03T15:12:13.6710300Z ✔ sign conflict is explicit and does not change balances or signed values (1.804049ms)
2026-10-03T15:12:13.6710859Z ✔ invalid mappings and multipliers fail at engine boundary (0.463699ms)
2026-10-03T15:12:13.6711366Z ✔ safe sums reject invalid operands even if they cancel (0.189055ms)
2026-10-03T15:12:13.6711894Z ✔ ambiguous CSV delimiter is rejected instead of guessed (0.74277ms)
2026-10-03T15:12:13.6712498Z ✔ Excel merged data rows block normalization without rejecting unrelated sheets (94.997734ms)
2026-10-03T15:12:13.6713181Z ✔ Excel cell errors and overprecision numeric references block selected data rows (40.914431ms)
2026-10-03T15:12:13.6713816Z ✔ an Excel timestamp reads as its day and the dropped time is reported (23.424874ms)
2026-10-03T15:12:13.6714534Z ✔ all matched transactions have exact amounts, original reference equality, uniqueness and evidence (1.959864ms)
2026-10-03T15:12:13.6715150Z ✔ 500 seeded exact money roundtrips and signed sums (4.506503ms)
2026-10-03T15:12:13.6715756Z ✔ assistant reports actual delta and never adopts number or instructions in question (7.150368ms)
2026-10-03T15:12:13.6716425Z ✔ assistant declines unknown question, missing transaction and unsupported balance (5.737758ms)
2026-10-03T15:12:13.6717066Z ✔ transaction explanations cite existing rows and expose reference variant (3.097488ms)
2026-10-03T15:12:13.6717596Z ✔ assistant and hypotheses cannot mutate engine state (2.764517ms)
2026-10-03T15:12:13.6718224Z ✔ hypothesis rejects invented amounts, unknown IDs, duplicates, used rows and rejected pairs (1.895627ms)
2026-10-03T15:12:13.6718863Z ✔ equal totals and different totals both stay unconfirmed hypotheses (1.595455ms)
2026-10-03T15:12:13.6719413Z ✔ export includes structured match evidence and diagnostics (122.400709ms)
2026-10-03T15:12:13.6719973Z ✔ export rechecks sources and refuses altered balance, match and source (14.138061ms)
2026-10-03T15:12:13.6720701Z ✔ the same file on both sides is a labelled diagnostic, never approved (18.135287ms)
2026-10-03T15:12:13.6721196Z ✔ a copy under another name is still the same source (2.655733ms)
2026-10-03T15:12:13.6721800Z ✔ the same file read with its columns listed or chosen differently is still the same source (3.745876ms)
2026-10-03T15:12:13.6722388Z ✔ similar names on two different sources are two sources (1.986735ms)
2026-10-03T15:12:13.6722886Z ✔ two different sheets of one workbook are two sources (71.187373ms)
2026-10-03T15:12:13.6723486Z ✔ restoring, comparing again and exporting keep the self-comparison unapproved (104.690364ms)
2026-10-03T15:12:13.6724280Z ✔ explicit metadata from a nine-column supplier layout retains source evidence and uses period end (10.776935ms)
2026-10-03T15:12:13.6725089Z ✔ Arabic labels and explicit inline metadata work before a PDF table without column cuts (1.839002ms)
2026-10-03T15:12:13.6725895Z ✔ PDF inline labels separated only by spaces remain anchored and preserve role across both sides (2.038774ms)
2026-10-03T15:12:13.6726768Z ✔ different explicit dates, entities, accounts and currencies remain conflicts without a chosen value (1.959123ms)
2026-10-03T15:12:13.6727643Z ✔ nothing comes from filename, company title, generic account, statement date, transaction extrema or other sheets (0.510449ms)
2026-10-03T15:12:13.6728495Z ✔ a complete mapped currency column provides one currency with auditable rows; unmapped helpers do not (1.146017ms)
2026-10-03T15:12:13.6729305Z ✔ incomplete currency columns block prefill and mixed currencies are exposed even when a row is blank (0.694177ms)
2026-10-03T15:12:13.6730079Z ✔ only selected amount headers are currency evidence and their contradictions prevent prefill (0.266101ms)
2026-10-03T15:12:13.6732871Z ✔ invalid explicit metadata cannot be overridden by another valid label or a header (0.747307ms)
2026-10-03T15:12:13.6733602Z ✔ ambiguous numeric metadata is not filled even when transaction date order is configured (0.828468ms)
2026-10-03T15:12:13.6734504Z ✔ hidden, formula, and parser-flagged metadata cannot become suggestions (0.741988ms)
2026-10-03T15:12:13.6735397Z ✔ suggestions are deterministic, do not mutate source/mappings and never supply approvals or balance evidence (0.50371ms)
2026-10-03T15:12:13.6736186Z ✔ a valid transaction stays a transaction when its entire description is a summary word (7.16542ms)
2026-10-03T15:12:13.6736831Z ✔ a summary word in an unused helper cannot remove a real transaction (0.536698ms)
2026-10-03T15:12:13.6737490Z ✔ a duplicate with description Total remains visible and prevents an automatic match (3.902082ms)
2026-10-03T15:12:13.6738269Z ✔ unreadable potential duplicates leave readable data available but cannot prove any automatic match (8.653654ms)
2026-10-03T15:12:13.6739032Z ✔ summary wording cannot bypass a mapped parsing or formula defect in a transaction (0.874378ms)
2026-10-03T15:12:13.6739627Z ✔ a decimal quantity is not inferred as a monetary amount (0.970002ms)
2026-10-03T15:12:13.6740303Z ✔ a due date is not inferred as the transaction date merely because it parses (0.188674ms)
2026-10-03T15:12:13.6741009Z ✔ an unknown identifier column does not become an invoice reference through uniqueness (0.612884ms)
2026-10-03T15:12:13.6741774Z ✔ two explicit reference headers cannot be resolved by preferring the column without duplicates (1.158907ms)
2026-10-03T15:12:13.6742507Z ✔ structural opening and total lines remain accounted for without manual exclusions (1.040598ms)
2026-10-03T15:12:13.6743240Z ✔ reordered columns cannot turn a dated transaction with a numeric reference into a total (0.691432ms)
2026-10-03T15:12:13.6743969Z ✔ missing or malformed dates with numeric document references remain reviewable rows (1.329475ms)
2026-10-03T15:12:13.6744703Z ✔ dated opening and closing records need dedicated balance identities, never invoice numbers (0.84926ms)
2026-10-03T15:12:13.7021821Z ✔ one source: a guarded reading becomes a normalised source (11.184258ms)
2026-10-03T15:12:13.7022863Z ✔ two sources: the same boundary the supplier recompute uses (8.63761ms)
2026-10-03T15:12:13.7023770Z ✔ an edited explanation of a proven direction comes back canonical (1.27382ms)
2026-10-03T15:12:13.8502011Z ✔ first refusal on every path: ok | ok → ok (152.602553ms)
2026-10-03T15:12:13.8579132Z ✔ first refusal on every path: ok | format → FORMAT_AMBIGUOUS_UNRESOLVED (9.109851ms)
2026-10-03T15:12:13.8653106Z ✔ first refusal on every path: ok | direction → direction (6.417113ms)
2026-10-03T15:12:13.8753742Z ✔ first refusal on every path: ok | format+direction → FORMAT_AMBIGUOUS_UNRESOLVED (9.89097ms)
2026-10-03T15:12:13.8763981Z ✔ first refusal on every path: format | ok → FORMAT_AMBIGUOUS_UNRESOLVED (3.554538ms)
2026-10-03T15:12:13.8799528Z ✔ first refusal on every path: format | format → FORMAT_AMBIGUOUS_UNRESOLVED (3.616361ms)
2026-10-03T15:12:13.8840755Z ✔ first refusal on every path: format | direction → FORMAT_AMBIGUOUS_UNRESOLVED (3.91378ms)
2026-10-03T15:12:13.8881138Z ✔ first refusal on every path: format | format+direction → FORMAT_AMBIGUOUS_UNRESOLVED (3.623262ms)
2026-10-03T15:12:13.8921738Z ✔ first refusal on every path: direction | ok → direction (4.273872ms)
2026-10-03T15:12:13.8981472Z ✔ first refusal on every path: direction | format → FORMAT_AMBIGUOUS_UNRESOLVED (4.550639ms)
2026-10-03T15:12:13.9042703Z ✔ first refusal on every path: direction | direction → direction (6.300087ms)
2026-10-03T15:12:13.9089131Z ✔ first refusal on every path: direction | format+direction → FORMAT_AMBIGUOUS_UNRESOLVED (5.992262ms)
2026-10-03T15:12:13.9155063Z ✔ first refusal on every path: format+direction | ok → FORMAT_AMBIGUOUS_UNRESOLVED (6.263922ms)
2026-10-03T15:12:13.9194606Z ✔ first refusal on every path: format+direction | format → FORMAT_AMBIGUOUS_UNRESOLVED (3.982653ms)
2026-10-03T15:12:13.9231557Z ✔ first refusal on every path: format+direction | direction → FORMAT_AMBIGUOUS_UNRESOLVED (3.340045ms)
2026-10-03T15:12:13.9348743Z ✔ first refusal on every path: format+direction | format+direction → FORMAT_AMBIGUOUS_UNRESOLVED (3.499395ms)
2026-10-03T15:12:13.9361667Z ✔ a reading that is not an object is named as such first (0.568918ms)
2026-10-03T15:12:13.9398735Z ✔ after the gates, scope, currency and cutoff stay with normalisation (10.487459ms)
2026-10-03T15:12:14.0116100Z ✔ an export of a proven direction with an edited explanation still succeeds (65.61209ms)
2026-10-03T15:12:14.0135223Z ✔ the gates are assembled in one place (5.097964ms)
2026-10-03T15:12:14.0295011Z ✔ both supplier and AP directions require exact running-balance recurrences (4.695177ms)
2026-10-03T15:12:14.0308589Z ✔ an explicit leading label can supply the baseline without invented zero opening (0.603269ms)
2026-10-03T15:12:14.0309718Z ✔ no single recurrence or zero-only activity can establish direction (0.665263ms)
2026-10-03T15:12:14.0310724Z ✔ any later inconsistency cancels earlier proof, including zero movements with balance changes (1.239027ms)
2026-10-03T15:12:14.0311641Z ✔ malformed or omitted movements cannot be skipped to recover a sign suggestion (0.875319ms)
2026-10-03T15:12:14.0312509Z ✔ descending dates, negative split values and simultaneous debit/credit prevent proof (0.512753ms)
2026-10-03T15:12:14.0313194Z ✔ only a unique explicit running-balance column qualifies (0.182485ms)
2026-10-03T15:12:14.0313872Z ✔ native Excel numeric values are read independently of displayed locale (0.490349ms)
2026-10-03T15:12:14.0314565Z ✔ currency precision and Arabic numeric notation use exact engine parsing (0.779215ms)
2026-10-03T15:12:14.0315345Z ✔ selected-cell issues, unsafe opening identities and formula-only metadata cancel proof (1.00188ms)
2026-10-03T15:12:14.0316078Z ✔ repeated headers and structural footers preserve the full recurrence chain (1.559861ms)
2026-10-03T15:12:14.0316834Z ✔ a late opening record or transaction named Total cannot reset or evade the chain (0.445181ms)
2026-10-03T15:12:14.0317650Z ✔ an independently aligned closing footer must have exactly one matching amount beside its currency (2.151494ms)
2026-10-03T15:12:14.0341013Z ✔ explicit English month names are calendar-checked independently of numeric date order (1.694374ms)
2026-10-03T15:12:14.0390984Z ✔ currency-tagged debit/credit headers select transaction values and preserve signs (7.504022ms)
2026-10-03T15:12:14.0396516Z ✔ a header currency mismatch or duplicate debit column is never guessed away (0.639263ms)
2026-10-03T15:12:14.1363322Z ✔ styled PDF flows through strict normalization with exact source rows and amounts (108.028264ms)
2026-10-03T15:12:20.1220052Z ✔ 3000 seeded bilingual generated reconciliations agree with independent brute-force oracle (3600.658752ms)
2026-10-03T15:12:20.1241252Z ✔ 10000 decimal format/sign/Arabic digit cases preserve exact integer units (82.493476ms)
2026-10-03T15:12:20.1311462Z ✔ 1000 quoted multilingual CSV roundtrips preserve commas, newlines and quotes (15.334354ms)
2026-10-03T15:12:20.1314485Z ✔ 20000 repeated references remain unpaired and bounded in time (2183.53615ms)
2026-10-03T15:12:20.2224209Z ✔ bilingual workbook export preserves source text, numbers and formula-looking content across all transaction sheets (135.914734ms)
2026-10-03T15:12:20.7786781Z ✔ XML-incompatible control characters cannot silently change during CSV to Excel export (2.027607ms)
2026-10-03T15:12:20.7787614Z ✔ 2000 prefix reference questions and model routing attacks never select existing shorter document (126.084666ms)
2026-10-03T15:12:20.7788389Z ✔ 200 input permutations preserve economic matches and totals without relying on row position (350.543167ms)
2026-10-03T15:12:28.5314922Z ✔ 5000-row XLSX import, reconciliation and export preserve every original numeric amount (7830.74938ms)
2026-10-03T15:12:28.5315494Z ✔ invalid XML controls and unpaired surrogates are rejected while legitimate multilingual text survives (0.631082ms)
2026-10-03T15:12:28.5319767Z ✔ malformed UTF-8 bytes cannot become replacement characters in imported references (0.838333ms)
2026-10-03T15:12:28.6125767Z ✔ date-window boundaries hold across leap days, year changes and either source order (59.885423ms)
2026-10-03T15:12:28.6126887Z ✔ supplier layout end-to-end oracle: csv/0/signed/dot/English (156.536462ms)
2026-10-03T15:12:28.6127620Z ✔ supplier layout end-to-end oracle: csv/0/signed/dot/Arabic-reversed (57.792222ms)
2026-10-03T15:12:28.6128184Z ✔ supplier layout end-to-end oracle: csv/0/signed/comma/English (58.167658ms)
2026-10-03T15:12:28.6128720Z ✔ supplier layout end-to-end oracle: csv/0/signed/comma/Arabic-reversed (50.16845ms)
2026-10-03T15:12:28.6129237Z ✔ supplier layout end-to-end oracle: csv/0/split/dot/English (42.044215ms)
2026-10-03T15:12:28.6129776Z ✔ supplier layout end-to-end oracle: csv/0/split/dot/Arabic-reversed (31.313805ms)
2026-10-03T15:12:28.6130477Z ✔ supplier layout end-to-end oracle: csv/0/split/comma/English (40.877752ms)
2026-10-03T15:12:28.6131008Z ✔ supplier layout end-to-end oracle: csv/0/split/comma/Arabic-reversed (31.769011ms)
2026-10-03T15:12:28.6131542Z ✔ supplier layout end-to-end oracle: csv/2/signed/dot/English (30.765634ms)
2026-10-03T15:12:28.6132086Z ✔ supplier layout end-to-end oracle: csv/2/signed/dot/Arabic-reversed (28.301871ms)
2026-10-03T15:12:28.6132606Z ✔ supplier layout end-to-end oracle: csv/2/signed/comma/English (30.269005ms)
2026-10-03T15:12:28.6133151Z ✔ supplier layout end-to-end oracle: csv/2/signed/comma/Arabic-reversed (26.014613ms)
2026-10-03T15:12:28.6133668Z ✔ supplier layout end-to-end oracle: csv/2/split/dot/English (33.486486ms)
2026-10-03T15:12:28.6134182Z ✔ supplier layout end-to-end oracle: csv/2/split/dot/Arabic-reversed (41.381977ms)
2026-10-03T15:12:28.6134723Z ✔ supplier layout end-to-end oracle: csv/2/split/comma/English (26.519353ms)
2026-10-03T15:12:28.6135259Z ✔ supplier layout end-to-end oracle: csv/2/split/comma/Arabic-reversed (29.072322ms)
2026-10-03T15:12:28.6135783Z ✔ supplier layout end-to-end oracle: csv/3/signed/dot/English (40.634299ms)
2026-10-03T15:12:28.6136317Z ✔ supplier layout end-to-end oracle: csv/3/signed/dot/Arabic-reversed (54.940113ms)
2026-10-03T15:12:28.6136722Z ✔ supplier layout end-to-end oracle: csv/3/signed/comma/English (36.358995ms)
2026-10-03T15:12:28.6137081Z ✔ supplier layout end-to-end oracle: csv/3/signed/comma/Arabic-reversed (43.897208ms)
2026-10-03T15:12:28.6137428Z ✔ supplier layout end-to-end oracle: csv/3/split/dot/English (35.244005ms)
2026-10-03T15:12:28.6137772Z ✔ supplier layout end-to-end oracle: csv/3/split/dot/Arabic-reversed (30.141553ms)
2026-10-03T15:12:28.6138316Z ✔ supplier layout end-to-end oracle: csv/3/split/comma/English (25.295148ms)
2026-10-03T15:12:28.6138872Z ✔ supplier layout end-to-end oracle: csv/3/split/comma/Arabic-reversed (28.156992ms)
2026-10-03T15:12:28.6139424Z ✔ supplier layout end-to-end oracle: xlsx/0/signed/dot/English (154.639543ms)
2026-10-03T15:12:28.6139979Z ✔ supplier layout end-to-end oracle: xlsx/0/signed/dot/Arabic-reversed (106.888106ms)
2026-10-03T15:12:28.6141249Z ✔ supplier layout end-to-end oracle: xlsx/0/signed/comma/English (107.425966ms)
2026-10-03T15:12:28.6141814Z ✔ supplier layout end-to-end oracle: xlsx/0/signed/comma/Arabic-reversed (91.73854ms)
2026-10-03T15:12:28.6142371Z ✔ supplier layout end-to-end oracle: xlsx/0/split/dot/English (123.664318ms)
2026-10-03T15:12:28.6142941Z ✔ supplier layout end-to-end oracle: xlsx/0/split/dot/Arabic-reversed (88.260213ms)
2026-10-03T15:12:28.6143490Z ✔ supplier layout end-to-end oracle: xlsx/0/split/comma/English (59.829462ms)
2026-10-03T15:12:28.6144085Z ✔ supplier layout end-to-end oracle: xlsx/0/split/comma/Arabic-reversed (84.799937ms)
2026-10-03T15:12:28.6144636Z ✔ supplier layout end-to-end oracle: xlsx/2/signed/dot/English (83.345815ms)
2026-10-03T15:12:28.6145183Z ✔ supplier layout end-to-end oracle: xlsx/2/signed/dot/Arabic-reversed (75.96172ms)
2026-10-03T15:12:28.6145739Z ✔ supplier layout end-to-end oracle: xlsx/2/signed/comma/English (128.482065ms)
2026-10-03T15:12:28.6146311Z ✔ supplier layout end-to-end oracle: xlsx/2/signed/comma/Arabic-reversed (75.252951ms)
2026-10-03T15:12:28.6146859Z ✔ supplier layout end-to-end oracle: xlsx/2/split/dot/English (80.685736ms)
2026-10-03T15:12:28.6147602Z ✔ supplier layout end-to-end oracle: xlsx/2/split/dot/Arabic-reversed (64.881168ms)
2026-10-03T15:12:28.6148250Z ✔ supplier layout end-to-end oracle: xlsx/2/split/comma/English (102.308048ms)
2026-10-03T15:12:28.6148607Z ✔ supplier layout end-to-end oracle: xlsx/2/split/comma/Arabic-reversed (119.145943ms)
2026-10-03T15:12:28.6148952Z ✔ supplier layout end-to-end oracle: xlsx/3/signed/dot/English (124.221268ms)
2026-10-03T15:12:28.6149297Z ✔ supplier layout end-to-end oracle: xlsx/3/signed/dot/Arabic-reversed (89.25338ms)
2026-10-03T15:12:28.6149641Z ✔ supplier layout end-to-end oracle: xlsx/3/signed/comma/English (89.079171ms)
2026-10-03T15:12:28.6149994Z ✔ supplier layout end-to-end oracle: xlsx/3/signed/comma/Arabic-reversed (84.163023ms)
2026-10-03T15:12:28.6150666Z ✔ supplier layout end-to-end oracle: xlsx/3/split/dot/English (83.082553ms)
2026-10-03T15:12:28.6151210Z ✔ supplier layout end-to-end oracle: xlsx/3/split/dot/Arabic-reversed (74.865647ms)
2026-10-03T15:12:28.6151769Z ✔ supplier layout end-to-end oracle: xlsx/3/split/comma/English (77.723325ms)
2026-10-03T15:12:28.6152327Z ✔ supplier layout end-to-end oracle: xlsx/3/split/comma/Arabic-reversed (69.482303ms)
2026-10-03T15:12:28.6153002Z ✔ legacy templates lose source facts, sign conventions and format assumptions when migrated (1.770919ms)
2026-10-03T15:12:28.6153692Z ✔ templates never recover financial values or proof even through forged v2 fields (0.215274ms)
2026-10-03T15:12:28.6154282Z ✔ old-engine sessions cannot bypass reprocessing by carrying old approvals (0.655118ms)
2026-10-03T15:12:28.6154722Z ✔ current sessions re-read originals and recompute; forged source and stale export cannot survive (55.437938ms)
2026-10-03T15:12:28.6155229Z ✔ typed short literal CN-3: native rows require a successful exact 1:1 proof (25.815273ms)
2026-10-03T15:12:28.6155600Z ✔ typed short literal C3: native rows require a successful exact 1:1 proof (4.076305ms)
2026-10-03T15:12:28.6155965Z ✔ typed short literal I1: native rows require a successful exact 1:1 proof (2.327579ms)
2026-10-03T15:12:28.6156346Z ✔ typed short literal ف١: native rows require a successful exact 1:1 proof (3.108276ms)
2026-10-03T15:12:28.6156664Z ✔ typed short safety: missing type in supplier (3.712396ms)
2026-10-03T15:12:28.6156927Z ✔ typed short safety: missing type in ledger (1.756667ms)
2026-10-03T15:12:28.6157234Z ✔ typed short safety: issuer-specific type code is not a type (2.416062ms)
2026-10-03T15:12:28.6157546Z ✔ typed short safety: description cannot supply type (1.538779ms)
2026-10-03T15:12:28.6157823Z ✔ typed short safety: different explicit types (2.234057ms)
2026-10-03T15:12:28.6158104Z ✔ typed short safety: payment is not a short document (5.89109ms)
2026-10-03T15:12:28.6158391Z ✔ typed short safety: journal is not a short document (2.113936ms)
2026-10-03T15:12:28.6158676Z ✔ typed short safety: credit note with positive sign (1.321932ms)
2026-10-03T15:12:28.6158952Z ✔ typed short safety: invoice with negative sign (1.47925ms)
2026-10-03T15:12:28.6159225Z ✔ typed short safety: zero cannot be approved (1.694284ms)
2026-10-03T15:12:28.6159558Z ✔ typed short safety: numeric-only short identifier stays outside this rule (1.899654ms)
2026-10-03T15:12:28.6159930Z ✔ typed short safety: letter-only identifier stays outside this rule (1.363675ms)
2026-10-03T15:12:28.6160582Z ✔ typed short safety: date gap of one day is too much for a short identifier (1.865542ms)
2026-10-03T15:12:28.6161054Z ✔ typed short safety: different amount (1.103253ms)
2026-10-03T15:12:28.6161534Z ✔ typed short safety: normalization cannot grant literal equality (0.998835ms)
2026-10-03T15:12:28.6162073Z ✔ typed short safety: case normalization cannot grant literal equality (1.622105ms)
2026-10-03T15:12:28.6162663Z ✔ typed short safety: Unicode normalization cannot grant literal equality (2.557375ms)
2026-10-03T15:12:28.6163135Z ✔ typed short safety: conflicting order (1.381883ms)
2026-10-03T15:12:28.6163541Z ✔ typed short safety: conflicting description (1.904591ms)
2026-10-03T15:12:28.6164231Z ✔ typed short safety: generic chosen Reference is not an explicit document number (1.457007ms)
2026-10-03T15:12:28.6164839Z ✔ typed short safety: voucher number is not an explicit document number (1.072506ms)
2026-10-03T15:12:28.6165549Z ✔ typed short safety: repeated original short reference with a different amount (1.880565ms)
2026-10-03T15:12:28.6166214Z ✔ typed short safety: invoice number on a credit note may identify the original invoice (2.226095ms)
2026-10-03T15:12:28.6166765Z ✔ typed short safety: generic supplier reference is not a document number (1.235843ms)
2026-10-03T15:12:28.6167137Z ✔ typed short safety: repeated normalized reference with different spelling (1.322123ms)
2026-10-03T15:12:28.6167460Z ✔ typed short safety: manually excluded competitor (3.450761ms)
2026-10-03T15:12:28.6167717Z ✔ typed short safety: unread competitor (2.82607ms)
2026-10-03T15:12:28.6168040Z ✔ typed short safety: outside-period competitor still occupies the identity (1.344316ms)
2026-10-03T15:12:28.6168412Z ✔ typed short safety: two short credit parts are not a certified group (1.353641ms)
2026-10-03T15:12:28.6168776Z ✔ typed short safety: formula-like source text is never identity authority (1.345338ms)
2026-10-03T15:12:28.6169135Z ✔ typed short safety: a conflicting selected reference is retained (1.971261ms)
2026-10-03T15:12:28.6169485Z ✔ typed short safety: an unread row with no identity cannot be isolated (2.342721ms)
2026-10-03T15:12:28.6169858Z ✔ typed short: an isolated unrelated bad amount does not disable a proven match (1.768125ms)
2026-10-03T15:12:28.6170440Z ✔ typed short: Arabic and English type/header labels name the same explicit source role (2.094827ms)
2026-10-03T15:12:28.6170824Z ✔ typed short: Invoice No supplies number authority for an invoice only (1.181881ms)
2026-10-03T15:12:28.6171199Z ✔ typed short: row order and a disjoint decoy do not change approved membership (3.748941ms)
2026-10-03T15:12:28.6171597Z ✔ typed short: original membership survives a manual decision consuming the rival (1.418128ms)
2026-10-03T15:12:28.6171968Z ✔ typed short: a rejected pair cannot be recreated by the new rule (2.113365ms)
2026-10-03T15:12:28.6172360Z ✔ typed short: chat resolves complete C3, refuses C30 and never manufactures approval (8.760014ms)
2026-10-03T15:12:28.6172805Z ✔ F02-E: actual OOXML files give all required matches and keep the equal-sum conflict unapproved (76.740504ms)
2026-10-03T15:12:28.6173189Z ✔ Unknown credit role native xlsx: different-untyped-credit (226.373716ms)
2026-10-03T15:12:28.6173509Z ✔ Unknown credit role native xlsx: same-untyped-credit (90.130868ms)
2026-10-03T15:12:28.6173815Z ✔ Unknown credit role native xlsx: arabic-untyped-credit (88.609159ms)
2026-10-03T15:12:28.6174142Z ✔ Unknown credit role native xlsx: chosen-generic-untyped-credit (87.710168ms)
2026-10-03T15:12:28.6174487Z ✔ Unknown credit role native xlsx: blank-credit-ordinary-invoice (86.522779ms)
2026-10-03T15:12:28.6174810Z ✔ Unknown credit role native csv: different-untyped-credit (40.7608ms)
2026-10-03T15:12:28.6175119Z ✔ Unknown credit role native csv: same-untyped-credit (27.593663ms)
2026-10-03T15:12:28.6175424Z ✔ Unknown credit role native csv: arabic-untyped-credit (36.717686ms)
2026-10-03T15:12:28.6175754Z ✔ Unknown credit role native csv: chosen-generic-untyped-credit (30.929751ms)
2026-10-03T15:12:28.6176093Z ✔ Unknown credit role native csv: blank-credit-ordinary-invoice (60.649835ms)
2026-10-03T15:12:28.6176408Z ✔ Unknown credit cue cannot bypass review: hidden cell (1.193629ms)
2026-10-03T15:12:28.6176701Z ✔ Unknown credit cue cannot bypass review: unsafe value (0.6634ms)
2026-10-03T15:12:28.6177002Z ✔ Unknown credit cue cannot bypass review: duplicate header (0.41134ms)
2026-10-03T15:12:28.6177376Z ✔ Unknown credit cue remains negative even if the chosen reference is its credit number (0.413543ms)
2026-10-03T15:12:28.6177777Z ✔ Explicit native credit type verifies roles while removing the type never does (1.053578ms)
2026-10-03T15:12:28.6178157Z ✔ A mixed file keeps proved invoice work alongside untyped credit warnings (0.805705ms)
2026-10-03T15:12:28.6178654Z ✔ AI cannot erase retained native credit cues from canonical case members (0.792385ms)
2026-10-03T15:12:28.6179170Z ✔ unmapped reference conflicts veto a document match while agreeing and absent references still match (34.943988ms)
2026-10-03T15:12:28.6179601Z ✔ choosing Document No does not discard a conflicting explicit Reference column (2.232194ms)
2026-10-03T15:12:28.6180050Z ✔ a secondary reference is retained with its source header and never supplies positive matching evidence (2.553539ms)
2026-10-03T15:12:28.6180633Z ✔ ambiguous or unsafe unselected reference evidence cannot be silently ignored (5.621003ms)
2026-10-03T15:12:28.6181309Z ✔ reference conflicts in one invoice-group member veto the whole group (3.926729ms)
2026-10-03T15:12:28.6181714Z ✔ payment and journal identities remain independent of per-book reference columns (2.909226ms)
2026-10-03T15:12:28.6182171Z ✔ reference evidence survives restore and verified export, and permits an explicit accountant decision (119.639031ms)
2026-10-03T15:12:28.6182732Z ✔ visual drafts cannot normalize even with plausible fabricated accounting sheets and approval flags (6.099955ms)
2026-10-03T15:12:28.6183263Z ✔ workpaper export rejects a visual draft before original reread or no-original fallback on either side (82.23743ms)
2026-10-03T15:12:28.6183766Z ✔ session save rejects visual drafts instead of laundering their sheets through demoBytes (9.974575ms)
2026-10-03T15:12:28.6184266Z ✔ session restore does not discard a visual-draft marker and treat accompanying CSV bytes as native (4.655377ms)
2026-10-03T15:12:28.6184840Z ✔ reviewed visual cells are evidence only: every accounting gate rejects the marker even with native CSV sheets (4.607746ms)
2026-10-03T15:12:28.6185342Z ✔ crop drag is direction-independent, bounded and rounds outwards to native pixels (1.303495ms)
2026-10-03T15:12:28.6185826Z ✔ keyboard movement preserves size and image boundaries; resizing cannot invert or empty the crop (0.393312ms)
2026-10-03T15:12:28.6186367Z ✔ visual factory preserves literal bilingual observations and never creates financial interpretation or approval (2.87926ms)
2026-10-03T15:12:28.6186900Z ✔ zero, perfect and unknown confidence remain unverified and are never converted to authority (2.495933ms)
2026-10-03T15:12:28.6187430Z ✔ source hash is required and bound independently; document values never enter validation errors (0.335565ms)
2026-10-03T15:12:28.6187936Z ✔ fixed OCR engine identity and bounded asset hash inventory reject unsafe or invented configuration (1.004093ms)
2026-10-03T15:12:28.6188424Z ✔ every declared page is required in order and empty OCR pages remain visible unverified pages (0.493153ms)
2026-10-03T15:12:28.6188959Z ✔ word hierarchy must be present: omitted blocks output cannot masquerade as a successfully read blank page (0.728898ms)
2026-10-03T15:12:28.6189440Z ✔ non-text words, invalid coordinates and accessors reject instead of being coerced (2.545537ms)
2026-10-03T15:12:28.6189851Z ✔ only local bounded PNG previews with matching dimensions are accepted (0.840958ms)
2026-10-03T15:12:28.6190372Z ✔ word and character limits apply across all pages, with a valid exact-limit draft retained (202.359864ms)
2026-10-03T15:12:28.6190850Z ✔ stable IDs derive from page, word order and geometry; outputs share no mutable OCR objects (0.739224ms)
2026-10-03T15:12:28.6191252Z ✔ PNG dimensions are bounded before any image decoder is called (1.5991ms)
2026-10-03T15:12:28.6191657Z ✔ JPEG dimensions are read from SOF; oversized, truncated and disguised images reject (0.274484ms)
2026-10-03T15:12:28.6192035Z ✔ PNG chunk lengths and all image byte counts are bounded (0.21886ms)
2026-10-03T15:12:28.6192460Z ✔ fixed same-origin bootstrap and exact vendor protocol load both languages without fetching (22.183157ms)
2026-10-03T15:12:28.6192923Z ✔ only blocks leave recognition; caller PNG bytes are neither detached nor overwritten (1.384147ms)
2026-10-03T15:12:28.6193377Z ✔ foreign, credentialed, query/hash and non-HTTP asset bases never construct a worker (2.340859ms)
2026-10-03T15:12:28.6193993Z ✔ abort before and during every startup stage terminates immediately without an initialization handle (1.099718ms)
2026-10-03T15:12:28.6194577Z ✔ abort during worker construction still revokes and terminates the owned handle (0.678974ms)
2026-10-03T15:12:28.6195020Z ✔ one startup deadline covers all stages even if the worker keeps emitting progress (16.209914ms)
2026-10-03T15:12:28.6195489Z ✔ page deadline hard-terminates a hung recognition and future pages cannot reuse the worker (17.703695ms)
2026-10-03T15:12:28.6195965Z ✔ abort or destroy during recognition settles the page and releases every listener and Blob (1.066387ms)
2026-10-03T15:12:28.6196432Z ✔ concurrent recognition is rejected without changing the active page or its input (2.480038ms)
2026-10-03T15:12:28.6196840Z ✔ unknown, stale and cross-action replies never resolve the active page (4.338539ms)
2026-10-03T15:12:28.6197320Z ✔ initialize failures are sanitized and late vendor resolve messages cannot resurrect the worker (1.260159ms)
2026-10-03T15:12:28.6197830Z ✔ malformed recognition data, worker errors and decode errors are sanitized and release resources (0.61051ms)
2026-10-03T15:12:28.6198297Z ✔ progress uses fixed status labels, rejects malformed status, and never exposes raw worker text (0.388135ms)
2026-10-03T15:12:28.6198750Z ✔ invalid image input never reaches the worker and factory exceptions revoke the Blob (0.412822ms)
2026-10-03T15:12:28.6199146Z ✔ PNG full decoding: 3 channels, filters 0, independent expected RGBA (45.989772ms)
2026-10-03T15:12:28.6199566Z ✔ PNG full decoding: 3 channels, filters 1, independent expected RGBA (25.668547ms)
2026-10-03T15:12:28.6201075Z ✔ PNG full decoding: 3 channels, filters 2, independent expected RGBA (17.061683ms)
2026-10-03T15:12:28.6201545Z ✔ PNG full decoding: 3 channels, filters 3, independent expected RGBA (16.018536ms)
2026-10-03T15:12:28.6201919Z ✔ PNG full decoding: 3 channels, filters 4, independent expected RGBA (9.939582ms)
2026-10-03T15:12:28.6202292Z ✔ PNG full decoding: 3 channels, filters 0,1,2,3,4, independent expected RGBA (10.047024ms)
2026-10-03T15:12:28.6202656Z ✔ PNG full decoding: 4 channels, filters 0, independent expected RGBA (14.630333ms)
2026-10-03T15:12:28.6202999Z ✔ PNG full decoding: 4 channels, filters 1, independent expected RGBA (18.071239ms)
2026-10-03T15:12:28.6203342Z ✔ PNG full decoding: 4 channels, filters 2, independent expected RGBA (17.971033ms)
2026-10-03T15:12:28.6203683Z ✔ PNG full decoding: 4 channels, filters 3, independent expected RGBA (10.599051ms)
2026-10-03T15:12:28.6204028Z ✔ PNG full decoding: 4 channels, filters 4, independent expected RGBA (5.956278ms)
2026-10-03T15:12:28.6204389Z ✔ PNG full decoding: 4 channels, filters 0,1,2,3,4, independent expected RGBA (5.248361ms)
2026-10-03T15:12:28.6204827Z ✔ PNG rejects CRC damage, missing end, trailing data and ambiguous colour/orientation/animation chunks (58.200858ms)
2026-10-03T15:12:28.6205286Z ✔ PNG bounds decompressed data and rejects wrong filters, short scanlines and nonopaque RGBA (59.501149ms)
2026-10-03T15:12:28.6205742Z ✔ PNG dimensions, byte budget and canonical base64 are bounded before large allocation (4.765303ms)
2026-10-03T15:12:28.6206137Z ✔ valid chunk CRC cannot hide a corrupt, truncated or trailing zlib stream (20.776778ms)
2026-10-03T15:12:28.6206633Z ✔ manual source crop records an omitted Arabic literal even when OCR finds no words; v2 replays without financial promotion (100.460577ms)
2026-10-03T15:12:28.6207186Z ✔ all intersecting observations and partial words are retained; neighboring words outside the crop cannot leak in (53.387633ms)
2026-10-03T15:12:28.6207692Z ✔ literal sign, role and crop edits revoke only the affected region review, including after restoration (52.432158ms)
2026-10-03T15:12:28.6208172Z ✔ v1 records and word receipts remain compatible when manually selected regions are added and removed (77.211057ms)
2026-10-03T15:12:28.6208711Z ✔ restore rejects changed crop, sign, raw observations, origin, timestamp, fingerprint, duplicate ID and schema downgrade (101.193578ms)
2026-10-03T15:12:28.6209491Z ✔ manual crops reject non-integral, empty, reversed, out-of-image and accessor geometry without invoking document code (13.341561ms)
2026-10-03T15:12:28.6209997Z ✔ region evidence cannot duplicate a whole page of words or oversized observations into every cell (25.206254ms)
2026-10-03T15:12:28.6210668Z ✔ visual PDF renderer: sequential complete pages provide exact geometry and await consumers before releasing canvases (10.39552ms)
2026-10-03T15:12:28.6211149Z ✔ visual PDF renderer: source bytes are copied and resource/network fallbacks are disabled (1.690769ms)
2026-10-03T15:12:28.6211598Z ✔ visual PDF renderer: missing fonts, missing resources and null decoded images never reach OCR (2.450273ms)
2026-10-03T15:12:28.6212036Z ✔ visual PDF renderer: a swallowed render stream failure cannot deliver a plausible PNG (1.633803ms)
2026-10-03T15:12:28.6212458Z ✔ visual PDF renderer: page, byte, pixel, edge and geometry limits reject before drawing (2.285124ms)
2026-10-03T15:12:28.6212924Z ✔ visual PDF renderer: protected, layered and interactive sources require a flattened supported source (0.430379ms)
2026-10-03T15:12:28.6213391Z ✔ visual PDF renderer: cancellation and PNG failure release resources without any handoff (1.708375ms)
2026-10-03T15:12:28.6213879Z ✔ visual PDF renderer: later-page failure invalidates the document and consumer errors stop subsequent processing (0.907388ms)
2026-10-03T15:12:28.6214403Z ✔ visual PDF renderer: rotated pages retain their actual viewport transform instead of rewriting coordinates (0.415045ms)
2026-10-03T15:12:28.6214929Z ✔ cell evidence is immutable, source/pixel bound, locally saved and fully replayed; it is never financial approval (90.451806ms)
2026-10-03T15:12:28.6215442Z ✔ each literal correction, role or crop edit invalidates that cell only and requires a new review (87.328874ms)
2026-10-03T15:12:28.6215881Z ✔ a matching written SHA is insufficient when displayed PNG pixels were substituted (28.136933ms)
2026-10-03T15:12:28.6216342Z ✔ draft and original are snapshotted before awaits; edits to caller data cannot rewrite review evidence (14.338252ms)
2026-10-03T15:12:28.6216778Z ✔ malformed records and accessors are rejected without invoking document code (17.774502ms)
2026-10-03T15:12:28.6217278Z ✔ restore rejects every changed proof member, OCR observation, source, revision, engine, duplicate ID and financial status (89.618209ms)
2026-10-03T15:12:28.6217775Z ✔ plain JSON cannot bypass registered evidence or crop, literal, role and timestamp validation (7.992647ms)
2026-10-03T15:12:28.6218246Z ✔ complete row inventory retains unreadable rows and separates movement amounts from running balances (88.194138ms)
2026-10-03T15:12:28.6218662Z ✔ missing cells and untouched rows cannot be mistaken for complete values (40.958393ms)
2026-10-03T15:12:28.6219108Z ✔ geometry covers every vertical and horizontal band exactly once and rejects gaps, zero bands and limits (10.942284ms)
2026-10-03T15:12:28.6219746Z ✔ amount-vs-balance swaps, wrong row, wrong role, unknown or unreviewed region and double assignment are rejected (16.28639ms)
2026-10-03T15:12:28.6220446Z ✔ a crop reaching into another column or another row cannot be assigned even if its literal was reviewed (12.050664ms)
2026-10-03T15:12:28.6220957Z ✔ exclusions require a reason and their own source-bound review; unreadable rows cannot acquire exclusion proof (10.200576ms)
2026-10-03T15:12:28.6221510Z ✔ row changes revoke inventory proof and the changed exclusion, while source or geometry changes create a fresh inventory (10.062618ms)
2026-10-03T15:12:28.6222079Z ✔ restore rejects changed rows, grid, cells, source, raw observations, fingerprints, missing rows and added authority (166.012622ms)
2026-10-03T15:12:28.6222626Z ✔ empty pending inventory is explicitly serializable without acquiring completeness or financial authority (18.293424ms)
2026-10-03T15:12:28.6223246Z ✔ caller changes across an async create cannot rewrite the geometry; plain copied table objects are not registered (6.333577ms)
2026-10-03T15:12:28.6223773Z ✔ getters and sparse arrays are rejected before execution and invalid receipts cannot use non-canonical dates (12.043133ms)
2026-10-03T15:12:28.6224212Z ✔ typed PDF failure survives the worker without producing a partial source (2.89911ms)
2026-10-03T15:12:28.6224610Z ✔ unvalidated or misplaced diagnosis remains a plain failure, never trusted metadata (0.276777ms)
2026-10-03T15:12:28.6225041Z ✔ worker wire protocol ignores library messages and stale ids instead of resolving undefined (0.287213ms)
2026-10-03T15:12:28.6225453Z ✔ empty error messages always reject, and the next import gets a clean worker (0.202485ms)
2026-10-03T15:12:28.6225850Z ✔ missing value, malformed sheets, wrong source and wrong action cannot reach the UI (1.399169ms)
2026-10-03T15:12:28.6226291Z ✔ abort, worker errors, message errors and timeout recover without poisoning subsequent requests (10.235774ms)
2026-10-03T15:12:28.6226722Z ✔ readiness checks engine version and concurrent calls cannot steal another response (0.552403ms)
2026-10-03T15:12:28.6227118Z ✔ worker dispatcher only accepts explicitly namespaced accounting requests (0.279111ms)
2026-10-03T15:12:28.6227514Z ✔ verified PDF progress is bounded metadata and never resolves the source request (0.740687ms)
2026-10-03T15:12:28.6227902Z ✔ progress cannot bypass final source validation or typed late-page failure (0.489848ms)
2026-10-03T15:12:28.6228255Z ✔ malformed or misplaced current-request progress fails closed (0.850912ms)
2026-10-03T15:12:28.6228632Z ✔ PDF progress rejects regressions, changed totals and premature or reversed stages (0.386773ms)
2026-10-03T15:12:28.6229050Z ✔ library and stale progress are ignored; abort clears the sequence for the next worker (0.303738ms)
2026-10-03T15:12:28.6229440Z ✔ PDF deadlines cover the request; progress never extends the fixed deadline (0.67669ms)
2026-10-03T15:12:28.6229834Z ✔ longer deadlines apply only to PDF import or original-source session/export checks (0.203266ms)
2026-10-03T15:12:28.6230375Z ✔ numeric XML must be a whole valid number, never a parseFloat prefix (96.247187ms)
2026-10-03T15:12:28.6230776Z ✔ equivalent valid numeric spellings are retained exactly without locale guesses (84.350319ms)
2026-10-03T15:12:28.6231215Z ✔ duplicate cells, duplicate rows and coordinate conflicts cannot overwrite source transactions (32.61336ms)
2026-10-03T15:12:28.6231694Z ✔ precision lost by Number conversion becomes a cell issue, never an apparently exact financial amount (49.519588ms)
2026-10-03T15:12:28.6232179Z ✔ precision observations use workbook relationships and only block selected cells (21.746599ms)
2026-10-03T15:12:28.6232907Z ✔ rich text and hyperlink display text obey the same mapped-cell visibility rules as plain strings (149.030964ms)
2026-10-03T15:12:28.6233708Z ✔ ordinary rich text, hyperlinks, currency and accounting formats retain exact source values (177.249705ms)
2026-10-03T15:12:28.6234187Z ✔ seeded independent minor-unit oracle survives both Excel date epochs and all supported precisions (175.693294ms)
2026-10-03T15:12:28.6234740Z ✔ repeated safe page headers do not make proven Excel formats ambiguous or invalid (11.837943ms)
2026-10-03T15:12:28.6235314Z ✔ untrusted or hidden repeated headers cannot be used to prove input formats (79.854823ms)
2026-10-03T15:12:28.6235689Z ✔ shared-string indices cannot be truncated into another source value (14.198332ms)
2026-10-03T15:12:28.6236088Z ✔ implicit next-column addresses remain supported but cannot conceal a duplicate cell (8.361243ms)
2026-10-03T15:12:28.6236521Z ✔ native ISO date cells retain their lexical dates and can never become year-sized amounts (18.780859ms)
2026-10-03T15:12:28.6237064Z ✔ prefixed SpreadsheetML workbook, styles, shared strings, worksheets and relationship parts are accepted without changing values (126.053405ms)
2026-10-03T15:12:28.6237519Z ✔ ordinary canonical workbook is passed through without repacking (13.086747ms)
2026-10-03T15:12:28.6237930Z ✔ namespace conversion retains formulas and dangerous sign formats as review blockers (52.48663ms)
2026-10-03T15:12:28.6238363Z ✔ foreign namespace lookalikes are rejected instead of stripped into accounting fields (35.392178ms)
2026-10-03T15:12:28.6238809Z ✔ undeclared XML prefixes and DTDs fail explicitly without accepting incomplete worksheets (29.869754ms)
2026-10-03T15:12:28.6239258Z ✔ namespaced and canonical Excel reads are independent in either order and after an invalid file (71.159707ms)
2026-10-03T15:12:28.6239766Z ✔ 046 valid openpyxl ar: merged preamble, native dates, long/zero-prefixed references and hidden row retained once (88.020086ms)
2026-10-03T15:12:28.6240429Z ✔ 046 valid openpyxl en: merged preamble, native dates, long/zero-prefixed references and hidden row retained once (33.789843ms)
2026-10-03T15:12:28.6240965Z ✔ 046 valid xlsxwriter ar: merged preamble, native dates, long/zero-prefixed references and hidden row retained once (24.773472ms)
2026-10-03T15:12:28.6241503Z ✔ 046 valid xlsxwriter en: merged preamble, native dates, long/zero-prefixed references and hidden row retained once (18.036988ms)
2026-10-03T15:12:28.6241811Z ℹ tests 1066
2026-10-03T15:12:28.6241934Z ℹ suites 0
2026-10-03T15:12:28.6242059Z ℹ pass 1054
2026-10-03T15:12:28.6242178Z ℹ fail 0
2026-10-03T15:12:28.6242295Z ℹ cancelled 0
2026-10-03T15:12:28.6242417Z ℹ skipped 12
2026-10-03T15:12:28.6242535Z ℹ todo 0
2026-10-03T15:12:28.6242672Z ℹ duration_ms 40622.632264
2026-10-03T15:12:28.6368107Z ##[group]Run python3 -m unittest discover -s audit/local-provider -p 'test_*.py' -v
2026-10-03T15:12:28.6368444Z [36;1mpython3 -m unittest discover -s audit/local-provider -p 'test_*.py' -v[0m
2026-10-03T15:12:28.6418128Z shell: /usr/bin/bash -e {0}
2026-10-03T15:12:28.6418280Z env:
2026-10-03T15:12:28.6418421Z   PNPM_HOME: /home/runner/setup-pnpm/node_modules/.bin
2026-10-03T15:12:28.6418593Z ##[endgroup]
2026-10-03T15:12:28.6852112Z test_actual_runs_verify (test_check_results.IndependentProviderOracleTests.test_actual_runs_verify) ... ok
2026-10-03T15:12:28.7014932Z test_false_success_and_fabricated_evidence_are_rejected (test_check_results.IndependentProviderOracleTests.test_false_success_and_fabricated_evidence_are_rejected) ... ok
2026-10-03T15:12:28.7015319Z 
2026-10-03T15:12:28.7015457Z ----------------------------------------------------------------------
2026-10-03T15:12:28.7015678Z Ran 2 tests in 0.018s
2026-10-03T15:12:28.7015760Z 
2026-10-03T15:12:28.7015808Z OK
2026-10-03T15:12:28.7081873Z ##[group]Run python3 -m unittest discover -s audit/visual-cell-review -p 'test_*.py' -v
2026-10-03T15:12:28.7082205Z [36;1mpython3 -m unittest discover -s audit/visual-cell-review -p 'test_*.py' -v[0m
2026-10-03T15:12:28.7126558Z shell: /usr/bin/bash -e {0}
2026-10-03T15:12:28.7126700Z env:
2026-10-03T15:12:28.7126839Z   PNPM_HOME: /home/runner/setup-pnpm/node_modules/.bin
2026-10-03T15:12:28.7127012Z ##[endgroup]
2026-10-03T15:12:28.8650448Z test_corruptions_cannot_pass_the_independent_checker (test_record.IndependentReviewTests.test_corruptions_cannot_pass_the_independent_checker) ... ok
2026-10-03T15:12:28.8992358Z test_source_bytes_crc_and_crop_damage (test_record.IndependentReviewTests.test_source_bytes_crc_and_crop_damage) ... ok
2026-10-03T15:12:28.9157722Z test_valid_known_literals_and_pixels (test_record.IndependentReviewTests.test_valid_known_literals_and_pixels) ... ok
2026-10-03T15:12:28.9158141Z 
2026-10-03T15:12:28.9158397Z ----------------------------------------------------------------------
2026-10-03T15:12:28.9158714Z Ran 3 tests in 0.167s
2026-10-03T15:12:28.9158840Z 
2026-10-03T15:12:28.9158909Z OK
2026-10-03T15:12:28.9229744Z ##[group]Run python3 -m unittest discover -s audit/visual-numeric -p 'test_*.py' -v
2026-10-03T15:12:28.9230059Z [36;1mpython3 -m unittest discover -s audit/visual-numeric -p 'test_*.py' -v[0m
2026-10-03T15:12:28.9275547Z shell: /usr/bin/bash -e {0}
2026-10-03T15:12:28.9275681Z env:
2026-10-03T15:12:28.9275819Z   PNPM_HOME: /home/runner/setup-pnpm/node_modules/.bin
2026-10-03T15:12:28.9275989Z ##[endgroup]
2026-10-03T15:12:28.9837429Z test_failed_ocr_observations_remain_visible_and_metrics_are_recomputed (test_evidence.EvidenceTests.test_failed_ocr_observations_remain_visible_and_metrics_are_recomputed) ... ok
2026-10-03T15:12:34.2676419Z test_native_manual_arabic_receipt (test_evidence.EvidenceTests.test_native_manual_arabic_receipt) ... ok
2026-10-03T15:12:34.2779926Z test_receipt_corruption_is_detected (test_evidence.EvidenceTests.test_receipt_corruption_is_detected) ... ok
2026-10-03T15:12:34.2780489Z 
2026-10-03T15:12:34.2780791Z ----------------------------------------------------------------------
2026-10-03T15:12:34.2781099Z Ran 3 tests in 5.313s
2026-10-03T15:12:34.2781221Z 
2026-10-03T15:12:34.2781290Z OK
2026-10-03T15:12:34.2878699Z ##[group]Run python3 -m unittest discover -s audit/visual-table -p 'test_*.py' -v
2026-10-03T15:12:34.2879019Z [36;1mpython3 -m unittest discover -s audit/visual-table -p 'test_*.py' -v[0m
2026-10-03T15:12:34.2929032Z shell: /usr/bin/bash -e {0}
2026-10-03T15:12:34.2929173Z env:
2026-10-03T15:12:34.2929319Z   PNPM_HOME: /home/runner/setup-pnpm/node_modules/.bin
2026-10-03T15:12:34.2929492Z ##[endgroup]
2026-10-03T15:12:36.4011017Z test_detects_omission_sign_role_reuse_geometry_receipt_and_source_corruption (test_evidence.TableEvidence.test_detects_omission_sign_role_reuse_geometry_receipt_and_source_corruption) ... ok
2026-10-03T15:12:36.4040280Z test_independent_truth_detects_wrong_literal_even_after_every_public_checksum_is_recomputed (test_evidence.TableEvidence.test_independent_truth_detects_wrong_literal_even_after_every_public_checksum_is_recomputed) ... ok
2026-10-03T15:12:36.4066494Z test_known_native_record (test_evidence.TableEvidence.test_known_native_record) ... ok
2026-10-03T15:12:36.4066751Z 
2026-10-03T15:12:36.4066884Z ----------------------------------------------------------------------
2026-10-03T15:12:36.4067092Z Ran 3 tests in 2.076s
2026-10-03T15:12:36.4067170Z 
2026-10-03T15:12:36.4067218Z OK
2026-10-03T15:12:36.4161897Z ##[group]Run python3 -m unittest discover -s audit/export-design -p 'test_*.py' -v
2026-10-03T15:12:36.4162242Z [36;1mpython3 -m unittest discover -s audit/export-design -p 'test_*.py' -v[0m
2026-10-03T15:12:36.4214743Z shell: /usr/bin/bash -e {0}
2026-10-03T15:12:36.4214889Z env:
2026-10-03T15:12:36.4215036Z   PNPM_HOME: /home/runner/setup-pnpm/node_modules/.bin
2026-10-03T15:12:36.4215210Z ##[endgroup]
2026-10-03T15:12:36.4680460Z test_build_fingerprint_changes_with_asset_bytes (test_accept_paired.PairedAcceptanceTests.test_build_fingerprint_changes_with_asset_bytes) ... ok
2026-10-03T15:12:36.4737761Z test_contradictory_or_incomplete_package_verdicts_fail (test_accept_paired.PairedAcceptanceTests.test_contradictory_or_incomplete_package_verdicts_fail) ... ok
2026-10-03T15:12:36.4743271Z test_current_schema_with_valid_samples_and_builds_passes (test_accept_paired.PairedAcceptanceTests.test_current_schema_with_valid_samples_and_builds_passes) ... ok
2026-10-03T15:12:36.4747455Z test_export_sample_count_cannot_exceed_all_samples (test_accept_paired.PairedAcceptanceTests.test_export_sample_count_cannot_exceed_all_samples) ... ok
2026-10-03T15:12:36.4761337Z test_extreme_numbers_and_nonfinite_ratios_refuse_without_crashing (test_accept_paired.PairedAcceptanceTests.test_extreme_numbers_and_nonfinite_ratios_refuse_without_crashing) ... ok
2026-10-03T15:12:36.4765000Z test_historical_report_cannot_claim_complete_new_acceptance (test_accept_paired.PairedAcceptanceTests.test_historical_report_cannot_claim_complete_new_acceptance) ... ok
2026-10-03T15:12:36.4775774Z test_last_pair_checkpoint_is_not_a_completed_measurement (test_accept_paired.PairedAcceptanceTests.test_last_pair_checkpoint_is_not_a_completed_measurement) ... ok
2026-10-03T15:12:36.4787918Z test_missing_and_bad_memory_samples_fail (test_accept_paired.PairedAcceptanceTests.test_missing_and_bad_memory_samples_fail) ... ok
2026-10-03T15:12:36.4808110Z test_missing_changed_or_malformed_final_build_fingerprints_fail (test_accept_paired.PairedAcceptanceTests.test_missing_changed_or_malformed_final_build_fingerprints_fail) ... ok
2026-10-03T15:12:36.4812054Z test_missing_worker_timing_fails_instead_of_looking_fast (test_accept_paired.PairedAcceptanceTests.test_missing_worker_timing_fails_instead_of_looking_fast) ... ok
2026-10-03T15:12:36.4816068Z test_one_missing_or_repeated_pair_fails (test_accept_paired.PairedAcceptanceTests.test_one_missing_or_repeated_pair_fails) ... ok
2026-10-03T15:12:36.4821280Z test_regression_in_xlsx_fails_despite_csv_improvement (test_accept_paired.PairedAcceptanceTests.test_regression_in_xlsx_fails_despite_csv_improvement) ... ok
2026-10-03T15:12:36.4890987Z test_required_recovery_attestations_are_individually_required (test_accept_paired.PairedAcceptanceTests.test_required_recovery_attestations_are_individually_required) ... ok
2026-10-03T15:12:36.4896171Z test_retained_measurements_pass_with_original_declared_limits (test_accept_paired.PairedAcceptanceTests.test_retained_measurements_pass_with_original_declared_limits) ... ok
2026-10-03T15:12:36.4912299Z test_runner_failure_cannot_be_overridden_by_stale_acceptance (test_accept_paired.PairedAcceptanceTests.test_runner_failure_cannot_be_overridden_by_stale_acceptance) ... ok
2026-10-03T15:12:36.5164139Z test_source_and_membership_attestations_are_required_for_both_variants (test_accept_paired.PairedAcceptanceTests.test_source_and_membership_attestations_are_required_for_both_variants) ... ok
2026-10-03T15:12:36.5171757Z test_swapped_input_bytes_or_nonidentical_workbook_fails (test_accept_paired.PairedAcceptanceTests.test_swapped_input_bytes_or_nonidentical_workbook_fails) ... ok
2026-10-03T15:12:36.6116439Z test_ambiguous_duplicate_cannot_be_approved (test_check_membership.MembershipOracleTests.test_ambiguous_duplicate_cannot_be_approved) ... ok
2026-10-03T15:12:36.6540659Z test_cell_address_must_agree_with_physical_row (test_check_membership.MembershipOracleTests.test_cell_address_must_agree_with_physical_row) ... ok
2026-10-03T15:12:36.7329754Z test_duplicate_evidence_member_fails (test_check_membership.MembershipOracleTests.test_duplicate_evidence_member_fails) ... ok
2026-10-03T15:12:36.7782714Z test_duplicate_physical_row_fails (test_check_membership.MembershipOracleTests.test_duplicate_physical_row_fails) ... ok
2026-10-03T15:12:36.8587901Z test_equal_amount_cross_block_member_swap_fails_with_source_sheets_unchanged (test_check_membership.MembershipOracleTests.test_equal_amount_cross_block_member_swap_fails_with_source_sheets_unchanged) ... ok
2026-10-03T15:12:36.9373960Z test_fraction_beyond_decimal_context_precision_fails (test_check_membership.MembershipOracleTests.test_fraction_beyond_decimal_context_precision_fails) ... ok
2026-10-03T15:12:37.0160088Z test_fractional_cent_evidence_fails (test_check_membership.MembershipOracleTests.test_fractional_cent_evidence_fails) ... ok
2026-10-03T15:12:37.0858514Z test_fractional_cent_match_total_fails (test_check_membership.MembershipOracleTests.test_fractional_cent_match_total_fails) ... ok
2026-10-03T15:12:37.1476514Z test_frozen_product_workbook_passes (test_check_membership.MembershipOracleTests.test_frozen_product_workbook_passes) ... ok
2026-10-03T15:12:37.2194916Z test_match_displayed_date_fails (test_check_membership.MembershipOracleTests.test_match_displayed_date_fails) ... ok
2026-10-03T15:12:37.2898353Z test_match_displayed_reference_fails (test_check_membership.MembershipOracleTests.test_match_displayed_reference_fails) ... ok
2026-10-03T15:12:37.3609937Z test_match_rule_must_agree_with_evidence (test_check_membership.MembershipOracleTests.test_match_rule_must_agree_with_evidence) ... ok
2026-10-03T15:12:37.4316804Z test_match_source_text_change_fails (test_check_membership.MembershipOracleTests.test_match_source_text_change_fails) ... ok
2026-10-03T15:12:37.5237446Z test_missing_evidence_member_fails (test_check_membership.MembershipOracleTests.test_missing_evidence_member_fails) ... ok
2026-10-03T15:12:37.5682801Z test_moved_parsed_row_breaks_actual_link_destination (test_check_membership.MembershipOracleTests.test_moved_parsed_row_breaks_actual_link_destination) ... ok
2026-10-03T15:12:37.8158010Z test_non_finite_or_malformed_amount_returns_json_failure (test_check_membership.MembershipOracleTests.test_non_finite_or_malformed_amount_returns_json_failure) ... ok
2026-10-03T15:12:37.8865299Z test_review_source_link_fails_even_when_relationship_agrees (test_check_membership.MembershipOracleTests.test_review_source_link_fails_even_when_relationship_agrees) ... ok
2026-10-03T15:12:37.9603824Z test_review_source_text_fails (test_check_membership.MembershipOracleTests.test_review_source_text_fails) ... ok
2026-10-03T15:12:38.0308660Z test_review_total_fails (test_check_membership.MembershipOracleTests.test_review_total_fails) ... ok
2026-10-03T15:12:38.1122824Z test_signed_amount_mutation_fails (test_check_membership.MembershipOracleTests.test_signed_amount_mutation_fails) ... ok
2026-10-03T15:12:38.1915524Z test_wrong_link_target_fails_even_when_relationship_agrees (test_check_membership.MembershipOracleTests.test_wrong_link_target_fails_even_when_relationship_agrees) ... ok
2026-10-03T15:12:38.2157075Z test_changed_matches_fails_even_when_transactions_unchanged (test_check_package_identity.PackageIdentityTests.test_changed_matches_fails_even_when_transactions_unchanged) ... ok
2026-10-03T15:12:38.2399695Z test_corrupt_deflate_returns_json_failure (test_check_package_identity.PackageIdentityTests.test_corrupt_deflate_returns_json_failure) ... ok
2026-10-03T15:12:38.2640064Z test_crc_error_fails (test_check_package_identity.PackageIdentityTests.test_crc_error_fails) ... ok
2026-10-03T15:12:38.2879754Z test_duplicate_name_fails (test_check_package_identity.PackageIdentityTests.test_duplicate_name_fails) ... ok
2026-10-03T15:12:38.3123405Z test_explicit_directory_entries_are_container_only (test_check_package_identity.PackageIdentityTests.test_explicit_directory_entries_are_container_only) ... ok
2026-10-03T15:12:38.3616259Z test_missing_or_extra_part_fails (test_check_package_identity.PackageIdentityTests.test_missing_or_extra_part_fails) ... ok
2026-10-03T15:12:38.3852741Z test_recompressed_identical_package_passes (test_check_package_identity.PackageIdentityTests.test_recompressed_identical_package_passes) ... ok
2026-10-03T15:12:38.3853134Z 
2026-10-03T15:12:38.3853281Z ----------------------------------------------------------------------
2026-10-03T15:12:38.3853491Z Ran 45 tests in 1.919s
2026-10-03T15:12:38.3853570Z 
2026-10-03T15:12:38.3853618Z OK
2026-10-03T15:12:38.3947639Z ##[group]Run python3 audit/layered-statement/check_contract.py
2026-10-03T15:12:38.3947903Z [36;1mpython3 audit/layered-statement/check_contract.py[0m
2026-10-03T15:12:38.3948258Z [36;1mpython3 audit/astra-cycle4/check_r13.py work/layered-headers/r13-fixed-workpaper.xlsx --expected-engine 0.3.26-experimental[0m
2026-10-03T15:12:38.3948640Z [36;1mpython3 -m unittest discover -s audit/astra-cycle4 -p 'test_*.py' -v[0m
2026-10-03T15:12:38.3948916Z [36;1mpython3 -m unittest discover -s audit/layered-statement -p 'test_*.py' -v[0m
2026-10-03T15:12:38.3999707Z shell: /usr/bin/bash -e {0}
2026-10-03T15:12:38.3999968Z env:
2026-10-03T15:12:38.4000261Z   PNPM_HOME: /home/runner/setup-pnpm/node_modules/.bin
2026-10-03T15:12:38.4000466Z ##[endgroup]
2026-10-03T15:12:38.4286585Z {
2026-10-03T15:12:38.4286786Z   "verified": true,
2026-10-03T15:12:38.4287175Z   "contractSha256": "88c68039bc4b6f38e2e7ca36471b278047e22fec77a5eb0f305c84a4b77938c2",
2026-10-03T15:12:38.4287481Z   "positiveSupplierRows": [
2026-10-03T15:12:38.4287618Z     6,
2026-10-03T15:12:38.4287721Z     7,
2026-10-03T15:12:38.4287819Z     8,
2026-10-03T15:12:38.4287914Z     9
2026-10-03T15:12:38.4288012Z   ],
2026-10-03T15:12:38.4288146Z   "negativeAmountTotalUnchanged": true,
2026-10-03T15:12:38.4288307Z   "ledgerRows": [
2026-10-03T15:12:38.4288417Z     2,
2026-10-03T15:12:38.4288512Z     3,
2026-10-03T15:12:38.4288607Z     4
2026-10-03T15:12:38.4288701Z   ]
2026-10-03T15:12:38.4288795Z }
2026-10-03T15:12:38.4613246Z {
2026-10-03T15:12:38.4613417Z   "verified": true,
2026-10-03T15:12:38.4613822Z   "originalFailureSourceHash": "a085499d9e6ae2d165cd6716034f0945ecbb7151ad561bca70a4926a94250958",
2026-10-03T15:12:38.4614185Z   "approvedCases": 0,
2026-10-03T15:12:38.4614319Z   "readableSupplierRows": [
2026-10-03T15:12:38.4614452Z     6,
2026-10-03T15:12:38.4614554Z     7,
2026-10-03T15:12:38.4614651Z     8,
2026-10-03T15:12:38.4614750Z     9
2026-10-03T15:12:38.4614851Z   ],
2026-10-03T15:12:38.4614969Z   "excludedCompetitor": 11,
2026-10-03T15:12:38.4615104Z   "sourceRowFates": 11,
2026-10-03T15:12:38.4615317Z   "basis": "Frozen literal OOXML facts, not a product-generated expectation"
2026-10-03T15:12:38.4615518Z }
2026-10-03T15:12:38.5006875Z test_exact_failure_replay (test_check_r13.R13OracleTests.test_exact_failure_replay) ... ok
2026-10-03T15:12:38.5392112Z test_financial_membership_or_source_tampering_is_rejected (test_check_r13.R13OracleTests.test_financial_membership_or_source_tampering_is_rejected) ... ok
2026-10-03T15:12:38.5392415Z 
2026-10-03T15:12:38.5392554Z ----------------------------------------------------------------------
2026-10-03T15:12:38.5392761Z Ran 2 tests in 0.041s
2026-10-03T15:12:38.5392841Z 
2026-10-03T15:12:38.5392887Z OK
2026-10-03T15:12:38.5808076Z test_positive (test_check_export.ExportOracleTests.test_positive) ... ok
2026-10-03T15:12:38.6280836Z test_reject_changed_evidence_and_financial_members (test_check_export.ExportOracleTests.test_reject_changed_evidence_and_financial_members) ... ok
2026-10-03T15:12:38.6281321Z 
2026-10-03T15:12:38.6281521Z ----------------------------------------------------------------------
2026-10-03T15:12:38.6281813Z Ran 2 tests in 0.050s
2026-10-03T15:12:38.6281896Z 
2026-10-03T15:12:38.6281944Z OK
2026-10-03T15:12:38.6364869Z ##[group]Run REQUIRE_F03_PASS=1 node --experimental-strip-types audit/related-invoice/run.mjs . work/f03-native
2026-10-03T15:12:38.6365333Z [36;1mREQUIRE_F03_PASS=1 node --experimental-strip-types audit/related-invoice/run.mjs . work/f03-native[0m
2026-10-03T15:12:38.6365714Z [36;1mREQUIRE_F03_PASS=1 node --experimental-strip-types audit/related-invoice/run.mjs . work/f03-pdf pdf[0m
2026-10-03T15:12:38.6366081Z [36;1mpython3 audit/related-invoice/check_export.py work/f03-native/*.xlsx work/f03-pdf/*.xlsx[0m
2026-10-03T15:12:38.6366397Z [36;1mpython3 -m unittest discover -s audit/related-invoice -p 'test_*.py' -v[0m
2026-10-03T15:12:38.6415564Z shell: /usr/bin/bash -e {0}
2026-10-03T15:12:38.6415700Z env:
2026-10-03T15:12:38.6415842Z   PNPM_HOME: /home/runner/setup-pnpm/node_modules/.bin
2026-10-03T15:12:38.6416012Z ##[endgroup]
2026-10-03T15:12:39.3037088Z {"engine":"0.3.26-experimental","passed":11,"total":11,"cases":[{"id":"different-credit-notes","passed":true,"approved":[]},{"id":"own-credit-note","passed":true,"approved":[{"supplierRows":[2],"ledgerRows":[2],"amountMinor":-5000,"rule":"EXACT_REFERENCE_SIGNED_AMOUNT_UNIQUE_V2","primary":"CN-701"}]},{"id":"generic-own-and-invoice","passed":true,"approved":[{"supplierRows":[2],"ledgerRows":[2],"amountMinor":-5000,"rule":"EXACT_REFERENCE_SIGNED_AMOUNT_UNIQUE_V2","primary":"CN-701"}]},{"id":"short-own-credit-note","passed":true,"approved":[{"supplierRows":[2],"ledgerRows":[2],"amountMinor":-5000,"rule":"EXPLICIT_SHORT_DOCUMENT_EXACT_DATE_V1","primary":"CN-3"}]},{"id":"conflicting-related-invoice","passed":true,"approved":[]},{"id":"credit-note-invoice-only","passed":true,"approved":[]},{"id":"payment-invoice-only","passed":true,"approved":[]},{"id":"journal-invoice-only","passed":true,"approved":[]},{"id":"ordinary-invoice","passed":true,"approved":[{"supplierRows":[2],"ledgerRows":[2],"amountMinor":5000,"rule":"EXACT_REFERENCE_SIGNED_AMOUNT_UNIQUE_V2","primary":"INV-401"}]},{"id":"payment-bank-identity","passed":true,"approved":[{"supplierRows":[2],"ledgerRows":[2],"amountMinor":-5000,"rule":"EXACT_REFERENCE_SIGNED_AMOUNT_UNIQUE_V2","primary":"BANK-714"}]},{"id":"whole-credit-note-group","passed":true,"approved":[{"supplierRows":[2],"ledgerRows":[2,3],"amountMinor":-5000,"rule":"EXACT_REFERENCE_GROUP_TOTAL_V1","primary":"CN-701"}]}]}
2026-10-03T15:12:39.7079990Z {"engine":"0.3.26-experimental","passed":3,"total":3,"cases":[{"id":"different-credit-notes","passed":true,"approved":[]},{"id":"own-credit-note","passed":true,"approved":[{"supplierRows":[2],"ledgerRows":[2],"amountMinor":-5000,"rule":"EXACT_REFERENCE_SIGNED_AMOUNT_UNIQUE_V2","primary":"CN-701"}]},{"id":"short-own-credit-note","passed":true,"approved":[{"supplierRows":[2],"ledgerRows":[2],"amountMinor":-5000,"rule":"EXPLICIT_SHORT_DOCUMENT_EXACT_DATE_V1","primary":"CN-3"}]}]}
2026-10-03T15:12:39.8162498Z [
2026-10-03T15:12:39.8162732Z   {
2026-10-03T15:12:39.8163113Z     "workbook": "work/f03-native/conflicting-related-invoice-direct.xlsx",
2026-10-03T15:12:39.8163556Z     "verified": true,
2026-10-03T15:12:39.8163806Z     "id": "conflicting-related-invoice",
2026-10-03T15:12:39.8164066Z     "sourceFormat": "xlsx",
2026-10-03T15:12:39.8164281Z     "approved": 0,
2026-10-03T15:12:39.8164497Z     "engine": "0.3.26-experimental"
2026-10-03T15:12:39.8164720Z   },
2026-10-03T15:12:39.8164880Z   {
2026-10-03T15:12:39.8165201Z     "workbook": "work/f03-native/conflicting-related-invoice-restored.xlsx",
2026-10-03T15:12:39.8165560Z     "verified": true,
2026-10-03T15:12:39.8165797Z     "id": "conflicting-related-invoice",
2026-10-03T15:12:39.8166054Z     "sourceFormat": "xlsx",
2026-10-03T15:12:39.8166262Z     "approved": 0,
2026-10-03T15:12:39.8166477Z     "engine": "0.3.26-experimental"
2026-10-03T15:12:39.8166695Z   },
2026-10-03T15:12:39.8166850Z   {
2026-10-03T15:12:39.8167138Z     "workbook": "work/f03-native/credit-note-invoice-only-direct.xlsx",
2026-10-03T15:12:39.8167466Z     "verified": true,
2026-10-03T15:12:39.8167696Z     "id": "credit-note-invoice-only",
2026-10-03T15:12:39.8168253Z     "sourceFormat": "xlsx",
2026-10-03T15:12:39.8168469Z     "approved": 0,
2026-10-03T15:12:39.8168682Z     "engine": "0.3.26-experimental"
2026-10-03T15:12:39.8168895Z   },
2026-10-03T15:12:39.8169047Z   {
2026-10-03T15:12:39.8169330Z     "workbook": "work/f03-native/credit-note-invoice-only-restored.xlsx",
2026-10-03T15:12:39.8169644Z     "verified": true,
2026-10-03T15:12:39.8169877Z     "id": "credit-note-invoice-only",
2026-10-03T15:12:39.8170286Z     "sourceFormat": "xlsx",
2026-10-03T15:12:39.8170484Z     "approved": 0,
2026-10-03T15:12:39.8170685Z     "engine": "0.3.26-experimental"
2026-10-03T15:12:39.8170887Z   },
2026-10-03T15:12:39.8171027Z   {
2026-10-03T15:12:39.8171273Z     "workbook": "work/f03-native/different-credit-notes-direct.xlsx",
2026-10-03T15:12:39.8171581Z     "verified": true,
2026-10-03T15:12:39.8171803Z     "id": "different-credit-notes",
2026-10-03T15:12:39.8172035Z     "sourceFormat": "xlsx",
2026-10-03T15:12:39.8172233Z     "approved": 0,
2026-10-03T15:12:39.8172451Z     "engine": "0.3.26-experimental"
2026-10-03T15:12:39.8172665Z   },
2026-10-03T15:12:39.8172820Z   {
2026-10-03T15:12:39.8173114Z     "workbook": "work/f03-native/different-credit-notes-restored.xlsx",
2026-10-03T15:12:39.8173436Z     "verified": true,
2026-10-03T15:12:39.8173656Z     "id": "different-credit-notes",
2026-10-03T15:12:39.8173881Z     "sourceFormat": "xlsx",
2026-10-03T15:12:39.8174254Z     "approved": 0,
2026-10-03T15:12:39.8174461Z     "engine": "0.3.26-experimental"
2026-10-03T15:12:39.8174671Z   },
2026-10-03T15:12:39.8174826Z   {
2026-10-03T15:12:39.8175109Z     "workbook": "work/f03-native/generic-own-and-invoice-direct.xlsx",
2026-10-03T15:12:39.8175425Z     "verified": true,
2026-10-03T15:12:39.8175652Z     "id": "generic-own-and-invoice",
2026-10-03T15:12:39.8175888Z     "sourceFormat": "xlsx",
2026-10-03T15:12:39.8176092Z     "approved": 1,
2026-10-03T15:12:39.8176302Z     "engine": "0.3.26-experimental"
2026-10-03T15:12:39.8176513Z   },
2026-10-03T15:12:39.8176664Z   {
2026-10-03T15:12:39.8176954Z     "workbook": "work/f03-native/generic-own-and-invoice-restored.xlsx",
2026-10-03T15:12:39.8177285Z     "verified": true,
2026-10-03T15:12:39.8177512Z     "id": "generic-own-and-invoice",
2026-10-03T15:12:39.8177748Z     "sourceFormat": "xlsx",
2026-10-03T15:12:39.8177956Z     "approved": 1,
2026-10-03T15:12:39.8178163Z     "engine": "0.3.26-experimental"
2026-10-03T15:12:39.8178380Z   },
2026-10-03T15:12:39.8178533Z   {
2026-10-03T15:12:39.8178805Z     "workbook": "work/f03-native/journal-invoice-only-direct.xlsx",
2026-10-03T15:12:39.8179113Z     "verified": true,
2026-10-03T15:12:39.8179339Z     "id": "journal-invoice-only",
2026-10-03T15:12:39.8179556Z     "sourceFormat": "xlsx",
2026-10-03T15:12:39.8179766Z     "approved": 0,
2026-10-03T15:12:39.8179965Z     "engine": "0.3.26-experimental"
2026-10-03T15:12:39.8180261Z   },
2026-10-03T15:12:39.8180408Z   {
2026-10-03T15:12:39.8180679Z     "workbook": "work/f03-native/journal-invoice-only-restored.xlsx",
2026-10-03T15:12:39.8181019Z     "verified": true,
2026-10-03T15:12:39.8181240Z     "id": "journal-invoice-only",
2026-10-03T15:12:39.8181468Z     "sourceFormat": "xlsx",
2026-10-03T15:12:39.8181676Z     "approved": 0,
2026-10-03T15:12:39.8181883Z     "engine": "0.3.26-experimental"
2026-10-03T15:12:39.8182093Z   },
2026-10-03T15:12:39.8182248Z   {
2026-10-03T15:12:39.8182508Z     "workbook": "work/f03-native/ordinary-invoice-direct.xlsx",
2026-10-03T15:12:39.8182807Z     "verified": true,
2026-10-03T15:12:39.8183008Z     "id": "ordinary-invoice",
2026-10-03T15:12:39.8183219Z     "sourceFormat": "xlsx",
2026-10-03T15:12:39.8183415Z     "approved": 1,
2026-10-03T15:12:39.8183625Z     "engine": "0.3.26-experimental"
2026-10-03T15:12:39.8183865Z   },
2026-10-03T15:12:39.8184020Z   {
2026-10-03T15:12:39.8184290Z     "workbook": "work/f03-native/ordinary-invoice-restored.xlsx",
2026-10-03T15:12:39.8184592Z     "verified": true,
2026-10-03T15:12:39.8184796Z     "id": "ordinary-invoice",
2026-10-03T15:12:39.8185162Z     "sourceFormat": "xlsx",
2026-10-03T15:12:39.8185369Z     "approved": 1,
2026-10-03T15:12:39.8185579Z     "engine": "0.3.26-experimental"
2026-10-03T15:12:39.8185789Z   },
2026-10-03T15:12:39.8185939Z   {
2026-10-03T15:12:39.8186194Z     "workbook": "work/f03-native/own-credit-note-direct.xlsx",
2026-10-03T15:12:39.8186492Z     "verified": true,
2026-10-03T15:12:39.8186692Z     "id": "own-credit-note",
2026-10-03T15:12:39.8186909Z     "sourceFormat": "xlsx",
2026-10-03T15:12:39.8187113Z     "approved": 1,
2026-10-03T15:12:39.8187321Z     "engine": "0.3.26-experimental"
2026-10-03T15:12:39.8187531Z   },
2026-10-03T15:12:39.8187686Z   {
2026-10-03T15:12:39.8187948Z     "workbook": "work/f03-native/own-credit-note-restored.xlsx",
2026-10-03T15:12:39.8188249Z     "verified": true,
2026-10-03T15:12:39.8188447Z     "id": "own-credit-note",
2026-10-03T15:12:39.8188663Z     "sourceFormat": "xlsx",
2026-10-03T15:12:39.8188868Z     "approved": 1,
2026-10-03T15:12:39.8189076Z     "engine": "0.3.26-experimental"
2026-10-03T15:12:39.8189295Z   },
2026-10-03T15:12:39.8189449Z   {
2026-10-03T15:12:39.8189724Z     "workbook": "work/f03-native/payment-bank-identity-direct.xlsx",
2026-10-03T15:12:39.8190035Z     "verified": true,
2026-10-03T15:12:39.8190349Z     "id": "payment-bank-identity",
2026-10-03T15:12:39.8190586Z     "sourceFormat": "xlsx",
2026-10-03T15:12:39.8190796Z     "approved": 1,
2026-10-03T15:12:39.8191004Z     "engine": "0.3.26-experimental"
2026-10-03T15:12:39.8191335Z   },
2026-10-03T15:12:39.8191485Z   {
2026-10-03T15:12:39.8191774Z     "workbook": "work/f03-native/payment-bank-identity-restored.xlsx",
2026-10-03T15:12:39.8192100Z     "verified": true,
2026-10-03T15:12:39.8192323Z     "id": "payment-bank-identity",
2026-10-03T15:12:39.8192559Z     "sourceFormat": "xlsx",
2026-10-03T15:12:39.8192767Z     "approved": 1,
2026-10-03T15:12:39.8192972Z     "engine": "0.3.26-experimental"
2026-10-03T15:12:39.8193183Z   },
2026-10-03T15:12:39.8193330Z   {
2026-10-03T15:12:39.8193604Z     "workbook": "work/f03-native/payment-invoice-only-direct.xlsx",
2026-10-03T15:12:39.8193911Z     "verified": true,
2026-10-03T15:12:39.8194138Z     "id": "payment-invoice-only",
2026-10-03T15:12:39.8194363Z     "sourceFormat": "xlsx",
2026-10-03T15:12:39.8194561Z     "approved": 0,
2026-10-03T15:12:39.8194772Z     "engine": "0.3.26-experimental"
2026-10-03T15:12:39.8194986Z   },
2026-10-03T15:12:39.8195137Z   {
2026-10-03T15:12:39.8195421Z     "workbook": "work/f03-native/payment-invoice-only-restored.xlsx",
2026-10-03T15:12:39.8195744Z     "verified": true,
2026-10-03T15:12:39.8195966Z     "id": "payment-invoice-only",
2026-10-03T15:12:39.8196199Z     "sourceFormat": "xlsx",
2026-10-03T15:12:39.8196400Z     "approved": 0,
2026-10-03T15:12:39.8196602Z     "engine": "0.3.26-experimental"
2026-10-03T15:12:39.8196862Z   },
2026-10-03T15:12:39.8197014Z   {
2026-10-03T15:12:39.8197283Z     "workbook": "work/f03-native/short-own-credit-note-direct.xlsx",
2026-10-03T15:12:39.8197593Z     "verified": true,
2026-10-03T15:12:39.8197822Z     "id": "short-own-credit-note",
2026-10-03T15:12:39.8198050Z     "sourceFormat": "xlsx",
2026-10-03T15:12:39.8198250Z     "approved": 1,
2026-10-03T15:12:39.8198455Z     "engine": "0.3.26-experimental"
2026-10-03T15:12:39.8198659Z   },
2026-10-03T15:12:39.8198803Z   {
2026-10-03T15:12:39.8199065Z     "workbook": "work/f03-native/short-own-credit-note-restored.xlsx",
2026-10-03T15:12:39.8199375Z     "verified": true,
2026-10-03T15:12:39.8199591Z     "id": "short-own-credit-note",
2026-10-03T15:12:39.8199813Z     "sourceFormat": "xlsx",
2026-10-03T15:12:39.8200012Z     "approved": 1,
2026-10-03T15:12:39.8200311Z     "engine": "0.3.26-experimental"
2026-10-03T15:12:39.8200523Z   },
2026-10-03T15:12:39.8200675Z   {
2026-10-03T15:12:39.8200957Z     "workbook": "work/f03-native/whole-credit-note-group-direct.xlsx",
2026-10-03T15:12:39.8201288Z     "verified": true,
2026-10-03T15:12:39.8201508Z     "id": "whole-credit-note-group",
2026-10-03T15:12:39.8201742Z     "sourceFormat": "xlsx",
2026-10-03T15:12:39.8201948Z     "approved": 1,
2026-10-03T15:12:39.8202275Z     "engine": "0.3.26-experimental"
2026-10-03T15:12:39.8202482Z   },
2026-10-03T15:12:39.8202628Z   {
2026-10-03T15:12:39.8202915Z     "workbook": "work/f03-native/whole-credit-note-group-restored.xlsx",
2026-10-03T15:12:39.8203259Z     "verified": true,
2026-10-03T15:12:39.8203483Z     "id": "whole-credit-note-group",
2026-10-03T15:12:39.8203719Z     "sourceFormat": "xlsx",
2026-10-03T15:12:39.8203931Z     "approved": 1,
2026-10-03T15:12:39.8204127Z     "engine": "0.3.26-experimental"
2026-10-03T15:12:39.8204329Z   },
2026-10-03T15:12:39.8204470Z   {
2026-10-03T15:12:39.8204726Z     "workbook": "work/f03-pdf/different-credit-notes-direct.xlsx",
2026-10-03T15:12:39.8205017Z     "verified": true,
2026-10-03T15:12:39.8205229Z     "id": "different-credit-notes",
2026-10-03T15:12:39.8205468Z     "sourceFormat": "pdf",
2026-10-03T15:12:39.8205667Z     "approved": 0,
2026-10-03T15:12:39.8205869Z     "engine": "0.3.26-experimental"
2026-10-03T15:12:39.8206076Z   },
2026-10-03T15:12:39.8206224Z   {
2026-10-03T15:12:39.8206481Z     "workbook": "work/f03-pdf/different-credit-notes-restored.xlsx",
2026-10-03T15:12:39.8206780Z     "verified": true,
2026-10-03T15:12:39.8206989Z     "id": "different-credit-notes",
2026-10-03T15:12:39.8207218Z     "sourceFormat": "pdf",
2026-10-03T15:12:39.8207418Z     "approved": 0,
2026-10-03T15:12:39.8207622Z     "engine": "0.3.26-experimental"
2026-10-03T15:12:39.8207924Z   },
2026-10-03T15:12:39.8208069Z   {
2026-10-03T15:12:39.8208304Z     "workbook": "work/f03-pdf/own-credit-note-direct.xlsx",
2026-10-03T15:12:39.8208573Z     "verified": true,
2026-10-03T15:12:39.8208768Z     "id": "own-credit-note",
2026-10-03T15:12:39.8208982Z     "sourceFormat": "pdf",
2026-10-03T15:12:39.8209174Z     "approved": 1,
2026-10-03T15:12:39.8209376Z     "engine": "0.3.26-experimental"
2026-10-03T15:12:39.8209581Z   },
2026-10-03T15:12:39.8209728Z   {
2026-10-03T15:12:39.8209967Z     "workbook": "work/f03-pdf/own-credit-note-restored.xlsx",
2026-10-03T15:12:39.8210366Z     "verified": true,
2026-10-03T15:12:39.8210558Z     "id": "own-credit-note",
2026-10-03T15:12:39.8210766Z     "sourceFormat": "pdf",
2026-10-03T15:12:39.8210963Z     "approved": 1,
2026-10-03T15:12:39.8211164Z     "engine": "0.3.26-experimental"
2026-10-03T15:12:39.8211367Z   },
2026-10-03T15:12:39.8211514Z   {
2026-10-03T15:12:39.8211769Z     "workbook": "work/f03-pdf/short-own-credit-note-direct.xlsx",
2026-10-03T15:12:39.8212062Z     "verified": true,
2026-10-03T15:12:39.8212274Z     "id": "short-own-credit-note",
2026-10-03T15:12:39.8212494Z     "sourceFormat": "pdf",
2026-10-03T15:12:39.8212690Z     "approved": 1,
2026-10-03T15:12:39.8212888Z     "engine": "0.3.26-experimental"
2026-10-03T15:12:39.8213087Z   },
2026-10-03T15:12:39.8213235Z   {
2026-10-03T15:12:39.8213493Z     "workbook": "work/f03-pdf/short-own-credit-note-restored.xlsx",
2026-10-03T15:12:39.8213787Z     "verified": true,
2026-10-03T15:12:39.8214000Z     "id": "short-own-credit-note",
2026-10-03T15:12:39.8214216Z     "sourceFormat": "pdf",
2026-10-03T15:12:39.8214416Z     "approved": 1,
2026-10-03T15:12:39.8214558Z     "engine": "0.3.26-experimental"
2026-10-03T15:12:39.8214687Z   }
2026-10-03T15:12:39.8214783Z ]
2026-10-03T15:12:39.9123923Z test_all_native_and_restored_sources (test_check_export.RelatedInvoiceOracle.test_all_native_and_restored_sources) ... ok
2026-10-03T15:12:39.9475296Z test_role_source_amount_and_membership_tampering (test_check_export.RelatedInvoiceOracle.test_role_source_amount_and_membership_tampering) ... ok
2026-10-03T15:12:39.9475627Z 
2026-10-03T15:12:39.9475758Z ----------------------------------------------------------------------
2026-10-03T15:12:39.9475963Z Ran 2 tests in 0.091s
2026-10-03T15:12:39.9476043Z 
2026-10-03T15:12:39.9476090Z OK
2026-10-03T15:12:39.9554838Z ##[group]Run REQUIRE_UNKNOWN_PASS=1 node --experimental-strip-types audit/related-invoice/unknown-role/run.mjs . work/unknown-role
2026-10-03T15:12:39.9555378Z [36;1mREQUIRE_UNKNOWN_PASS=1 node --experimental-strip-types audit/related-invoice/unknown-role/run.mjs . work/unknown-role[0m
2026-10-03T15:12:39.9555776Z [36;1mpython3 audit/related-invoice/unknown-role/check_export.py work/unknown-role/*.xlsx[0m
2026-10-03T15:12:39.9556108Z [36;1mpython3 -m unittest discover -s audit/related-invoice/unknown-role -p 'test_*.py' -v[0m
2026-10-03T15:12:39.9607695Z shell: /usr/bin/bash -e {0}
2026-10-03T15:12:39.9607843Z env:
2026-10-03T15:12:39.9607987Z   PNPM_HOME: /home/runner/setup-pnpm/node_modules/.bin
2026-10-03T15:12:39.9608175Z ##[endgroup]
2026-10-03T15:12:40.5078688Z {"engine":"0.3.26-experimental","passed":10,"total":10,"cases":[{"id":"different-untyped-credit","format":"xlsx","approved":0,"passed":true},{"id":"same-untyped-credit","format":"xlsx","approved":0,"passed":true},{"id":"arabic-untyped-credit","format":"xlsx","approved":0,"passed":true},{"id":"chosen-generic-untyped-credit","format":"xlsx","approved":0,"passed":true},{"id":"blank-credit-ordinary-invoice","format":"xlsx","approved":1,"passed":true},{"id":"different-untyped-credit","format":"csv","approved":0,"passed":true},{"id":"same-untyped-credit","format":"csv","approved":0,"passed":true},{"id":"arabic-untyped-credit","format":"csv","approved":0,"passed":true},{"id":"chosen-generic-untyped-credit","format":"csv","approved":0,"passed":true},{"id":"blank-credit-ordinary-invoice","format":"csv","approved":1,"passed":true}]}
2026-10-03T15:12:40.5864360Z [
2026-10-03T15:12:40.5864918Z   {
2026-10-03T15:12:40.5865568Z     "workbook": "work/unknown-role/arabic-untyped-credit-csv-direct.xlsx",
2026-10-03T15:12:40.5865841Z     "verified": true,
2026-10-03T15:12:40.5866071Z     "id": "arabic-untyped-credit",
2026-10-03T15:12:40.5866283Z     "format": "csv",
2026-10-03T15:12:40.5866463Z     "approved": 0,
2026-10-03T15:12:40.5866680Z     "engine": "0.3.26-experimental"
2026-10-03T15:12:40.5866880Z   },
2026-10-03T15:12:40.5867042Z   {
2026-10-03T15:12:40.5867348Z     "workbook": "work/unknown-role/arabic-untyped-credit-csv-restored.xlsx",
2026-10-03T15:12:40.5867681Z     "verified": true,
2026-10-03T15:12:40.5867901Z     "id": "arabic-untyped-credit",
2026-10-03T15:12:40.5868118Z     "format": "csv",
2026-10-03T15:12:40.5868301Z     "approved": 0,
2026-10-03T15:12:40.5868506Z     "engine": "0.3.26-experimental"
2026-10-03T15:12:40.5868721Z   },
2026-10-03T15:12:40.5868871Z   {
2026-10-03T15:12:40.5869162Z     "workbook": "work/unknown-role/arabic-untyped-credit-xlsx-direct.xlsx",
2026-10-03T15:12:40.5869502Z     "verified": true,
2026-10-03T15:12:40.5869716Z     "id": "arabic-untyped-credit",
2026-10-03T15:12:40.5869931Z     "format": "xlsx",
2026-10-03T15:12:40.5870254Z     "approved": 0,
2026-10-03T15:12:40.5870452Z     "engine": "0.3.26-experimental"
2026-10-03T15:12:40.5870652Z   },
2026-10-03T15:12:40.5870803Z   {
2026-10-03T15:12:40.5871100Z     "workbook": "work/unknown-role/arabic-untyped-credit-xlsx-restored.xlsx",
2026-10-03T15:12:40.5871423Z     "verified": true,
2026-10-03T15:12:40.5871632Z     "id": "arabic-untyped-credit",
2026-10-03T15:12:40.5871848Z     "format": "xlsx",
2026-10-03T15:12:40.5872026Z     "approved": 0,
2026-10-03T15:12:40.5872221Z     "engine": "0.3.26-experimental"
2026-10-03T15:12:40.5872424Z   },
2026-10-03T15:12:40.5872569Z   {
2026-10-03T15:12:40.5872882Z     "workbook": "work/unknown-role/blank-credit-ordinary-invoice-csv-direct.xlsx",
2026-10-03T15:12:40.5873220Z     "verified": true,
2026-10-03T15:12:40.5873445Z     "id": "blank-credit-ordinary-invoice",
2026-10-03T15:12:40.5873724Z     "format": "csv",
2026-10-03T15:12:40.5873904Z     "approved": 1,
2026-10-03T15:12:40.5874104Z     "engine": "0.3.26-experimental"
2026-10-03T15:12:40.5874306Z   },
2026-10-03T15:12:40.5874457Z   {
2026-10-03T15:12:40.5874772Z     "workbook": "work/unknown-role/blank-credit-ordinary-invoice-csv-restored.xlsx",
2026-10-03T15:12:40.5875357Z     "verified": true,
2026-10-03T15:12:40.5875583Z     "id": "blank-credit-ordinary-invoice",
2026-10-03T15:12:40.5875813Z     "format": "csv",
2026-10-03T15:12:40.5875989Z     "approved": 1,
2026-10-03T15:12:40.5876188Z     "engine": "0.3.26-experimental"
2026-10-03T15:12:40.5876390Z   },
2026-10-03T15:12:40.5876536Z   {
2026-10-03T15:12:40.5876849Z     "workbook": "work/unknown-role/blank-credit-ordinary-invoice-xlsx-direct.xlsx",
2026-10-03T15:12:40.5877195Z     "verified": true,
2026-10-03T15:12:40.5877415Z     "id": "blank-credit-ordinary-invoice",
2026-10-03T15:12:40.5877645Z     "format": "xlsx",
2026-10-03T15:12:40.5877826Z     "approved": 1,
2026-10-03T15:12:40.5878027Z     "engine": "0.3.26-experimental"
2026-10-03T15:12:40.5878227Z   },
2026-10-03T15:12:40.5878375Z   {
2026-10-03T15:12:40.5878695Z     "workbook": "work/unknown-role/blank-credit-ordinary-invoice-xlsx-restored.xlsx",
2026-10-03T15:12:40.5879048Z     "verified": true,
2026-10-03T15:12:40.5879276Z     "id": "blank-credit-ordinary-invoice",
2026-10-03T15:12:40.5879503Z     "format": "xlsx",
2026-10-03T15:12:40.5879679Z     "approved": 1,
2026-10-03T15:12:40.5879877Z     "engine": "0.3.26-experimental"
2026-10-03T15:12:40.5880037Z   },
2026-10-03T15:12:40.5880259Z   {
2026-10-03T15:12:40.5880524Z     "workbook": "work/unknown-role/chosen-generic-untyped-credit-csv-direct.xlsx",
2026-10-03T15:12:40.5880743Z     "verified": true,
2026-10-03T15:12:40.5880889Z     "id": "chosen-generic-untyped-credit",
2026-10-03T15:12:40.5881036Z     "format": "csv",
2026-10-03T15:12:40.5881153Z     "approved": 0,
2026-10-03T15:12:40.5881279Z     "engine": "0.3.26-experimental"
2026-10-03T15:12:40.5881411Z   },
2026-10-03T15:12:40.5881616Z   {
2026-10-03T15:12:40.5881837Z     "workbook": "work/unknown-role/chosen-generic-untyped-credit-csv-restored.xlsx",
2026-10-03T15:12:40.5882058Z     "verified": true,
2026-10-03T15:12:40.5882205Z     "id": "chosen-generic-untyped-credit",
2026-10-03T15:12:40.5882356Z     "format": "csv",
2026-10-03T15:12:40.5882476Z     "approved": 0,
2026-10-03T15:12:40.5882602Z     "engine": "0.3.26-experimental"
2026-10-03T15:12:40.5882736Z   },
2026-10-03T15:12:40.5882830Z   {
2026-10-03T15:12:40.5883031Z     "workbook": "work/unknown-role/chosen-generic-untyped-credit-xlsx-direct.xlsx",
2026-10-03T15:12:40.5883253Z     "verified": true,
2026-10-03T15:12:40.5883394Z     "id": "chosen-generic-untyped-credit",
2026-10-03T15:12:40.5883540Z     "format": "xlsx",
2026-10-03T15:12:40.5883657Z     "approved": 0,
2026-10-03T15:12:40.5883785Z     "engine": "0.3.26-experimental"
2026-10-03T15:12:40.5883915Z   },
2026-10-03T15:12:40.5884010Z   {
2026-10-03T15:12:40.5884214Z     "workbook": "work/unknown-role/chosen-generic-untyped-credit-xlsx-restored.xlsx",
2026-10-03T15:12:40.5884444Z     "verified": true,
2026-10-03T15:12:40.5884586Z     "id": "chosen-generic-untyped-credit",
2026-10-03T15:12:40.5884734Z     "format": "xlsx",
2026-10-03T15:12:40.5884847Z     "approved": 0,
2026-10-03T15:12:40.5884975Z     "engine": "0.3.26-experimental"
2026-10-03T15:12:40.5885108Z   },
2026-10-03T15:12:40.5885202Z   {
2026-10-03T15:12:40.5885387Z     "workbook": "work/unknown-role/different-untyped-credit-csv-direct.xlsx",
2026-10-03T15:12:40.5885595Z     "verified": true,
2026-10-03T15:12:40.5885735Z     "id": "different-untyped-credit",
2026-10-03T15:12:40.5885879Z     "format": "csv",
2026-10-03T15:12:40.5885998Z     "approved": 0,
2026-10-03T15:12:40.5886128Z     "engine": "0.3.26-experimental"
2026-10-03T15:12:40.5886257Z   },
2026-10-03T15:12:40.5886351Z   {
2026-10-03T15:12:40.5886545Z     "workbook": "work/unknown-role/different-untyped-credit-csv-restored.xlsx",
2026-10-03T15:12:40.5886754Z     "verified": true,
2026-10-03T15:12:40.5886895Z     "id": "different-untyped-credit",
2026-10-03T15:12:40.5887039Z     "format": "csv",
2026-10-03T15:12:40.5887152Z     "approved": 0,
2026-10-03T15:12:40.5887278Z     "engine": "0.3.26-experimental"
2026-10-03T15:12:40.5887407Z   },
2026-10-03T15:12:40.5887503Z   {
2026-10-03T15:12:40.5887796Z     "workbook": "work/unknown-role/different-untyped-credit-xlsx-direct.xlsx",
2026-10-03T15:12:40.5888005Z     "verified": true,
2026-10-03T15:12:40.5888146Z     "id": "different-untyped-credit",
2026-10-03T15:12:40.5888289Z     "format": "xlsx",
2026-10-03T15:12:40.5888402Z     "approved": 0,
2026-10-03T15:12:40.5888531Z     "engine": "0.3.26-experimental"
2026-10-03T15:12:40.5888659Z   },
2026-10-03T15:12:40.5888753Z   {
2026-10-03T15:12:40.5888948Z     "workbook": "work/unknown-role/different-untyped-credit-xlsx-restored.xlsx",
2026-10-03T15:12:40.5889159Z     "verified": true,
2026-10-03T15:12:40.5889297Z     "id": "different-untyped-credit",
2026-10-03T15:12:40.5889437Z     "format": "xlsx",
2026-10-03T15:12:40.5889559Z     "approved": 0,
2026-10-03T15:12:40.5889688Z     "engine": "0.3.26-experimental"
2026-10-03T15:12:40.5889815Z   },
2026-10-03T15:12:40.5889911Z   {
2026-10-03T15:12:40.5890083Z     "workbook": "work/unknown-role/same-untyped-credit-csv-direct.xlsx",
2026-10-03T15:12:40.5890408Z     "verified": true,
2026-10-03T15:12:40.5890545Z     "id": "same-untyped-credit",
2026-10-03T15:12:40.5890680Z     "format": "csv",
2026-10-03T15:12:40.5890795Z     "approved": 0,
2026-10-03T15:12:40.5890924Z     "engine": "0.3.26-experimental"
2026-10-03T15:12:40.5891053Z   },
2026-10-03T15:12:40.5891148Z   {
2026-10-03T15:12:40.5891323Z     "workbook": "work/unknown-role/same-untyped-credit-csv-restored.xlsx",
2026-10-03T15:12:40.5891526Z     "verified": true,
2026-10-03T15:12:40.5891660Z     "id": "same-untyped-credit",
2026-10-03T15:12:40.5891795Z     "format": "csv",
2026-10-03T15:12:40.5891910Z     "approved": 0,
2026-10-03T15:12:40.5892036Z     "engine": "0.3.26-experimental"
2026-10-03T15:12:40.5892259Z   },
2026-10-03T15:12:40.5892354Z   {
2026-10-03T15:12:40.5892528Z     "workbook": "work/unknown-role/same-untyped-credit-xlsx-direct.xlsx",
2026-10-03T15:12:40.5892723Z     "verified": true,
2026-10-03T15:12:40.5892853Z     "id": "same-untyped-credit",
2026-10-03T15:12:40.5892987Z     "format": "xlsx",
2026-10-03T15:12:40.5893106Z     "approved": 0,
2026-10-03T15:12:40.5893234Z     "engine": "0.3.26-experimental"
2026-10-03T15:12:40.5893364Z   },
2026-10-03T15:12:40.5893458Z   {
2026-10-03T15:12:40.5893640Z     "workbook": "work/unknown-role/same-untyped-credit-xlsx-restored.xlsx",
2026-10-03T15:12:40.5893845Z     "verified": true,
2026-10-03T15:12:40.5893976Z     "id": "same-untyped-credit",
2026-10-03T15:12:40.5894110Z     "format": "xlsx",
2026-10-03T15:12:40.5894226Z     "approved": 0,
2026-10-03T15:12:40.5894352Z     "engine": "0.3.26-experimental"
2026-10-03T15:12:40.5894479Z   }
2026-10-03T15:12:40.5894575Z ]
2026-10-03T15:12:40.6647201Z test_native_and_restored_exports (test_check_export.UnknownCreditOracle.test_native_and_restored_exports) ... ok
2026-10-03T15:12:40.6982082Z test_native_role_and_financial_tampering (test_check_export.UnknownCreditOracle.test_native_role_and_financial_tampering) ... ok
2026-10-03T15:12:40.6982473Z 
2026-10-03T15:12:40.6982612Z ----------------------------------------------------------------------
2026-10-03T15:12:40.6982822Z Ran 2 tests in 0.073s
2026-10-03T15:12:40.6982902Z 
2026-10-03T15:12:40.6982949Z OK
2026-10-03T15:12:40.7085655Z ##[group]Run REQUIRE_P5_PASS=1 node --experimental-strip-types audit/assistant-evidence/run.mjs . work/p5-native
2026-10-03T15:12:40.7086115Z [36;1mREQUIRE_P5_PASS=1 node --experimental-strip-types audit/assistant-evidence/run.mjs . work/p5-native[0m
2026-10-03T15:12:40.7086529Z [36;1mpython3 audit/assistant-evidence/check_export.py work/p5-native/*.xlsx --answers work/p5-native/observations.json[0m
2026-10-03T15:12:40.7086889Z [36;1mpython3 -m unittest discover -s audit/assistant-evidence -p 'test_*.py' -v[0m
2026-10-03T15:12:40.7137422Z shell: /usr/bin/bash -e {0}
2026-10-03T15:12:40.7137563Z env:
2026-10-03T15:12:40.7137708Z   PNPM_HOME: /home/runner/setup-pnpm/node_modules/.bin
2026-10-03T15:12:40.7137877Z ##[endgroup]
2026-10-03T15:12:41.0513848Z {"engine":"0.3.26-experimental","passed":4,"total":4,"cases":[{"id":"untyped-credit","passed":true,"kind":"transaction","lookup":["supplier:0:2"],"probes":[]},{"id":"unselected-reference","passed":true,"kind":"transaction","lookup":["supplier:0:2","ledger:0:2"],"probes":[]},{"id":"balanced-variance","passed":true,"kind":"difference","lookup":[],"probes":[{"name":"invented-case-total","passed":true},{"name":"invented-bridge","passed":true},{"name":"invented-count","passed":true},{"name":"display-member-drift","passed":true}]},{"id":"partial-source","passed":true,"kind":"transaction","lookup":["supplier:0:2","ledger:0:2"],"probes":[]}]}
2026-10-03T15:12:41.1052023Z {
2026-10-03T15:12:41.1052230Z   "workbooks": [
2026-10-03T15:12:41.1052362Z     {
2026-10-03T15:12:41.1052595Z       "workbook": "work/p5-native/balanced-variance-direct.xlsx",
2026-10-03T15:12:41.1052799Z       "verified": true,
2026-10-03T15:12:41.1052945Z       "id": "balanced-variance",
2026-10-03T15:12:41.1053091Z       "approved": 0,
2026-10-03T15:12:41.1053228Z       "engine": "0.3.26-experimental"
2026-10-03T15:12:41.1053366Z     },
2026-10-03T15:12:41.1053469Z     {
2026-10-03T15:12:41.1053643Z       "workbook": "work/p5-native/balanced-variance-restored.xlsx",
2026-10-03T15:12:41.1053846Z       "verified": true,
2026-10-03T15:12:41.1053984Z       "id": "balanced-variance",
2026-10-03T15:12:41.1054122Z       "approved": 0,
2026-10-03T15:12:41.1054256Z       "engine": "0.3.26-experimental"
2026-10-03T15:12:41.1054389Z     },
2026-10-03T15:12:41.1054488Z     {
2026-10-03T15:12:41.1054647Z       "workbook": "work/p5-native/partial-source-direct.xlsx",
2026-10-03T15:12:41.1054827Z       "verified": true,
2026-10-03T15:12:41.1054959Z       "id": "partial-source",
2026-10-03T15:12:41.1055091Z       "approved": 1,
2026-10-03T15:12:41.1055397Z       "engine": "0.3.26-experimental"
2026-10-03T15:12:41.1055533Z     },
2026-10-03T15:12:41.1055630Z     {
2026-10-03T15:12:41.1055791Z       "workbook": "work/p5-native/partial-source-restored.xlsx",
2026-10-03T15:12:41.1055973Z       "verified": true,
2026-10-03T15:12:41.1056102Z       "id": "partial-source",
2026-10-03T15:12:41.1056233Z       "approved": 1,
2026-10-03T15:12:41.1056363Z       "engine": "0.3.26-experimental"
2026-10-03T15:12:41.1056504Z     },
2026-10-03T15:12:41.1056600Z     {
2026-10-03T15:12:41.1056766Z       "workbook": "work/p5-native/unselected-reference-direct.xlsx",
2026-10-03T15:12:41.1056960Z       "verified": true,
2026-10-03T15:12:41.1057098Z       "id": "unselected-reference",
2026-10-03T15:12:41.1057239Z       "approved": 1,
2026-10-03T15:12:41.1057370Z       "engine": "0.3.26-experimental"
2026-10-03T15:12:41.1057504Z     },
2026-10-03T15:12:41.1057599Z     {
2026-10-03T15:12:41.1057769Z       "workbook": "work/p5-native/unselected-reference-restored.xlsx",
2026-10-03T15:12:41.1057966Z       "verified": true,
2026-10-03T15:12:41.1058104Z       "id": "unselected-reference",
2026-10-03T15:12:41.1058243Z       "approved": 1,
2026-10-03T15:12:41.1058375Z       "engine": "0.3.26-experimental"
2026-10-03T15:12:41.1058505Z     },
2026-10-03T15:12:41.1058601Z     {
2026-10-03T15:12:41.1058757Z       "workbook": "work/p5-native/untyped-credit-direct.xlsx",
2026-10-03T15:12:41.1058935Z       "verified": true,
2026-10-03T15:12:41.1059220Z       "id": "untyped-credit",
2026-10-03T15:12:41.1059349Z       "approved": 0,
2026-10-03T15:12:41.1059482Z       "engine": "0.3.26-experimental"
2026-10-03T15:12:41.1059612Z     },
2026-10-03T15:12:41.1059708Z     {
2026-10-03T15:12:41.1059870Z       "workbook": "work/p5-native/untyped-credit-restored.xlsx",
2026-10-03T15:12:41.1060049Z       "verified": true,
2026-10-03T15:12:41.1060360Z       "id": "untyped-credit",
2026-10-03T15:12:41.1060494Z       "approved": 0,
2026-10-03T15:12:41.1060625Z       "engine": "0.3.26-experimental"
2026-10-03T15:12:41.1060762Z     }
2026-10-03T15:12:41.1060860Z   ],
2026-10-03T15:12:41.1060967Z   "answers": {
2026-10-03T15:12:41.1061087Z     "answersVerified": 4,
2026-10-03T15:12:41.1061233Z     "engine": "0.3.26-experimental"
2026-10-03T15:12:41.1061370Z   },
2026-10-03T15:12:41.1061474Z   "browser": null
2026-10-03T15:12:41.1061582Z }
2026-10-03T15:12:41.1605103Z test_native_and_restored_exports_and_answers (test_check_export.AssistantEvidenceOracle.test_native_and_restored_exports_and_answers) ... ok
2026-10-03T15:12:41.1868033Z test_oracle_rejects_source_money_and_answer_tampering (test_check_export.AssistantEvidenceOracle.test_oracle_rejects_source_money_and_answer_tampering) ... ok
2026-10-03T15:12:41.1868374Z 
2026-10-03T15:12:41.1868510Z ----------------------------------------------------------------------
2026-10-03T15:12:41.1868718Z Ran 2 tests in 0.043s
2026-10-03T15:12:41.1868800Z 
2026-10-03T15:12:41.1868846Z OK
2026-10-03T15:12:41.1954151Z ##[group]Run pnpm test:reliability:p2
2026-10-03T15:12:41.1954358Z [36;1mpnpm test:reliability:p2[0m
2026-10-03T15:12:41.2005274Z shell: /usr/bin/bash -e {0}
2026-10-03T15:12:41.2005419Z env:
2026-10-03T15:12:41.2005563Z   PNPM_HOME: /home/runner/setup-pnpm/node_modules/.bin
2026-10-03T15:12:41.2005736Z ##[endgroup]
2026-10-03T15:12:41.7164750Z Already up to date
2026-10-03T15:12:41.7168277Z Done in 244ms using pnpm v11.19.0
2026-10-03T15:12:41.7287626Z $ node scripts/test-p2-contracts.mjs
2026-10-03T15:12:42.0495377Z {
2026-10-03T15:12:42.0495728Z   "engineVersion": "0.3.26-experimental",
2026-10-03T15:12:42.0495939Z   "cases": 19,
2026-10-03T15:12:42.0496063Z   "passed": 19,
2026-10-03T15:12:42.0496182Z   "failed": 0,
2026-10-03T15:12:42.0496318Z   "requiredAutoGroups": 11,
2026-10-03T15:12:42.0496483Z   "satisfiedRequiredGroups": 11,
2026-10-03T15:12:42.0496647Z   "falseApprovedGroups": 0,
2026-10-03T15:12:42.0496788Z   "operationExceptions": 0,
2026-10-03T15:12:42.0497012Z   "engineLibFilesUnchanged": true,
2026-10-03T15:12:42.0497161Z   "failedIds": [],
2026-10-03T15:12:42.0497630Z   "output": "/home/runner/work/accounting/accounting/work/p2-regression/run-qyitu0/independent.json"
2026-10-03T15:12:42.0497885Z }
2026-10-03T15:12:42.3148582Z {
2026-10-03T15:12:42.3148936Z   "engineVersion": "0.3.26-experimental",
2026-10-03T15:12:42.3149233Z   "cases": 10,
2026-10-03T15:12:42.3149414Z   "passed": 10,
2026-10-03T15:12:42.3149593Z   "failed": 0,
2026-10-03T15:12:42.3149783Z   "requiredAutoGroups": 7,
2026-10-03T15:12:42.3150023Z   "satisfiedRequiredGroups": 7,
2026-10-03T15:12:42.3150424Z   "falseApprovedGroups": 0,
2026-10-03T15:12:42.3150637Z   "operationExceptions": 0,
2026-10-03T15:12:42.3150874Z   "engineLibFilesUnchanged": true,
2026-10-03T15:12:42.3151104Z   "failedIds": [],
2026-10-03T15:12:42.3151490Z   "output": "/home/runner/work/accounting/accounting/work/p2-regression/run-qyitu0/holdout.json"
2026-10-03T15:12:42.3151858Z }
2026-10-03T15:12:42.5654730Z {
2026-10-03T15:12:42.5655136Z   "engineVersion": "0.3.26-experimental",
2026-10-03T15:12:42.5655448Z   "cases": 8,
2026-10-03T15:12:42.5655620Z   "passed": 8,
2026-10-03T15:12:42.5655793Z   "failed": 0,
2026-10-03T15:12:42.5655980Z   "requiredAutoGroups": 6,
2026-10-03T15:12:42.5656218Z   "satisfiedRequiredGroups": 6,
2026-10-03T15:12:42.5656444Z   "falseApprovedGroups": 0,
2026-10-03T15:12:42.5656656Z   "operationExceptions": 0,
2026-10-03T15:12:42.5656894Z   "engineLibFilesUnchanged": true,
2026-10-03T15:12:42.5657115Z   "failedIds": [],
2026-10-03T15:12:42.5657513Z   "output": "/home/runner/work/accounting/accounting/work/p2-regression/run-qyitu0/holdout-v2.json"
2026-10-03T15:12:42.5657896Z }
2026-10-03T15:12:42.5754830Z P2 regression contracts passed. Evidence: /home/runner/work/accounting/accounting/work/p2-regression/run-qyitu0
2026-10-03T15:12:42.5931302Z ##[group]Run pnpm test:reliability:partial
2026-10-03T15:12:42.5931619Z [36;1mpnpm test:reliability:partial[0m
2026-10-03T15:12:42.5983185Z shell: /usr/bin/bash -e {0}
2026-10-03T15:12:42.5983331Z env:
2026-10-03T15:12:42.5983485Z   PNPM_HOME: /home/runner/setup-pnpm/node_modules/.bin
2026-10-03T15:12:42.5983659Z ##[endgroup]
2026-10-03T15:12:43.0918739Z Already up to date
2026-10-03T15:12:43.0922791Z Done in 226ms using pnpm v11.19.0
2026-10-03T15:12:43.1040995Z $ node scripts/test-partial-contracts.mjs
2026-10-03T15:12:43.7288749Z {
2026-10-03T15:12:43.7288945Z   "cases": 16,
2026-10-03T15:12:43.7289099Z   "passed": 16,
2026-10-03T15:12:43.7289221Z   "failed": 0,
2026-10-03T15:12:43.7289359Z   "requiredPositiveSets": 15,
2026-10-03T15:12:43.7289541Z   "satisfiedPositiveSets": 15,
2026-10-03T15:12:43.7289692Z   "falseApprovedSets": 0,
2026-10-03T15:12:43.7289855Z   "unexpectedOperationExceptions": 0,
2026-10-03T15:12:43.7290030Z   "engineLibFilesUnchanged": true,
2026-10-03T15:12:43.7290576Z   "out": "/home/runner/work/accounting/accounting/work/partial-regression/run-y7KOzN/contracts.json"
2026-10-03T15:12:43.7290964Z }
2026-10-03T15:12:44.0004255Z {
2026-10-03T15:12:44.0004556Z   "completed": true,
2026-10-03T15:12:44.0004803Z   "engineUnchanged": true,
2026-10-03T15:12:44.0005095Z   "engine": "0.3.26-experimental",
2026-10-03T15:12:44.0005512Z   "out": "/home/runner/work/accounting/accounting/work/partial-regression/run-y7KOzN/reviewed"
2026-10-03T15:12:44.0005860Z }
2026-10-03T15:12:44.0516669Z {"checkerSha256": "6475352b77f71a35c0ecf8ccfa51ec71630c5f8e80eacde37514e1c873014bdf", "observedAtUtc": "2026-10-03T15:12:44.038174+00:00", "passed": true, "frozenBefore": "0b10b982659d984e9298082c0a76bb183fcd6d30abb8c34a5be520fed9a57e7e", "workbookSha256": "ceb83508a6f0105b5e16acb15c10830568c1aed490f8e2415d5ea48036235459", "observations": {"originalSourcePreservation": {"passed": true, "readableRows": 5, "readingIssues": [{"sourceRowId": "supplier:0:3", "reason": "المبلغ غير صالح أو يتجاوز عدد المنازل العشرية للعملة", "originalAmount": "12x.34"}], "issueTraceEncoding": "Source File + Side + Source Sheet CSV + Source Row; contract IDs reconstructed for selected sheet 0"}, "partialSummaryAndReview": {"passed": true, "processedTotalsMinor": {"supplier": 8550, "ledger": 9784}, "processedTotalFields": {"supplier": "Supplier Processed Transaction Total", "ledger": "Ledger Processed Transaction Total"}, "partialSummaryFields": {"Reading Status": "Partial — reading issues remain open", "Workbook Mode": "Partial transaction snapshot for review. Reading issues remain open; totals cover processed transactions only. Not a complete reconciliation."}, "bridgeStatus": "Balance bridge prerequisites incomplete", "reviewCompleted": "Review recorded; reading issues remain open", "reviewApproval": "Not approved — review completion is not an approval declaration"}, "originalSourceHashBinding": {"passed": true, "sourceProvenance": {"manifestSha256": "0b10b982659d984e9298082c0a76bb183fcd6d30abb8c34a5be520fed9a57e7e"}}, "requiredCompletion": {"requiredPairs": 2, "actualMatchedCases": 2, "requiredMemberSets": [{"supplierRows": [2], "ledgerRows": [2], "supplierTotalMinor": 12575, "ledgerTotalMinor": 12575}, {"supplierRows": [4], "ledgerRows": [4], "supplierTotalMinor": -4025, "ledgerTotalMinor": -4025}]}}, "contract": "PR01", "requiredPairs": 2, "requiredPairsSatisfied": 2, "falseApprovedPairs": 0, "matchedSourceRows": 4, "readableSourceRows": 5, "invalidRowsRetained": [{"sourceRowId": "supplier:0:3", "reason": "المبلغ غير صالح أو يتجاوز عدد المنازل العشرية للعملة", "originalAmount": "12x.34"}], "processedTotalsMinor": {"supplier": 8550, "ledger": 9784}, "processedTotalFields": {"supplier": "Supplier Processed Transaction Total", "ledger": "Ledger Processed Transaction Total"}, "partialSummaryFields": {"Reading Status": "Partial — reading issues remain open", "Workbook Mode": "Partial transaction snapshot for review. Reading issues remain open; totals cover processed transactions only. Not a complete reconciliation."}, "bridgeStatus": "Balance bridge prerequisites incomplete", "reviewCompleted": "Review recorded; reading issues remain open", "reviewApproval": "Not approved — review completion is not an approval declaration", "xmlPartsParsed": 33, "sourceProvenance": {"manifestSha256": "0b10b982659d984e9298082c0a76bb183fcd6d30abb8c34a5be520fed9a57e7e"}, "scope": "Independent synthetic literal sources, error preservation and financial member sets. No engine/ExcelJS imports or formula recalculation.", "frozenAfter": "0b10b982659d984e9298082c0a76bb183fcd6d30abb8c34a5be520fed9a57e7e"}
2026-10-03T15:12:44.0558642Z Partial reconciliation regression evidence: /home/runner/work/accounting/accounting/work/partial-regression/run-y7KOzN
2026-10-03T15:12:44.0729589Z ##[group]Run pnpm test:reliability:quick
2026-10-03T15:12:44.0729784Z [36;1mpnpm test:reliability:quick[0m
2026-10-03T15:12:44.0779991Z shell: /usr/bin/bash -e {0}
2026-10-03T15:12:44.0780306Z env:
2026-10-03T15:12:44.0780460Z   PNPM_HOME: /home/runner/setup-pnpm/node_modules/.bin
2026-10-03T15:12:44.0780637Z ##[endgroup]
2026-10-03T15:12:44.5752563Z Already up to date
2026-10-03T15:12:44.5756220Z Done in 226ms using pnpm v11.19.0
2026-10-03T15:12:44.5869151Z $ node --experimental-strip-types audit/reliability/run.mjs --quick
2026-10-03T15:12:45.6852810Z {"completed":40,"total":40,"pass":40,"safetyFailures":0,"elapsedSeconds":1}
2026-10-03T15:12:45.6877411Z {"output":"/home/runner/work/accounting/accounting/work/reliability/2026-10-03T15-12-44-791Z","overall":{"cases":40,"passed":40,"safetyPassed":40,"resultsProduced":22,"completeSourceReads":22,"partialOrUnverifiedResults":0,"sourceReadErrors":0,"unprovenFormatDefaults":2,"casesWithUnprovenFormatDefaults":2,"completedComparisons":22,"completedWithoutManualCorrection":0,"automaticallyDerivedInputs":15,"explicitAttestations":192,"needsChosenInterpretation":16,"suppliedExternalFacts":0,"conditionalRequiredMatches":13,"resolvedInputRequiredMatches":12,"completedAutomatically":0,"outcomes":{"external-information-required":15,"completed-comparison":22,"controlled-stop":3},"interventionLevels":{"limited-confirmation":16,"manual-correction":24},"requiredInterventionLevels":{"human-external":15,"manual-correction":24,"limited-confirmation":1},"byIntervention":{"automatic":{"cases":0,"completedComparisons":0},"limited-confirmation":{"cases":16,"completedComparisons":0},"manual-correction":{"cases":24,"completedComparisons":22},"human-external":{"cases":0,"completedComparisons":0}},"ambiguityGate":{"refused":15},"ambiguityGateAnswered":{"accepted-with-choice":14,"blocked-by-other-field":1},"unresolvedInputs":{"supplier.numberFormat":11,"ledger.numberFormat":4},"permittedMatches":25,"expectedMatches":25,"correctRequiredMatches":12,"correctMatches":12,"missedRequiredMatches":13,"permittedGroups":0,"acceptedGroups":0,"requiredGroups":0,"acceptedRequiredGroups":0,"missedRequiredGroups":0,"groupAssessmentClasses":{"review":2},"groupBusinessTasks":{"payment-matching":2},"falseMatches":0,"falseMatchMinorByCurrency":{},"expectedRows":102,"validExpectedRows":97,"extractedRows":55,"excludedRows":1,"exportsChecked":22,"bridgesChecked":22,"automaticColumnSelection":40,"stopped":18,"exceptionRows":51,"handledExceptionRows":51,"confirmations":{"supplier: numberFormat needs outside-document information; no oracle default supplied":11,"ledger: PDF visual review required":5,"ledger: numberFormat needs outside-document information; no oracle default supplied":4,"supplier: PDF visual review required":6},"failures":{},"metricDefinitions":{"resultProduced":"The engine returned a result object, including diagnostic partial results. This is not completed accounting work.","completedComparison":"A result was produced after both sources had no row errors or independently detected missing/changed rows and no unproven format default. Correctness and required-decision completion are separately reported.","unprovenFormatDefaults":"Diagnostic normalization used the product default after format inference returned invalid/unavailable. This is not a confirmed or automatically proved interpretation.","passed":"All evaluator assertions passed; a safe unresolved-input stop is NOT a completed reconciliation.","completedAutomatically":"Completed with no confirmation, manual mapping or external information. Ordinary Reconcile clicks do not count as interpretation. Actual scope/sign/PDF attestations do count.","expectedMatches":"Expected decisions conditional on resolving any ambiguous input convention; conditionalRequiredMatches are separated from resolvedInputRequiredMatches. Missed counts include cases stopped before comparison.","falseMatchDenominator":"Accepted decisions only; report alongside required completion and unresolved-input counts, never alone.","groupUnit":"One document-lines or whole-payment reconciliation decision, not individual source rows or payment-to-invoice allocation."}},"elapsedSeconds":0.884063103}
2026-10-03T15:12:45.7196740Z ##[group]Run node --experimental-strip-types audit/stress/export-corpus.mjs
2026-10-03T15:12:45.7197055Z [36;1mnode --experimental-strip-types audit/stress/export-corpus.mjs[0m
2026-10-03T15:12:45.7197276Z [36;1mpython3 audit/stress/check_openxml.py[0m
2026-10-03T15:12:45.7248092Z shell: /usr/bin/bash -e {0}
2026-10-03T15:12:45.7248227Z env:
2026-10-03T15:12:45.7248388Z   PNPM_HOME: /home/runner/setup-pnpm/node_modules/.bin
2026-10-03T15:12:45.7248571Z ##[endgroup]
2026-10-03T15:12:46.1755122Z 18 independent-check workbooks generated
2026-10-03T15:12:46.2896000Z {
2026-10-03T15:12:46.2896276Z   "workbooks": 18,
2026-10-03T15:12:46.2896548Z   "numeric_cells_verified_exactly": 288,
2026-10-03T15:12:46.2896831Z   "native_dates_verified": 504,
2026-10-03T15:12:46.2897064Z   "decimal_formats": "pass",
2026-10-03T15:12:46.2897309Z   "engine_formula_cells_verified": 180,
2026-10-03T15:12:46.2897566Z   "untrusted_formula_cells": 0,
2026-10-03T15:12:46.2897783Z   "zip_crc": "pass",
2026-10-03T15:12:46.2898042Z   "xml_parse": "pass",
2026-10-03T15:12:46.2898240Z   "bilingual_text": "pass",
2026-10-03T15:12:46.2898521Z   "verifier": "Python stdlib ZIP/XML/Decimal; independent of ExcelJS"
2026-10-03T15:12:46.2898721Z }
2026-10-03T15:12:46.2962803Z ##[group]Run pnpm build
2026-10-03T15:12:46.2963037Z [36;1mpnpm build[0m
2026-10-03T15:12:46.3015210Z shell: /usr/bin/bash -e {0}
2026-10-03T15:12:46.3015504Z env:
2026-10-03T15:12:46.3015647Z   PNPM_HOME: /home/runner/setup-pnpm/node_modules/.bin
2026-10-03T15:12:46.3015822Z ##[endgroup]
2026-10-03T15:12:46.7933520Z Already up to date
2026-10-03T15:12:46.7936885Z Done in 225ms using pnpm v11.19.0
2026-10-03T15:12:46.8047678Z $ node scripts/prepare-ocr-assets.mjs && vite build && node scripts/harden-build.mjs
2026-10-03T15:12:46.8523703Z Prepared local OCR assets: pinned English/Arabic models; no data connections.
2026-10-03T15:12:47.0660590Z [36mvite v8.0.16 [32mbuilding client environment for production...[36m[39m
2026-10-03T15:12:47.0767771Z [2K
2026-10-03T15:12:48.0672555Z transforming...✓ 2143 modules transformed.
2026-10-03T15:12:48.1842365Z rendering chunks...
2026-10-03T15:12:48.3350312Z computing gzip size...
2026-10-03T15:12:48.3722161Z dist/index.html                                3.30 kB │ gzip:     1.08 kB
2026-10-03T15:12:48.3722524Z dist/assets/index-CNGhaTo_.css               234.41 kB │ gzip:    39.16 kB
2026-10-03T15:12:48.3722858Z dist/assets/visual-image-CaZsk65l.js           3.06 kB │ gzip:     1.53 kB
2026-10-03T15:12:48.3723203Z dist/assets/visual-ocr-client-BhVKcJsu.js      5.05 kB │ gzip:     2.30 kB
2026-10-03T15:12:48.3723533Z dist/assets/visual-renderer-BmyeNV9V.js        8.81 kB │ gzip:     3.89 kB
2026-10-03T15:12:48.3723855Z dist/assets/pdfjs-BvlvQ5M7.js              1,601.95 kB │ gzip:   492.96 kB
2026-10-03T15:12:48.3724169Z dist/assets/index-DWXy9FsM.js              3,669.50 kB │ gzip: 1,103.69 kB
2026-10-03T15:12:48.3724317Z 
2026-10-03T15:12:48.3727653Z [33m[33m[INEFFECTIVE_DYNAMIC_IMPORT] [0mlib/reconciliation/visual-draft.ts is dynamically imported by components/visual-reader.tsx but also statically imported by lib/reconciliation/visual-review.ts, dynamic import will not move module into another chunk.
2026-10-03T15:12:48.3728642Z [39m
2026-10-03T15:12:48.3728889Z [33m[plugin builtin:vite-reporter] 
2026-10-03T15:12:48.3729133Z (!) Some chunks are larger than 500 kB after minification. Consider:
2026-10-03T15:12:48.3729398Z - Using dynamic import() to code-split the application
2026-10-03T15:12:48.3738824Z - Use build.rolldownOptions.output.codeSplitting to improve chunking: https://rolldown.rs/reference/OutputOptions.codeSplitting
2026-10-03T15:12:48.3739719Z - Adjust chunk size limit for this warning via build.chunkSizeWarningLimit.[39m
2026-10-03T15:12:48.3741267Z [33m[33m[INEFFECTIVE_DYNAMIC_IMPORT] [0mlib/reconciliation/visual-assets.ts is dynamically imported by components/visual-reader.tsx but also statically imported by lib/reconciliation/visual-review.ts, dynamic import will not move module into another chunk.
2026-10-03T15:12:48.3742083Z [39m
2026-10-03T15:12:48.3742267Z [32m✓ built in 1.30s[39m
2026-10-03T15:12:48.4302640Z Static social metadata verified: local PNG, 1200 × 630, 38861 bytes, no JavaScript required.
2026-10-03T15:12:48.4403093Z Static build hardened: local scripts/worker, no app data connections, relative paths.
2026-10-03T15:12:48.4585535Z ##[group]Run pnpm exec playwright install --with-deps chromium
2026-10-03T15:12:48.4585942Z [36;1mpnpm exec playwright install --with-deps chromium[0m
2026-10-03T15:12:48.4636286Z shell: /usr/bin/bash -e {0}
2026-10-03T15:12:48.4636442Z env:
2026-10-03T15:12:48.4636587Z   PNPM_HOME: /home/runner/setup-pnpm/node_modules/.bin
2026-10-03T15:12:48.4636759Z ##[endgroup]
2026-10-03T15:12:48.9615156Z Already up to date
2026-10-03T15:12:48.9619504Z Done in 228ms using pnpm v11.19.0
2026-10-03T15:12:49.2600718Z Installing dependencies...
2026-10-03T15:12:49.2656943Z Switching to root user to install dependencies...
2026-10-03T15:12:49.3412261Z Get:1 file:/etc/apt/apt-mirrors.txt Mirrorlist [144 B]
2026-10-03T15:12:49.3781724Z Get:6 https://packages.microsoft.com/ubuntu/24.04/prod noble InRelease [3600 B]
2026-10-03T15:12:49.4304131Z Get:7 https://packages.microsoft.com/ubuntu/24.04/prod noble/main armhf Packages [12.6 kB]
2026-10-03T15:12:49.4393314Z Get:8 https://packages.microsoft.com/ubuntu/24.04/prod noble/main arm64 Packages [458 kB]
2026-10-03T15:12:49.4491811Z Get:9 https://packages.microsoft.com/ubuntu/24.04/prod noble/main amd64 Packages [511 kB]
2026-10-03T15:12:49.4638711Z Hit:2 http://azure.archive.ubuntu.com/ubuntu noble InRelease
2026-10-03T15:12:49.4647328Z Get:3 http://azure.archive.ubuntu.com/ubuntu noble-updates InRelease [126 kB]
2026-10-03T15:12:49.4671288Z Get:4 http://azure.archive.ubuntu.com/ubuntu noble-backports InRelease [126 kB]
2026-10-03T15:12:49.4685993Z Get:5 http://azure.archive.ubuntu.com/ubuntu noble-security InRelease [126 kB]
2026-10-03T15:12:49.5449059Z Get:10 http://azure.archive.ubuntu.com/ubuntu noble-updates/main amd64 Packages [1364 kB]
2026-10-03T15:12:49.5511863Z Get:11 http://azure.archive.ubuntu.com/ubuntu noble-updates/main Translation-en [304 kB]
2026-10-03T15:12:49.5528996Z Get:12 http://azure.archive.ubuntu.com/ubuntu noble-updates/main amd64 Components [181 kB]
2026-10-03T15:12:49.5537094Z Get:13 http://azure.archive.ubuntu.com/ubuntu noble-updates/universe amd64 Packages [1699 kB]
2026-10-03T15:12:49.5598550Z Get:14 http://azure.archive.ubuntu.com/ubuntu noble-updates/universe Translation-en [341 kB]
2026-10-03T15:12:49.5615488Z Get:15 http://azure.archive.ubuntu.com/ubuntu noble-updates/universe amd64 Components [388 kB]
2026-10-03T15:12:49.5642929Z Get:16 http://azure.archive.ubuntu.com/ubuntu noble-updates/restricted amd64 Packages [1720 kB]
2026-10-03T15:12:49.5694196Z Get:17 http://azure.archive.ubuntu.com/ubuntu noble-updates/restricted Translation-en [394 kB]
2026-10-03T15:12:49.5713739Z Get:18 http://azure.archive.ubuntu.com/ubuntu noble-updates/multiverse amd64 Components [940 B]
2026-10-03T15:12:49.5875485Z Get:19 http://azure.archive.ubuntu.com/ubuntu noble-backports/main amd64 Components [5736 B]
2026-10-03T15:12:49.6325025Z Get:20 http://azure.archive.ubuntu.com/ubuntu noble-backports/universe amd64 Components [12.6 kB]
2026-10-03T15:12:49.6336986Z Get:21 http://azure.archive.ubuntu.com/ubuntu noble-security/main amd64 Packages [1069 kB]
2026-10-03T15:12:49.6375478Z Get:22 http://azure.archive.ubuntu.com/ubuntu noble-security/main Translation-en [221 kB]
2026-10-03T15:12:49.6388694Z Get:23 http://azure.archive.ubuntu.com/ubuntu noble-security/main amd64 Components [46.5 kB]
2026-10-03T15:12:49.6399250Z Get:24 http://azure.archive.ubuntu.com/ubuntu noble-security/universe amd64 Packages [1216 kB]
2026-10-03T15:12:49.6441790Z Get:25 http://azure.archive.ubuntu.com/ubuntu noble-security/universe Translation-en [244 kB]
2026-10-03T15:12:49.6455891Z Get:26 http://azure.archive.ubuntu.com/ubuntu noble-security/universe amd64 Components [76.3 kB]
2026-10-03T15:12:49.6468202Z Get:27 http://azure.archive.ubuntu.com/ubuntu noble-security/restricted amd64 Packages [1566 kB]
2026-10-03T15:12:49.6521283Z Get:28 http://azure.archive.ubuntu.com/ubuntu noble-security/restricted Translation-en [361 kB]
2026-10-03T15:12:58.0599317Z Fetched 12.6 MB in 1s (12.1 MB/s)
2026-10-03T15:12:58.5374986Z Reading package lists...
2026-10-03T15:12:58.5564975Z Reading package lists...
2026-10-03T15:12:58.6818318Z Building dependency tree...
2026-10-03T15:12:58.6823476Z Reading state information...
2026-10-03T15:12:58.7878412Z libasound2t64 is already the newest version (1.2.11-1ubuntu0.3).
2026-10-03T15:12:58.7878744Z libasound2t64 set to manually installed.
2026-10-03T15:12:58.7878984Z libatk-bridge2.0-0t64 is already the newest version (2.52.0-1build1).
2026-10-03T15:12:58.7879222Z libatk-bridge2.0-0t64 set to manually installed.
2026-10-03T15:12:58.7879456Z libatk1.0-0t64 is already the newest version (2.52.0-1build1).
2026-10-03T15:12:58.7879665Z libatk1.0-0t64 set to manually installed.
2026-10-03T15:12:58.7879886Z libatspi2.0-0t64 is already the newest version (2.52.0-1build1).
2026-10-03T15:12:58.7880247Z libatspi2.0-0t64 set to manually installed.
2026-10-03T15:12:58.7880558Z libcairo2 is already the newest version (1.18.0-3build1).
2026-10-03T15:12:58.7880870Z libcairo2 set to manually installed.
2026-10-03T15:12:58.7881273Z libcups2t64 is already the newest version (2.4.7-1.2ubuntu7.14).
2026-10-03T15:12:58.7881603Z libcups2t64 set to manually installed.
2026-10-03T15:12:58.7882332Z libdbus-1-3 is already the newest version (1.14.10-4ubuntu4.1).
2026-10-03T15:12:58.7882541Z libdbus-1-3 set to manually installed.
2026-10-03T15:12:58.7882768Z libdrm2 is already the newest version (2.4.125-1ubuntu0.1~24.04.2).
2026-10-03T15:12:58.7882980Z libdrm2 set to manually installed.
2026-10-03T15:12:58.7883195Z libglib2.0-0t64 is already the newest version (2.80.0-6ubuntu3.9).
2026-10-03T15:12:58.7883411Z libglib2.0-0t64 set to manually installed.
2026-10-03T15:12:58.7883630Z libnspr4 is already the newest version (2:4.35-1.1build1).
2026-10-03T15:12:58.7883828Z libnspr4 set to manually installed.
2026-10-03T15:12:58.7884031Z libnss3 is already the newest version (2:3.98-1ubuntu0.2).
2026-10-03T15:12:58.7884227Z libnss3 set to manually installed.
2026-10-03T15:12:58.7884439Z libpango-1.0-0 is already the newest version (1.52.1+ds-1build1).
2026-10-03T15:12:58.7884688Z libpango-1.0-0 set to manually installed.
2026-10-03T15:12:58.7884919Z libx11-6 is already the newest version (2:1.8.7-1build1).
2026-10-03T15:12:58.7885116Z libx11-6 set to manually installed.
2026-10-03T15:12:58.7885311Z libxcb1 is already the newest version (1.15-1ubuntu2).
2026-10-03T15:12:58.7885499Z libxcb1 set to manually installed.
2026-10-03T15:12:58.7885710Z libxcomposite1 is already the newest version (1:0.4.5-1build3).
2026-10-03T15:12:58.7885926Z libxcomposite1 set to manually installed.
2026-10-03T15:12:58.7886139Z libxdamage1 is already the newest version (1:1.1.6-1build1).
2026-10-03T15:12:58.7886339Z libxdamage1 set to manually installed.
2026-10-03T15:12:58.7886541Z libxext6 is already the newest version (2:1.3.4-1build2).
2026-10-03T15:12:58.7886732Z libxext6 set to manually installed.
2026-10-03T15:12:58.7886933Z libxfixes3 is already the newest version (1:6.0.0-2build1).
2026-10-03T15:12:58.7887135Z libxfixes3 set to manually installed.
2026-10-03T15:12:58.7887345Z libxkbcommon0 is already the newest version (1.6.0-1build1).
2026-10-03T15:12:58.7887552Z libxkbcommon0 set to manually installed.
2026-10-03T15:12:58.7887762Z libxrandr2 is already the newest version (2:1.5.2-2build1).
2026-10-03T15:12:58.7887962Z libxrandr2 set to manually installed.
2026-10-03T15:12:58.7888167Z xvfb is already the newest version (2:21.1.12-1ubuntu1.8).
2026-10-03T15:12:58.7888447Z fonts-noto-color-emoji is already the newest version (2.047-0ubuntu0.24.04.1).
2026-10-03T15:12:58.7888739Z libfontconfig1 is already the newest version (2.15.0-1.1ubuntu2).
2026-10-03T15:12:58.7888954Z libfontconfig1 set to manually installed.
2026-10-03T15:12:58.7889185Z libfreetype6 is already the newest version (2.13.2+dfsg-1ubuntu0.1).
2026-10-03T15:12:58.7889408Z libfreetype6 set to manually installed.
2026-10-03T15:12:58.7889627Z fonts-liberation is already the newest version (1:2.1.5-3).
2026-10-03T15:12:58.7889841Z fonts-liberation set to manually installed.
2026-10-03T15:12:58.7890534Z The following additional packages will be installed:
2026-10-03T15:12:58.7890946Z   libgl1-mesa-dri libglx-mesa0 mesa-libgallium xfonts-encodings xfonts-utils
2026-10-03T15:12:58.7891264Z Recommended packages:
2026-10-03T15:12:58.7891419Z   fonts-ipafont-mincho fonts-tlwg-loma
2026-10-03T15:12:58.8025753Z The following NEW packages will be installed:
2026-10-03T15:12:58.8026092Z   fonts-freefont-ttf fonts-ipafont-gothic fonts-tlwg-loma-otf fonts-unifont
2026-10-03T15:12:58.8027745Z   fonts-wqy-zenhei xfonts-cyrillic xfonts-encodings xfonts-scalable
2026-10-03T15:12:58.8028053Z   xfonts-utils
2026-10-03T15:12:58.8029696Z The following packages will be upgraded:
2026-10-03T15:12:58.8031887Z   libgbm1 libgl1-mesa-dri libglx-mesa0 mesa-libgallium
2026-10-03T15:12:58.8164923Z 4 upgraded, 9 newly installed, 0 to remove and 21 not upgraded.
2026-10-03T15:12:58.8165287Z Need to get 32.1 MB of archives.
2026-10-03T15:12:58.8165524Z After this operation, 79.5 MB of additional disk space will be used.
2026-10-03T15:12:58.8165825Z Get:1 file:/etc/apt/apt-mirrors.txt Mirrorlist [144 B]
2026-10-03T15:12:58.8731588Z Get:2 http://azure.archive.ubuntu.com/ubuntu noble/universe amd64 fonts-ipafont-gothic all 00303-21ubuntu1 [3513 kB]
2026-10-03T15:12:58.9298202Z Get:3 http://azure.archive.ubuntu.com/ubuntu noble/main amd64 fonts-freefont-ttf all 20211204+svn4273-2 [5641 kB]
2026-10-03T15:12:59.0141036Z Get:4 http://azure.archive.ubuntu.com/ubuntu noble/universe amd64 fonts-tlwg-loma-otf all 1:0.7.3-1 [107 kB]
2026-10-03T15:12:59.0419218Z Get:5 http://azure.archive.ubuntu.com/ubuntu noble/universe amd64 fonts-unifont all 1:15.1.01-1build1 [2993 kB]
2026-10-03T15:12:59.0896471Z Get:6 http://azure.archive.ubuntu.com/ubuntu noble/universe amd64 fonts-wqy-zenhei all 0.9.45-8 [7472 kB]
2026-10-03T15:12:59.2046161Z Get:7 http://azure.archive.ubuntu.com/ubuntu noble-updates/main amd64 libgl1-mesa-dri amd64 25.2.8-0ubuntu0.24.04.4 [38.0 kB]
2026-10-03T15:12:59.2390588Z Get:8 http://azure.archive.ubuntu.com/ubuntu noble-updates/main amd64 libglx-mesa0 amd64 25.2.8-0ubuntu0.24.04.4 [110 kB]
2026-10-03T15:12:59.2738615Z Get:9 http://azure.archive.ubuntu.com/ubuntu noble-updates/main amd64 libgbm1 amd64 25.2.8-0ubuntu0.24.04.4 [34.2 kB]
2026-10-03T15:12:59.3086679Z Get:10 http://azure.archive.ubuntu.com/ubuntu noble-updates/main amd64 mesa-libgallium amd64 25.2.8-0ubuntu0.24.04.4 [10.8 MB]
2026-10-03T15:12:59.4595239Z Get:11 http://azure.archive.ubuntu.com/ubuntu noble/main amd64 xfonts-encodings all 1:1.0.5-0ubuntu2 [578 kB]
2026-10-03T15:12:59.5009870Z Get:12 http://azure.archive.ubuntu.com/ubuntu noble/main amd64 xfonts-utils amd64 1:7.7+6build3 [94.4 kB]
2026-10-03T15:12:59.5354285Z Get:13 http://azure.archive.ubuntu.com/ubuntu noble/universe amd64 xfonts-cyrillic all 1:1.0.5+nmu1 [384 kB]
2026-10-03T15:12:59.5708540Z Get:14 http://azure.archive.ubuntu.com/ubuntu noble/main amd64 xfonts-scalable all 1:1.0.3-1.3 [304 kB]
2026-10-03T15:12:59.7704717Z Fetched 32.1 MB in 1s (41.9 MB/s)
2026-10-03T15:12:59.7872696Z Selecting previously unselected package fonts-ipafont-gothic.
2026-10-03T15:12:59.8117422Z (Reading database ... 
2026-10-03T15:12:59.8117621Z (Reading database ... 5%
2026-10-03T15:12:59.8117781Z (Reading database ... 10%
2026-10-03T15:12:59.8117918Z (Reading database ... 15%
2026-10-03T15:12:59.8118053Z (Reading database ... 20%
2026-10-03T15:12:59.8118189Z (Reading database ... 25%
2026-10-03T15:12:59.8118319Z (Reading database ... 30%
2026-10-03T15:12:59.8118448Z (Reading database ... 35%
2026-10-03T15:12:59.8118738Z (Reading database ... 40%
2026-10-03T15:12:59.8119063Z (Reading database ... 45%
2026-10-03T15:12:59.8119230Z (Reading database ... 50%
2026-10-03T15:12:59.8156910Z (Reading database ... 55%
2026-10-03T15:12:59.9531636Z (Reading database ... 60%
2026-10-03T15:13:00.1410861Z (Reading database ... 65%
2026-10-03T15:13:00.3447389Z (Reading database ... 70%
2026-10-03T15:13:00.5487034Z (Reading database ... 75%
2026-10-03T15:13:00.6915268Z (Reading database ... 80%
2026-10-03T15:13:00.8923973Z (Reading database ... 85%
2026-10-03T15:13:01.0848710Z (Reading database ... 90%
2026-10-03T15:13:01.2713008Z (Reading database ... 95%
2026-10-03T15:13:01.2713251Z (Reading database ... 100%
2026-10-03T15:13:01.2713502Z (Reading database ... 202296 files and directories currently installed.)
2026-10-03T15:13:01.2749053Z Preparing to unpack .../00-fonts-ipafont-gothic_00303-21ubuntu1_all.deb ...
2026-10-03T15:13:01.2820295Z Unpacking fonts-ipafont-gothic (00303-21ubuntu1) ...
2026-10-03T15:13:01.5135031Z Selecting previously unselected package fonts-freefont-ttf.
2026-10-03T15:13:01.5226322Z Preparing to unpack .../01-fonts-freefont-ttf_20211204+svn4273-2_all.deb ...
2026-10-03T15:13:01.5231372Z Unpacking fonts-freefont-ttf (20211204+svn4273-2) ...
2026-10-03T15:13:01.6073517Z Selecting previously unselected package fonts-tlwg-loma-otf.
2026-10-03T15:13:01.6165907Z Preparing to unpack .../02-fonts-tlwg-loma-otf_1%3a0.7.3-1_all.deb ...
2026-10-03T15:13:01.6172050Z Unpacking fonts-tlwg-loma-otf (1:0.7.3-1) ...
2026-10-03T15:13:01.6336471Z Selecting previously unselected package fonts-unifont.
2026-10-03T15:13:01.6427747Z Preparing to unpack .../03-fonts-unifont_1%3a15.1.01-1build1_all.deb ...
2026-10-03T15:13:01.6432932Z Unpacking fonts-unifont (1:15.1.01-1build1) ...
2026-10-03T15:13:01.8428549Z Selecting previously unselected package fonts-wqy-zenhei.
2026-10-03T15:13:01.8521409Z Preparing to unpack .../04-fonts-wqy-zenhei_0.9.45-8_all.deb ...
2026-10-03T15:13:01.8597638Z Unpacking fonts-wqy-zenhei (0.9.45-8) ...
2026-10-03T15:13:02.2902332Z Preparing to unpack .../05-libgl1-mesa-dri_25.2.8-0ubuntu0.24.04.4_amd64.deb ...
2026-10-03T15:13:02.3010666Z Unpacking libgl1-mesa-dri:amd64 (25.2.8-0ubuntu0.24.04.4) over (25.2.8-0ubuntu0.24.04.2) ...
2026-10-03T15:13:02.3378873Z Preparing to unpack .../06-libglx-mesa0_25.2.8-0ubuntu0.24.04.4_amd64.deb ...
2026-10-03T15:13:02.3404079Z Unpacking libglx-mesa0:amd64 (25.2.8-0ubuntu0.24.04.4) over (25.2.8-0ubuntu0.24.04.2) ...
2026-10-03T15:13:02.3682192Z Preparing to unpack .../07-libgbm1_25.2.8-0ubuntu0.24.04.4_amd64.deb ...
2026-10-03T15:13:02.3700582Z Unpacking libgbm1:amd64 (25.2.8-0ubuntu0.24.04.4) over (25.2.8-0ubuntu0.24.04.2) ...
2026-10-03T15:13:02.3982299Z Preparing to unpack .../08-mesa-libgallium_25.2.8-0ubuntu0.24.04.4_amd64.deb ...
2026-10-03T15:13:02.3998912Z Unpacking mesa-libgallium:amd64 (25.2.8-0ubuntu0.24.04.4) over (25.2.8-0ubuntu0.24.04.2) ...
2026-10-03T15:13:02.7303947Z Selecting previously unselected package xfonts-encodings.
2026-10-03T15:13:02.7395580Z Preparing to unpack .../09-xfonts-encodings_1%3a1.0.5-0ubuntu2_all.deb ...
2026-10-03T15:13:02.7400511Z Unpacking xfonts-encodings (1:1.0.5-0ubuntu2) ...
2026-10-03T15:13:02.7599391Z Selecting previously unselected package xfonts-utils.
2026-10-03T15:13:02.7689336Z Preparing to unpack .../10-xfonts-utils_1%3a7.7+6build3_amd64.deb ...
2026-10-03T15:13:02.7694169Z Unpacking xfonts-utils (1:7.7+6build3) ...
2026-10-03T15:13:02.8000346Z Selecting previously unselected package xfonts-cyrillic.
2026-10-03T15:13:02.8089766Z Preparing to unpack .../11-xfonts-cyrillic_1%3a1.0.5+nmu1_all.deb ...
2026-10-03T15:13:02.8094947Z Unpacking xfonts-cyrillic (1:1.0.5+nmu1) ...
2026-10-03T15:13:02.8322765Z Selecting previously unselected package xfonts-scalable.
2026-10-03T15:13:02.8411924Z Preparing to unpack .../12-xfonts-scalable_1%3a1.0.3-1.3_all.deb ...
2026-10-03T15:13:02.8417461Z Unpacking xfonts-scalable (1:1.0.3-1.3) ...
2026-10-03T15:13:02.8746577Z Setting up mesa-libgallium:amd64 (25.2.8-0ubuntu0.24.04.4) ...
2026-10-03T15:13:02.8761627Z Setting up libgbm1:amd64 (25.2.8-0ubuntu0.24.04.4) ...
2026-10-03T15:13:02.8774810Z Setting up libgl1-mesa-dri:amd64 (25.2.8-0ubuntu0.24.04.4) ...
2026-10-03T15:13:02.8826539Z Setting up fonts-wqy-zenhei (0.9.45-8) ...
2026-10-03T15:13:02.8911001Z Setting up fonts-freefont-ttf (20211204+svn4273-2) ...
2026-10-03T15:13:02.8924524Z Setting up fonts-tlwg-loma-otf (1:0.7.3-1) ...
2026-10-03T15:13:02.8942098Z Setting up xfonts-encodings (1:1.0.5-0ubuntu2) ...
2026-10-03T15:13:02.8954963Z Setting up fonts-ipafont-gothic (00303-21ubuntu1) ...
2026-10-03T15:13:02.9001770Z update-alternatives: using /usr/share/fonts/opentype/ipafont-gothic/ipag.ttf to provide /usr/share/fonts/truetype/fonts-japanese-gothic.ttf (fonts-japanese-gothic.ttf) in auto mode
2026-10-03T15:13:02.9012561Z Setting up fonts-unifont (1:15.1.01-1build1) ...
2026-10-03T15:13:02.9028037Z Setting up libglx-mesa0:amd64 (25.2.8-0ubuntu0.24.04.4) ...
2026-10-03T15:13:02.9045484Z Setting up xfonts-utils (1:7.7+6build3) ...
2026-10-03T15:13:02.9074406Z Setting up xfonts-cyrillic (1:1.0.5+nmu1) ...
2026-10-03T15:13:02.9343777Z Setting up xfonts-scalable (1:1.0.3-1.3) ...
2026-10-03T15:13:02.9538613Z Processing triggers for libc-bin (2.39-0ubuntu8.9) ...
2026-10-03T15:13:03.1251818Z Processing triggers for man-db (2.12.0-4build2) ...
2026-10-03T15:13:03.1269119Z Not building database; man-db/auto-update is not 'true'.
2026-10-03T15:13:03.1277329Z Processing triggers for fontconfig (2.15.0-1.1ubuntu2) ...
2026-10-03T15:13:03.7096145Z 
2026-10-03T15:13:03.7096764Z Running kernel seems to be up-to-date.
2026-10-03T15:13:03.7097041Z 
2026-10-03T15:13:03.7097182Z No services need to be restarted.
2026-10-03T15:13:03.7097658Z 
2026-10-03T15:13:03.7097805Z No containers need to be restarted.
2026-10-03T15:13:03.7097951Z 
2026-10-03T15:13:03.7098096Z No user sessions are running outdated binaries.
2026-10-03T15:13:03.7098278Z 
2026-10-03T15:13:03.7098519Z No VM guests are running outdated hypervisor (qemu) binaries on this host.
2026-10-03T15:13:04.2842441Z Downloading Chrome for Testing 151.0.7922.34 (playwright chromium v1234) from https://cdn.playwright.dev/builds/cft/151.0.7922.34/linux64/chrome-linux64.zip
2026-10-03T15:13:05.1912086Z |                                                                                |   0% of 184.3 MiB
2026-10-03T15:13:05.4922246Z |■■■■■■■■                                                                        |  10% of 184.3 MiB
2026-10-03T15:13:05.5455656Z |■■■■■■■■■■■■■■■■                                                                |  20% of 184.3 MiB
2026-10-03T15:13:05.6288610Z |■■■■■■■■■■■■■■■■■■■■■■■■                                                        |  30% of 184.3 MiB
2026-10-03T15:13:05.6918549Z |■■■■■■■■■■■■■■■■■■■■■■■■■■■■■■■■                                                |  40% of 184.3 MiB
2026-10-03T15:13:05.7503164Z |■■■■■■■■■■■■■■■■■■■■■■■■■■■■■■■■■■■■■■■■                                        |  50% of 184.3 MiB
2026-10-03T15:13:05.8058722Z |■■■■■■■■■■■■■■■■■■■■■■■■■■■■■■■■■■■■■■■■■■■■■■■■                                |  60% of 184.3 MiB
2026-10-03T15:13:05.8636882Z |■■■■■■■■■■■■■■■■■■■■■■■■■■■■■■■■■■■■■■■■■■■■■■■■■■■■■■■■                        |  70% of 184.3 MiB
2026-10-03T15:13:05.9242526Z |■■■■■■■■■■■■■■■■■■■■■■■■■■■■■■■■■■■■■■■■■■■■■■■■■■■■■■■■■■■■■■■■                |  80% of 184.3 MiB
2026-10-03T15:13:05.9888098Z |■■■■■■■■■■■■■■■■■■■■■■■■■■■■■■■■■■■■■■■■■■■■■■■■■■■■■■■■■■■■■■■■■■■■■■■■        |  90% of 184.3 MiB
2026-10-03T15:13:06.0319547Z |■■■■■■■■■■■■■■■■■■■■■■■■■■■■■■■■■■■■■■■■■■■■■■■■■■■■■■■■■■■■■■■■■■■■■■■■■■■■■■■■| 100% of 184.3 MiB
2026-10-03T15:13:07.9890671Z Chrome for Testing 151.0.7922.34 (playwright chromium v1234) downloaded to /home/runner/.cache/ms-playwright/chromium-1234
2026-10-03T15:13:07.9893250Z Downloading FFmpeg (playwright ffmpeg v1011) from https://cdn.playwright.dev/dbazure/download/playwright/builds/ffmpeg/1011/ffmpeg-linux.zip
2026-10-03T15:13:08.8265967Z |                                                                                |   0% of 2.3 MiB
2026-10-03T15:13:08.8501003Z |■■■■■■■■                                                                        |  10% of 2.3 MiB
2026-10-03T15:13:08.8597110Z |■■■■■■■■■■■■■■■■                                                                |  20% of 2.3 MiB
2026-10-03T15:13:08.8674188Z |■■■■■■■■■■■■■■■■■■■■■■■■                                                        |  30% of 2.3 MiB
2026-10-03T15:13:08.8754357Z |■■■■■■■■■■■■■■■■■■■■■■■■■■■■■■■■                                                |  40% of 2.3 MiB
2026-10-03T15:13:08.8799207Z |■■■■■■■■■■■■■■■■■■■■■■■■■■■■■■■■■■■■■■■■                                        |  50% of 2.3 MiB
2026-10-03T15:13:08.8843968Z |■■■■■■■■■■■■■■■■■■■■■■■■■■■■■■■■■■■■■■■■■■■■■■■■                                |  60% of 2.3 MiB
2026-10-03T15:13:08.8853644Z |■■■■■■■■■■■■■■■■■■■■■■■■■■■■■■■■■■■■■■■■■■■■■■■■■■■■■■■■                        |  70% of 2.3 MiB
2026-10-03T15:13:08.8928269Z |■■■■■■■■■■■■■■■■■■■■■■■■■■■■■■■■■■■■■■■■■■■■■■■■■■■■■■■■■■■■■■■■                |  80% of 2.3 MiB
2026-10-03T15:13:08.8938047Z |■■■■■■■■■■■■■■■■■■■■■■■■■■■■■■■■■■■■■■■■■■■■■■■■■■■■■■■■■■■■■■■■■■■■■■■■        |  90% of 2.3 MiB
2026-10-03T15:13:08.8943169Z |■■■■■■■■■■■■■■■■■■■■■■■■■■■■■■■■■■■■■■■■■■■■■■■■■■■■■■■■■■■■■■■■■■■■■■■■■■■■■■■■| 100% of 2.3 MiB
2026-10-03T15:13:08.9321343Z FFmpeg (playwright ffmpeg v1011) downloaded to /home/runner/.cache/ms-playwright/ffmpeg-1011
2026-10-03T15:13:08.9323337Z Downloading Chrome Headless Shell 151.0.7922.34 (playwright chromium-headless-shell v1234) from https://cdn.playwright.dev/builds/cft/151.0.7922.34/linux64/chrome-headless-shell-linux64.zip
2026-10-03T15:13:09.8354270Z |                                                                                |   0% of 114.7 MiB
2026-10-03T15:13:10.1443328Z |■■■■■■■■                                                                        |  10% of 114.7 MiB
2026-10-03T15:13:10.2041331Z |■■■■■■■■■■■■■■■■                                                                |  20% of 114.7 MiB
2026-10-03T15:13:10.2376818Z |■■■■■■■■■■■■■■■■■■■■■■■■                                                        |  30% of 114.7 MiB
2026-10-03T15:13:10.2742352Z |■■■■■■■■■■■■■■■■■■■■■■■■■■■■■■■■                                                |  40% of 114.7 MiB
2026-10-03T15:13:10.3112344Z |■■■■■■■■■■■■■■■■■■■■■■■■■■■■■■■■■■■■■■■■                                        |  50% of 114.7 MiB
2026-10-03T15:13:10.3372064Z |■■■■■■■■■■■■■■■■■■■■■■■■■■■■■■■■■■■■■■■■■■■■■■■■                                |  60% of 114.7 MiB
2026-10-03T15:13:10.3805065Z |■■■■■■■■■■■■■■■■■■■■■■■■■■■■■■■■■■■■■■■■■■■■■■■■■■■■■■■■                        |  70% of 114.7 MiB
2026-10-03T15:13:10.4306089Z |■■■■■■■■■■■■■■■■■■■■■■■■■■■■■■■■■■■■■■■■■■■■■■■■■■■■■■■■■■■■■■■■                |  80% of 114.7 MiB
2026-10-03T15:13:10.4677814Z |■■■■■■■■■■■■■■■■■■■■■■■■■■■■■■■■■■■■■■■■■■■■■■■■■■■■■■■■■■■■■■■■■■■■■■■■        |  90% of 114.7 MiB
2026-10-03T15:13:10.5013802Z |■■■■■■■■■■■■■■■■■■■■■■■■■■■■■■■■■■■■■■■■■■■■■■■■■■■■■■■■■■■■■■■■■■■■■■■■■■■■■■■■| 100% of 114.7 MiB
2026-10-03T15:13:11.9611406Z Chrome Headless Shell 151.0.7922.34 (playwright chromium-headless-shell v1234) downloaded to /home/runner/.cache/ms-playwright/chromium_headless_shell-1234
2026-10-03T15:13:11.9907615Z ##[group]Run pnpm test:browser
2026-10-03T15:13:11.9907801Z [36;1mpnpm test:browser[0m
2026-10-03T15:13:11.9961046Z shell: /usr/bin/bash -e {0}
2026-10-03T15:13:11.9961202Z env:
2026-10-03T15:13:11.9961357Z   PNPM_HOME: /home/runner/setup-pnpm/node_modules/.bin
2026-10-03T15:13:11.9961545Z ##[endgroup]
2026-10-03T15:13:12.5179614Z Already up to date
2026-10-03T15:13:12.5183664Z Done in 235ms using pnpm v11.19.0
2026-10-03T15:13:12.5298688Z $ node scripts/browser-test.mjs
2026-10-03T15:13:13.9302513Z [browser] page
2026-10-03T15:13:23.2410049Z [browser] uploadPage
2026-10-03T15:13:24.7471412Z [browser] workpaperPage
2026-10-03T15:13:26.5322591Z [browser] pdfPage
2026-10-03T15:13:27.3768099Z [browser] recoveryPage
2026-10-03T15:13:29.0085786Z [browser] importAiPage
2026-10-03T15:13:29.6433354Z [browser] importAiPage
2026-10-03T15:13:30.2807362Z [browser] importAiPage
2026-10-03T15:13:30.8603024Z [browser] quickPage
2026-10-03T15:13:31.9436889Z [browser] ambiguityPage
2026-10-03T15:13:32.8211421Z [browser] precisionPage
2026-10-03T15:13:33.3778581Z [browser] autoPdfPage
2026-10-03T15:13:34.2042550Z [browser] directionPage
2026-10-03T15:13:35.3743474Z [browser] directionPage
2026-10-03T15:13:36.9207177Z [browser] bothPdfPage
2026-10-03T15:13:37.9261530Z [browser] native layered XLSX headers
2026-10-03T15:13:40.5820880Z [browser] explicitly typed short documents
2026-10-03T15:13:43.2531682Z [browser] own-document and related-invoice roles
2026-10-03T15:13:46.8956410Z [browser] unknown credit-note role
2026-10-03T15:13:49.0698560Z [browser] canonical assistant evidence
2026-10-03T15:13:52.0949464Z [browser] template lifecycle
2026-10-03T15:13:52.4237236Z [browser] template cycle 1
2026-10-03T15:13:53.1034920Z [browser] template cycle 2
2026-10-03T15:13:53.7349443Z [browser] template cycle 3
2026-10-03T15:13:54.5232984Z [browser] visual reader
2026-10-03T15:13:58.4592104Z [browser] P6 actual OCR: cell correction, invalidation, bilingual save, restore and tamper rejection passed; financial promotion remains disabled
2026-10-03T15:13:59.8256688Z {"check":"arabic-visual-ocr-observation","status":"unverified","financialAccuracy":"not-established","expected":{"headingWords":["كشف","حساب","المورد"],"amounts":["١٬٢٥٠٫٠٠","-٢٥٠٫٠٠","١٬٠٠٠٫٠٠"]},"observed":["كشف","حساب","المورد","فاتورة","م70","‎YO,","-","429)‏","الإجمالي","‎Vee,‏"],"exactAmountCount":0,"expectedAmountCount":3,"numericCoverageGap":true,"comparisonRule":"exact Unicode words; ordinary bidi marks only are ignored; no digit, sign or separator substitution"}
2026-10-03T15:13:59.8258396Z ARABIC OCR NUMERIC COVERAGE GAP: 0/3 exact amounts. This is an unverified observation, not financial success.
2026-10-03T15:14:03.4869267Z [browser] manual visual regions
2026-10-03T15:14:10.6603920Z [browser] visual regions: real Arabic OCR, manual crop, review invalidation, cancel, save/restore, AR/EN/mobile and financial isolation passed
2026-10-03T15:14:10.6604931Z [browser] Arabic and English
2026-10-03T15:14:10.6874444Z [browser] visual table inventory
2026-10-03T15:14:15.3408067Z [browser] table inventory: real OCR, four reviewed literals, unreadable row, reviewed total, replay, AR/EN/mobile, stale source and accounting isolation passed
2026-10-03T15:14:15.3715933Z [browser] languages
2026-10-03T15:14:16.9062225Z {
2026-10-03T15:14:16.9062512Z   "passed": true,
2026-10-03T15:14:16.9062723Z   "checks": [
2026-10-03T15:14:16.9062924Z     "GitHub subpath assets",
2026-10-03T15:14:16.9063517Z     "legacy templates migrate to positions only; three offline compare/export/reset sessions retain fresh amounts and references",
2026-10-03T15:14:16.9064170Z     "production CSP",
2026-10-03T15:14:16.9064753Z     "Arabic-only TARASUF identity, authentic local native fonts, keyboard-accessible uploads and atomic multi-file-drop rejection",
2026-10-03T15:14:16.9065676Z     "true A4 vector paper proportions, unique local clips and per-paper scans across 17 animation samples at six widths; all scene motion pauses offscreen or on request",
2026-10-03T15:14:16.9067005Z     "320/390/768/820/1024/1280px layouts without overflow; four grounded features, readable workflow labels, anchor/keyboard reveals and reduced-motion privacy navigation",
2026-10-03T15:14:16.9067876Z     "offline native confirm/review/export headings retain correct font and focus; longest title wraps at 320px without shrinking",
2026-10-03T15:14:16.9068359Z     "offline first comparison",
2026-10-03T15:14:16.9068596Z     "engine/io cases run separately",
2026-10-03T15:14:16.9068842Z     "grounded assistant offline",
2026-10-03T15:14:16.9069314Z     "cancel and confirm session reset",
2026-10-03T15:14:16.9069549Z     "reject auto match",
2026-10-03T15:14:16.9069771Z     "Excel download roundtrip",
2026-10-03T15:14:16.9070061Z     "invalid export text rejected and correction retried",
2026-10-03T15:14:16.9070449Z     "mapping invalidation",
2026-10-03T15:14:16.9070654Z     "390px layout",
2026-10-03T15:14:16.9070860Z     "actual CSV upload offline",
2026-10-03T15:14:16.9071226Z     "XLSX upload with helper formulas, percentages and multiple sheets offline",
2026-10-03T15:14:16.9071722Z     "case workpaper reimport chooses parsed sources without restoring approvals",
2026-10-03T15:14:16.9072181Z     "bordered PDF upload, review, comparison and Excel export offline",
2026-10-03T15:14:16.9072728Z     "covered PDF rejected, XLSX retry succeeds, colored PDF comparison and numeric export succeed offline",
2026-10-03T15:14:16.9073438Z     "typed image-only and first-failing-page PDF diagnoses retain the existing XLSX and recover on the next readable PDF",
2026-10-03T15:14:16.9074383Z     "synthetic ready local-model advice requires explicit Apply before comparison; absent/downloadable providers never create sessions and retain manual mapping",
2026-10-03T15:14:16.9075328Z     "clear files show no mandatory input fields; explicit metadata and unambiguous formats filled and numeric export verified",
2026-10-03T15:14:16.9092984Z     "both ambiguous date and 3-decimal amount formats require independent choices",
2026-10-03T15:14:16.9095469Z     "unknown currency precision requires an explicit choice including the existing two-decimal value",
2026-10-03T15:14:16.9095956Z     "PDF columns detected from geometry with a reachable review box",
2026-10-03T15:14:16.9096495Z     "namespaced XLSX source pairs: zero mandatory fields with proven opposite directions and exact numeric Excel export",
2026-10-03T15:14:16.9097110Z     "formula running balances require separate essential supplier/AP sign choices before comparison",
2026-10-03T15:14:16.9097775Z     "header selection preserves proven AP direction; failed XLSX replacement preserves the retained file manual sign choice",
2026-10-03T15:14:16.9098426Z     "two PDF review approvals remain independent; replacing a multi-page PDF resets its preview and approval",
2026-10-03T15:14:16.9099115Z     "real local PNG/raster-PDF OCR, source hash, word coordinates, cancel/clear, native-source isolation and static-assets-only network",
2026-10-03T15:14:16.9100098Z     "Arabic RTL by default; switching to English LTR mid-review keeps files, results, tab, assistant answers and notes; identical figures and workpaper; no stray Arabic in English or English in Arabic; choice persists",
2026-10-03T15:14:16.9100901Z     "no observed external or POST requests"
2026-10-03T15:14:16.9101127Z   ],
2026-10-03T15:14:16.9101287Z   "screenshots": "work/qa"
2026-10-03T15:14:16.9101472Z }
2026-10-03T15:14:16.9773913Z ##[group]Run python3 audit/visual-cell-review/check_record.py work/qa/p6-reviewed.json work/qa/p6-source.png
2026-10-03T15:14:16.9774339Z [36;1mpython3 audit/visual-cell-review/check_record.py work/qa/p6-reviewed.json work/qa/p6-source.png[0m
2026-10-03T15:14:16.9824373Z shell: /usr/bin/bash -e {0}
2026-10-03T15:14:16.9824519Z env:
2026-10-03T15:14:16.9824661Z   PNPM_HOME: /home/runner/setup-pnpm/node_modules/.bin
2026-10-03T15:14:16.9824831Z ##[endgroup]
2026-10-03T15:14:21.0322411Z {"status": "pass", "cells": 2, "pixelIdentity": true, "financialPromotion": false}
2026-10-03T15:14:21.0388023Z ##[group]Run python3 audit/visual-numeric/check_record.py work/qa/p6-region-reviewed.json work/qa/p6-region-source.png
2026-10-03T15:14:21.0388463Z [36;1mpython3 audit/visual-numeric/check_record.py work/qa/p6-region-reviewed.json work/qa/p6-region-source.png[0m
2026-10-03T15:14:21.0440020Z shell: /usr/bin/bash -e {0}
2026-10-03T15:14:21.0440262Z env:
2026-10-03T15:14:21.0440402Z   PNPM_HOME: /home/runner/setup-pnpm/node_modules/.bin
2026-10-03T15:14:21.0440568Z ##[endgroup]
2026-10-03T15:14:26.3380422Z {"status": "pass", "manualRegions": 1, "arabicLiteral": "-٢٥٠٫٠٠", "pixelIdentity": true, "financialPromotion": false}
2026-10-03T15:14:26.3446166Z ##[group]Run python3 audit/visual-table/check_record.py work/qa/p6-table-reviewed.json work/qa/p6-table-source.png
2026-10-03T15:14:26.3446590Z [36;1mpython3 audit/visual-table/check_record.py work/qa/p6-table-reviewed.json work/qa/p6-table-source.png[0m
2026-10-03T15:14:26.3495955Z shell: /usr/bin/bash -e {0}
2026-10-03T15:14:26.3496088Z env:
2026-10-03T15:14:26.3496221Z   PNPM_HOME: /home/runner/setup-pnpm/node_modules/.bin
2026-10-03T15:14:26.3496385Z ##[endgroup]
2026-10-03T15:14:28.3821116Z {"status": "pass", "rows": 3, "manualValues": 4, "unreadableRows": 1, "reviewedExclusions": 1, "financialPromotion": false}
2026-10-03T15:14:28.3931832Z ##[group]Run actions/upload-artifact@ea165f8d65b6e75b540449e92b4886f43607fa02
2026-10-03T15:14:28.3932158Z with:
2026-10-03T15:14:28.3932351Z   name: visual-review-evidence
2026-10-03T15:14:28.3932554Z   path: work/qa/p6-*
2026-10-03T15:14:28.3932813Z   if-no-files-found: ignore
2026-10-03T15:14:28.3933010Z   retention-days: 7
2026-10-03T15:14:28.3933262Z   compression-level: 6
2026-10-03T15:14:28.3933454Z   overwrite: false
2026-10-03T15:14:28.3933652Z   include-hidden-files: false
2026-10-03T15:14:28.3933887Z env:
2026-10-03T15:14:28.3934110Z   PNPM_HOME: /home/runner/setup-pnpm/node_modules/.bin
2026-10-03T15:14:28.3934359Z ##[endgroup]
2026-10-03T15:14:28.4916214Z (node:4836) [DEP0040] DeprecationWarning: The `punycode` module is deprecated. Please use a userland alternative instead.
2026-10-03T15:14:28.4916748Z (Use `node --trace-deprecation ...` to show where the warning was created)
2026-10-03T15:14:28.4969021Z With the provided path, there will be 17 files uploaded
2026-10-03T15:14:28.4974994Z Artifact name is valid!
2026-10-03T15:14:28.4975833Z Root directory input is valid!
2026-10-03T15:14:28.8055055Z Beginning upload of artifact content to blob storage
2026-10-03T15:14:28.8567268Z (node:4836) [DEP0169] DeprecationWarning: `url.parse()` behavior is not standardized and prone to errors that have security implications. Use the WHATWG URL API instead. CVEs are not issued for `url.parse()` vulnerabilities.
2026-10-03T15:14:29.1914253Z Uploaded bytes 1157856
2026-10-03T15:14:29.2318558Z Finished uploading artifact content to blob storage!
2026-10-03T15:14:29.2319173Z SHA256 digest of uploaded artifact zip is 58734dcdddba1c341a908ebf69bdec7e3ac2dab98ccbce9bac771cf28895490a
2026-10-03T15:14:29.2320843Z Finalizing artifact upload
2026-10-03T15:14:29.4717438Z Artifact visual-review-evidence.zip successfully finalized. Artifact ID 11277342505
2026-10-03T15:14:29.4718154Z Artifact visual-review-evidence has been successfully uploaded! Final size is 1157856 bytes. Artifact ID is 11277342505
2026-10-03T15:14:29.4721680Z Artifact download URL: https://github.com/mjodshamrani-ux/accounting/actions/runs/37132301046/artifacts/11277342505
2026-10-03T15:14:29.4824228Z ##[group]Run python3 audit/related-invoice/check_export.py work/qa/f03-*.xlsx
2026-10-03T15:14:29.4824528Z [36;1mpython3 audit/related-invoice/check_export.py work/qa/f03-*.xlsx[0m
2026-10-03T15:14:29.4874405Z shell: /usr/bin/bash -e {0}
2026-10-03T15:14:29.4874543Z env:
2026-10-03T15:14:29.4874682Z   PNPM_HOME: /home/runner/setup-pnpm/node_modules/.bin
2026-10-03T15:14:29.4874851Z ##[endgroup]
2026-10-03T15:14:29.5341713Z [
2026-10-03T15:14:29.5341925Z   {
2026-10-03T15:14:29.5342237Z     "workbook": "work/qa/f03-different-credit-notes-direct.xlsx",
2026-10-03T15:14:29.5342549Z     "verified": true,
2026-10-03T15:14:29.5342731Z     "id": "different-credit-notes",
2026-10-03T15:14:29.5342890Z     "sourceFormat": "xlsx",
2026-10-03T15:14:29.5343027Z     "approved": 0,
2026-10-03T15:14:29.5343163Z     "engine": "0.3.26-experimental"
2026-10-03T15:14:29.5343300Z   },
2026-10-03T15:14:29.5343401Z   {
2026-10-03T15:14:29.5343604Z     "workbook": "work/qa/f03-different-credit-notes-restored.xlsx",
2026-10-03T15:14:29.5343809Z     "verified": true,
2026-10-03T15:14:29.5343949Z     "id": "different-credit-notes",
2026-10-03T15:14:29.5344277Z     "sourceFormat": "xlsx",
2026-10-03T15:14:29.5344408Z     "approved": 0,
2026-10-03T15:14:29.5344541Z     "engine": "0.3.26-experimental"
2026-10-03T15:14:29.5344672Z   },
2026-10-03T15:14:29.5344771Z   {
2026-10-03T15:14:29.5344923Z     "workbook": "work/qa/f03-own-credit-note-direct.xlsx",
2026-10-03T15:14:29.5345098Z     "verified": true,
2026-10-03T15:14:29.5345230Z     "id": "own-credit-note",
2026-10-03T15:14:29.5345372Z     "sourceFormat": "xlsx",
2026-10-03T15:14:29.5345505Z     "approved": 1,
2026-10-03T15:14:29.5345637Z     "engine": "0.3.26-experimental"
2026-10-03T15:14:29.5345774Z   },
2026-10-03T15:14:29.5345871Z   {
2026-10-03T15:14:29.5346029Z     "workbook": "work/qa/f03-own-credit-note-restored.xlsx",
2026-10-03T15:14:29.5346232Z     "verified": true,
2026-10-03T15:14:29.5346357Z     "id": "own-credit-note",
2026-10-03T15:14:29.5346497Z     "sourceFormat": "xlsx",
2026-10-03T15:14:29.5346624Z     "approved": 1,
2026-10-03T15:14:29.5346754Z     "engine": "0.3.26-experimental"
2026-10-03T15:14:29.5346890Z   },
2026-10-03T15:14:29.5346988Z   {
2026-10-03T15:14:29.5347151Z     "workbook": "work/qa/f03-short-own-credit-note-direct.xlsx",
2026-10-03T15:14:29.5347336Z     "verified": true,
2026-10-03T15:14:29.5347474Z     "id": "short-own-credit-note",
2026-10-03T15:14:29.5347623Z     "sourceFormat": "pdf",
2026-10-03T15:14:29.5347753Z     "approved": 1,
2026-10-03T15:14:29.5347881Z     "engine": "0.3.26-experimental"
2026-10-03T15:14:29.5348012Z   },
2026-10-03T15:14:29.5348108Z   {
2026-10-03T15:14:29.5348275Z     "workbook": "work/qa/f03-short-own-credit-note-restored.xlsx",
2026-10-03T15:14:29.5348460Z     "verified": true,
2026-10-03T15:14:29.5348596Z     "id": "short-own-credit-note",
2026-10-03T15:14:29.5348741Z     "sourceFormat": "pdf",
2026-10-03T15:14:29.5348890Z     "approved": 1,
2026-10-03T15:14:29.5349019Z     "engine": "0.3.26-experimental"
2026-10-03T15:14:29.5349152Z   }
2026-10-03T15:14:29.5349247Z ]
2026-10-03T15:14:29.5398478Z ##[group]Run python3 audit/related-invoice/unknown-role/check_export.py work/qa/unknown-*.xlsx
2026-10-03T15:14:29.5398826Z [36;1mpython3 audit/related-invoice/unknown-role/check_export.py work/qa/unknown-*.xlsx[0m
2026-10-03T15:14:29.5442366Z shell: /usr/bin/bash -e {0}
2026-10-03T15:14:29.5442500Z env:
2026-10-03T15:14:29.5442638Z   PNPM_HOME: /home/runner/setup-pnpm/node_modules/.bin
2026-10-03T15:14:29.5442806Z ##[endgroup]
2026-10-03T15:14:29.5827158Z [
2026-10-03T15:14:29.5827370Z   {
2026-10-03T15:14:29.5827749Z     "workbook": "work/qa/unknown-blank-credit-ordinary-invoice-direct.xlsx",
2026-10-03T15:14:29.5828127Z     "verified": true,
2026-10-03T15:14:29.5828379Z     "id": "blank-credit-ordinary-invoice",
2026-10-03T15:14:29.5828636Z     "format": "xlsx",
2026-10-03T15:14:29.5828835Z     "approved": 1,
2026-10-03T15:14:29.5829055Z     "engine": "0.3.26-experimental"
2026-10-03T15:14:29.5829281Z   },
2026-10-03T15:14:29.5829441Z   {
2026-10-03T15:14:29.5829809Z     "workbook": "work/qa/unknown-blank-credit-ordinary-invoice-restored.xlsx",
2026-10-03T15:14:29.5830345Z     "verified": true,
2026-10-03T15:14:29.5830595Z     "id": "blank-credit-ordinary-invoice",
2026-10-03T15:14:29.5830847Z     "format": "xlsx",
2026-10-03T15:14:29.5831046Z     "approved": 1,
2026-10-03T15:14:29.5831262Z     "engine": "0.3.26-experimental"
2026-10-03T15:14:29.5831481Z   },
2026-10-03T15:14:29.5831641Z   {
2026-10-03T15:14:29.5831936Z     "workbook": "work/qa/unknown-different-untyped-credit-direct.xlsx",
2026-10-03T15:14:29.5832269Z     "verified": true,
2026-10-03T15:14:29.5832504Z     "id": "different-untyped-credit",
2026-10-03T15:14:29.5832743Z     "format": "xlsx",
2026-10-03T15:14:29.5832936Z     "approved": 0,
2026-10-03T15:14:29.5833151Z     "engine": "0.3.26-experimental"
2026-10-03T15:14:29.5833369Z   },
2026-10-03T15:14:29.5833526Z   {
2026-10-03T15:14:29.5833817Z     "workbook": "work/qa/unknown-different-untyped-credit-restored.xlsx",
2026-10-03T15:14:29.5834139Z     "verified": true,
2026-10-03T15:14:29.5834368Z     "id": "different-untyped-credit",
2026-10-03T15:14:29.5834810Z     "format": "xlsx",
2026-10-03T15:14:29.5834994Z     "approved": 0,
2026-10-03T15:14:29.5835193Z     "engine": "0.3.26-experimental"
2026-10-03T15:14:29.5835387Z   }
2026-10-03T15:14:29.5835528Z ]
2026-10-03T15:14:29.5884653Z ##[group]Run python3 audit/assistant-evidence/check_export.py work/qa/p5-*.xlsx --browser work/qa/p5-browser.json
2026-10-03T15:14:29.5885054Z [36;1mpython3 audit/assistant-evidence/check_export.py work/qa/p5-*.xlsx --browser work/qa/p5-browser.json[0m
2026-10-03T15:14:29.5928856Z shell: /usr/bin/bash -e {0}
2026-10-03T15:14:29.5929004Z env:
2026-10-03T15:14:29.5929143Z   PNPM_HOME: /home/runner/setup-pnpm/node_modules/.bin
2026-10-03T15:14:29.5929312Z ##[endgroup]
2026-10-03T15:14:29.6335627Z {
2026-10-03T15:14:29.6335866Z   "workbooks": [
2026-10-03T15:14:29.6336060Z     {
2026-10-03T15:14:29.6336344Z       "workbook": "work/qa/p5-partial-source-direct.xlsx",
2026-10-03T15:14:29.6336648Z       "verified": true,
2026-10-03T15:14:29.6336880Z       "id": "partial-source",
2026-10-03T15:14:29.6337099Z       "approved": 1,
2026-10-03T15:14:29.6337326Z       "engine": "0.3.26-experimental"
2026-10-03T15:14:29.6337552Z     },
2026-10-03T15:14:29.6337712Z     {
2026-10-03T15:14:29.6338007Z       "workbook": "work/qa/p5-partial-source-restored.xlsx",
2026-10-03T15:14:29.6338305Z       "verified": true,
2026-10-03T15:14:29.6338511Z       "id": "partial-source",
2026-10-03T15:14:29.6338730Z       "approved": 1,
2026-10-03T15:14:29.6338953Z       "engine": "0.3.26-experimental"
2026-10-03T15:14:29.6339180Z     },
2026-10-03T15:14:29.6339339Z     {
2026-10-03T15:14:29.6339590Z       "workbook": "work/qa/p5-untyped-credit-direct.xlsx",
2026-10-03T15:14:29.6339873Z       "verified": true,
2026-10-03T15:14:29.6340079Z       "id": "untyped-credit",
2026-10-03T15:14:29.6340446Z       "approved": 0,
2026-10-03T15:14:29.6340666Z       "engine": "0.3.26-experimental"
2026-10-03T15:14:29.6340887Z     },
2026-10-03T15:14:29.6341043Z     {
2026-10-03T15:14:29.6341309Z       "workbook": "work/qa/p5-untyped-credit-restored.xlsx",
2026-10-03T15:14:29.6341597Z       "verified": true,
2026-10-03T15:14:29.6341802Z       "id": "untyped-credit",
2026-10-03T15:14:29.6342014Z       "approved": 0,
2026-10-03T15:14:29.6342227Z       "engine": "0.3.26-experimental"
2026-10-03T15:14:29.6342434Z     }
2026-10-03T15:14:29.6342583Z   ],
2026-10-03T15:14:29.6342744Z   "answers": null,
2026-10-03T15:14:29.6342923Z   "browser": {
2026-10-03T15:14:29.6343133Z     "browserAnswersVerified": 2,
2026-10-03T15:14:29.6343379Z     "engine": "0.3.26-experimental"
2026-10-03T15:14:29.6343592Z   }
2026-10-03T15:14:29.6343728Z }
2026-10-03T15:14:29.6406282Z ##[group]Run actions/upload-artifact@ea165f8d65b6e75b540449e92b4886f43607fa02
2026-10-03T15:14:29.6406494Z with:
2026-10-03T15:14:29.6406611Z   name: assistant-evidence
2026-10-03T15:14:29.6406793Z   path: work/p5-native
work/qa/p5-*.xlsx
work/qa/p5-browser.json

2026-10-03T15:14:29.6406985Z   if-no-files-found: ignore
2026-10-03T15:14:29.6407124Z   retention-days: 7
2026-10-03T15:14:29.6407239Z   compression-level: 6
2026-10-03T15:14:29.6407358Z   overwrite: false
2026-10-03T15:14:29.6407479Z   include-hidden-files: false
2026-10-03T15:14:29.6407608Z env:
2026-10-03T15:14:29.6407742Z   PNPM_HOME: /home/runner/setup-pnpm/node_modules/.bin
2026-10-03T15:14:29.6407907Z ##[endgroup]
2026-10-03T15:14:29.7363128Z (node:4855) [DEP0040] DeprecationWarning: The `punycode` module is deprecated. Please use a userland alternative instead.
2026-10-03T15:14:29.7363582Z (Use `node --trace-deprecation ...` to show where the warning was created)
2026-10-03T15:14:29.7452656Z Multiple search paths detected. Calculating the least common ancestor of all paths
2026-10-03T15:14:29.7453674Z The least common ancestor is /home/runner/work/accounting/accounting/work. This will be the root directory of the artifact
2026-10-03T15:14:29.7454264Z With the provided path, there will be 14 files uploaded
2026-10-03T15:14:29.7454696Z Artifact name is valid!
2026-10-03T15:14:29.7455365Z Root directory input is valid!
2026-10-03T15:14:30.0403507Z Beginning upload of artifact content to blob storage
2026-10-03T15:14:30.0664248Z (node:4855) [DEP0169] DeprecationWarning: `url.parse()` behavior is not standardized and prone to errors that have security implications. Use the WHATWG URL API instead. CVEs are not issued for `url.parse()` vulnerabilities.
2026-10-03T15:14:30.3474595Z Uploaded bytes 326627
2026-10-03T15:14:30.3892630Z Finished uploading artifact content to blob storage!
2026-10-03T15:14:30.3893369Z SHA256 digest of uploaded artifact zip is 54c842063b03d038467d23d9aa0664585ca4c5d5f0c111650d423ffa8a76e21f
2026-10-03T15:14:30.3894678Z Finalizing artifact upload
2026-10-03T15:14:30.6300464Z Artifact assistant-evidence.zip successfully finalized. Artifact ID 11277607012
2026-10-03T15:14:30.6301159Z Artifact assistant-evidence has been successfully uploaded! Final size is 326627 bytes. Artifact ID is 11277607012
2026-10-03T15:14:30.6304854Z Artifact download URL: https://github.com/mjodshamrani-ux/accounting/actions/runs/37132301046/artifacts/11277607012
2026-10-03T15:14:30.6408513Z ##[group]Run actions/upload-artifact@ea165f8d65b6e75b540449e92b4886f43607fa02
2026-10-03T15:14:30.6408728Z with:
2026-10-03T15:14:30.6408850Z   name: related-invoice-evidence
2026-10-03T15:14:30.6409192Z   path: work/f03-native
work/f03-pdf
work/unknown-role
work/qa/unknown-*.xlsx
work/qa/unknown-browser.json
work/qa/f03-*.xlsx
work/qa/f03-browser.json

2026-10-03T15:14:30.6409532Z   if-no-files-found: ignore
2026-10-03T15:14:30.6409670Z   retention-days: 7
2026-10-03T15:14:30.6409789Z   compression-level: 6
2026-10-03T15:14:30.6409913Z   overwrite: false
2026-10-03T15:14:30.6410034Z   include-hidden-files: false
2026-10-03T15:14:30.6410326Z env:
2026-10-03T15:14:30.6410461Z   PNPM_HOME: /home/runner/setup-pnpm/node_modules/.bin
2026-10-03T15:14:30.6410634Z ##[endgroup]
2026-10-03T15:14:30.7371371Z (node:4867) [DEP0040] DeprecationWarning: The `punycode` module is deprecated. Please use a userland alternative instead.
2026-10-03T15:14:30.7371890Z (Use `node --trace-deprecation ...` to show where the warning was created)
2026-10-03T15:14:30.7500705Z Multiple search paths detected. Calculating the least common ancestor of all paths
2026-10-03T15:14:30.7502259Z The least common ancestor is /home/runner/work/accounting/accounting/work. This will be the root directory of the artifact
2026-10-03T15:14:30.7502925Z With the provided path, there will be 63 files uploaded
2026-10-03T15:14:30.7505192Z Artifact name is valid!
2026-10-03T15:14:30.7505735Z Root directory input is valid!
2026-10-03T15:14:30.9971851Z Beginning upload of artifact content to blob storage
2026-10-03T15:14:31.0619972Z (node:4867) [DEP0169] DeprecationWarning: `url.parse()` behavior is not standardized and prone to errors that have security implications. Use the WHATWG URL API instead. CVEs are not issued for `url.parse()` vulnerabilities.
2026-10-03T15:14:31.3590937Z Uploaded bytes 1530259
2026-10-03T15:14:31.3945832Z Finished uploading artifact content to blob storage!
2026-10-03T15:14:31.3946487Z SHA256 digest of uploaded artifact zip is c2bbbc39e35a274cba5a627e6ffbacb9bc484efd2bffbae424a4bae9ae6550b8
2026-10-03T15:14:31.3947706Z Finalizing artifact upload
2026-10-03T15:14:31.6201834Z Artifact related-invoice-evidence.zip successfully finalized. Artifact ID 11277646893
2026-10-03T15:14:31.6202299Z Artifact related-invoice-evidence has been successfully uploaded! Final size is 1530259 bytes. Artifact ID is 11277646893
2026-10-03T15:14:31.6206092Z Artifact download URL: https://github.com/mjodshamrani-ux/accounting/actions/runs/37132301046/artifacts/11277646893
2026-10-03T15:14:31.6314345Z ##[group]Run python3 audit/layered-statement/check_export.py work/qa/layered-0-direct.xlsx work/qa/layered-0-restored.xlsx work/qa/layered-1-direct.xlsx work/qa/layered-1-restored.xlsx
2026-10-03T15:14:31.6315007Z [36;1mpython3 audit/layered-statement/check_export.py work/qa/layered-0-direct.xlsx work/qa/layered-0-restored.xlsx work/qa/layered-1-direct.xlsx work/qa/layered-1-restored.xlsx[0m
2026-10-03T15:14:31.6365095Z shell: /usr/bin/bash -e {0}
2026-10-03T15:14:31.6365248Z env:
2026-10-03T15:14:31.6365396Z   PNPM_HOME: /home/runner/setup-pnpm/node_modules/.bin
2026-10-03T15:14:31.6365576Z ##[endgroup]
2026-10-03T15:14:31.6768755Z [
2026-10-03T15:14:31.6768950Z   {
2026-10-03T15:14:31.6769215Z     "workbook": "work/qa/layered-0-direct.xlsx",
2026-10-03T15:14:31.6769502Z     "verified": true,
2026-10-03T15:14:31.6769765Z     "source": "supplier-layered-proven.xlsx",
2026-10-03T15:14:31.6770339Z     "sourceHash": "ed920ea60d9c302e2d319f76920f048227366fc5b01fdbb5229bab584fc93e8a",
2026-10-03T15:14:31.6770708Z     "movements": 4,
2026-10-03T15:14:31.6770899Z     "rowFates": 10,
2026-10-03T15:14:31.6771106Z     "approvedSupplierRows": [
2026-10-03T15:14:31.6771328Z       8
2026-10-03T15:14:31.6771490Z     ],
2026-10-03T15:14:31.6771668Z     "headerBand": [
2026-10-03T15:14:31.6771797Z       3,
2026-10-03T15:14:31.6771903Z       4
2026-10-03T15:14:31.6772011Z     ],
2026-10-03T15:14:31.6772140Z     "fullReconciliation": false
2026-10-03T15:14:31.6772281Z   },
2026-10-03T15:14:31.6772385Z   {
2026-10-03T15:14:31.6772539Z     "workbook": "work/qa/layered-0-restored.xlsx",
2026-10-03T15:14:31.6772714Z     "verified": true,
2026-10-03T15:14:31.6772877Z     "source": "supplier-layered-proven.xlsx",
2026-10-03T15:14:31.6773142Z     "sourceHash": "ed920ea60d9c302e2d319f76920f048227366fc5b01fdbb5229bab584fc93e8a",
2026-10-03T15:14:31.6773371Z     "movements": 4,
2026-10-03T15:14:31.6773492Z     "rowFates": 10,
2026-10-03T15:14:31.6773625Z     "approvedSupplierRows": [
2026-10-03T15:14:31.6773766Z       8
2026-10-03T15:14:31.6773869Z     ],
2026-10-03T15:14:31.6773977Z     "headerBand": [
2026-10-03T15:14:31.6774091Z       3,
2026-10-03T15:14:31.6774196Z       4
2026-10-03T15:14:31.6774297Z     ],
2026-10-03T15:14:31.6774418Z     "fullReconciliation": false
2026-10-03T15:14:31.6774555Z   },
2026-10-03T15:14:31.6774656Z   {
2026-10-03T15:14:31.6774799Z     "workbook": "work/qa/layered-1-direct.xlsx",
2026-10-03T15:14:31.6774967Z     "verified": true,
2026-10-03T15:14:31.6775132Z     "source": "supplier-layered-conflict.xlsx",
2026-10-03T15:14:31.6775401Z     "sourceHash": "9d4133c437598504fc8284d61f993e6977cf9bf699c44e3bb6fb499f85f859b4",
2026-10-03T15:14:31.6775627Z     "movements": 4,
2026-10-03T15:14:31.6775746Z     "rowFates": 10,
2026-10-03T15:14:31.6775875Z     "approvedSupplierRows": [
2026-10-03T15:14:31.6776021Z       8
2026-10-03T15:14:31.6776123Z     ],
2026-10-03T15:14:31.6776229Z     "headerBand": [
2026-10-03T15:14:31.6776345Z       3,
2026-10-03T15:14:31.6776450Z       4
2026-10-03T15:14:31.6776550Z     ],
2026-10-03T15:14:31.6776674Z     "fullReconciliation": false
2026-10-03T15:14:31.6776810Z   },
2026-10-03T15:14:31.6776911Z   {
2026-10-03T15:14:31.6777052Z     "workbook": "work/qa/layered-1-restored.xlsx",
2026-10-03T15:14:31.6777224Z     "verified": true,
2026-10-03T15:14:31.6777389Z     "source": "supplier-layered-conflict.xlsx",
2026-10-03T15:14:31.6777654Z     "sourceHash": "9d4133c437598504fc8284d61f993e6977cf9bf699c44e3bb6fb499f85f859b4",
2026-10-03T15:14:31.6777874Z     "movements": 4,
2026-10-03T15:14:31.6777995Z     "rowFates": 10,
2026-10-03T15:14:31.6778126Z     "approvedSupplierRows": [
2026-10-03T15:14:31.6778266Z       8
2026-10-03T15:14:31.6778373Z     ],
2026-10-03T15:14:31.6778482Z     "headerBand": [
2026-10-03T15:14:31.6778601Z       3,
2026-10-03T15:14:31.6778704Z       4
2026-10-03T15:14:31.6778806Z     ],
2026-10-03T15:14:31.6778930Z     "fullReconciliation": false
2026-10-03T15:14:31.6779067Z   }
2026-10-03T15:14:31.6779170Z ]
2026-10-03T15:14:31.6832972Z ##[group]Run python3 audit/typed-document/check_export.py work/qa/typed-0-direct.xlsx work/qa/typed-0-restored.xlsx work/qa/typed-1-direct.xlsx work/qa/typed-1-restored.xlsx
2026-10-03T15:14:31.6833606Z [36;1mpython3 audit/typed-document/check_export.py work/qa/typed-0-direct.xlsx work/qa/typed-0-restored.xlsx work/qa/typed-1-direct.xlsx work/qa/typed-1-restored.xlsx[0m
2026-10-03T15:14:31.6834173Z [36;1mpython3 -m unittest discover -s audit/typed-document -p 'test_*.py' -v[0m
2026-10-03T15:14:31.6877189Z shell: /usr/bin/bash -e {0}
2026-10-03T15:14:31.6877330Z env:
2026-10-03T15:14:31.6877477Z   PNPM_HOME: /home/runner/setup-pnpm/node_modules/.bin
2026-10-03T15:14:31.6877653Z ##[endgroup]
2026-10-03T15:14:31.7304608Z [
2026-10-03T15:14:31.7304835Z   {
2026-10-03T15:14:31.7305105Z     "workbook": "work/qa/typed-0-direct.xlsx",
2026-10-03T15:14:31.7305389Z     "verified": true,
2026-10-03T15:14:31.7305643Z     "source": "supplier-typed-proven.xlsx",
2026-10-03T15:14:31.7306003Z     "engine": "0.3.26-experimental",
2026-10-03T15:14:31.7306246Z     "supplierMovements": 4,
2026-10-03T15:14:31.7306472Z     "supplierRowFates": 10,
2026-10-03T15:14:31.7306693Z     "approvedMemberSets": [
2026-10-03T15:14:31.7306900Z       {
2026-10-03T15:14:31.7307079Z         "supplierRows": [
2026-10-03T15:14:31.7307285Z           8
2026-10-03T15:14:31.7307457Z         ],
2026-10-03T15:14:31.7307636Z         "ledgerRows": [
2026-10-03T15:14:31.7307809Z           3
2026-10-03T15:14:31.7307916Z         ],
2026-10-03T15:14:31.7308039Z         "amountMinor": -35000
2026-10-03T15:14:31.7308177Z       },
2026-10-03T15:14:31.7308285Z       {
2026-10-03T15:14:31.7308400Z         "supplierRows": [
2026-10-03T15:14:31.7308530Z           9
2026-10-03T15:14:31.7308635Z         ],
2026-10-03T15:14:31.7308746Z         "ledgerRows": [
2026-10-03T15:14:31.7308872Z           4
2026-10-03T15:14:31.7308975Z         ],
2026-10-03T15:14:31.7309092Z         "amountMinor": -5000
2026-10-03T15:14:31.7309228Z       },
2026-10-03T15:14:31.7309334Z       {
2026-10-03T15:14:31.7309444Z         "supplierRows": [
2026-10-03T15:14:31.7309579Z           6,
2026-10-03T15:14:31.7309691Z           7
2026-10-03T15:14:31.7309796Z         ],
2026-10-03T15:14:31.7309909Z         "ledgerRows": [
2026-10-03T15:14:31.7310033Z           2
2026-10-03T15:14:31.7310393Z         ],
2026-10-03T15:14:31.7310599Z         "amountMinor": 100000
2026-10-03T15:14:31.7310766Z       }
2026-10-03T15:14:31.7310873Z     ],
2026-10-03T15:14:31.7311007Z     "fullReconciliation": false
2026-10-03T15:14:31.7311150Z   },
2026-10-03T15:14:31.7311253Z   {
2026-10-03T15:14:31.7311407Z     "workbook": "work/qa/typed-0-restored.xlsx",
2026-10-03T15:14:31.7311578Z     "verified": true,
2026-10-03T15:14:31.7311738Z     "source": "supplier-typed-proven.xlsx",
2026-10-03T15:14:31.7311918Z     "engine": "0.3.26-experimental",
2026-10-03T15:14:31.7312073Z     "supplierMovements": 4,
2026-10-03T15:14:31.7312219Z     "supplierRowFates": 10,
2026-10-03T15:14:31.7312366Z     "approvedMemberSets": [
2026-10-03T15:14:31.7312500Z       {
2026-10-03T15:14:31.7312612Z         "supplierRows": [
2026-10-03T15:14:31.7312742Z           8
2026-10-03T15:14:31.7312852Z         ],
2026-10-03T15:14:31.7312964Z         "ledgerRows": [
2026-10-03T15:14:31.7313087Z           3
2026-10-03T15:14:31.7313193Z         ],
2026-10-03T15:14:31.7313311Z         "amountMinor": -35000
2026-10-03T15:14:31.7313444Z       },
2026-10-03T15:14:31.7313550Z       {
2026-10-03T15:14:31.7313661Z         "supplierRows": [
2026-10-03T15:14:31.7313786Z           9
2026-10-03T15:14:31.7313892Z         ],
2026-10-03T15:14:31.7314004Z         "ledgerRows": [
2026-10-03T15:14:31.7314127Z           4
2026-10-03T15:14:31.7314230Z         ],
2026-10-03T15:14:31.7314348Z         "amountMinor": -5000
2026-10-03T15:14:31.7314484Z       },
2026-10-03T15:14:31.7314585Z       {
2026-10-03T15:14:31.7314697Z         "supplierRows": [
2026-10-03T15:14:31.7314827Z           6,
2026-10-03T15:14:31.7314936Z           7
2026-10-03T15:14:31.7315236Z         ],
2026-10-03T15:14:31.7315350Z         "ledgerRows": [
2026-10-03T15:14:31.7315474Z           2
2026-10-03T15:14:31.7315578Z         ],
2026-10-03T15:14:31.7315695Z         "amountMinor": 100000
2026-10-03T15:14:31.7315827Z       }
2026-10-03T15:14:31.7315929Z     ],
2026-10-03T15:14:31.7316053Z     "fullReconciliation": false
2026-10-03T15:14:31.7316193Z   },
2026-10-03T15:14:31.7316296Z   {
2026-10-03T15:14:31.7316538Z     "workbook": "work/qa/typed-1-direct.xlsx",
2026-10-03T15:14:31.7316703Z     "verified": true,
2026-10-03T15:14:31.7316876Z     "source": "supplier-typed-conflict.xlsx",
2026-10-03T15:14:31.7317062Z     "engine": "0.3.26-experimental",
2026-10-03T15:14:31.7317217Z     "supplierMovements": 4,
2026-10-03T15:14:31.7317360Z     "supplierRowFates": 10,
2026-10-03T15:14:31.7317503Z     "approvedMemberSets": [
2026-10-03T15:14:31.7317635Z       {
2026-10-03T15:14:31.7317747Z         "supplierRows": [
2026-10-03T15:14:31.7317875Z           8
2026-10-03T15:14:31.7317983Z         ],
2026-10-03T15:14:31.7318103Z         "ledgerRows": [
2026-10-03T15:14:31.7318224Z           3
2026-10-03T15:14:31.7318331Z         ],
2026-10-03T15:14:31.7318448Z         "amountMinor": -35000
2026-10-03T15:14:31.7318581Z       },
2026-10-03T15:14:31.7318686Z       {
2026-10-03T15:14:31.7318798Z         "supplierRows": [
2026-10-03T15:14:31.7318926Z           9
2026-10-03T15:14:31.7319031Z         ],
2026-10-03T15:14:31.7319150Z         "ledgerRows": [
2026-10-03T15:14:31.7319276Z           4
2026-10-03T15:14:31.7319383Z         ],
2026-10-03T15:14:31.7319501Z         "amountMinor": -5000
2026-10-03T15:14:31.7319635Z       }
2026-10-03T15:14:31.7319739Z     ],
2026-10-03T15:14:31.7319864Z     "fullReconciliation": false
2026-10-03T15:14:31.7320002Z   },
2026-10-03T15:14:31.7320182Z   {
2026-10-03T15:14:31.7320324Z     "workbook": "work/qa/typed-1-restored.xlsx",
2026-10-03T15:14:31.7320493Z     "verified": true,
2026-10-03T15:14:31.7320654Z     "source": "supplier-typed-conflict.xlsx",
2026-10-03T15:14:31.7320838Z     "engine": "0.3.26-experimental",
2026-10-03T15:14:31.7320990Z     "supplierMovements": 4,
2026-10-03T15:14:31.7321134Z     "supplierRowFates": 10,
2026-10-03T15:14:31.7321277Z     "approvedMemberSets": [
2026-10-03T15:14:31.7321411Z       {
2026-10-03T15:14:31.7321523Z         "supplierRows": [
2026-10-03T15:14:31.7321654Z           8
2026-10-03T15:14:31.7321762Z         ],
2026-10-03T15:14:31.7321872Z         "ledgerRows": [
2026-10-03T15:14:31.7322001Z           3
2026-10-03T15:14:31.7322110Z         ],
2026-10-03T15:14:31.7322225Z         "amountMinor": -35000
2026-10-03T15:14:31.7322358Z       },
2026-10-03T15:14:31.7322463Z       {
2026-10-03T15:14:31.7322579Z         "supplierRows": [
2026-10-03T15:14:31.7322705Z           9
2026-10-03T15:14:31.7322813Z         ],
2026-10-03T15:14:31.7322928Z         "ledgerRows": [
2026-10-03T15:14:31.7323052Z           4
2026-10-03T15:14:31.7323159Z         ],
2026-10-03T15:14:31.7323275Z         "amountMinor": -5000
2026-10-03T15:14:31.7323412Z       }
2026-10-03T15:14:31.7323518Z     ],
2026-10-03T15:14:31.7323645Z     "fullReconciliation": false
2026-10-03T15:14:31.7323783Z   }
2026-10-03T15:14:31.7323888Z ]
2026-10-03T15:14:31.7824483Z test_all_native_and_restored_workbooks (test_check_export.TypedExportOracle.test_all_native_and_restored_workbooks) ... ok
2026-10-03T15:14:31.8235459Z test_deliberate_financial_and_source_tampering_is_rejected (test_check_export.TypedExportOracle.test_deliberate_financial_and_source_tampering_is_rejected) ... ok
2026-10-03T15:14:31.8235877Z 
2026-10-03T15:14:31.8236021Z ----------------------------------------------------------------------
2026-10-03T15:14:31.8236233Z Ran 2 tests in 0.054s
2026-10-03T15:14:31.8236317Z 
2026-10-03T15:14:31.8236367Z OK
2026-10-03T15:14:31.8306712Z ##[group]Run node audit/partial-input/browser/run.mjs ci-partial isolated
2026-10-03T15:14:31.8307010Z [36;1mnode audit/partial-input/browser/run.mjs ci-partial isolated[0m
2026-10-03T15:14:31.8307710Z [36;1mpython3 audit/partial-reconciliation/check_openxml.py --xlsx audit/partial-input/browser/ci-partial/partial.xlsx --out audit/partial-input/browser/ci-partial/openxml.json --browser-oracle audit/partial-input/browser/fixtures-isolated/oracle.json --require-reviewed --expected-engine 0.3.26-experimental[0m
2026-10-03T15:14:31.8308415Z [36;1mnode audit/partial-input/browser/run.mjs ci-partial-original original[0m
2026-10-03T15:14:31.8309130Z [36;1mpython3 audit/partial-reconciliation/check_openxml.py --xlsx audit/partial-input/browser/ci-partial-original/partial.xlsx --out audit/partial-input/browser/ci-partial-original/openxml.json --browser-oracle audit/partial-input/browser/fixtures/oracle.json --require-reviewed --expected-engine 0.3.26-experimental[0m
2026-10-03T15:14:31.8357385Z shell: /usr/bin/bash -e {0}
2026-10-03T15:14:31.8357534Z env:
2026-10-03T15:14:31.8357682Z   PNPM_HOME: /home/runner/setup-pnpm/node_modules/.bin
2026-10-03T15:14:31.8357865Z ##[endgroup]
2026-10-03T15:14:35.4307077Z {"passed":true,"stage":"final-integrity","result":"/home/runner/work/accounting/accounting/audit/partial-input/browser/ci-partial/result.json"}
2026-10-03T15:14:35.4869244Z {"checkerSha256": "6475352b77f71a35c0ecf8ccfa51ec71630c5f8e80eacde37514e1c873014bdf", "observedAtUtc": "2026-10-03T15:14:35.473833+00:00", "passed": true, "frozenBefore": "0b10b982659d984e9298082c0a76bb183fcd6d30abb8c34a5be520fed9a57e7e", "workbookSha256": "b9ed0ceacddd38109564d4d7cc80189c1a1292a3b5986c7d3b6218280af99ec0", "observations": {"originalSourcePreservation": {"passed": true, "readableRows": 4, "readingIssues": [{"sourceRowId": "supplier:0:3", "reason": "المبلغ غير صالح أو يتجاوز عدد المنازل العشرية للعملة", "originalAmount": "unread"}, {"sourceRowId": "supplier:0:4", "reason": "المبلغ غير صالح أو يتجاوز عدد المنازل العشرية للعملة", "originalAmount": "unread"}, {"sourceRowId": "supplier:0:5", "reason": "المبلغ غير صالح أو يتجاوز عدد المنازل العشرية للعملة", "originalAmount": "unread"}, {"sourceRowId": "supplier:0:6", "reason": "المبلغ غير صالح أو يتجاوز عدد المنازل العشرية للعملة", "originalAmount": "unread"}, {"sourceRowId": "supplier:0:7", "reason": "المبلغ غير صالح أو يتجاوز عدد المنازل العشرية للعملة", "originalAmount": "unread"}, {"sourceRowId": "supplier:0:8", "reason": "المبلغ غير صالح أو يتجاوز عدد المنازل العشرية للعملة", "originalAmount": "unread"}, {"sourceRowId": "supplier:0:9", "reason": "المبلغ غير صالح أو يتجاوز عدد المنازل العشرية للعملة", "originalAmount": "unread"}, {"sourceRowId": "supplier:0:10", "reason": "المبلغ غير صالح أو يتجاوز عدد المنازل العشرية للعملة", "originalAmount": "unread"}, {"sourceRowId": "supplier:0:11", "reason": "المبلغ غير صالح أو يتجاوز عدد المنازل العشرية للعملة", "originalAmount": "unread"}, {"sourceRowId": "supplier:0:12", "reason": "المبلغ غير صالح أو يتجاوز عدد المنازل العشرية للعملة", "originalAmount": "unread"}, {"sourceRowId": "supplier:0:13", "reason": "المبلغ غير صالح أو يتجاوز عدد المنازل العشرية للعملة", "originalAmount": "unread"}, {"sourceRowId": "supplier:0:14", "reason": "المبلغ غير صالح أو يتجاوز عدد المنازل العشرية للعملة", "originalAmount": "unread"}, {"sourceRowId": "supplier:0:15", "reason": "المبلغ غير صالح أو يتجاوز عدد المنازل العشرية للعملة", "originalAmount": "unread"}], "issueTraceEncoding": "Source File + Side + Source Sheet CSV + Source Row; contract IDs reconstructed for selected sheet 0"}, "partialSummaryAndReview": {"passed": true, "processedTotalsMinor": {"supplier": 35000, "ledger": 35000}, "processedTotalFields": {"supplier": "Supplier Processed Transaction Total", "ledger": "Ledger Processed Transaction Total"}, "partialSummaryFields": {"Reading Status": "Partial — reading issues remain open", "Workbook Mode": "Partial transaction snapshot for review. Reading issues remain open; totals cover processed transactions only. Not a complete reconciliation."}, "bridgeStatus": "Balance bridge prerequisites incomplete", "reviewCompleted": "Review recorded; reading issues remain open", "reviewApproval": "Not approved — review completion is not an approval declaration"}, "originalSourceHashBinding": {"passed": true, "sourceProvenance": {"oracleSha256": "c2d5a00ade4e27354e3e9a24bc8136b371ef1728c2516253dc55630a1adf2ac3", "sourceSha256": {"supplier": "66db9ee7c99881d80cf0818553d8c01e4407c1e810de562e0b8095a4354ebe01", "ledger": "3298df6aa51c4b1ea3f34f0bd197f90ef458eb5c956f830eced1100d39db9007"}, "contractScope": "Separately authored plain-unread positive contract. Passing this contract does not satisfy the original unread-1..13 contract.", "originalCompletionMiss": "audit/partial-input/browser/original-contract-miss.json"}}, "requiredCompletion": {"requiredPairs": 2, "actualMatchedCases": 2, "requiredMemberSets": [{"supplierRows": [2], "ledgerRows": [2]}, {"supplierRows": [16], "ledgerRows": [3]}]}}, "contract": "browser-isolated-amount", "requiredPairs": 2, "requiredPairsSatisfied": 2, "falseApprovedPairs": 0, "matchedSourceRows": 4, "readableSourceRows": 4, "invalidRowsRetained": [{"sourceRowId": "supplier:0:3", "reason": "المبلغ غير صالح أو يتجاوز عدد المنازل العشرية للعملة", "originalAmount": "unread"}, {"sourceRowId": "supplier:0:4", "reason": "المبلغ غير صالح أو يتجاوز عدد المنازل العشرية للعملة", "originalAmount": "unread"}, {"sourceRowId": "supplier:0:5", "reason": "المبلغ غير صالح أو يتجاوز عدد المنازل العشرية للعملة", "originalAmount": "unread"}, {"sourceRowId": "supplier:0:6", "reason": "المبلغ غير صالح أو يتجاوز عدد المنازل العشرية للعملة", "originalAmount": "unread"}, {"sourceRowId": "supplier:0:7", "reason": "المبلغ غير صالح أو يتجاوز عدد المنازل العشرية للعملة", "originalAmount": "unread"}, {"sourceRowId": "supplier:0:8", "reason": "المبلغ غير صالح أو يتجاوز عدد المنازل العشرية للعملة", "originalAmount": "unread"}, {"sourceRowId": "supplier:0:9", "reason": "المبلغ غير صالح أو يتجاوز عدد المنازل العشرية للعملة", "originalAmount": "unread"}, {"sourceRowId": "supplier:0:10", "reason": "المبلغ غير صالح أو يتجاوز عدد المنازل العشرية للعملة", "originalAmount": "unread"}, {"sourceRowId": "supplier:0:11", "reason": "المبلغ غير صالح أو يتجاوز عدد المنازل العشرية للعملة", "originalAmount": "unread"}, {"sourceRowId": "supplier:0:12", "reason": "المبلغ غير صالح أو يتجاوز عدد المنازل العشرية للعملة", "originalAmount": "unread"}, {"sourceRowId": "supplier:0:13", "reason": "المبلغ غير صالح أو يتجاوز عدد المنازل العشرية للعملة", "originalAmount": "unread"}, {"sourceRowId": "supplier:0:14", "reason": "المبلغ غير صالح أو يتجاوز عدد المنازل العشرية للعملة", "originalAmount": "unread"}, {"sourceRowId": "supplier:0:15", "reason": "المبلغ غير صالح أو يتجاوز عدد المنازل العشرية للعملة", "originalAmount": "unread"}], "processedTotalsMinor": {"supplier": 35000, "ledger": 35000}, "processedTotalFields": {"supplier": "Supplier Processed Transaction Total", "ledger": "Ledger Processed Transaction Total"}, "partialSummaryFields": {"Reading Status": "Partial — reading issues remain open", "Workbook Mode": "Partial transaction snapshot for review. Reading issues remain open; totals cover processed transactions only. Not a complete reconciliation."}, "bridgeStatus": "Balance bridge prerequisites incomplete", "reviewCompleted": "Review recorded; reading issues remain open", "reviewApproval": "Not approved — review completion is not an approval declaration", "xmlPartsParsed": 31, "sourceProvenance": {"oracleSha256": "c2d5a00ade4e27354e3e9a24bc8136b371ef1728c2516253dc55630a1adf2ac3", "sourceSha256": {"supplier": "66db9ee7c99881d80cf0818553d8c01e4407c1e810de562e0b8095a4354ebe01", "ledger": "3298df6aa51c4b1ea3f34f0bd197f90ef458eb5c956f830eced1100d39db9007"}, "contractScope": "Separately authored plain-unread positive contract. Passing this contract does not satisfy the original unread-1..13 contract.", "originalCompletionMiss": "audit/partial-input/browser/original-contract-miss.json"}, "scope": "Independent synthetic literal sources, error preservation and financial member sets. No engine/ExcelJS imports or formula recalculation.", "frozenAfter": "0b10b982659d984e9298082c0a76bb183fcd6d30abb8c34a5be520fed9a57e7e"}
2026-10-03T15:14:38.9816070Z {"passed":true,"stage":"final-integrity","result":"/home/runner/work/accounting/accounting/audit/partial-input/browser/ci-partial-original/result.json"}
2026-10-03T15:14:39.0378530Z {"checkerSha256": "6475352b77f71a35c0ecf8ccfa51ec71630c5f8e80eacde37514e1c873014bdf", "observedAtUtc": "2026-10-03T15:14:39.024860+00:00", "passed": true, "frozenBefore": "0b10b982659d984e9298082c0a76bb183fcd6d30abb8c34a5be520fed9a57e7e", "workbookSha256": "b4179f4055ff1bd43c8e27b862113b21fa316222ca7972fbf86df0cb72cead81", "observations": {"originalSourcePreservation": {"passed": true, "readableRows": 4, "readingIssues": [{"sourceRowId": "supplier:0:3", "reason": "المبلغ غير صالح أو يتجاوز عدد المنازل العشرية للعملة", "originalAmount": "unread-1"}, {"sourceRowId": "supplier:0:4", "reason": "المبلغ غير صالح أو يتجاوز عدد المنازل العشرية للعملة", "originalAmount": "unread-2"}, {"sourceRowId": "supplier:0:5", "reason": "المبلغ غير صالح أو يتجاوز عدد المنازل العشرية للعملة", "originalAmount": "unread-3"}, {"sourceRowId": "supplier:0:6", "reason": "المبلغ غير صالح أو يتجاوز عدد المنازل العشرية للعملة", "originalAmount": "unread-4"}, {"sourceRowId": "supplier:0:7", "reason": "المبلغ غير صالح أو يتجاوز عدد المنازل العشرية للعملة", "originalAmount": "unread-5"}, {"sourceRowId": "supplier:0:8", "reason": "المبلغ غير صالح أو يتجاوز عدد المنازل العشرية للعملة", "originalAmount": "unread-6"}, {"sourceRowId": "supplier:0:9", "reason": "المبلغ غير صالح أو يتجاوز عدد المنازل العشرية للعملة", "originalAmount": "unread-7"}, {"sourceRowId": "supplier:0:10", "reason": "المبلغ غير صالح أو يتجاوز عدد المنازل العشرية للعملة", "originalAmount": "unread-8"}, {"sourceRowId": "supplier:0:11", "reason": "المبلغ غير صالح أو يتجاوز عدد المنازل العشرية للعملة", "originalAmount": "unread-9"}, {"sourceRowId": "supplier:0:12", "reason": "المبلغ غير صالح أو يتجاوز عدد المنازل العشرية للعملة", "originalAmount": "unread-10"}, {"sourceRowId": "supplier:0:13", "reason": "المبلغ غير صالح أو يتجاوز عدد المنازل العشرية للعملة", "originalAmount": "unread-11"}, {"sourceRowId": "supplier:0:14", "reason": "المبلغ غير صالح أو يتجاوز عدد المنازل العشرية للعملة", "originalAmount": "unread-12"}, {"sourceRowId": "supplier:0:15", "reason": "المبلغ غير صالح أو يتجاوز عدد المنازل العشرية للعملة", "originalAmount": "unread-13"}], "issueTraceEncoding": "Source File + Side + Source Sheet CSV + Source Row; contract IDs reconstructed for selected sheet 0"}, "partialSummaryAndReview": {"passed": true, "processedTotalsMinor": {"supplier": 35000, "ledger": 35000}, "processedTotalFields": {"supplier": "Supplier Processed Transaction Total", "ledger": "Ledger Processed Transaction Total"}, "partialSummaryFields": {"Reading Status": "Partial — reading issues remain open", "Workbook Mode": "Partial transaction snapshot for review. Reading issues remain open; totals cover processed transactions only. Not a complete reconciliation."}, "bridgeStatus": "Balance bridge prerequisites incomplete", "reviewCompleted": "Review recorded; reading issues remain open", "reviewApproval": "Not approved — review completion is not an approval declaration"}, "originalSourceHashBinding": {"passed": true, "sourceProvenance": {"oracleSha256": "892a5d52634752a1b976cfb25836381ae054c4c72fb706d9e6df8234f983cbc6", "sourceSha256": {"supplier": "e8f5e8d6f28f3ab613302cf6e28ef466f04cc49713f6281cce0ebc87d6b59b82", "ledger": "3298df6aa51c4b1ea3f34f0bd197f90ef458eb5c956f830eced1100d39db9007"}, "contractScope": "Original unread-1..13 completion contract. Still requires both positive pairs; its recorded completion miss is not reclassified as a pass.", "originalCompletionMiss": "audit/partial-input/browser/original-contract-miss.json"}}, "requiredCompletion": {"requiredPairs": 2, "actualMatchedCases": 2, "requiredMemberSets": [{"supplierRows": [2], "ledgerRows": [2]}, {"supplierRows": [16], "ledgerRows": [3]}]}}, "contract": "browser-original-displaced-amount", "requiredPairs": 2, "requiredPairsSatisfied": 2, "falseApprovedPairs": 0, "matchedSourceRows": 4, "readableSourceRows": 4, "invalidRowsRetained": [{"sourceRowId": "supplier:0:3", "reason": "المبلغ غير صالح أو يتجاوز عدد المنازل العشرية للعملة", "originalAmount": "unread-1"}, {"sourceRowId": "supplier:0:4", "reason": "المبلغ غير صالح أو يتجاوز عدد المنازل العشرية للعملة", "originalAmount": "unread-2"}, {"sourceRowId": "supplier:0:5", "reason": "المبلغ غير صالح أو يتجاوز عدد المنازل العشرية للعملة", "originalAmount": "unread-3"}, {"sourceRowId": "supplier:0:6", "reason": "المبلغ غير صالح أو يتجاوز عدد المنازل العشرية للعملة", "originalAmount": "unread-4"}, {"sourceRowId": "supplier:0:7", "reason": "المبلغ غير صالح أو يتجاوز عدد المنازل العشرية للعملة", "originalAmount": "unread-5"}, {"sourceRowId": "supplier:0:8", "reason": "المبلغ غير صالح أو يتجاوز عدد المنازل العشرية للعملة", "originalAmount": "unread-6"}, {"sourceRowId": "supplier:0:9", "reason": "المبلغ غير صالح أو يتجاوز عدد المنازل العشرية للعملة", "originalAmount": "unread-7"}, {"sourceRowId": "supplier:0:10", "reason": "المبلغ غير صالح أو يتجاوز عدد المنازل العشرية للعملة", "originalAmount": "unread-8"}, {"sourceRowId": "supplier:0:11", "reason": "المبلغ غير صالح أو يتجاوز عدد المنازل العشرية للعملة", "originalAmount": "unread-9"}, {"sourceRowId": "supplier:0:12", "reason": "المبلغ غير صالح أو يتجاوز عدد المنازل العشرية للعملة", "originalAmount": "unread-10"}, {"sourceRowId": "supplier:0:13", "reason": "المبلغ غير صالح أو يتجاوز عدد المنازل العشرية للعملة", "originalAmount": "unread-11"}, {"sourceRowId": "supplier:0:14", "reason": "المبلغ غير صالح أو يتجاوز عدد المنازل العشرية للعملة", "originalAmount": "unread-12"}, {"sourceRowId": "supplier:0:15", "reason": "المبلغ غير صالح أو يتجاوز عدد المنازل العشرية للعملة", "originalAmount": "unread-13"}], "processedTotalsMinor": {"supplier": 35000, "ledger": 35000}, "processedTotalFields": {"supplier": "Supplier Processed Transaction Total", "ledger": "Ledger Processed Transaction Total"}, "partialSummaryFields": {"Reading Status": "Partial — reading issues remain open", "Workbook Mode": "Partial transaction snapshot for review. Reading issues remain open; totals cover processed transactions only. Not a complete reconciliation."}, "bridgeStatus": "Balance bridge prerequisites incomplete", "reviewCompleted": "Review recorded; reading issues remain open", "reviewApproval": "Not approved — review completion is not an approval declaration", "xmlPartsParsed": 31, "sourceProvenance": {"oracleSha256": "892a5d52634752a1b976cfb25836381ae054c4c72fb706d9e6df8234f983cbc6", "sourceSha256": {"supplier": "e8f5e8d6f28f3ab613302cf6e28ef466f04cc49713f6281cce0ebc87d6b59b82", "ledger": "3298df6aa51c4b1ea3f34f0bd197f90ef458eb5c956f830eced1100d39db9007"}, "contractScope": "Original unread-1..13 completion contract. Still requires both positive pairs; its recorded completion miss is not reclassified as a pass.", "originalCompletionMiss": "audit/partial-input/browser/original-contract-miss.json"}, "scope": "Independent synthetic literal sources, error preservation and financial member sets. No engine/ExcelJS imports or formula recalculation.", "frozenAfter": "0b10b982659d984e9298082c0a76bb183fcd6d30abb8c34a5be520fed9a57e7e"}
2026-10-03T15:14:39.0432379Z ##[group]Run actions/upload-artifact@ea165f8d65b6e75b540449e92b4886f43607fa02
2026-10-03T15:14:39.0432608Z with:
2026-10-03T15:14:39.0432739Z   name: partial-reconciliation-evidence
2026-10-03T15:14:39.0433058Z   path: audit/partial-input/browser/ci-partial
audit/partial-input/browser/ci-partial-original
work/partial-regression

2026-10-03T15:14:39.0433365Z   if-no-files-found: ignore
2026-10-03T15:14:39.0433504Z   retention-days: 7
2026-10-03T15:14:39.0433630Z   compression-level: 6
2026-10-03T15:14:39.0433771Z   overwrite: false
2026-10-03T15:14:39.0433926Z   include-hidden-files: false
2026-10-03T15:14:39.0434067Z env:
2026-10-03T15:14:39.0434209Z   PNPM_HOME: /home/runner/setup-pnpm/node_modules/.bin
2026-10-03T15:14:39.0434383Z ##[endgroup]
2026-10-03T15:14:39.1444093Z (node:5082) [DEP0040] DeprecationWarning: The `punycode` module is deprecated. Please use a userland alternative instead.
2026-10-03T15:14:39.1444595Z (Use `node --trace-deprecation ...` to show where the warning was created)
2026-10-03T15:14:39.1551436Z Multiple search paths detected. Calculating the least common ancestor of all paths
2026-10-03T15:14:39.1552541Z The least common ancestor is /home/runner/work/accounting/accounting. This will be the root directory of the artifact
2026-10-03T15:14:39.1553119Z With the provided path, there will be 24 files uploaded
2026-10-03T15:14:39.1553540Z Artifact name is valid!
2026-10-03T15:14:39.1553783Z Root directory input is valid!
2026-10-03T15:14:39.4439590Z Beginning upload of artifact content to blob storage
2026-10-03T15:14:39.4972419Z (node:5082) [DEP0169] DeprecationWarning: `url.parse()` behavior is not standardized and prone to errors that have security implications. Use the WHATWG URL API instead. CVEs are not issued for `url.parse()` vulnerabilities.
2026-10-03T15:14:39.8532482Z Uploaded bytes 1324024
2026-10-03T15:14:39.8935776Z Finished uploading artifact content to blob storage!
2026-10-03T15:14:39.8936379Z SHA256 digest of uploaded artifact zip is 6212504cefa12f6aec843375dfe84efd844f099694dddbbedef154e039a00904
2026-10-03T15:14:39.8937551Z Finalizing artifact upload
2026-10-03T15:14:40.1289877Z Artifact partial-reconciliation-evidence.zip successfully finalized. Artifact ID 11277118082
2026-10-03T15:14:40.1290670Z Artifact partial-reconciliation-evidence has been successfully uploaded! Final size is 1324024 bytes. Artifact ID is 11277118082
2026-10-03T15:14:40.1294143Z Artifact download URL: https://github.com/mjodshamrani-ux/accounting/actions/runs/37132301046/artifacts/11277118082
2026-10-03T15:14:40.1399377Z ##[group]Run node audit/large-statements/browser/run.mjs ci-large-native
2026-10-03T15:14:40.1399825Z [36;1mnode audit/large-statements/browser/run.mjs ci-large-native[0m
2026-10-03T15:14:40.1401137Z [36;1mpython3 audit/large-statements/check_openxml.py --browser-dir audit/large-statements/browser/ci-large-native --out audit/large-statements/browser/ci-large-native/openxml.json --expected-engine 0.3.26-experimental[0m
2026-10-03T15:14:40.1455267Z shell: /usr/bin/bash -e {0}
2026-10-03T15:14:40.1455429Z env:
2026-10-03T15:14:40.1455591Z   PNPM_HOME: /home/runner/setup-pnpm/node_modules/.bin
2026-10-03T15:14:40.1455781Z ##[endgroup]
2026-10-03T15:14:49.6599829Z {"passed":true,"stage":"final-integrity","result":"/home/runner/work/accounting/accounting/audit/large-statements/browser/ci-large-native/result.json"}
2026-10-03T15:14:51.0861310Z {"passed": true, "result": "audit/large-statements/browser/ci-large-native/openxml.json", "counts": {"supplierTransactions": 2240, "ledgerTransactions": 2240, "requiredPairs": 2240, "requiredPairsSatisfied": 2240, "falseApprovedPairs": 0, "missingPairs": 0, "exactEvidenceMembers": 4480, "parsedSupplierRows": 2450, "parsedLedgerRows": 2241, "pdfOrigins": 2450, "excludedSupplierRows": 210, "excludedLedgerRows": 1, "totalMinorEachSide": 40779520, "xmlPartsParsed": 30}, "error": null}
2026-10-03T15:14:51.0974195Z ##[group]Run actions/upload-artifact@ea165f8d65b6e75b540449e92b4886f43607fa02
2026-10-03T15:14:51.0974427Z with:
2026-10-03T15:14:51.0974563Z   name: large-statement-browser-evidence
2026-10-03T15:14:51.0974757Z   path: audit/large-statements/browser/ci-large-native
2026-10-03T15:14:51.0974949Z   if-no-files-found: ignore
2026-10-03T15:14:51.0975095Z   retention-days: 7
2026-10-03T15:14:51.0975228Z   compression-level: 6
2026-10-03T15:14:51.0975362Z   overwrite: false
2026-10-03T15:14:51.0975495Z   include-hidden-files: false
2026-10-03T15:14:51.0975640Z env:
2026-10-03T15:14:51.0975788Z   PNPM_HOME: /home/runner/setup-pnpm/node_modules/.bin
2026-10-03T15:14:51.0975972Z ##[endgroup]
2026-10-03T15:14:51.2023229Z (node:5199) [DEP0040] DeprecationWarning: The `punycode` module is deprecated. Please use a userland alternative instead.
2026-10-03T15:14:51.2023702Z (Use `node --trace-deprecation ...` to show where the warning was created)
2026-10-03T15:14:51.2070976Z With the provided path, there will be 12 files uploaded
2026-10-03T15:14:51.2071499Z Artifact name is valid!
2026-10-03T15:14:51.2071785Z Root directory input is valid!
2026-10-03T15:14:51.4930657Z Beginning upload of artifact content to blob storage
2026-10-03T15:14:51.5605866Z (node:5199) [DEP0169] DeprecationWarning: `url.parse()` behavior is not standardized and prone to errors that have security implications. Use the WHATWG URL API instead. CVEs are not issued for `url.parse()` vulnerabilities.
2026-10-03T15:14:51.9332732Z Uploaded bytes 1812304
2026-10-03T15:14:51.9741377Z Finished uploading artifact content to blob storage!
2026-10-03T15:14:51.9741975Z SHA256 digest of uploaded artifact zip is 55ff0d41b8a5d95182d00ca3645d375ad099d136b22d83bd509fbc0b0e67fd49
2026-10-03T15:14:51.9743297Z Finalizing artifact upload
2026-10-03T15:14:52.2231817Z Artifact large-statement-browser-evidence.zip successfully finalized. Artifact ID 11277367690
2026-10-03T15:14:52.2232430Z Artifact large-statement-browser-evidence has been successfully uploaded! Final size is 1812304 bytes. Artifact ID is 11277367690
2026-10-03T15:14:52.2236474Z Artifact download URL: https://github.com/mjodshamrani-ux/accounting/actions/runs/37132301046/artifacts/11277367690
2026-10-03T15:14:52.2374729Z ##[group]Run actions/upload-pages-artifact@56afc609e74202658d3ffba0e8f6dda462b719fa
2026-10-03T15:14:52.2374992Z with:
2026-10-03T15:14:52.2375118Z   path: dist
2026-10-03T15:14:52.2375246Z   name: github-pages
2026-10-03T15:14:52.2375387Z   retention-days: 1
2026-10-03T15:14:52.2375521Z env:
2026-10-03T15:14:52.2375681Z   PNPM_HOME: /home/runner/setup-pnpm/node_modules/.bin
2026-10-03T15:14:52.2375875Z ##[endgroup]
2026-10-03T15:14:52.2415689Z ##[start-action display=Archive artifact;id=__actions_upload-pages-artifact.__run]
2026-10-03T15:14:52.2432908Z ##[group]Run echo ::group::Archive artifact
2026-10-03T15:14:52.2433115Z [36;1mecho ::group::Archive artifact[0m
2026-10-03T15:14:52.2433284Z [36;1mtar \[0m
2026-10-03T15:14:52.2433444Z [36;1m  --dereference --hard-dereference \[0m
2026-10-03T15:14:52.2433639Z [36;1m  --directory "$INPUT_PATH" \[0m
2026-10-03T15:14:52.2433831Z [36;1m  -cvf "$RUNNER_TEMP/artifact.tar" \[0m
2026-10-03T15:14:52.2434037Z [36;1m  --exclude=.git \[0m
2026-10-03T15:14:52.2434200Z [36;1m  --exclude=.github \[0m
2026-10-03T15:14:52.2434353Z [36;1m  .[0m
2026-10-03T15:14:52.2434491Z [36;1mecho ::endgroup::[0m
2026-10-03T15:14:52.2456484Z shell: /usr/bin/sh -e {0}
2026-10-03T15:14:52.2456646Z env:
2026-10-03T15:14:52.2456810Z   PNPM_HOME: /home/runner/setup-pnpm/node_modules/.bin
2026-10-03T15:14:52.2457007Z   INPUT_PATH: dist
2026-10-03T15:14:52.2457144Z ##[endgroup]
2026-10-03T15:14:52.2488629Z ##[group]Archive artifact
2026-10-03T15:14:52.2499071Z ./
2026-10-03T15:14:52.2499295Z ./favicon.svg
2026-10-03T15:14:52.2499506Z ./brand/
2026-10-03T15:14:52.2499722Z ./brand/favicon.svg
2026-10-03T15:14:52.2499966Z ./brand/tarasuf-mark.svg
2026-10-03T15:14:52.2500632Z ./brand/apple-touch-icon.png
2026-10-03T15:14:52.2500932Z ./brand/tarasuf-share-v048.png
2026-10-03T15:14:52.2501177Z ./ocr/
2026-10-03T15:14:52.2501422Z ./ocr/TESSERACT-JS-LICENSE.txt
2026-10-03T15:14:52.2501673Z ./ocr/worker.js
2026-10-03T15:14:52.2538359Z ./ocr/worker-vendor.js
2026-10-03T15:14:52.2539306Z ./ocr/TESSERACT-CORE-LICENSE.txt
2026-10-03T15:14:52.2539663Z ./ocr/tesseract-core-lstm.wasm.js
2026-10-03T15:14:52.2563809Z ./.nojekyll
2026-10-03T15:14:52.2564027Z ./assets/
2026-10-03T15:14:52.2564237Z ./assets/visual-ocr-client-BhVKcJsu.js
2026-10-03T15:14:52.2564455Z ./assets/visual-image-CaZsk65l.js
2026-10-03T15:14:52.2564641Z ./assets/index-CNGhaTo_.css
2026-10-03T15:14:52.2565974Z ./assets/visual-renderer-BmyeNV9V.js
2026-10-03T15:14:52.2566363Z ./assets/pdfjs-BvlvQ5M7.js
2026-10-03T15:14:52.2576768Z ./assets/index-DWXy9FsM.js
2026-10-03T15:14:52.2598862Z ./index.html
2026-10-03T15:14:52.2599077Z ./favicon.png
2026-10-03T15:14:52.2599278Z ./fonts/
2026-10-03T15:14:52.2599544Z ./fonts/thmanyah-serif-display-bold.woff2
2026-10-03T15:14:52.2599890Z ./fonts/NotoSansArabic-OFL.txt
2026-10-03T15:14:52.2600292Z ./fonts/Thmanyah-PROVENANCE.txt
2026-10-03T15:14:52.2600557Z ./fonts/README.txt
2026-10-03T15:14:52.2600834Z ./fonts/noto-sans-arabic-variable.woff2
2026-10-03T15:14:52.2603011Z ./fonts/Thmanyah-LICENSE.txt
2026-10-03T15:14:52.2605625Z ##[endgroup]
2026-10-03T15:14:52.2612777Z ##[end-action id=__actions_upload-pages-artifact.__run;outcome=success;conclusion=success;duration_ms=19]
2026-10-03T15:14:52.2614604Z ##[start-action display=Archive artifact;id=__actions_upload-pages-artifact.__run_2]
2026-10-03T15:14:52.2617391Z ##[end-action id=__actions_upload-pages-artifact.__run_2;outcome=skipped;conclusion=skipped;duration_ms=0]
2026-10-03T15:14:52.2618682Z ##[start-action display=Archive artifact;id=__actions_upload-pages-artifact.__run_3]
2026-10-03T15:14:52.2620715Z ##[end-action id=__actions_upload-pages-artifact.__run_3;outcome=skipped;conclusion=skipped;duration_ms=0]
2026-10-03T15:14:52.2621748Z ##[start-action display=Upload artifact;id=__actions_upload-pages-artifact.upload-artifact]
2026-10-03T15:14:52.2653849Z ##[group]Run actions/upload-artifact@v4
2026-10-03T15:14:52.2654028Z with:
2026-10-03T15:14:52.2654157Z   name: github-pages
2026-10-03T15:14:52.2654496Z   path: /home/runner/work/_temp/artifact.tar
2026-10-03T15:14:52.2654675Z   retention-days: 1
2026-10-03T15:14:52.2654818Z   if-no-files-found: error
2026-10-03T15:14:52.2654972Z   compression-level: 6
2026-10-03T15:14:52.2655113Z   overwrite: false
2026-10-03T15:14:52.2655253Z   include-hidden-files: false
2026-10-03T15:14:52.2655408Z env:
2026-10-03T15:14:52.2655563Z   PNPM_HOME: /home/runner/setup-pnpm/node_modules/.bin
2026-10-03T15:14:52.2655753Z ##[endgroup]
2026-10-03T15:14:52.3664513Z (node:5214) [DEP0040] DeprecationWarning: The `punycode` module is deprecated. Please use a userland alternative instead.
2026-10-03T15:14:52.3665153Z (Use `node --trace-deprecation ...` to show where the warning was created)
2026-10-03T15:14:52.3696199Z With the provided path, there will be 1 file uploaded
2026-10-03T15:14:52.3696919Z Artifact name is valid!
2026-10-03T15:14:52.3697379Z Root directory input is valid!
2026-10-03T15:14:52.6643157Z Beginning upload of artifact content to blob storage
2026-10-03T15:14:52.9826829Z (node:5214) [DEP0169] DeprecationWarning: `url.parse()` behavior is not standardized and prone to errors that have security implications. Use the WHATWG URL API instead. CVEs are not issued for `url.parse()` vulnerabilities.
2026-10-03T15:14:53.4012252Z Uploaded bytes 8256241
2026-10-03T15:14:53.4359897Z Finished uploading artifact content to blob storage!
2026-10-03T15:14:53.4360851Z SHA256 digest of uploaded artifact zip is ce5545abd7baf84edd4893ce89e43a6609413f8cd234d8cc19580799acdea824
2026-10-03T15:14:53.4361925Z Finalizing artifact upload
2026-10-03T15:14:53.6878763Z Artifact github-pages.zip successfully finalized. Artifact ID 11277607052
2026-10-03T15:14:53.6879242Z Artifact github-pages has been successfully uploaded! Final size is 8256241 bytes. Artifact ID is 11277607052
2026-10-03T15:14:53.6883540Z Artifact download URL: https://github.com/mjodshamrani-ux/accounting/actions/runs/37132301046/artifacts/11277607052
2026-10-03T15:14:53.6994368Z ##[end-action id=__actions_upload-pages-artifact.upload-artifact;outcome=success;conclusion=success;duration_ms=1437]
2026-10-03T15:14:53.7058807Z Post job cleanup.
2026-10-03T15:14:53.7821110Z (node:5226) [DEP0040] DeprecationWarning: The `punycode` module is deprecated. Please use a userland alternative instead.
2026-10-03T15:14:53.7821595Z (Use `node --trace-deprecation ...` to show where the warning was created)
2026-10-03T15:14:53.7822801Z Cache hit occurred on the primary key node-cache-Linux-x64-pnpm-970ff90c8c5b62d936b78a56179f81cdf02982feb14381f8bba791078d20d9fe, not saving cache.
2026-10-03T15:14:53.7897018Z Post job cleanup.
2026-10-03T15:14:53.8724986Z Pruning is unnecessary.
2026-10-03T15:14:53.8876798Z Post job cleanup.
2026-10-03T15:14:53.9423201Z [command]/usr/bin/git version
2026-10-03T15:14:53.9454940Z git version 2.55.0
2026-10-03T15:14:53.9478630Z Temporarily overriding HOME='/home/runner/work/_temp/a239a62f-1fd4-4031-8db3-69bd1b3fbbc0' before making global git config changes
2026-10-03T15:14:53.9479231Z Adding repository directory to the temporary git global config as a safe directory
2026-10-03T15:14:53.9481908Z [command]/usr/bin/git config --global --add safe.directory /home/runner/work/accounting/accounting
2026-10-03T15:14:53.9511976Z [command]/usr/bin/git config --local --name-only --get-regexp core\.sshCommand
2026-10-03T15:14:53.9536361Z [command]/usr/bin/git submodule foreach --recursive sh -c "git config --local --name-only --get-regexp 'core\.sshCommand' && git config --local --unset-all 'core.sshCommand' || :"
2026-10-03T15:14:53.9736687Z [command]/usr/bin/git config --local --name-only --get-regexp http\.https\:\/\/github\.com\/\.extraheader
2026-10-03T15:14:53.9760786Z http.https://github.com/.extraheader
2026-10-03T15:14:53.9768780Z [command]/usr/bin/git config --local --unset-all http.https://github.com/.extraheader
2026-10-03T15:14:53.9801150Z [command]/usr/bin/git submodule foreach --recursive sh -c "git config --local --name-only --get-regexp 'http\.https\:\/\/github\.com\/\.extraheader' && git config --local --unset-all 'http.https://github.com/.extraheader' || :"
2026-10-03T15:14:53.9981210Z [command]/usr/bin/git config --local --name-only --get-regexp ^includeIf\.gitdir:
2026-10-03T15:14:54.0009382Z [command]/usr/bin/git submodule foreach --recursive git config --local --show-origin --name-only --get-regexp remote.origin.url
2026-10-03T15:14:54.0285782Z Cleaning up orphan processes
2026-10-03T15:14:54.0482144Z ##[warning]Node.js 20 is deprecated. The following actions target Node.js 20 but are being forced to run on Node.js 24: actions/checkout@11d5960a326750d5838078e36cf38b85af677262, actions/setup-node@49933ea5288caeca8642d1e84afbd3f7d6820020, actions/upload-artifact@ea165f8d65b6e75b540449e92b4886f43607fa02, actions/upload-artifact@v4, pnpm/action-setup@b906affcce14559ad1aafd4ab0e942779e9f58b1. For more information see: https://github.blog/changelog/2025-09-19-deprecation-of-node-20-on-github-actions-runners/
