Date,Reference,Description,Debit,Credit
2026-09-17,CAP-001,Synthetic capacity movement,0.01,0.00
2026-09-17,CAP-001,Synthetic capacity movement,0.01,0.00
2026-09-17,CAP-001,Synthetic capacity movement,0.01,0.00
2026-09-17,CAP-001,Synthetic capacity movement,0.01,0.00
2026-09-17,CAP-001,Synthetic capacity movement,0.01,0.00
2026-09-17,CAP-001,Synthetic capacity movement,0.01,0.00
2026-09-17,CAP-001,Synthetic capacity movement,0.01,0.00
2026-09-17,CAP-001,Synthetic capacity movement,0.01,0.00
2026-09-17,CAP-001,Synthetic capacity movement,0.01,0.00
2026-09-17,CAP-001,Synthetic capacity movement,0.01,0.00
2026-09-17,CAP-001,Synthetic capacity movement,0.01,0.00
2026-09-17,CAP-001,Synthetic capacity movement,0.01,0.00
2026-09-17,CAP-001,Synthetic capacity movement,0.01,0.00
2026-09-17,CAP-001,Synthetic capacity movement,0.01,0.00
2026-09-17,CAP-001,Synthetic capacity movement,0.01,0.00
2026-09-17,CAP-001,Synthetic capacity movement,0.01,0.00
2026-09-17,CAP-001,Synthetic capacity movement,0.01,0.00
2026-09-17,CAP-001,Synthetic capacity movement,0.01,0.00
2026-09-17,CAP-001,Synthetic capacity movement,0.01,0.00
2026-09-17,CAP-001,Synthetic capacity movement,0.01,0.00
2026-09-17,CAP-001,Synthetic capacity movement,0.01,0.00
2026-09-17,CAP-001,Synthetic capacity movement,0.01,0.00
2026-09-17,CAP-001,Synthetic capacity movement,0.01,0.00
2026-09-17,CAP-001,Synthetic capacity movement,0.01,0.00
2026-09-17,CAP-001,Synthetic capacity movement,0.01,0.00
2026-09-17,CAP-001,Synthetic capacity movement,0.01,0.00
2026-09-17,CAP-001,Synthetic capacity movement,0.01,0.00
2026-09-17,CAP-001,Synthetic capacity movement,0.01,0.00
2026-09-17,CAP-001,Synthetic capacity movement,0.01,0.00
2026-09-17,CAP-001,Synthetic capacity movement,0.01,0.00
2026-09-17,CAP-002,Synthetic capacity movement,0.01,0.00
2026-09-17,CAP-002,Synthetic capacity movement,0.01,0.00
2026-09-17,CAP-002,Synthetic capacity movement,0.01,0.00
2026-09-17,CAP-002,Synthetic capacity movement,0.01,0.00
2026-09-17,CAP-002,Synthetic capacity movement,0.01,0.00
2026-09-17,CAP-002,Synthetic capacity movement,0.01,0.00
2026-09-17,CAP-002,Synthetic capacity movement,0.01,0.00
2026-09-17,CAP-002,Synthetic capacity movement,0.01,0.00
2026-09-17,CAP-002,Synthetic capacity movement,0.01,0.00
2026-09-17,CAP-002,Synthetic capacity movement,0.01,0.00
2026-09-17,CAP-002,Synthetic capacity movement,0.01,0.00
2026-09-17,CAP-002,Synthetic capacity movement,0.01,0.00
2026-09-17,CAP-002,Synthetic capacity movement,0.01,0.00
2026-09-17,CAP-002,Synthetic capacity movement,0.01,0.00
2026-09-17,CAP-002,Synthetic capacity movement,0.01,0.00
2026-09-17,CAP-002,Synthetic capacity movement,0.01,0.00
2026-09-17,CAP-002,Synthetic capacity movement,0.01,0.00
2026-09-17,CAP-002,Synthetic capacity movement,0.01,0.00
2026-09-17,CAP-002,Synthetic capacity movement,0.01,0.00
2026-09-17,CAP-002,Synthetic capacity movement,0.01,0.00
2026-09-17,CAP-002,Synthetic capacity movement,0.01,0.00
2026-09-17,CAP-002,Synthetic capacity movement,0.01,0.00
2026-09-17,CAP-002,Synthetic capacity movement,0.01,0.00
2026-09-17,CAP-002,Synthetic capacity movement,0.01,0.00
2026-09-17,CAP-002,Synthetic capacity movement,0.01,0.00
2026-09-17,CAP-002,Synthetic capacity movement,0.01,0.00
2026-09-17,CAP-002,Synthetic capacity movement,0.01,0.00
2026-09-17,CAP-002,Synthetic capacity movement,0.01,0.00
2026-09-17,CAP-002,Synthetic capacity movement,0.01,0.00
2026-09-17,CAP-002,Synthetic capacity movement,0.01,0.00
2026-09-17,CAP-003,Synthetic capacity movement,0.01,0.00
2026-09-17,CAP-003,Synthetic capacity movement,0.01,0.00
2026-09-17,CAP-003,Synthetic capacity movement,0.01,0.00
2026-09-17,CAP-003,Synthetic capacity movement,0.01,0.00
2026-09-17,CAP-003,Synthetic capacity movement,0.01,0.00
2026-09-17,CAP-003,Synthetic capacity movement,0.01,0.00
2026-09-17,CAP-003,Synthetic capacity movement,0.01,0.00
2026-09-17,CAP-003,Synthetic capacity movement,0.01,0.00
2026-09-17,CAP-003,Synthetic capacity movement,0.01,0.00
2026-09-17,CAP-003,Synthetic capacity movement,0.01,0.00
2026-09-17,CAP-003,Synthetic capacity movement,0.01,0.00
2026-09-17,CAP-003,Synthetic capacity movement,0.01,0.00
2026-09-17,CAP-003,Synthetic capacity movement,0.01,0.00
2026-09-17,CAP-003,Synthetic capacity movement,0.01,0.00
2026-09-17,CAP-003,Synthetic capacity movement,0.01,0.00
2026-09-17,CAP-003,Synthetic capacity movement,0.01,0.00
2026-09-17,CAP-003,Synthetic capacity movement,0.01,0.00
2026-09-17,CAP-003,Synthetic capacity movement,0.01,0.00
2026-09-17,CAP-003,Synthetic capacity movement,0.01,0.00
2026-09-17,CAP-003,Synthetic capacity movement,0.01,0.00
2026-09-17,CAP-003,Synthetic capacity movement,0.01,0.00
2026-09-17,CAP-003,Synthetic capacity movement,0.01,0.00
2026-09-17,CAP-003,Synthetic capacity movement,0.01,0.00
2026-09-17,CAP-003,Synthetic capacity movement,0.01,0.00
2026-09-17,CAP-003,Synthetic capacity movement,0.01,0.00
2026-09-17,CAP-003,Synthetic capacity movement,0.01,0.00
2026-09-17,CAP-003,Synthetic capacity movement,0.01,0.00
2026-09-17,CAP-003,Synthetic capacity movement,0.01,0.00
2026-09-17,CAP-003,Synthetic capacity movement,0.01,0.00
2026-09-17,CAP-003,Synthetic capacity movement,0.01,0.00
2026-09-17,CAP-004,Synthetic capacity movement,0.01,0.00
2026-09-17,CAP-004,Synthetic capacity movement,0.01,0.00
2026-09-17,CAP-004,Synthetic capacity movement,0.01,0.00
2026-09-17,CAP-004,Synthetic capacity movement,0.01,0.00
2026-09-17,CAP-004,Synthetic capacity movement,0.01,0.00
2026-09-17,CAP-004,Synthetic capacity movement,0.01,0.00
2026-09-17,CAP-004,Synthetic capacity movement,0.01,0.00
2026-09-17,CAP-004,Synthetic capacity movement,0.01,0.00
2026-09-17,CAP-004,Synthetic capacity movement,0.01,0.00
2026-09-17,CAP-004,Synthetic capacity movement,0.01,0.00
2026-09-17,CAP-004,Synthetic capacity movement,0.01,0.00
2026-09-17,CAP-004,Synthetic capacity movement,0.01,0.00
2026-09-17,CAP-004,Synthetic capacity movement,0.01,0.00
2026-09-17,CAP-004,Synthetic capacity movement,0.01,0.00
2026-09-17,CAP-004,Synthetic capacity movement,0.01,0.00
2026-09-17,CAP-004,Synthetic capacity movement,0.01,0.00
2026-09-17,CAP-004,Synthetic capacity movement,0.01,0.00
2026-09-17,CAP-004,Synthetic capacity movement,0.01,0.00
2026-09-17,CAP-004,Synthetic capacity movement,0.01,0.00
2026-09-17,CAP-004,Synthetic capacity movement,0.01,0.00
2026-09-17,CAP-004,Synthetic capacity movement,0.01,0.00
2026-09-17,CAP-004,Synthetic capacity movement,0.01,0.00
2026-09-17,CAP-004,Synthetic capacity movement,0.01,0.00
2026-09-17,CAP-004,Synthetic capacity movement,0.01,0.00
2026-09-17,CAP-004,Synthetic capacity movement,0.01,0.00
2026-09-17,CAP-004,Synthetic capacity movement,0.01,0.00
2026-09-17,CAP-004,Synthetic capacity movement,0.01,0.00
2026-09-17,CAP-004,Synthetic capacity movement,0.01,0.00
2026-09-17,CAP-004,Synthetic capacity movement,0.01,0.00
2026-09-17,CAP-004,Synthetic capacity movement,0.01,0.00
2026-09-17,CAP-005,Synthetic capacity movement,0.01,0.00
2026-09-17,CAP-005,Synthetic capacity movement,0.01,0.00
2026-09-17,CAP-005,Synthetic capacity movement,0.01,0.00
2026-09-17,CAP-005,Synthetic capacity movement,0.01,0.00
2026-09-17,CAP-005,Synthetic capacity movement,0.01,0.00
2026-09-17,CAP-005,Synthetic capacity movement,0.01,0.00
2026-09-17,CAP-005,Synthetic capacity movement,0.01,0.00
2026-09-17,CAP-005,Synthetic capacity movement,0.01,0.00
2026-09-17,CAP-005,Synthetic capacity movement,0.01,0.00
2026-09-17,CAP-005,Synthetic capacity movement,0.01,0.00
2026-09-17,CAP-005,Synthetic capacity movement,0.01,0.00
2026-09-17,CAP-005,Synthetic capacity movement,0.01,0.00
2026-09-17,CAP-005,Synthetic capacity movement,0.01,0.00
2026-09-17,CAP-005,Synthetic capacity movement,0.01,0.00
2026-09-17,CAP-005,Synthetic capacity movement,0.01,0.00
2026-09-17,CAP-005,Synthetic capacity movement,0.01,0.00
2026-09-17,CAP-005,Synthetic capacity movement,0.01,0.00
2026-09-17,CAP-005,Synthetic capacity movement,0.01,0.00
2026-09-17,CAP-005,Synthetic capacity movement,0.01,0.00
2026-09-17,CAP-005,Synthetic capacity movement,0.01,0.00
2026-09-17,CAP-005,Synthetic capacity movement,0.01,0.00
2026-09-17,CAP-005,Synthetic capacity movement,0.01,0.00
2026-09-17,CAP-005,Synthetic capacity movement,0.01,0.00
2026-09-17,CAP-005,Synthetic capacity movement,0.01,0.00
2026-09-17,CAP-005,Synthetic capacity movement,0.01,0.00
2026-09-17,CAP-005,Synthetic capacity movement,0.01,0.00
2026-09-17,CAP-005,Synthetic capacity movement,0.01,0.00
2026-09-17,CAP-005,Synthetic capacity movement,0.01,0.00
2026-09-17,CAP-005,Synthetic capacity movement,0.01,0.00
2026-09-17,CAP-005,Synthetic capacity movement,0.01,0.00
2026-09-17,CAP-006,Synthetic capacity movement,0.01,0.00
2026-09-17,CAP-006,Synthetic capacity movement,0.01,0.00
2026-09-17,CAP-006,Synthetic capacity movement,0.01,0.00
2026-09-17,CAP-006,Synthetic capacity movement,0.01,0.00
2026-09-17,CAP-006,Synthetic capacity movement,0.01,0.00
2026-09-17,CAP-006,Synthetic capacity movement,0.01,0.00
2026-09-17,CAP-006,Synthetic capacity movement,0.01,0.00
2026-09-17,CAP-006,Synthetic capacity movement,0.01,0.00
2026-09-17,CAP-006,Synthetic capacity movement,0.01,0.00
2026-09-17,CAP-006,Synthetic capacity movement,0.01,0.00
2026-09-17,CAP-006,Synthetic capacity movement,0.01,0.00
2026-09-17,CAP-006,Synthetic capacity movement,0.01,0.00
2026-09-17,CAP-006,Synthetic capacity movement,0.01,0.00
2026-09-17,CAP-006,Synthetic capacity movement,0.01,0.00
2026-09-17,CAP-006,Synthetic capacity movement,0.01,0.00
2026-09-17,CAP-006,Synthetic capacity movement,0.01,0.00
2026-09-17,CAP-006,Synthetic capacity movement,0.01,0.00
2026-09-17,CAP-006,Synthetic capacity movement,0.01,0.00
2026-09-17,CAP-006,Synthetic capacity movement,0.01,0.00
2026-09-17,CAP-006,Synthetic capacity movement,0.01,0.00
2026-09-17,CAP-006,Synthetic capacity movement,0.01,0.00
2026-09-17,CAP-006,Synthetic capacity movement,0.01,0.00
2026-09-17,CAP-006,Synthetic capacity movement,0.01,0.00
2026-09-17,CAP-006,Synthetic capacity movement,0.01,0.00
2026-09-17,CAP-006,Synthetic capacity movement,0.01,0.00
2026-09-17,CAP-006,Synthetic capacity movement,0.01,0.00
2026-09-17,CAP-006,Synthetic capacity movement,0.01,0.00
2026-09-17,CAP-006,Synthetic capacity movement,0.01,0.00
2026-09-17,CAP-006,Synthetic capacity movement,0.01,0.00
2026-09-17,CAP-006,Synthetic capacity movement,0.01,0.00
2026-09-17,CAP-007,Synthetic capacity movement,0.01,0.00
2026-09-17,CAP-007,Synthetic capacity movement,0.01,0.00
2026-09-17,CAP-007,Synthetic capacity movement,0.01,0.00
2026-09-17,CAP-007,Synthetic capacity movement,0.01,0.00
2026-09-17,CAP-007,Synthetic capacity movement,0.01,0.00
2026-09-17,CAP-007,Synthetic capacity movement,0.01,0.00
2026-09-17,CAP-007,Synthetic capacity movement,0.01,0.00
2026-09-17,CAP-007,Synthetic capacity movement,0.01,0.00
2026-09-17,CAP-007,Synthetic capacity movement,0.01,0.00
2026-09-17,CAP-007,Synthetic capacity movement,0.01,0.00
2026-09-17,CAP-007,Synthetic capacity movement,0.01,0.00
2026-09-17,CAP-007,Synthetic capacity movement,0.01,0.00
2026-09-17,CAP-007,Synthetic capacity movement,0.01,0.00
2026-09-17,CAP-007,Synthetic capacity movement,0.01,0.00
2026-09-17,CAP-007,Synthetic capacity movement,0.01,0.00
2026-09-17,CAP-007,Synthetic capacity movement,0.01,0.00
2026-09-17,CAP-007,Synthetic capacity movement,0.01,0.00
2026-09-17,CAP-007,Synthetic capacity movement,0.01,0.00
2026-09-17,CAP-007,Synthetic capacity movement,0.01,0.00
2026-09-17,CAP-007,Synthetic capacity movement,0.01,0.00
2026-09-17,CAP-007,Synthetic capacity movement,0.01,0.00
2026-09-17,CAP-007,Synthetic capacity movement,0.01,0.00
2026-09-17,CAP-007,Synthetic capacity movement,0.01,0.00
2026-09-17,CAP-007,Synthetic capacity movement,0.01,0.00
2026-09-17,CAP-007,Synthetic capacity movement,0.01,0.00
2026-09-17,CAP-007,Synthetic capacity movement,0.01,0.00
2026-09-17,CAP-007,Synthetic capacity movement,0.01,0.00
2026-09-17,CAP-007,Synthetic capacity movement,0.01,0.00
2026-09-17,CAP-007,Synthetic capacity movement,0.01,0.00
2026-09-17,CAP-007,Synthetic capacity movement,0.01,0.00
2026-09-17,CAP-008,Synthetic capacity movement,0.01,0.00
2026-09-17,CAP-008,Synthetic capacity movement,0.01,0.00
2026-09-17,CAP-008,Synthetic capacity movement,0.01,0.00
2026-09-17,CAP-008,Synthetic capacity movement,0.01,0.00
2026-09-17,CAP-008,Synthetic capacity movement,0.01,0.00
2026-09-17,CAP-008,Synthetic capacity movement,0.01,0.00
2026-09-17,CAP-008,Synthetic capacity movement,0.01,0.00
2026-09-17,CAP-008,Synthetic capacity movement,0.01,0.00
2026-09-17,CAP-008,Synthetic capacity movement,0.01,0.00
2026-09-17,CAP-008,Synthetic capacity movement,0.01,0.00
2026-09-17,CAP-008,Synthetic capacity movement,0.01,0.00
2026-09-17,CAP-008,Synthetic capacity movement,0.01,0.00
2026-09-17,CAP-008,Synthetic capacity movement,0.01,0.00
2026-09-17,CAP-008,Synthetic capacity movement,0.01,0.00
2026-09-17,CAP-008,Synthetic capacity movement,0.01,0.00
2026-09-17,CAP-008,Synthetic capacity movement,0.01,0.00
2026-09-17,CAP-008,Synthetic capacity movement,0.01,0.00
2026-09-17,CAP-008,Synthetic capacity movement,0.01,0.00
2026-09-17,CAP-008,Synthetic capacity movement,0.01,0.00
2026-09-17,CAP-008,Synthetic capacity movement,0.01,0.00
2026-09-17,CAP-008,Synthetic capacity movement,0.01,0.00
2026-09-17,CAP-008,Synthetic capacity movement,0.01,0.00
2026-09-17,CAP-008,Synthetic capacity movement,0.01,0.00
2026-09-17,CAP-008,Synthetic capacity movement,0.01,0.00
2026-09-17,CAP-008,Synthetic capacity movement,0.01,0.00
2026-09-17,CAP-008,Synthetic capacity movement,0.01,0.00
2026-09-17,CAP-008,Synthetic capacity movement,0.01,0.00
2026-09-17,CAP-008,Synthetic capacity movement,0.01,0.00
2026-09-17,CAP-008,Synthetic capacity movement,0.01,0.00
2026-09-17,CAP-008,Synthetic capacity movement,0.01,0.00
2026-09-17,CAP-009,Synthetic capacity movement,0.01,0.00
2026-09-17,CAP-009,Synthetic capacity movement,0.01,0.00
2026-09-17,CAP-009,Synthetic capacity movement,0.01,0.00
2026-09-17,CAP-009,Synthetic capacity movement,0.01,0.00
2026-09-17,CAP-009,Synthetic capacity movement,0.01,0.00
2026-09-17,CAP-009,Synthetic capacity movement,0.01,0.00
2026-09-17,CAP-009,Synthetic capacity movement,0.01,0.00
2026-09-17,CAP-009,Synthetic capacity movement,0.01,0.00
2026-09-17,CAP-009,Synthetic capacity movement,0.01,0.00
2026-09-17,CAP-009,Synthetic capacity movement,0.01,0.00
2026-09-17,CAP-009,Synthetic capacity movement,0.01,0.00
2026-09-17,CAP-009,Synthetic capacity movement,0.01,0.00
2026-09-17,CAP-009,Synthetic capacity movement,0.01,0.00
2026-09-17,CAP-009,Synthetic capacity movement,0.01,0.00
2026-09-17,CAP-009,Synthetic capacity movement,0.01,0.00
2026-09-17,CAP-009,Synthetic capacity movement,0.01,0.00
2026-09-17,CAP-009,Synthetic capacity movement,0.01,0.00
2026-09-17,CAP-009,Synthetic capacity movement,0.01,0.00
2026-09-17,CAP-009,Synthetic capacity movement,0.01,0.00
2026-09-17,CAP-009,Synthetic capacity movement,0.01,0.00
2026-09-17,CAP-009,Synthetic capacity movement,0.01,0.00
2026-09-17,CAP-009,Synthetic capacity movement,0.01,0.00
2026-09-17,CAP-009,Synthetic capacity movement,0.01,0.00
2026-09-17,CAP-009,Synthetic capacity movement,0.01,0.00
2026-09-17,CAP-009,Synthetic capacity movement,0.01,0.00
2026-09-17,CAP-009,Synthetic capacity movement,0.01,0.00
2026-09-17,CAP-009,Synthetic capacity movement,0.01,0.00
2026-09-17,CAP-009,Synthetic capacity movement,0.01,0.00
2026-09-17,CAP-009,Synthetic capacity movement,0.01,0.00
2026-09-17,CAP-009,Synthetic capacity movement,0.01,0.00
2026-09-17,CAP-010,Synthetic capacity movement,0.01,0.00
2026-09-17,CAP-010,Synthetic capacity movement,0.01,0.00
2026-09-17,CAP-010,Synthetic capacity movement,0.01,0.00
2026-09-17,CAP-010,Synthetic capacity movement,0.01,0.00
2026-09-17,CAP-010,Synthetic capacity movement,0.01,0.00
2026-09-17,CAP-010,Synthetic capacity movement,0.01,0.00
2026-09-17,CAP-010,Synthetic capacity movement,0.01,0.00
2026-09-17,CAP-010,Synthetic capacity movement,0.01,0.00
2026-09-17,CAP-010,Synthetic capacity movement,0.01,0.00
2026-09-17,CAP-010,Synthetic capacity movement,0.01,0.00
2026-09-17,CAP-010,Synthetic capacity movement,0.01,0.00
2026-09-17,CAP-010,Synthetic capacity movement,0.01,0.00
2026-09-17,CAP-010,Synthetic capacity movement,0.01,0.00
2026-09-17,CAP-010,Synthetic capacity movement,0.01,0.00
2026-09-17,CAP-010,Synthetic capacity movement,0.01,0.00
2026-09-17,CAP-010,Synthetic capacity movement,0.01,0.00
2026-09-17,CAP-010,Synthetic capacity movement,0.01,0.00
2026-09-17,CAP-010,Synthetic capacity movement,0.01,0.00
2026-09-17,CAP-010,Synthetic capacity movement,0.01,0.00
2026-09-17,CAP-010,Synthetic capacity movement,0.01,0.00
2026-09-17,CAP-010,Synthetic capacity movement,0.01,0.00
2026-09-17,CAP-010,Synthetic capacity movement,0.01,0.00
2026-09-17,CAP-010,Synthetic capacity movement,0.01,0.00
2026-09-17,CAP-010,Synthetic capacity movement,0.01,0.00
2026-09-17,CAP-010,Synthetic capacity movement,0.01,0.00
2026-09-17,CAP-010,Synthetic capacity movement,0.01,0.00
2026-09-17,CAP-010,Synthetic capacity movement,0.01,0.00
2026-09-17,CAP-010,Synthetic capacity movement,0.01,0.00
2026-09-17,CAP-010,Synthetic capacity movement,0.01,0.00
2026-09-17,CAP-010,Synthetic capacity movement,0.01,0.00
2026-09-17,CAP-011,Synthetic capacity movement,0.01,0.00
2026-09-17,CAP-011,Synthetic capacity movement,0.01,0.00
2026-09-17,CAP-011,Synthetic capacity movement,0.01,0.00
2026-09-17,CAP-011,Synthetic capacity movement,0.01,0.00
2026-09-17,CAP-011,Synthetic capacity movement,0.01,0.00
2026-09-17,CAP-011,Synthetic capacity movement,0.01,0.00
2026-09-17,CAP-011,Synthetic capacity movement,0.01,0.00
2026-09-17,CAP-011,Synthetic capacity movement,0.01,0.00
2026-09-17,CAP-011,Synthetic capacity movement,0.01,0.00
2026-09-17,CAP-011,Synthetic capacity movement,0.01,0.00
2026-09-17,CAP-011,Synthetic capacity movement,0.01,0.00
2026-09-17,CAP-011,Synthetic capacity movement,0.01,0.00
2026-09-17,CAP-011,Synthetic capacity movement,0.01,0.00
2026-09-17,CAP-011,Synthetic capacity movement,0.01,0.00
2026-09-17,CAP-011,Synthetic capacity movement,0.01,0.00
2026-09-17,CAP-011,Synthetic capacity movement,0.01,0.00
2026-09-17,CAP-011,Synthetic capacity movement,0.01,0.00
2026-09-17,CAP-011,Synthetic capacity movement,0.01,0.00
2026-09-17,CAP-011,Synthetic capacity movement,0.01,0.00
2026-09-17,CAP-011,Synthetic capacity movement,0.01,0.00
2026-09-17,CAP-011,Synthetic capacity movement,0.01,0.00
2026-09-17,CAP-011,Synthetic capacity movement,0.01,0.00
2026-09-17,CAP-011,Synthetic capacity movement,0.01,0.00
2026-09-17,CAP-011,Synthetic capacity movement,0.01,0.00
2026-09-17,CAP-011,Synthetic capacity movement,0.01,0.00
2026-09-17,CAP-011,Synthetic capacity movement,0.01,0.00
2026-09-17,CAP-011,Synthetic capacity movement,0.01,0.00
2026-09-17,CAP-011,Synthetic capacity movement,0.01,0.00
2026-09-17,CAP-011,Synthetic capacity movement,0.01,0.00
2026-09-17,CAP-011,Synthetic capacity movement,0.01,0.00
2026-09-17,CAP-012,Synthetic capacity movement,0.01,0.00
2026-09-17,CAP-012,Synthetic capacity movement,0.01,0.00
2026-09-17,CAP-012,Synthetic capacity movement,0.01,0.00
2026-09-17,CAP-012,Synthetic capacity movement,0.01,0.00
2026-09-17,CAP-012,Synthetic capacity movement,0.01,0.00
2026-09-17,CAP-012,Synthetic capacity movement,0.01,0.00
2026-09-17,CAP-012,Synthetic capacity movement,0.01,0.00
2026-09-17,CAP-012,Synthetic capacity movement,0.01,0.00
2026-09-17,CAP-012,Synthetic capacity movement,0.01,0.00
2026-09-17,CAP-012,Synthetic capacity movement,0.01,0.00
2026-09-17,CAP-012,Synthetic capacity movement,0.01,0.00
2026-09-17,CAP-012,Synthetic capacity movement,0.01,0.00
2026-09-17,CAP-012,Synthetic capacity movement,0.01,0.00
2026-09-17,CAP-012,Synthetic capacity movement,0.01,0.00
2026-09-17,CAP-012,Synthetic capacity movement,0.01,0.00
2026-09-17,CAP-012,Synthetic capacity movement,0.01,0.00
2026-09-17,CAP-012,Synthetic capacity movement,0.01,0.00
2026-09-17,CAP-012,Synthetic capacity movement,0.01,0.00
2026-09-17,CAP-012,Synthetic capacity movement,0.01,0.00
2026-09-17,CAP-012,Synthetic capacity movement,0.01,0.00
2026-09-17,CAP-012,Synthetic capacity movement,0.01,0.00
2026-09-17,CAP-012,Synthetic capacity movement,0.01,0.00
2026-09-17,CAP-012,Synthetic capacity movement,0.01,0.00
2026-09-17,CAP-012,Synthetic capacity movement,0.01,0.00
2026-09-17,CAP-012,Synthetic capacity movement,0.01,0.00
2026-09-17,CAP-012,Synthetic capacity movement,0.01,0.00
2026-09-17,CAP-012,Synthetic capacity movement,0.01,0.00
2026-09-17,CAP-012,Synthetic capacity movement,0.01,0.00
2026-09-17,CAP-012,Synthetic capacity movement,0.01,0.00
2026-09-17,CAP-012,Synthetic capacity movement,0.01,0.00
2026-09-17,CAP-013,Synthetic capacity movement,0.01,0.00
2026-09-17,CAP-013,Synthetic capacity movement,0.01,0.00
2026-09-17,CAP-013,Synthetic capacity movement,0.01,0.00
2026-09-17,CAP-013,Synthetic capacity movement,0.01,0.00
2026-09-17,CAP-013,Synthetic capacity movement,0.01,0.00
2026-09-17,CAP-013,Synthetic capacity movement,0.01,0.00
2026-09-17,CAP-013,Synthetic capacity movement,0.01,0.00
2026-09-17,CAP-013,Synthetic capacity movement,0.01,0.00
2026-09-17,CAP-013,Synthetic capacity movement,0.01,0.00
2026-09-17,CAP-013,Synthetic capacity movement,0.01,0.00
2026-09-17,CAP-013,Synthetic capacity movement,0.01,0.00
2026-09-17,CAP-013,Synthetic capacity movement,0.01,0.00
2026-09-17,CAP-013,Synthetic capacity movement,0.01,0.00
2026-09-17,CAP-013,Synthetic capacity movement,0.01,0.00
2026-09-17,CAP-013,Synthetic capacity movement,0.01,0.00
2026-09-17,CAP-013,Synthetic capacity movement,0.01,0.00
2026-09-17,CAP-013,Synthetic capacity movement,0.01,0.00
2026-09-17,CAP-013,Synthetic capacity movement,0.01,0.00
2026-09-17,CAP-013,Synthetic capacity movement,0.01,0.00
2026-09-17,CAP-013,Synthetic capacity movement,0.01,0.00
2026-09-17,CAP-013,Synthetic capacity movement,0.01,0.00
2026-09-17,CAP-013,Synthetic capacity movement,0.01,0.00
2026-09-17,CAP-013,Synthetic capacity movement,0.01,0.00
2026-09-17,CAP-013,Synthetic capacity movement,0.01,0.00
2026-09-17,CAP-013,Synthetic capacity movement,0.01,0.00
2026-09-17,CAP-013,Synthetic capacity movement,0.01,0.00
2026-09-17,CAP-013,Synthetic capacity movement,0.01,0.00
2026-09-17,CAP-013,Synthetic capacity movement,0.01,0.00
2026-09-17,CAP-013,Synthetic capacity movement,0.01,0.00
2026-09-17,CAP-013,Synthetic capacity movement,0.01,0.00
2026-09-17,CAP-014,Synthetic capacity movement,0.01,0.00
2026-09-17,CAP-014,Synthetic capacity movement,0.01,0.00
2026-09-17,CAP-014,Synthetic capacity movement,0.01,0.00
2026-09-17,CAP-014,Synthetic capacity movement,0.01,0.00
2026-09-17,CAP-014,Synthetic capacity movement,0.01,0.00
2026-09-17,CAP-014,Synthetic capacity movement,0.01,0.00
2026-09-17,CAP-014,Synthetic capacity movement,0.01,0.00
2026-09-17,CAP-014,Synthetic capacity movement,0.01,0.00
2026-09-17,CAP-014,Synthetic capacity movement,0.01,0.00
2026-09-17,CAP-014,Synthetic capacity movement,0.01,0.00
2026-09-17,CAP-014,Synthetic capacity movement,0.01,0.00
2026-09-17,CAP-014,Synthetic capacity movement,0.01,0.00
2026-09-17,CAP-014,Synthetic capacity movement,0.01,0.00
2026-09-17,CAP-014,Synthetic capacity movement,0.01,0.00
2026-09-17,CAP-014,Synthetic capacity movement,0.01,0.00
2026-09-17,CAP-014,Synthetic capacity movement,0.01,0.00
2026-09-17,CAP-014,Synthetic capacity movement,0.01,0.00
2026-09-17,CAP-014,Synthetic capacity movement,0.01,0.00
2026-09-17,CAP-014,Synthetic capacity movement,0.01,0.00
2026-09-17,CAP-014,Synthetic capacity movement,0.01,0.00
2026-09-17,CAP-014,Synthetic capacity movement,0.01,0.00
2026-09-17,CAP-014,Synthetic capacity movement,0.01,0.00
2026-09-17,CAP-014,Synthetic capacity movement,0.01,0.00
2026-09-17,CAP-014,Synthetic capacity movement,0.01,0.00
2026-09-17,CAP-014,Synthetic capacity movement,0.01,0.00
2026-09-17,CAP-014,Synthetic capacity movement,0.01,0.00
2026-09-17,CAP-014,Synthetic capacity movement,0.01,0.00
2026-09-17,CAP-014,Synthetic capacity movement,0.01,0.00
2026-09-17,CAP-014,Synthetic capacity movement,0.01,0.00
2026-09-17,CAP-014,Synthetic capacity movement,0.01,0.00
2026-09-17,CAP-015,Synthetic capacity movement,0.01,0.00
2026-09-17,CAP-015,Synthetic capacity movement,0.01,0.00
2026-09-17,CAP-015,Synthetic capacity movement,0.01,0.00
2026-09-17,CAP-015,Synthetic capacity movement,0.01,0.00
2026-09-17,CAP-015,Synthetic capacity movement,0.01,0.00
2026-09-17,CAP-015,Synthetic capacity movement,0.01,0.00
2026-09-17,CAP-015,Synthetic capacity movement,0.01,0.00
2026-09-17,CAP-015,Synthetic capacity movement,0.01,0.00
2026-09-17,CAP-015,Synthetic capacity movement,0.01,0.00
2026-09-17,CAP-015,Synthetic capacity movement,0.01,0.00
2026-09-17,CAP-015,Synthetic capacity movement,0.01,0.00
2026-09-17,CAP-015,Synthetic capacity movement,0.01,0.00
2026-09-17,CAP-015,Synthetic capacity movement,0.01,0.00
2026-09-17,CAP-015,Synthetic capacity movement,0.01,0.00
2026-09-17,CAP-015,Synthetic capacity movement,0.01,0.00
2026-09-17,CAP-015,Synthetic capacity movement,0.01,0.00
2026-09-17,CAP-015,Synthetic capacity movement,0.01,0.00
2026-09-17,CAP-015,Synthetic capacity movement,0.01,0.00
2026-09-17,CAP-015,Synthetic capacity movement,0.01,0.00
2026-09-17,CAP-015,Synthetic capacity movement,0.01,0.00
2026-09-17,CAP-015,Synthetic capacity movement,0.01,0.00
2026-09-17,CAP-015,Synthetic capacity movement,0.01,0.00
2026-09-17,CAP-015,Synthetic capacity movement,0.01,0.00
2026-09-17,CAP-015,Synthetic capacity movement,0.01,0.00
2026-09-17,CAP-015,Synthetic capacity movement,0.01,0.00
2026-09-17,CAP-015,Synthetic capacity movement,0.01,0.00
2026-09-17,CAP-015,Synthetic capacity movement,0.01,0.00
2026-09-17,CAP-015,Synthetic capacity movement,0.01,0.00
2026-09-17,CAP-015,Synthetic capacity movement,0.01,0.00
2026-09-17,CAP-015,Synthetic capacity movement,0.01,0.00
2026-09-17,CAP-016,Synthetic capacity movement,0.01,0.00
2026-09-17,CAP-016,Synthetic capacity movement,0.01,0.00
2026-09-17,CAP-016,Synthetic capacity movement,0.01,0.00
2026-09-17,CAP-016,Synthetic capacity movement,0.01,0.00
2026-09-17,CAP-016,Synthetic capacity movement,0.01,0.00
2026-09-17,CAP-016,Synthetic capacity movement,0.01,0.00
2026-09-17,CAP-016,Synthetic capacity movement,0.01,0.00
2026-09-17,CAP-016,Synthetic capacity movement,0.01,0.00
2026-09-17,CAP-016,Synthetic capacity movement,0.01,0.00
2026-09-17,CAP-016,Synthetic capacity movement,0.01,0.00
2026-09-17,CAP-016,Synthetic capacity movement,0.01,0.00
2026-09-17,CAP-016,Synthetic capacity movement,0.01,0.00
2026-09-17,CAP-016,Synthetic capacity movement,0.01,0.00
2026-09-17,CAP-016,Synthetic capacity movement,0.01,0.00
2026-09-17,CAP-016,Synthetic capacity movement,0.01,0.00
2026-09-17,CAP-016,Synthetic capacity movement,0.01,0.00
2026-09-17,CAP-016,Synthetic capacity movement,0.01,0.00
2026-09-17,CAP-016,Synthetic capacity movement,0.01,0.00
2026-09-17,CAP-016,Synthetic capacity movement,0.01,0.00
2026-09-17,CAP-016,Synthetic capacity movement,0.01,0.00
2026-09-17,CAP-016,Synthetic capacity movement,0.01,0.00
2026-09-17,CAP-016,Synthetic capacity movement,0.01,0.00
2026-09-17,CAP-016,Synthetic capacity movement,0.01,0.00
2026-09-17,CAP-016,Synthetic capacity movement,0.01,0.00
2026-09-17,CAP-016,Synthetic capacity movement,0.01,0.00
2026-09-17,CAP-016,Synthetic capacity movement,0.01,0.00
2026-09-17,CAP-016,Synthetic capacity movement,0.01,0.00
2026-09-17,CAP-016,Synthetic capacity movement,0.01,0.00
2026-09-17,CAP-016,Synthetic capacity movement,0.01,0.00
2026-09-17,CAP-016,Synthetic capacity movement,0.01,0.00
2026-09-17,CAP-017,Synthetic capacity movement,0.01,0.00
2026-09-17,CAP-017,Synthetic capacity movement,0.01,0.00
2026-09-17,CAP-017,Synthetic capacity movement,0.01,0.00
2026-09-17,CAP-017,Synthetic capacity movement,0.01,0.00
2026-09-17,CAP-017,Synthetic capacity movement,0.01,0.00
2026-09-17,CAP-017,Synthetic capacity movement,0.01,0.00
2026-09-17,CAP-017,Synthetic capacity movement,0.01,0.00
2026-09-17,CAP-017,Synthetic capacity movement,0.01,0.00
2026-09-17,CAP-017,Synthetic capacity movement,0.01,0.00
2026-09-17,CAP-017,Synthetic capacity movement,0.01,0.00
2026-09-17,CAP-017,Synthetic capacity movement,0.01,0.00
2026-09-17,CAP-017,Synthetic capacity movement,0.01,0.00
2026-09-17,CAP-017,Synthetic capacity movement,0.01,0.00
2026-09-17,CAP-017,Synthetic capacity movement,0.01,0.00
2026-09-17,CAP-017,Synthetic capacity movement,0.01,0.00
2026-09-17,CAP-017,Synthetic capacity movement,0.01,0.00
2026-09-17,CAP-017,Synthetic capacity movement,0.01,0.00
2026-09-17,CAP-017,Synthetic capacity movement,0.01,0.00
2026-09-17,CAP-017,Synthetic capacity movement,0.01,0.00
2026-09-17,CAP-017,Synthetic capacity movement,0.01,0.00
2026-09-17,CAP-017,Synthetic capacity movement,0.01,0.00
2026-09-17,CAP-017,Synthetic capacity movement,0.01,0.00
2026-09-17,CAP-017,Synthetic capacity movement,0.01,0.00
2026-09-17,CAP-017,Synthetic capacity movement,0.01,0.00
2026-09-17,CAP-017,Synthetic capacity movement,0.01,0.00
2026-09-17,CAP-017,Synthetic capacity movement,0.01,0.00
2026-09-17,CAP-017,Synthetic capacity movement,0.01,0.00
2026-09-17,CAP-017,Synthetic capacity movement,0.01,0.00
2026-09-17,CAP-017,Synthetic capacity movement,0.01,0.00
2026-09-17,CAP-017,Synthetic capacity movement,0.01,0.00
2026-09-17,CAP-018,Synthetic capacity movement,0.01,0.00
2026-09-17,CAP-018,Synthetic capacity movement,0.01,0.00
2026-09-17,CAP-018,Synthetic capacity movement,0.01,0.00
2026-09-17,CAP-018,Synthetic capacity movement,0.01,0.00
2026-09-17,CAP-018,Synthetic capacity movement,0.01,0.00
2026-09-17,CAP-018,Synthetic capacity movement,0.01,0.00
2026-09-17,CAP-018,Synthetic capacity movement,0.01,0.00
2026-09-17,CAP-018,Synthetic capacity movement,0.01,0.00
2026-09-17,CAP-018,Synthetic capacity movement,0.01,0.00
2026-09-17,CAP-018,Synthetic capacity movement,0.01,0.00
2026-09-17,CAP-018,Synthetic capacity movement,0.01,0.00
2026-09-17,CAP-018,Synthetic capacity movement,0.01,0.00
2026-09-17,CAP-018,Synthetic capacity movement,0.01,0.00
2026-09-17,CAP-018,Synthetic capacity movement,0.01,0.00
2026-09-17,CAP-018,Synthetic capacity movement,0.01,0.00
2026-09-17,CAP-018,Synthetic capacity movement,0.01,0.00
2026-09-17,CAP-018,Synthetic capacity movement,0.01,0.00
2026-09-17,CAP-018,Synthetic capacity movement,0.01,0.00
2026-09-17,CAP-018,Synthetic capacity movement,0.01,0.00
2026-09-17,CAP-018,Synthetic capacity movement,0.01,0.00
2026-09-17,CAP-018,Synthetic capacity movement,0.01,0.00
2026-09-17,CAP-018,Synthetic capacity movement,0.01,0.00
2026-09-17,CAP-018,Synthetic capacity movement,0.01,0.00
2026-09-17,CAP-018,Synthetic capacity movement,0.01,0.00
2026-09-17,CAP-018,Synthetic capacity movement,0.01,0.00
2026-09-17,CAP-018,Synthetic capacity movement,0.01,0.00
2026-09-17,CAP-018,Synthetic capacity movement,0.01,0.00
2026-09-17,CAP-018,Synthetic capacity movement,0.01,0.00
2026-09-17,CAP-018,Synthetic capacity movement,0.01,0.00
2026-09-17,CAP-018,Synthetic capacity movement,0.01,0.00
2026-09-17,CAP-019,Synthetic capacity movement,0.01,0.00
2026-09-17,CAP-019,Synthetic capacity movement,0.01,0.00
2026-09-17,CAP-019,Synthetic capacity movement,0.01,0.00
2026-09-17,CAP-019,Synthetic capacity movement,0.01,0.00
2026-09-17,CAP-019,Synthetic capacity movement,0.01,0.00
2026-09-17,CAP-019,Synthetic capacity movement,0.01,0.00
2026-09-17,CAP-019,Synthetic capacity movement,0.01,0.00
2026-09-17,CAP-019,Synthetic capacity movement,0.01,0.00
2026-09-17,CAP-019,Synthetic capacity movement,0.01,0.00
2026-09-17,CAP-019,Synthetic capacity movement,0.01,0.00
2026-09-17,CAP-019,Synthetic capacity movement,0.01,0.00
2026-09-17,CAP-019,Synthetic capacity movement,0.01,0.00
2026-09-17,CAP-019,Synthetic capacity movement,0.01,0.00
2026-09-17,CAP-019,Synthetic capacity movement,0.01,0.00
2026-09-17,CAP-019,Synthetic capacity movement,0.01,0.00
2026-09-17,CAP-019,Synthetic capacity movement,0.01,0.00
2026-09-17,CAP-019,Synthetic capacity movement,0.01,0.00
2026-09-17,CAP-019,Synthetic capacity movement,0.01,0.00
2026-09-17,CAP-019,Synthetic capacity movement,0.01,0.00
2026-09-17,CAP-019,Synthetic capacity movement,0.01,0.00
2026-09-17,CAP-019,Synthetic capacity movement,0.01,0.00
2026-09-17,CAP-019,Synthetic capacity movement,0.01,0.00
2026-09-17,CAP-019,Synthetic capacity movement,0.01,0.00
2026-09-17,CAP-019,Synthetic capacity movement,0.01,0.00
2026-09-17,CAP-019,Synthetic capacity movement,0.01,0.00
2026-09-17,CAP-019,Synthetic capacity movement,0.01,0.00
2026-09-17,CAP-019,Synthetic capacity movement,0.01,0.00
2026-09-17,CAP-019,Synthetic capacity movement,0.01,0.00
2026-09-17,CAP-019,Synthetic capacity movement,0.01,0.00
2026-09-17,CAP-019,Synthetic capacity movement,0.01,0.00
2026-09-17,CAP-020,Synthetic capacity movement,0.01,0.00
2026-09-17,CAP-020,Synthetic capacity movement,0.01,0.00
2026-09-17,CAP-020,Synthetic capacity movement,0.01,0.00
2026-09-17,CAP-020,Synthetic capacity movement,0.01,0.00
2026-09-17,CAP-020,Synthetic capacity movement,0.01,0.00
2026-09-17,CAP-020,Synthetic capacity movement,0.01,0.00
2026-09-17,CAP-020,Synthetic capacity movement,0.01,0.00
2026-09-17,CAP-020,Synthetic capacity movement,0.01,0.00
2026-09-17,CAP-020,Synthetic capacity movement,0.01,0.00
2026-09-17,CAP-020,Synthetic capacity movement,0.01,0.00
2026-09-17,CAP-020,Synthetic capacity movement,0.01,0.00
2026-09-17,CAP-020,Synthetic capacity movement,0.01,0.00
2026-09-17,CAP-020,Synthetic capacity movement,0.01,0.00
2026-09-17,CAP-020,Synthetic capacity movement,0.01,0.00
2026-09-17,CAP-020,Synthetic capacity movement,0.01,0.00
2026-09-17,CAP-020,Synthetic capacity movement,0.01,0.00
2026-09-17,CAP-020,Synthetic capacity movement,0.01,0.00
2026-09-17,CAP-020,Synthetic capacity movement,0.01,0.00
2026-09-17,CAP-020,Synthetic capacity movement,0.01,0.00
2026-09-17,CAP-020,Synthetic capacity movement,0.01,0.00
2026-09-17,CAP-020,Synthetic capacity movement,0.01,0.00
2026-09-17,CAP-020,Synthetic capacity movement,0.01,0.00
2026-09-17,CAP-020,Synthetic capacity movement,0.01,0.00
2026-09-17,CAP-020,Synthetic capacity movement,0.01,0.00
2026-09-17,CAP-020,Synthetic capacity movement,0.01,0.00
2026-09-17,CAP-020,Synthetic capacity movement,0.01,0.00
2026-09-17,CAP-020,Synthetic capacity movement,0.01,0.00
2026-09-17,CAP-020,Synthetic capacity movement,0.01,0.00
2026-09-17,CAP-020,Synthetic capacity movement,0.01,0.00
2026-09-17,CAP-020,Synthetic capacity movement,0.01,0.00
2026-09-17,CAP-021,Synthetic capacity movement,0.01,0.00
2026-09-17,CAP-021,Synthetic capacity movement,0.01,0.00
2026-09-17,CAP-021,Synthetic capacity movement,0.01,0.00
2026-09-17,CAP-021,Synthetic capacity movement,0.01,0.00
2026-09-17,CAP-021,Synthetic capacity movement,0.01,0.00
2026-09-17,CAP-021,Synthetic capacity movement,0.01,0.00
2026-09-17,CAP-021,Synthetic capacity movement,0.01,0.00
2026-09-17,CAP-021,Synthetic capacity movement,0.01,0.00
2026-09-17,CAP-021,Synthetic capacity movement,0.01,0.00
2026-09-17,CAP-021,Synthetic capacity movement,0.01,0.00
2026-09-17,CAP-021,Synthetic capacity movement,0.01,0.00
2026-09-17,CAP-021,Synthetic capacity movement,0.01,0.00
2026-09-17,CAP-021,Synthetic capacity movement,0.01,0.00
2026-09-17,CAP-021,Synthetic capacity movement,0.01,0.00
2026-09-17,CAP-021,Synthetic capacity movement,0.01,0.00
2026-09-17,CAP-021,Synthetic capacity movement,0.01,0.00
2026-09-17,CAP-021,Synthetic capacity movement,0.01,0.00
2026-09-17,CAP-021,Synthetic capacity movement,0.01,0.00
2026-09-17,CAP-021,Synthetic capacity movement,0.01,0.00
2026-09-17,CAP-021,Synthetic capacity movement,0.01,0.00
2026-09-17,CAP-021,Synthetic capacity movement,0.01,0.00
2026-09-17,CAP-021,Synthetic capacity movement,0.01,0.00
2026-09-17,CAP-021,Synthetic capacity movement,0.01,0.00
2026-09-17,CAP-021,Synthetic capacity movement,0.01,0.00
2026-09-17,CAP-021,Synthetic capacity movement,0.01,0.00
2026-09-17,CAP-021,Synthetic capacity movement,0.01,0.00
2026-09-17,CAP-021,Synthetic capacity movement,0.01,0.00
2026-09-17,CAP-021,Synthetic capacity movement,0.01,0.00
2026-09-17,CAP-021,Synthetic capacity movement,0.01,0.00
2026-09-17,CAP-021,Synthetic capacity movement,0.01,0.00
2026-09-17,CAP-022,Synthetic capacity movement,0.01,0.00
2026-09-17,CAP-022,Synthetic capacity movement,0.01,0.00
2026-09-17,CAP-022,Synthetic capacity movement,0.01,0.00
2026-09-17,CAP-022,Synthetic capacity movement,0.01,0.00
2026-09-17,CAP-022,Synthetic capacity movement,0.01,0.00
2026-09-17,CAP-022,Synthetic capacity movement,0.01,0.00
2026-09-17,CAP-022,Synthetic capacity movement,0.01,0.00
2026-09-17,CAP-022,Synthetic capacity movement,0.01,0.00
2026-09-17,CAP-022,Synthetic capacity movement,0.01,0.00
2026-09-17,CAP-022,Synthetic capacity movement,0.01,0.00
2026-09-17,CAP-022,Synthetic capacity movement,0.01,0.00
2026-09-17,CAP-022,Synthetic capacity movement,0.01,0.00
2026-09-17,CAP-022,Synthetic capacity movement,0.01,0.00
2026-09-17,CAP-022,Synthetic capacity movement,0.01,0.00
2026-09-17,CAP-022,Synthetic capacity movement,0.01,0.00
2026-09-17,CAP-022,Synthetic capacity movement,0.01,0.00
2026-09-17,CAP-022,Synthetic capacity movement,0.01,0.00
2026-09-17,CAP-022,Synthetic capacity movement,0.01,0.00
2026-09-17,CAP-022,Synthetic capacity movement,0.01,0.00
2026-09-17,CAP-022,Synthetic capacity movement,0.01,0.00
2026-09-17,CAP-022,Synthetic capacity movement,0.01,0.00
2026-09-17,CAP-022,Synthetic capacity movement,0.01,0.00
2026-09-17,CAP-022,Synthetic capacity movement,0.01,0.00
2026-09-17,CAP-022,Synthetic capacity movement,0.01,0.00
2026-09-17,CAP-022,Synthetic capacity movement,0.01,0.00
2026-09-17,CAP-022,Synthetic capacity movement,0.01,0.00
2026-09-17,CAP-022,Synthetic capacity movement,0.01,0.00
2026-09-17,CAP-022,Synthetic capacity movement,0.01,0.00
2026-09-17,CAP-022,Synthetic capacity movement,0.01,0.00
2026-09-17,CAP-022,Synthetic capacity movement,0.01,0.00
2026-09-17,CAP-023,Synthetic capacity movement,0.01,0.00
2026-09-17,CAP-023,Synthetic capacity movement,0.01,0.00
2026-09-17,CAP-023,Synthetic capacity movement,0.01,0.00
2026-09-17,CAP-023,Synthetic capacity movement,0.01,0.00
2026-09-17,CAP-023,Synthetic capacity movement,0.01,0.00
2026-09-17,CAP-023,Synthetic capacity movement,0.01,0.00
2026-09-17,CAP-023,Synthetic capacity movement,0.01,0.00
2026-09-17,CAP-023,Synthetic capacity movement,0.01,0.00
2026-09-17,CAP-023,Synthetic capacity movement,0.01,0.00
2026-09-17,CAP-023,Synthetic capacity movement,0.01,0.00
2026-09-17,CAP-023,Synthetic capacity movement,0.01,0.00
2026-09-17,CAP-023,Synthetic capacity movement,0.01,0.00
2026-09-17,CAP-023,Synthetic capacity movement,0.01,0.00
2026-09-17,CAP-023,Synthetic capacity movement,0.01,0.00
2026-09-17,CAP-023,Synthetic capacity movement,0.01,0.00
2026-09-17,CAP-023,Synthetic capacity movement,0.01,0.00
2026-09-17,CAP-023,Synthetic capacity movement,0.01,0.00
2026-09-17,CAP-023,Synthetic capacity movement,0.01,0.00
2026-09-17,CAP-023,Synthetic capacity movement,0.01,0.00
2026-09-17,CAP-023,Synthetic capacity movement,0.01,0.00
2026-09-17,CAP-023,Synthetic capacity movement,0.01,0.00
2026-09-17,CAP-023,Synthetic capacity movement,0.01,0.00
2026-09-17,CAP-023,Synthetic capacity movement,0.01,0.00
2026-09-17,CAP-023,Synthetic capacity movement,0.01,0.00
2026-09-17,CAP-023,Synthetic capacity movement,0.01,0.00
2026-09-17,CAP-023,Synthetic capacity movement,0.01,0.00
2026-09-17,CAP-023,Synthetic capacity movement,0.01,0.00
2026-09-17,CAP-023,Synthetic capacity movement,0.01,0.00
2026-09-17,CAP-023,Synthetic capacity movement,0.01,0.00
2026-09-17,CAP-023,Synthetic capacity movement,0.01,0.00
2026-09-17,CAP-024,Synthetic capacity movement,0.01,0.00
2026-09-17,CAP-024,Synthetic capacity movement,0.01,0.00
2026-09-17,CAP-024,Synthetic capacity movement,0.01,0.00
2026-09-17,CAP-024,Synthetic capacity movement,0.01,0.00
2026-09-17,CAP-024,Synthetic capacity movement,0.01,0.00
2026-09-17,CAP-024,Synthetic capacity movement,0.01,0.00
2026-09-17,CAP-024,Synthetic capacity movement,0.01,0.00
2026-09-17,CAP-024,Synthetic capacity movement,0.01,0.00
2026-09-17,CAP-024,Synthetic capacity movement,0.01,0.00
2026-09-17,CAP-024,Synthetic capacity movement,0.01,0.00
2026-09-17,CAP-024,Synthetic capacity movement,0.01,0.00
2026-09-17,CAP-024,Synthetic capacity movement,0.01,0.00
2026-09-17,CAP-024,Synthetic capacity movement,0.01,0.00
2026-09-17,CAP-024,Synthetic capacity movement,0.01,0.00
2026-09-17,CAP-024,Synthetic capacity movement,0.01,0.00
2026-09-17,CAP-024,Synthetic capacity movement,0.01,0.00
2026-09-17,CAP-024,Synthetic capacity movement,0.01,0.00
2026-09-17,CAP-024,Synthetic capacity movement,0.01,0.00
2026-09-17,CAP-024,Synthetic capacity movement,0.01,0.00
2026-09-17,CAP-024,Synthetic capacity movement,0.01,0.00
2026-09-17,CAP-024,Synthetic capacity movement,0.01,0.00
2026-09-17,CAP-024,Synthetic capacity movement,0.01,0.00
2026-09-17,CAP-024,Synthetic capacity movement,0.01,0.00
2026-09-17,CAP-024,Synthetic capacity movement,0.01,0.00
2026-09-17,CAP-024,Synthetic capacity movement,0.01,0.00
2026-09-17,CAP-024,Synthetic capacity movement,0.01,0.00
2026-09-17,CAP-024,Synthetic capacity movement,0.01,0.00
2026-09-17,CAP-024,Synthetic capacity movement,0.01,0.00
2026-09-17,CAP-024,Synthetic capacity movement,0.01,0.00
2026-09-17,CAP-024,Synthetic capacity movement,0.01,0.00
2026-09-17,CAP-025,Synthetic capacity movement,0.01,0.00
2026-09-17,CAP-025,Synthetic capacity movement,0.01,0.00
2026-09-17,CAP-025,Synthetic capacity movement,0.01,0.00
2026-09-17,CAP-025,Synthetic capacity movement,0.01,0.00
2026-09-17,CAP-025,Synthetic capacity movement,0.01,0.00
2026-09-17,CAP-025,Synthetic capacity movement,0.01,0.00
2026-09-17,CAP-025,Synthetic capacity movement,0.01,0.00
2026-09-17,CAP-025,Synthetic capacity movement,0.01,0.00
2026-09-17,CAP-025,Synthetic capacity movement,0.01,0.00
2026-09-17,CAP-025,Synthetic capacity movement,0.01,0.00
2026-09-17,CAP-025,Synthetic capacity movement,0.01,0.00
2026-09-17,CAP-025,Synthetic capacity movement,0.01,0.00
2026-09-17,CAP-025,Synthetic capacity movement,0.01,0.00
2026-09-17,CAP-025,Synthetic capacity movement,0.01,0.00
2026-09-17,CAP-025,Synthetic capacity movement,0.01,0.00
2026-09-17,CAP-025,Synthetic capacity movement,0.01,0.00
2026-09-17,CAP-025,Synthetic capacity movement,0.01,0.00
2026-09-17,CAP-025,Synthetic capacity movement,0.01,0.00
2026-09-17,CAP-025,Synthetic capacity movement,0.01,0.00
2026-09-17,CAP-025,Synthetic capacity movement,0.01,0.00
2026-09-17,CAP-025,Synthetic capacity movement,0.01,0.00
2026-09-17,CAP-025,Synthetic capacity movement,0.01,0.00
2026-09-17,CAP-025,Synthetic capacity movement,0.01,0.00
2026-09-17,CAP-025,Synthetic capacity movement,0.01,0.00
2026-09-17,CAP-025,Synthetic capacity movement,0.01,0.00
2026-09-17,CAP-025,Synthetic capacity movement,0.01,0.00
2026-09-17,CAP-025,Synthetic capacity movement,0.01,0.00
2026-09-17,CAP-025,Synthetic capacity movement,0.01,0.00
2026-09-17,CAP-025,Synthetic capacity movement,0.01,0.00
2026-09-17,CAP-025,Synthetic capacity movement,0.01,0.00
2026-09-17,CAP-026,Synthetic capacity movement,0.01,0.00
2026-09-17,CAP-026,Synthetic capacity movement,0.01,0.00
2026-09-17,CAP-026,Synthetic capacity movement,0.01,0.00
2026-09-17,CAP-026,Synthetic capacity movement,0.01,0.00
2026-09-17,CAP-026,Synthetic capacity movement,0.01,0.00
2026-09-17,CAP-026,Synthetic capacity movement,0.01,0.00
2026-09-17,CAP-026,Synthetic capacity movement,0.01,0.00
2026-09-17,CAP-026,Synthetic capacity movement,0.01,0.00
2026-09-17,CAP-026,Synthetic capacity movement,0.01,0.00
2026-09-17,CAP-026,Synthetic capacity movement,0.01,0.00
2026-09-17,CAP-026,Synthetic capacity movement,0.01,0.00
2026-09-17,CAP-026,Synthetic capacity movement,0.01,0.00
2026-09-17,CAP-026,Synthetic capacity movement,0.01,0.00
2026-09-17,CAP-026,Synthetic capacity movement,0.01,0.00
2026-09-17,CAP-026,Synthetic capacity movement,0.01,0.00
2026-09-17,CAP-026,Synthetic capacity movement,0.01,0.00
2026-09-17,CAP-026,Synthetic capacity movement,0.01,0.00
2026-09-17,CAP-026,Synthetic capacity movement,0.01,0.00
2026-09-17,CAP-026,Synthetic capacity movement,0.01,0.00
2026-09-17,CAP-026,Synthetic capacity movement,0.01,0.00
2026-09-17,CAP-026,Synthetic capacity movement,0.01,0.00
2026-09-17,CAP-026,Synthetic capacity movement,0.01,0.00
2026-09-17,CAP-026,Synthetic capacity movement,0.01,0.00
2026-09-17,CAP-026,Synthetic capacity movement,0.01,0.00
2026-09-17,CAP-026,Synthetic capacity movement,0.01,0.00
2026-09-17,CAP-026,Synthetic capacity movement,0.01,0.00
2026-09-17,CAP-026,Synthetic capacity movement,0.01,0.00
2026-09-17,CAP-026,Synthetic capacity movement,0.01,0.00
2026-09-17,CAP-026,Synthetic capacity movement,0.01,0.00
2026-09-17,CAP-026,Synthetic capacity movement,0.01,0.00
2026-09-17,CAP-027,Synthetic capacity movement,0.01,0.00
2026-09-17,CAP-027,Synthetic capacity movement,0.01,0.00
2026-09-17,CAP-027,Synthetic capacity movement,0.01,0.00
2026-09-17,CAP-027,Synthetic capacity movement,0.01,0.00
2026-09-17,CAP-027,Synthetic capacity movement,0.01,0.00
2026-09-17,CAP-027,Synthetic capacity movement,0.01,0.00
2026-09-17,CAP-027,Synthetic capacity movement,0.01,0.00
2026-09-17,CAP-027,Synthetic capacity movement,0.01,0.00
2026-09-17,CAP-027,Synthetic capacity movement,0.01,0.00
2026-09-17,CAP-027,Synthetic capacity movement,0.01,0.00
2026-09-17,CAP-027,Synthetic capacity movement,0.01,0.00
2026-09-17,CAP-027,Synthetic capacity movement,0.01,0.00
2026-09-17,CAP-027,Synthetic capacity movement,0.01,0.00
2026-09-17,CAP-027,Synthetic capacity movement,0.01,0.00
2026-09-17,CAP-027,Synthetic capacity movement,0.01,0.00
2026-09-17,CAP-027,Synthetic capacity movement,0.01,0.00
2026-09-17,CAP-027,Synthetic capacity movement,0.01,0.00
2026-09-17,CAP-027,Synthetic capacity movement,0.01,0.00
2026-09-17,CAP-027,Synthetic capacity movement,0.01,0.00
2026-09-17,CAP-027,Synthetic capacity movement,0.01,0.00
2026-09-17,CAP-027,Synthetic capacity movement,0.01,0.00
2026-09-17,CAP-027,Synthetic capacity movement,0.01,0.00
2026-09-17,CAP-027,Synthetic capacity movement,0.01,0.00
2026-09-17,CAP-027,Synthetic capacity movement,0.01,0.00
2026-09-17,CAP-027,Synthetic capacity movement,0.01,0.00
2026-09-17,CAP-027,Synthetic capacity movement,0.01,0.00
2026-09-17,CAP-027,Synthetic capacity movement,0.01,0.00
2026-09-17,CAP-027,Synthetic capacity movement,0.01,0.00
2026-09-17,CAP-027,Synthetic capacity movement,0.01,0.00
2026-09-17,CAP-027,Synthetic capacity movement,0.01,0.00
2026-09-17,CAP-028,Synthetic capacity movement,0.01,0.00
2026-09-17,CAP-028,Synthetic capacity movement,0.01,0.00
2026-09-17,CAP-028,Synthetic capacity movement,0.01,0.00
2026-09-17,CAP-028,Synthetic capacity movement,0.01,0.00
2026-09-17,CAP-028,Synthetic capacity movement,0.01,0.00
2026-09-17,CAP-028,Synthetic capacity movement,0.01,0.00
2026-09-17,CAP-028,Synthetic capacity movement,0.01,0.00
2026-09-17,CAP-028,Synthetic capacity movement,0.01,0.00
2026-09-17,CAP-028,Synthetic capacity movement,0.01,0.00
2026-09-17,CAP-028,Synthetic capacity movement,0.01,0.00
2026-09-17,CAP-028,Synthetic capacity movement,0.01,0.00
2026-09-17,CAP-028,Synthetic capacity movement,0.01,0.00
2026-09-17,CAP-028,Synthetic capacity movement,0.01,0.00
2026-09-17,CAP-028,Synthetic capacity movement,0.01,0.00
2026-09-17,CAP-028,Synthetic capacity movement,0.01,0.00
2026-09-17,CAP-028,Synthetic capacity movement,0.01,0.00
2026-09-17,CAP-028,Synthetic capacity movement,0.01,0.00
2026-09-17,CAP-028,Synthetic capacity movement,0.01,0.00
2026-09-17,CAP-028,Synthetic capacity movement,0.01,0.00
2026-09-17,CAP-028,Synthetic capacity movement,0.01,0.00
2026-09-17,CAP-028,Synthetic capacity movement,0.01,0.00
2026-09-17,CAP-028,Synthetic capacity movement,0.01,0.00
2026-09-17,CAP-028,Synthetic capacity movement,0.01,0.00
2026-09-17,CAP-028,Synthetic capacity movement,0.01,0.00
2026-09-17,CAP-028,Synthetic capacity movement,0.01,0.00
2026-09-17,CAP-028,Synthetic capacity movement,0.01,0.00
2026-09-17,CAP-028,Synthetic capacity movement,0.01,0.00
2026-09-17,CAP-028,Synthetic capacity movement,0.01,0.00
2026-09-17,CAP-028,Synthetic capacity movement,0.01,0.00
2026-09-17,CAP-028,Synthetic capacity movement,0.01,0.00
2026-09-17,CAP-029,Synthetic capacity movement,0.01,0.00
2026-09-17,CAP-029,Synthetic capacity movement,0.01,0.00
2026-09-17,CAP-029,Synthetic capacity movement,0.01,0.00
2026-09-17,CAP-029,Synthetic capacity movement,0.01,0.00
2026-09-17,CAP-029,Synthetic capacity movement,0.01,0.00
2026-09-17,CAP-029,Synthetic capacity movement,0.01,0.00
2026-09-17,CAP-029,Synthetic capacity movement,0.01,0.00
2026-09-17,CAP-029,Synthetic capacity movement,0.01,0.00
2026-09-17,CAP-029,Synthetic capacity movement,0.01,0.00
2026-09-17,CAP-029,Synthetic capacity movement,0.01,0.00
2026-09-17,CAP-029,Synthetic capacity movement,0.01,0.00
2026-09-17,CAP-029,Synthetic capacity movement,0.01,0.00
2026-09-17,CAP-029,Synthetic capacity movement,0.01,0.00
2026-09-17,CAP-029,Synthetic capacity movement,0.01,0.00
2026-09-17,CAP-029,Synthetic capacity movement,0.01,0.00
2026-09-17,CAP-029,Synthetic capacity movement,0.01,0.00
2026-09-17,CAP-029,Synthetic capacity movement,0.01,0.00
2026-09-17,CAP-029,Synthetic capacity movement,0.01,0.00
2026-09-17,CAP-029,Synthetic capacity movement,0.01,0.00
2026-09-17,CAP-029,Synthetic capacity movement,0.01,0.00
2026-09-17,CAP-029,Synthetic capacity movement,0.01,0.00
2026-09-17,CAP-029,Synthetic capacity movement,0.01,0.00
2026-09-17,CAP-029,Synthetic capacity movement,0.01,0.00
2026-09-17,CAP-029,Synthetic capacity movement,0.01,0.00
2026-09-17,CAP-029,Synthetic capacity movement,0.01,0.00
2026-09-17,CAP-029,Synthetic capacity movement,0.01,0.00
2026-09-17,CAP-029,Synthetic capacity movement,0.01,0.00
2026-09-17,CAP-029,Synthetic capacity movement,0.01,0.00
2026-09-17,CAP-029,Synthetic capacity movement,0.01,0.00
2026-09-17,CAP-029,Synthetic capacity movement,0.01,0.00
2026-09-17,CAP-030,Synthetic capacity movement,0.01,0.00
2026-09-17,CAP-030,Synthetic capacity movement,0.01,0.00
2026-09-17,CAP-030,Synthetic capacity movement,0.01,0.00
2026-09-17,CAP-030,Synthetic capacity movement,0.01,0.00
2026-09-17,CAP-030,Synthetic capacity movement,0.01,0.00
2026-09-17,CAP-030,Synthetic capacity movement,0.01,0.00
2026-09-17,CAP-030,Synthetic capacity movement,0.01,0.00
2026-09-17,CAP-030,Synthetic capacity movement,0.01,0.00
2026-09-17,CAP-030,Synthetic capacity movement,0.01,0.00
2026-09-17,CAP-030,Synthetic capacity movement,0.01,0.00
2026-09-17,CAP-030,Synthetic capacity movement,0.01,0.00
2026-09-17,CAP-030,Synthetic capacity movement,0.01,0.00
2026-09-17,CAP-030,Synthetic capacity movement,0.01,0.00
2026-09-17,CAP-030,Synthetic capacity movement,0.01,0.00
2026-09-17,CAP-030,Synthetic capacity movement,0.01,0.00
2026-09-17,CAP-030,Synthetic capacity movement,0.01,0.00
2026-09-17,CAP-030,Synthetic capacity movement,0.01,0.00
2026-09-17,CAP-030,Synthetic capacity movement,0.01,0.00
2026-09-17,CAP-030,Synthetic capacity movement,0.01,0.00
2026-09-17,CAP-030,Synthetic capacity movement,0.01,0.00
2026-09-17,CAP-030,Synthetic capacity movement,0.01,0.00
2026-09-17,CAP-030,Synthetic capacity movement,0.01,0.00
2026-09-17,CAP-030,Synthetic capacity movement,0.01,0.00
2026-09-17,CAP-030,Synthetic capacity movement,0.01,0.00
2026-09-17,CAP-030,Synthetic capacity movement,0.01,0.00
2026-09-17,CAP-030,Synthetic capacity movement,0.01,0.00
2026-09-17,CAP-030,Synthetic capacity movement,0.01,0.00
2026-09-17,CAP-030,Synthetic capacity movement,0.01,0.00
2026-09-17,CAP-030,Synthetic capacity movement,0.01,0.00
2026-09-17,CAP-030,Synthetic capacity movement,0.01,0.00
2026-09-17,CAP-031,Synthetic capacity movement,0.01,0.00
2026-09-17,CAP-031,Synthetic capacity movement,0.01,0.00
2026-09-17,CAP-031,Synthetic capacity movement,0.01,0.00
2026-09-17,CAP-031,Synthetic capacity movement,0.01,0.00
2026-09-17,CAP-031,Synthetic capacity movement,0.01,0.00
2026-09-17,CAP-031,Synthetic capacity movement,0.01,0.00
2026-09-17,CAP-031,Synthetic capacity movement,0.01,0.00
2026-09-17,CAP-031,Synthetic capacity movement,0.01,0.00
2026-09-17,CAP-031,Synthetic capacity movement,0.01,0.00
2026-09-17,CAP-031,Synthetic capacity movement,0.01,0.00
2026-09-17,CAP-031,Synthetic capacity movement,0.01,0.00
2026-09-17,CAP-031,Synthetic capacity movement,0.01,0.00
2026-09-17,CAP-031,Synthetic capacity movement,0.01,0.00
2026-09-17,CAP-031,Synthetic capacity movement,0.01,0.00
2026-09-17,CAP-031,Synthetic capacity movement,0.01,0.00
2026-09-17,CAP-031,Synthetic capacity movement,0.01,0.00
2026-09-17,CAP-031,Synthetic capacity movement,0.01,0.00
2026-09-17,CAP-031,Synthetic capacity movement,0.01,0.00
2026-09-17,CAP-031,Synthetic capacity movement,0.01,0.00
2026-09-17,CAP-031,Synthetic capacity movement,0.01,0.00
2026-09-17,CAP-031,Synthetic capacity movement,0.01,0.00
2026-09-17,CAP-031,Synthetic capacity movement,0.01,0.00
2026-09-17,CAP-031,Synthetic capacity movement,0.01,0.00
2026-09-17,CAP-031,Synthetic capacity movement,0.01,0.00
2026-09-17,CAP-031,Synthetic capacity movement,0.01,0.00
2026-09-17,CAP-031,Synthetic capacity movement,0.01,0.00
2026-09-17,CAP-031,Synthetic capacity movement,0.01,0.00
2026-09-17,CAP-031,Synthetic capacity movement,0.01,0.00
2026-09-17,CAP-031,Synthetic capacity movement,0.01,0.00
2026-09-17,CAP-031,Synthetic capacity movement,0.01,0.00
2026-09-17,CAP-032,Synthetic capacity movement,0.01,0.00
2026-09-17,CAP-032,Synthetic capacity movement,0.01,0.00
2026-09-17,CAP-032,Synthetic capacity movement,0.01,0.00
2026-09-17,CAP-032,Synthetic capacity movement,0.01,0.00
2026-09-17,CAP-032,Synthetic capacity movement,0.01,0.00
2026-09-17,CAP-032,Synthetic capacity movement,0.01,0.00
2026-09-17,CAP-032,Synthetic capacity movement,0.01,0.00
2026-09-17,CAP-032,Synthetic capacity movement,0.01,0.00
2026-09-17,CAP-032,Synthetic capacity movement,0.01,0.00
2026-09-17,CAP-032,Synthetic capacity movement,0.01,0.00
2026-09-17,CAP-032,Synthetic capacity movement,0.01,0.00
2026-09-17,CAP-032,Synthetic capacity movement,0.01,0.00
2026-09-17,CAP-032,Synthetic capacity movement,0.01,0.00
2026-09-17,CAP-032,Synthetic capacity movement,0.01,0.00
2026-09-17,CAP-032,Synthetic capacity movement,0.01,0.00
2026-09-17,CAP-032,Synthetic capacity movement,0.01,0.00
2026-09-17,CAP-032,Synthetic capacity movement,0.01,0.00
2026-09-17,CAP-032,Synthetic capacity movement,0.01,0.00
2026-09-17,CAP-032,Synthetic capacity movement,0.01,0.00
2026-09-17,CAP-032,Synthetic capacity movement,0.01,0.00
2026-09-17,CAP-032,Synthetic capacity movement,0.01,0.00
2026-09-17,CAP-032,Synthetic capacity movement,0.01,0.00
2026-09-17,CAP-032,Synthetic capacity movement,0.01,0.00
2026-09-17,CAP-032,Synthetic capacity movement,0.01,0.00
2026-09-17,CAP-032,Synthetic capacity movement,0.01,0.00
2026-09-17,CAP-032,Synthetic capacity movement,0.01,0.00
2026-09-17,CAP-032,Synthetic capacity movement,0.01,0.00
2026-09-17,CAP-032,Synthetic capacity movement,0.01,0.00
2026-09-17,CAP-032,Synthetic capacity movement,0.01,0.00
2026-09-17,CAP-032,Synthetic capacity movement,0.01,0.00
2026-09-17,CAP-033,Synthetic capacity movement,0.01,0.00
2026-09-17,CAP-033,Synthetic capacity movement,0.01,0.00
2026-09-17,CAP-033,Synthetic capacity movement,0.01,0.00
2026-09-17,CAP-033,Synthetic capacity movement,0.01,0.00
2026-09-17,CAP-033,Synthetic capacity movement,0.01,0.00
2026-09-17,CAP-033,Synthetic capacity movement,0.01,0.00
2026-09-17,CAP-033,Synthetic capacity movement,0.01,0.00
2026-09-17,CAP-033,Synthetic capacity movement,0.01,0.00
2026-09-17,CAP-033,Synthetic capacity movement,0.01,0.00
2026-09-17,CAP-033,Synthetic capacity movement,0.01,0.00
2026-09-17,CAP-033,Synthetic capacity movement,0.01,0.00
2026-09-17,CAP-033,Synthetic capacity movement,0.01,0.00
2026-09-17,CAP-033,Synthetic capacity movement,0.01,0.00
2026-09-17,CAP-033,Synthetic capacity movement,0.01,0.00
2026-09-17,CAP-033,Synthetic capacity movement,0.01,0.00
2026-09-17,CAP-033,Synthetic capacity movement,0.01,0.00
2026-09-17,CAP-033,Synthetic capacity movement,0.01,0.00
2026-09-17,CAP-033,Synthetic capacity movement,0.01,0.00
2026-09-17,CAP-033,Synthetic capacity movement,0.01,0.00
2026-09-17,CAP-033,Synthetic capacity movement,0.01,0.00
2026-09-17,CAP-033,Synthetic capacity movement,0.01,0.00
2026-09-17,CAP-033,Synthetic capacity movement,0.01,0.00
2026-09-17,CAP-033,Synthetic capacity movement,0.01,0.00
2026-09-17,CAP-033,Synthetic capacity movement,0.01,0.00
2026-09-17,CAP-033,Synthetic capacity movement,0.01,0.00
2026-09-17,CAP-033,Synthetic capacity movement,0.01,0.00
2026-09-17,CAP-033,Synthetic capacity movement,0.01,0.00
2026-09-17,CAP-033,Synthetic capacity movement,0.01,0.00
2026-09-17,CAP-033,Synthetic capacity movement,0.01,0.00
2026-09-17,CAP-033,Synthetic capacity movement,0.01,0.00
2026-09-17,CAP-034,Synthetic capacity movement,0.01,0.00
2026-09-17,CAP-034,Synthetic capacity movement,0.01,0.00
2026-09-17,CAP-034,Synthetic capacity movement,0.01,0.00
2026-09-17,CAP-034,Synthetic capacity movement,0.01,0.00
2026-09-17,CAP-034,Synthetic capacity movement,0.01,0.00
2026-09-17,CAP-034,Synthetic capacity movement,0.01,0.00
2026-09-17,CAP-034,Synthetic capacity movement,0.01,0.00
2026-09-17,CAP-034,Synthetic capacity movement,0.01,0.00
2026-09-17,CAP-034,Synthetic capacity movement,0.01,0.00
2026-09-17,CAP-034,Synthetic capacity movement,0.01,0.00
2026-09-17,CAP-034,Synthetic capacity movement,0.01,0.00
2026-09-17,CAP-034,Synthetic capacity movement,0.01,0.00
2026-09-17,CAP-034,Synthetic capacity movement,0.01,0.00
2026-09-17,CAP-034,Synthetic capacity movement,0.01,0.00
2026-09-17,CAP-034,Synthetic capacity movement,0.01,0.00
2026-09-17,CAP-034,Synthetic capacity movement,0.01,0.00
2026-09-17,CAP-034,Synthetic capacity movement,0.01,0.00
2026-09-17,CAP-034,Synthetic capacity movement,0.01,0.00
2026-09-17,CAP-034,Synthetic capacity movement,0.01,0.00
2026-09-17,CAP-034,Synthetic capacity movement,0.01,0.00
2026-09-17,CAP-034,Synthetic capacity movement,0.01,0.00
2026-09-17,CAP-034,Synthetic capacity movement,0.01,0.00
2026-09-17,CAP-034,Synthetic capacity movement,0.01,0.00
2026-09-17,CAP-034,Synthetic capacity movement,0.01,0.00
2026-09-17,CAP-034,Synthetic capacity movement,0.01,0.00
2026-09-17,CAP-034,Synthetic capacity movement,0.01,0.00
2026-09-17,CAP-034,Synthetic capacity movement,0.01,0.00
2026-09-17,CAP-034,Synthetic capacity movement,0.01,0.00
2026-09-17,CAP-034,Synthetic capacity movement,0.01,0.00
2026-09-17,CAP-034,Synthetic capacity movement,0.01,0.00
2026-09-17,CAP-035,Synthetic capacity movement,0.01,0.00
2026-09-17,CAP-035,Synthetic capacity movement,0.01,0.00
2026-09-17,CAP-035,Synthetic capacity movement,0.01,0.00
2026-09-17,CAP-035,Synthetic capacity movement,0.01,0.00
2026-09-17,CAP-035,Synthetic capacity movement,0.01,0.00
2026-09-17,CAP-035,Synthetic capacity movement,0.01,0.00
2026-09-17,CAP-035,Synthetic capacity movement,0.01,0.00
2026-09-17,CAP-035,Synthetic capacity movement,0.01,0.00
2026-09-17,CAP-035,Synthetic capacity movement,0.01,0.00
2026-09-17,CAP-035,Synthetic capacity movement,0.01,0.00
2026-09-17,CAP-035,Synthetic capacity movement,0.01,0.00
2026-09-17,CAP-035,Synthetic capacity movement,0.01,0.00
2026-09-17,CAP-035,Synthetic capacity movement,0.01,0.00
2026-09-17,CAP-035,Synthetic capacity movement,0.01,0.00
2026-09-17,CAP-035,Synthetic capacity movement,0.01,0.00
2026-09-17,CAP-035,Synthetic capacity movement,0.01,0.00
2026-09-17,CAP-035,Synthetic capacity movement,0.01,0.00
2026-09-17,CAP-035,Synthetic capacity movement,0.01,0.00
2026-09-17,CAP-035,Synthetic capacity movement,0.01,0.00
2026-09-17,CAP-035,Synthetic capacity movement,0.01,0.00
2026-09-17,CAP-035,Synthetic capacity movement,0.01,0.00
2026-09-17,CAP-035,Synthetic capacity movement,0.01,0.00
2026-09-17,CAP-035,Synthetic capacity movement,0.01,0.00
2026-09-17,CAP-035,Synthetic capacity movement,0.01,0.00
2026-09-17,CAP-035,Synthetic capacity movement,0.01,0.00
2026-09-17,CAP-035,Synthetic capacity movement,0.01,0.00
2026-09-17,CAP-035,Synthetic capacity movement,0.01,0.00
2026-09-17,CAP-035,Synthetic capacity movement,0.01,0.00
2026-09-17,CAP-035,Synthetic capacity movement,0.01,0.00
2026-09-17,CAP-035,Synthetic capacity movement,0.01,0.00
2026-09-17,CAP-036,Synthetic capacity movement,0.01,0.00
2026-09-17,CAP-036,Synthetic capacity movement,0.01,0.00
2026-09-17,CAP-036,Synthetic capacity movement,0.01,0.00
2026-09-17,CAP-036,Synthetic capacity movement,0.01,0.00
2026-09-17,CAP-036,Synthetic capacity movement,0.01,0.00
2026-09-17,CAP-036,Synthetic capacity movement,0.01,0.00
2026-09-17,CAP-036,Synthetic capacity movement,0.01,0.00
2026-09-17,CAP-036,Synthetic capacity movement,0.01,0.00
2026-09-17,CAP-036,Synthetic capacity movement,0.01,0.00
2026-09-17,CAP-036,Synthetic capacity movement,0.01,0.00
2026-09-17,CAP-036,Synthetic capacity movement,0.01,0.00
2026-09-17,CAP-036,Synthetic capacity movement,0.01,0.00
2026-09-17,CAP-036,Synthetic capacity movement,0.01,0.00
2026-09-17,CAP-036,Synthetic capacity movement,0.01,0.00
2026-09-17,CAP-036,Synthetic capacity movement,0.01,0.00
2026-09-17,CAP-036,Synthetic capacity movement,0.01,0.00
2026-09-17,CAP-036,Synthetic capacity movement,0.01,0.00
2026-09-17,CAP-036,Synthetic capacity movement,0.01,0.00
2026-09-17,CAP-036,Synthetic capacity movement,0.01,0.00
2026-09-17,CAP-036,Synthetic capacity movement,0.01,0.00
2026-09-17,CAP-036,Synthetic capacity movement,0.01,0.00
2026-09-17,CAP-036,Synthetic capacity movement,0.01,0.00
2026-09-17,CAP-036,Synthetic capacity movement,0.01,0.00
2026-09-17,CAP-036,Synthetic capacity movement,0.01,0.00
2026-09-17,CAP-036,Synthetic capacity movement,0.01,0.00
2026-09-17,CAP-036,Synthetic capacity movement,0.01,0.00
2026-09-17,CAP-036,Synthetic capacity movement,0.01,0.00
2026-09-17,CAP-036,Synthetic capacity movement,0.01,0.00
2026-09-17,CAP-036,Synthetic capacity movement,0.01,0.00
2026-09-17,CAP-036,Synthetic capacity movement,0.01,0.00
2026-09-17,CAP-037,Synthetic capacity movement,0.01,0.00
2026-09-17,CAP-037,Synthetic capacity movement,0.01,0.00
2026-09-17,CAP-037,Synthetic capacity movement,0.01,0.00
2026-09-17,CAP-037,Synthetic capacity movement,0.01,0.00
2026-09-17,CAP-037,Synthetic capacity movement,0.01,0.00
2026-09-17,CAP-037,Synthetic capacity movement,0.01,0.00
2026-09-17,CAP-037,Synthetic capacity movement,0.01,0.00
2026-09-17,CAP-037,Synthetic capacity movement,0.01,0.00
2026-09-17,CAP-037,Synthetic capacity movement,0.01,0.00
2026-09-17,CAP-037,Synthetic capacity movement,0.01,0.00
2026-09-17,CAP-037,Synthetic capacity movement,0.01,0.00
2026-09-17,CAP-037,Synthetic capacity movement,0.01,0.00
2026-09-17,CAP-037,Synthetic capacity movement,0.01,0.00
2026-09-17,CAP-037,Synthetic capacity movement,0.01,0.00
2026-09-17,CAP-037,Synthetic capacity movement,0.01,0.00
2026-09-17,CAP-037,Synthetic capacity movement,0.01,0.00
2026-09-17,CAP-037,Synthetic capacity movement,0.01,0.00
2026-09-17,CAP-037,Synthetic capacity movement,0.01,0.00
2026-09-17,CAP-037,Synthetic capacity movement,0.01,0.00
2026-09-17,CAP-037,Synthetic capacity movement,0.01,0.00
2026-09-17,CAP-037,Synthetic capacity movement,0.01,0.00
2026-09-17,CAP-037,Synthetic capacity movement,0.01,0.00
2026-09-17,CAP-037,Synthetic capacity movement,0.01,0.00
2026-09-17,CAP-037,Synthetic capacity movement,0.01,0.00
2026-09-17,CAP-037,Synthetic capacity movement,0.01,0.00
2026-09-17,CAP-037,Synthetic capacity movement,0.01,0.00
2026-09-17,CAP-037,Synthetic capacity movement,0.01,0.00
2026-09-17,CAP-037,Synthetic capacity movement,0.01,0.00
2026-09-17,CAP-037,Synthetic capacity movement,0.01,0.00
2026-09-17,CAP-037,Synthetic capacity movement,0.01,0.00
2026-09-17,CAP-038,Synthetic capacity movement,0.01,0.00
2026-09-17,CAP-038,Synthetic capacity movement,0.01,0.00
2026-09-17,CAP-038,Synthetic capacity movement,0.01,0.00
2026-09-17,CAP-038,Synthetic capacity movement,0.01,0.00
2026-09-17,CAP-038,Synthetic capacity movement,0.01,0.00
2026-09-17,CAP-038,Synthetic capacity movement,0.01,0.00
2026-09-17,CAP-038,Synthetic capacity movement,0.01,0.00
2026-09-17,CAP-038,Synthetic capacity movement,0.01,0.00
2026-09-17,CAP-038,Synthetic capacity movement,0.01,0.00
2026-09-17,CAP-038,Synthetic capacity movement,0.01,0.00
2026-09-17,CAP-038,Synthetic capacity movement,0.01,0.00
2026-09-17,CAP-038,Synthetic capacity movement,0.01,0.00
2026-09-17,CAP-038,Synthetic capacity movement,0.01,0.00
2026-09-17,CAP-038,Synthetic capacity movement,0.01,0.00
2026-09-17,CAP-038,Synthetic capacity movement,0.01,0.00
2026-09-17,CAP-038,Synthetic capacity movement,0.01,0.00
2026-09-17,CAP-038,Synthetic capacity movement,0.01,0.00
2026-09-17,CAP-038,Synthetic capacity movement,0.01,0.00
2026-09-17,CAP-038,Synthetic capacity movement,0.01,0.00
2026-09-17,CAP-038,Synthetic capacity movement,0.01,0.00
2026-09-17,CAP-038,Synthetic capacity movement,0.01,0.00
2026-09-17,CAP-038,Synthetic capacity movement,0.01,0.00
2026-09-17,CAP-038,Synthetic capacity movement,0.01,0.00
2026-09-17,CAP-038,Synthetic capacity movement,0.01,0.00
2026-09-17,CAP-038,Synthetic capacity movement,0.01,0.00
2026-09-17,CAP-038,Synthetic capacity movement,0.01,0.00
2026-09-17,CAP-038,Synthetic capacity movement,0.01,0.00
2026-09-17,CAP-038,Synthetic capacity movement,0.01,0.00
2026-09-17,CAP-038,Synthetic capacity movement,0.01,0.00
2026-09-17,CAP-038,Synthetic capacity movement,0.01,0.00
2026-09-17,CAP-039,Synthetic capacity movement,0.01,0.00
2026-09-17,CAP-039,Synthetic capacity movement,0.01,0.00
2026-09-17,CAP-039,Synthetic capacity movement,0.01,0.00
2026-09-17,CAP-039,Synthetic capacity movement,0.01,0.00
2026-09-17,CAP-039,Synthetic capacity movement,0.01,0.00
2026-09-17,CAP-039,Synthetic capacity movement,0.01,0.00
2026-09-17,CAP-039,Synthetic capacity movement,0.01,0.00
2026-09-17,CAP-039,Synthetic capacity movement,0.01,0.00
2026-09-17,CAP-039,Synthetic capacity movement,0.01,0.00
2026-09-17,CAP-039,Synthetic capacity movement,0.01,0.00
2026-09-17,CAP-039,Synthetic capacity movement,0.01,0.00
2026-09-17,CAP-039,Synthetic capacity movement,0.01,0.00
2026-09-17,CAP-039,Synthetic capacity movement,0.01,0.00
2026-09-17,CAP-039,Synthetic capacity movement,0.01,0.00
2026-09-17,CAP-039,Synthetic capacity movement,0.01,0.00
2026-09-17,CAP-039,Synthetic capacity movement,0.01,0.00
2026-09-17,CAP-039,Synthetic capacity movement,0.01,0.00
2026-09-17,CAP-039,Synthetic capacity movement,0.01,0.00
2026-09-17,CAP-039,Synthetic capacity movement,0.01,0.00
2026-09-17,CAP-039,Synthetic capacity movement,0.01,0.00
2026-09-17,CAP-039,Synthetic capacity movement,0.01,0.00
2026-09-17,CAP-039,Synthetic capacity movement,0.01,0.00
2026-09-17,CAP-039,Synthetic capacity movement,0.01,0.00
2026-09-17,CAP-039,Synthetic capacity movement,0.01,0.00
2026-09-17,CAP-039,Synthetic capacity movement,0.01,0.00
2026-09-17,CAP-039,Synthetic capacity movement,0.01,0.00
2026-09-17,CAP-039,Synthetic capacity movement,0.01,0.00
2026-09-17,CAP-039,Synthetic capacity movement,0.01,0.00
2026-09-17,CAP-039,Synthetic capacity movement,0.01,0.00
2026-09-17,CAP-039,Synthetic capacity movement,0.01,0.00
2026-09-17,CAP-040,Synthetic capacity movement,0.01,0.00
2026-09-17,CAP-040,Synthetic capacity movement,0.01,0.00
2026-09-17,CAP-040,Synthetic capacity movement,0.01,0.00
2026-09-17,CAP-040,Synthetic capacity movement,0.01,0.00
2026-09-17,CAP-040,Synthetic capacity movement,0.01,0.00
2026-09-17,CAP-040,Synthetic capacity movement,0.01,0.00
2026-09-17,CAP-040,Synthetic capacity movement,0.01,0.00
2026-09-17,CAP-040,Synthetic capacity movement,0.01,0.00
2026-09-17,CAP-040,Synthetic capacity movement,0.01,0.00
2026-09-17,CAP-040,Synthetic capacity movement,0.01,0.00
2026-09-17,CAP-040,Synthetic capacity movement,0.01,0.00
2026-09-17,CAP-040,Synthetic capacity movement,0.01,0.00
2026-09-17,CAP-040,Synthetic capacity movement,0.01,0.00
2026-09-17,CAP-040,Synthetic capacity movement,0.01,0.00
2026-09-17,CAP-040,Synthetic capacity movement,0.01,0.00
2026-09-17,CAP-040,Synthetic capacity movement,0.01,0.00
2026-09-17,CAP-040,Synthetic capacity movement,0.01,0.00
2026-09-17,CAP-040,Synthetic capacity movement,0.01,0.00
2026-09-17,CAP-040,Synthetic capacity movement,0.01,0.00
2026-09-17,CAP-040,Synthetic capacity movement,0.01,0.00
2026-09-17,CAP-040,Synthetic capacity movement,0.01,0.00
2026-09-17,CAP-040,Synthetic capacity movement,0.01,0.00
2026-09-17,CAP-040,Synthetic capacity movement,0.01,0.00
2026-09-17,CAP-040,Synthetic capacity movement,0.01,0.00
2026-09-17,CAP-040,Synthetic capacity movement,0.01,0.00
2026-09-17,CAP-040,Synthetic capacity movement,0.01,0.00
2026-09-17,CAP-040,Synthetic capacity movement,0.01,0.00
2026-09-17,CAP-040,Synthetic capacity movement,0.01,0.00
2026-09-17,CAP-040,Synthetic capacity movement,0.01,0.00
2026-09-17,CAP-040,Synthetic capacity movement,0.01,0.00
2026-09-17,CAP-041,Synthetic capacity movement,0.01,0.00
2026-09-17,CAP-041,Synthetic capacity movement,0.01,0.00
2026-09-17,CAP-041,Synthetic capacity movement,0.01,0.00
2026-09-17,CAP-041,Synthetic capacity movement,0.01,0.00
2026-09-17,CAP-041,Synthetic capacity movement,0.01,0.00
2026-09-17,CAP-041,Synthetic capacity movement,0.01,0.00
2026-09-17,CAP-041,Synthetic capacity movement,0.01,0.00
2026-09-17,CAP-041,Synthetic capacity movement,0.01,0.00
2026-09-17,CAP-041,Synthetic capacity movement,0.01,0.00
2026-09-17,CAP-041,Synthetic capacity movement,0.01,0.00
2026-09-17,CAP-041,Synthetic capacity movement,0.01,0.00
2026-09-17,CAP-041,Synthetic capacity movement,0.01,0.00
2026-09-17,CAP-041,Synthetic capacity movement,0.01,0.00
2026-09-17,CAP-041,Synthetic capacity movement,0.01,0.00
2026-09-17,CAP-041,Synthetic capacity movement,0.01,0.00
2026-09-17,CAP-041,Synthetic capacity movement,0.01,0.00
2026-09-17,CAP-041,Synthetic capacity movement,0.01,0.00
2026-09-17,CAP-041,Synthetic capacity movement,0.01,0.00
2026-09-17,CAP-041,Synthetic capacity movement,0.01,0.00
2026-09-17,CAP-041,Synthetic capacity movement,0.01,0.00
2026-09-17,CAP-041,Synthetic capacity movement,0.01,0.00
2026-09-17,CAP-041,Synthetic capacity movement,0.01,0.00
2026-09-17,CAP-041,Synthetic capacity movement,0.01,0.00
2026-09-17,CAP-041,Synthetic capacity movement,0.01,0.00
2026-09-17,CAP-041,Synthetic capacity movement,0.01,0.00
2026-09-17,CAP-041,Synthetic capacity movement,0.01,0.00
2026-09-17,CAP-041,Synthetic capacity movement,0.01,0.00
2026-09-17,CAP-041,Synthetic capacity movement,0.01,0.00
2026-09-17,CAP-041,Synthetic capacity movement,0.01,0.00
2026-09-17,CAP-041,Synthetic capacity movement,0.01,0.00
2026-09-17,CAP-042,Synthetic capacity movement,0.01,0.00
2026-09-17,CAP-042,Synthetic capacity movement,0.01,0.00
2026-09-17,CAP-042,Synthetic capacity movement,0.01,0.00
2026-09-17,CAP-042,Synthetic capacity movement,0.01,0.00
2026-09-17,CAP-042,Synthetic capacity movement,0.01,0.00
2026-09-17,CAP-042,Synthetic capacity movement,0.01,0.00
2026-09-17,CAP-042,Synthetic capacity movement,0.01,0.00
2026-09-17,CAP-042,Synthetic capacity movement,0.01,0.00
2026-09-17,CAP-042,Synthetic capacity movement,0.01,0.00
2026-09-17,CAP-042,Synthetic capacity movement,0.01,0.00
2026-09-17,CAP-042,Synthetic capacity movement,0.01,0.00
2026-09-17,CAP-042,Synthetic capacity movement,0.01,0.00
2026-09-17,CAP-042,Synthetic capacity movement,0.01,0.00
2026-09-17,CAP-042,Synthetic capacity movement,0.01,0.00
2026-09-17,CAP-042,Synthetic capacity movement,0.01,0.00
2026-09-17,CAP-042,Synthetic capacity movement,0.01,0.00
2026-09-17,CAP-042,Synthetic capacity movement,0.01,0.00
2026-09-17,CAP-042,Synthetic capacity movement,0.01,0.00
2026-09-17,CAP-042,Synthetic capacity movement,0.01,0.00
2026-09-17,CAP-042,Synthetic capacity movement,0.01,0.00
2026-09-17,CAP-042,Synthetic capacity movement,0.01,0.00
2026-09-17,CAP-042,Synthetic capacity movement,0.01,0.00
2026-09-17,CAP-042,Synthetic capacity movement,0.01,0.00
2026-09-17,CAP-042,Synthetic capacity movement,0.01,0.00
2026-09-17,CAP-042,Synthetic capacity movement,0.01,0.00
2026-09-17,CAP-042,Synthetic capacity movement,0.01,0.00
2026-09-17,CAP-042,Synthetic capacity movement,0.01,0.00
2026-09-17,CAP-042,Synthetic capacity movement,0.01,0.00
2026-09-17,CAP-042,Synthetic capacity movement,0.01,0.00
2026-09-17,CAP-042,Synthetic capacity movement,0.01,0.00
2026-09-17,CAP-043,Synthetic capacity movement,0.01,0.00
2026-09-17,CAP-043,Synthetic capacity movement,0.01,0.00
2026-09-17,CAP-043,Synthetic capacity movement,0.01,0.00
2026-09-17,CAP-043,Synthetic capacity movement,0.01,0.00
2026-09-17,CAP-043,Synthetic capacity movement,0.01,0.00
2026-09-17,CAP-043,Synthetic capacity movement,0.01,0.00
2026-09-17,CAP-043,Synthetic capacity movement,0.01,0.00
2026-09-17,CAP-043,Synthetic capacity movement,0.01,0.00
2026-09-17,CAP-043,Synthetic capacity movement,0.01,0.00
2026-09-17,CAP-043,Synthetic capacity movement,0.01,0.00
2026-09-17,CAP-043,Synthetic capacity movement,0.01,0.00
2026-09-17,CAP-043,Synthetic capacity movement,0.01,0.00
2026-09-17,CAP-043,Synthetic capacity movement,0.01,0.00
2026-09-17,CAP-043,Synthetic capacity movement,0.01,0.00
2026-09-17,CAP-043,Synthetic capacity movement,0.01,0.00
2026-09-17,CAP-043,Synthetic capacity movement,0.01,0.00
2026-09-17,CAP-043,Synthetic capacity movement,0.01,0.00
2026-09-17,CAP-043,Synthetic capacity movement,0.01,0.00
2026-09-17,CAP-043,Synthetic capacity movement,0.01,0.00
2026-09-17,CAP-043,Synthetic capacity movement,0.01,0.00
2026-09-17,CAP-043,Synthetic capacity movement,0.01,0.00
2026-09-17,CAP-043,Synthetic capacity movement,0.01,0.00
2026-09-17,CAP-043,Synthetic capacity movement,0.01,0.00
2026-09-17,CAP-043,Synthetic capacity movement,0.01,0.00
2026-09-17,CAP-043,Synthetic capacity movement,0.01,0.00
2026-09-17,CAP-043,Synthetic capacity movement,0.01,0.00
2026-09-17,CAP-043,Synthetic capacity movement,0.01,0.00
2026-09-17,CAP-043,Synthetic capacity movement,0.01,0.00
2026-09-17,CAP-043,Synthetic capacity movement,0.01,0.00
2026-09-17,CAP-043,Synthetic capacity movement,0.01,0.00
2026-09-17,CAP-044,Synthetic capacity movement,0.01,0.00
2026-09-17,CAP-044,Synthetic capacity movement,0.01,0.00
2026-09-17,CAP-044,Synthetic capacity movement,0.01,0.00
2026-09-17,CAP-044,Synthetic capacity movement,0.01,0.00
2026-09-17,CAP-044,Synthetic capacity movement,0.01,0.00
2026-09-17,CAP-044,Synthetic capacity movement,0.01,0.00
2026-09-17,CAP-044,Synthetic capacity movement,0.01,0.00
2026-09-17,CAP-044,Synthetic capacity movement,0.01,0.00
2026-09-17,CAP-044,Synthetic capacity movement,0.01,0.00
2026-09-17,CAP-044,Synthetic capacity movement,0.01,0.00
2026-09-17,CAP-044,Synthetic capacity movement,0.01,0.00
2026-09-17,CAP-044,Synthetic capacity movement,0.01,0.00
2026-09-17,CAP-044,Synthetic capacity movement,0.01,0.00
2026-09-17,CAP-044,Synthetic capacity movement,0.01,0.00
2026-09-17,CAP-044,Synthetic capacity movement,0.01,0.00
2026-09-17,CAP-044,Synthetic capacity movement,0.01,0.00
2026-09-17,CAP-044,Synthetic capacity movement,0.01,0.00
2026-09-17,CAP-044,Synthetic capacity movement,0.01,0.00
2026-09-17,CAP-044,Synthetic capacity movement,0.01,0.00
2026-09-17,CAP-044,Synthetic capacity movement,0.01,0.00
2026-09-17,CAP-044,Synthetic capacity movement,0.01,0.00
2026-09-17,CAP-044,Synthetic capacity movement,0.01,0.00
2026-09-17,CAP-044,Synthetic capacity movement,0.01,0.00
2026-09-17,CAP-044,Synthetic capacity movement,0.01,0.00
2026-09-17,CAP-044,Synthetic capacity movement,0.01,0.00
2026-09-17,CAP-044,Synthetic capacity movement,0.01,0.00
2026-09-17,CAP-044,Synthetic capacity movement,0.01,0.00
2026-09-17,CAP-044,Synthetic capacity movement,0.01,0.00
2026-09-17,CAP-044,Synthetic capacity movement,0.01,0.00
2026-09-17,CAP-044,Synthetic capacity movement,0.01,0.00
2026-09-17,CAP-045,Synthetic capacity movement,0.01,0.00
2026-09-17,CAP-045,Synthetic capacity movement,0.01,0.00
2026-09-17,CAP-045,Synthetic capacity movement,0.01,0.00
2026-09-17,CAP-045,Synthetic capacity movement,0.01,0.00
2026-09-17,CAP-045,Synthetic capacity movement,0.01,0.00
2026-09-17,CAP-045,Synthetic capacity movement,0.01,0.00
2026-09-17,CAP-045,Synthetic capacity movement,0.01,0.00
2026-09-17,CAP-045,Synthetic capacity movement,0.01,0.00
2026-09-17,CAP-045,Synthetic capacity movement,0.01,0.00
2026-09-17,CAP-045,Synthetic capacity movement,0.01,0.00
2026-09-17,CAP-045,Synthetic capacity movement,0.01,0.00
2026-09-17,CAP-045,Synthetic capacity movement,0.01,0.00
2026-09-17,CAP-045,Synthetic capacity movement,0.01,0.00
2026-09-17,CAP-045,Synthetic capacity movement,0.01,0.00
2026-09-17,CAP-045,Synthetic capacity movement,0.01,0.00
2026-09-17,CAP-045,Synthetic capacity movement,0.01,0.00
2026-09-17,CAP-045,Synthetic capacity movement,0.01,0.00
2026-09-17,CAP-045,Synthetic capacity movement,0.01,0.00
2026-09-17,CAP-045,Synthetic capacity movement,0.01,0.00
2026-09-17,CAP-045,Synthetic capacity movement,0.01,0.00
2026-09-17,CAP-045,Synthetic capacity movement,0.01,0.00
2026-09-17,CAP-045,Synthetic capacity movement,0.01,0.00
2026-09-17,CAP-045,Synthetic capacity movement,0.01,0.00
2026-09-17,CAP-045,Synthetic capacity movement,0.01,0.00
2026-09-17,CAP-045,Synthetic capacity movement,0.01,0.00
2026-09-17,CAP-045,Synthetic capacity movement,0.01,0.00
2026-09-17,CAP-045,Synthetic capacity movement,0.01,0.00
2026-09-17,CAP-045,Synthetic capacity movement,0.01,0.00
2026-09-17,CAP-045,Synthetic capacity movement,0.01,0.00
2026-09-17,CAP-045,Synthetic capacity movement,0.01,0.00
2026-09-17,CAP-046,Synthetic capacity movement,0.01,0.00
2026-09-17,CAP-046,Synthetic capacity movement,0.01,0.00
2026-09-17,CAP-046,Synthetic capacity movement,0.01,0.00
2026-09-17,CAP-046,Synthetic capacity movement,0.01,0.00
2026-09-17,CAP-046,Synthetic capacity movement,0.01,0.00
2026-09-17,CAP-046,Synthetic capacity movement,0.01,0.00
2026-09-17,CAP-046,Synthetic capacity movement,0.01,0.00
2026-09-17,CAP-046,Synthetic capacity movement,0.01,0.00
2026-09-17,CAP-046,Synthetic capacity movement,0.01,0.00
2026-09-17,CAP-046,Synthetic capacity movement,0.01,0.00
2026-09-17,CAP-046,Synthetic capacity movement,0.01,0.00
2026-09-17,CAP-046,Synthetic capacity movement,0.01,0.00
2026-09-17,CAP-046,Synthetic capacity movement,0.01,0.00
2026-09-17,CAP-046,Synthetic capacity movement,0.01,0.00
2026-09-17,CAP-046,Synthetic capacity movement,0.01,0.00
2026-09-17,CAP-046,Synthetic capacity movement,0.01,0.00
2026-09-17,CAP-046,Synthetic capacity movement,0.01,0.00
2026-09-17,CAP-046,Synthetic capacity movement,0.01,0.00
2026-09-17,CAP-046,Synthetic capacity movement,0.01,0.00
2026-09-17,CAP-046,Synthetic capacity movement,0.01,0.00
2026-09-17,CAP-046,Synthetic capacity movement,0.01,0.00
2026-09-17,CAP-046,Synthetic capacity movement,0.01,0.00
2026-09-17,CAP-046,Synthetic capacity movement,0.01,0.00
2026-09-17,CAP-046,Synthetic capacity movement,0.01,0.00
2026-09-17,CAP-046,Synthetic capacity movement,0.01,0.00
2026-09-17,CAP-046,Synthetic capacity movement,0.01,0.00
2026-09-17,CAP-046,Synthetic capacity movement,0.01,0.00
2026-09-17,CAP-046,Synthetic capacity movement,0.01,0.00
2026-09-17,CAP-046,Synthetic capacity movement,0.01,0.00
2026-09-17,CAP-046,Synthetic capacity movement,0.01,0.00
2026-09-17,CAP-047,Synthetic capacity movement,0.01,0.00
2026-09-17,CAP-047,Synthetic capacity movement,0.01,0.00
2026-09-17,CAP-047,Synthetic capacity movement,0.01,0.00
2026-09-17,CAP-047,Synthetic capacity movement,0.01,0.00
2026-09-17,CAP-047,Synthetic capacity movement,0.01,0.00
2026-09-17,CAP-047,Synthetic capacity movement,0.01,0.00
2026-09-17,CAP-047,Synthetic capacity movement,0.01,0.00
2026-09-17,CAP-047,Synthetic capacity movement,0.01,0.00
2026-09-17,CAP-047,Synthetic capacity movement,0.01,0.00
2026-09-17,CAP-047,Synthetic capacity movement,0.01,0.00
2026-09-17,CAP-047,Synthetic capacity movement,0.01,0.00
2026-09-17,CAP-047,Synthetic capacity movement,0.01,0.00
2026-09-17,CAP-047,Synthetic capacity movement,0.01,0.00
2026-09-17,CAP-047,Synthetic capacity movement,0.01,0.00
2026-09-17,CAP-047,Synthetic capacity movement,0.01,0.00
2026-09-17,CAP-047,Synthetic capacity movement,0.01,0.00
2026-09-17,CAP-047,Synthetic capacity movement,0.01,0.00
2026-09-17,CAP-047,Synthetic capacity movement,0.01,0.00
2026-09-17,CAP-047,Synthetic capacity movement,0.01,0.00
2026-09-17,CAP-047,Synthetic capacity movement,0.01,0.00
2026-09-17,CAP-047,Synthetic capacity movement,0.01,0.00
2026-09-17,CAP-047,Synthetic capacity movement,0.01,0.00
2026-09-17,CAP-047,Synthetic capacity movement,0.01,0.00
2026-09-17,CAP-047,Synthetic capacity movement,0.01,0.00
2026-09-17,CAP-047,Synthetic capacity movement,0.01,0.00
2026-09-17,CAP-047,Synthetic capacity movement,0.01,0.00
2026-09-17,CAP-047,Synthetic capacity movement,0.01,0.00
2026-09-17,CAP-047,Synthetic capacity movement,0.01,0.00
2026-09-17,CAP-047,Synthetic capacity movement,0.01,0.00
2026-09-17,CAP-047,Synthetic capacity movement,0.01,0.00
2026-09-17,CAP-048,Synthetic capacity movement,0.01,0.00
2026-09-17,CAP-048,Synthetic capacity movement,0.01,0.00
2026-09-17,CAP-048,Synthetic capacity movement,0.01,0.00
2026-09-17,CAP-048,Synthetic capacity movement,0.01,0.00
2026-09-17,CAP-048,Synthetic capacity movement,0.01,0.00
2026-09-17,CAP-048,Synthetic capacity movement,0.01,0.00
2026-09-17,CAP-048,Synthetic capacity movement,0.01,0.00
2026-09-17,CAP-048,Synthetic capacity movement,0.01,0.00
2026-09-17,CAP-048,Synthetic capacity movement,0.01,0.00
2026-09-17,CAP-048,Synthetic capacity movement,0.01,0.00
2026-09-17,CAP-048,Synthetic capacity movement,0.01,0.00
2026-09-17,CAP-048,Synthetic capacity movement,0.01,0.00
2026-09-17,CAP-048,Synthetic capacity movement,0.01,0.00
2026-09-17,CAP-048,Synthetic capacity movement,0.01,0.00
2026-09-17,CAP-048,Synthetic capacity movement,0.01,0.00
2026-09-17,CAP-048,Synthetic capacity movement,0.01,0.00
2026-09-17,CAP-048,Synthetic capacity movement,0.01,0.00
2026-09-17,CAP-048,Synthetic capacity movement,0.01,0.00
2026-09-17,CAP-048,Synthetic capacity movement,0.01,0.00
2026-09-17,CAP-048,Synthetic capacity movement,0.01,0.00
2026-09-17,CAP-048,Synthetic capacity movement,0.01,0.00
2026-09-17,CAP-048,Synthetic capacity movement,0.01,0.00
2026-09-17,CAP-048,Synthetic capacity movement,0.01,0.00
2026-09-17,CAP-048,Synthetic capacity movement,0.01,0.00
2026-09-17,CAP-048,Synthetic capacity movement,0.01,0.00
2026-09-17,CAP-048,Synthetic capacity movement,0.01,0.00
2026-09-17,CAP-048,Synthetic capacity movement,0.01,0.00
2026-09-17,CAP-048,Synthetic capacity movement,0.01,0.00
2026-09-17,CAP-048,Synthetic capacity movement,0.01,0.00
2026-09-17,CAP-048,Synthetic capacity movement,0.01,0.00
2026-09-17,CAP-049,Synthetic capacity movement,0.01,0.00
2026-09-17,CAP-049,Synthetic capacity movement,0.01,0.00
2026-09-17,CAP-049,Synthetic capacity movement,0.01,0.00
2026-09-17,CAP-049,Synthetic capacity movement,0.01,0.00
2026-09-17,CAP-049,Synthetic capacity movement,0.01,0.00
2026-09-17,CAP-049,Synthetic capacity movement,0.01,0.00
2026-09-17,CAP-049,Synthetic capacity movement,0.01,0.00
2026-09-17,CAP-049,Synthetic capacity movement,0.01,0.00
2026-09-17,CAP-049,Synthetic capacity movement,0.01,0.00
2026-09-17,CAP-049,Synthetic capacity movement,0.01,0.00
2026-09-17,CAP-049,Synthetic capacity movement,0.01,0.00
2026-09-17,CAP-049,Synthetic capacity movement,0.01,0.00
2026-09-17,CAP-049,Synthetic capacity movement,0.01,0.00
2026-09-17,CAP-049,Synthetic capacity movement,0.01,0.00
2026-09-17,CAP-049,Synthetic capacity movement,0.01,0.00
2026-09-17,CAP-049,Synthetic capacity movement,0.01,0.00
2026-09-17,CAP-049,Synthetic capacity movement,0.01,0.00
2026-09-17,CAP-049,Synthetic capacity movement,0.01,0.00
2026-09-17,CAP-049,Synthetic capacity movement,0.01,0.00
2026-09-17,CAP-049,Synthetic capacity movement,0.01,0.00
2026-09-17,CAP-049,Synthetic capacity movement,0.01,0.00
2026-09-17,CAP-049,Synthetic capacity movement,0.01,0.00
2026-09-17,CAP-049,Synthetic capacity movement,0.01,0.00
2026-09-17,CAP-049,Synthetic capacity movement,0.01,0.00
2026-09-17,CAP-049,Synthetic capacity movement,0.01,0.00
2026-09-17,CAP-049,Synthetic capacity movement,0.01,0.00
2026-09-17,CAP-049,Synthetic capacity movement,0.01,0.00
2026-09-17,CAP-049,Synthetic capacity movement,0.01,0.00
2026-09-17,CAP-049,Synthetic capacity movement,0.01,0.00
2026-09-17,CAP-049,Synthetic capacity movement,0.01,0.00
2026-09-17,CAP-050,Synthetic capacity movement,0.01,0.00
2026-09-17,CAP-050,Synthetic capacity movement,0.01,0.00
2026-09-17,CAP-050,Synthetic capacity movement,0.01,0.00
2026-09-17,CAP-050,Synthetic capacity movement,0.01,0.00
2026-09-17,CAP-050,Synthetic capacity movement,0.01,0.00
2026-09-17,CAP-050,Synthetic capacity movement,0.01,0.00
2026-09-17,CAP-050,Synthetic capacity movement,0.01,0.00
2026-09-17,CAP-050,Synthetic capacity movement,0.01,0.00
2026-09-17,CAP-050,Synthetic capacity movement,0.01,0.00
2026-09-17,CAP-050,Synthetic capacity movement,0.01,0.00
2026-09-17,CAP-050,Synthetic capacity movement,0.01,0.00
2026-09-17,CAP-050,Synthetic capacity movement,0.01,0.00
2026-09-17,CAP-050,Synthetic capacity movement,0.01,0.00
2026-09-17,CAP-050,Synthetic capacity movement,0.01,0.00
2026-09-17,CAP-050,Synthetic capacity movement,0.01,0.00
2026-09-17,CAP-050,Synthetic capacity movement,0.01,0.00
2026-09-17,CAP-050,Synthetic capacity movement,0.01,0.00
2026-09-17,CAP-050,Synthetic capacity movement,0.01,0.00
2026-09-17,CAP-050,Synthetic capacity movement,0.01,0.00
2026-09-17,CAP-050,Synthetic capacity movement,0.01,0.00
2026-09-17,CAP-050,Synthetic capacity movement,0.01,0.00
2026-09-17,CAP-050,Synthetic capacity movement,0.01,0.00
2026-09-17,CAP-050,Synthetic capacity movement,0.01,0.00
2026-09-17,CAP-050,Synthetic capacity movement,0.01,0.00
2026-09-17,CAP-050,Synthetic capacity movement,0.01,0.00
2026-09-17,CAP-050,Synthetic capacity movement,0.01,0.00
2026-09-17,CAP-050,Synthetic capacity movement,0.01,0.00
2026-09-17,CAP-050,Synthetic capacity movement,0.01,0.00
2026-09-17,CAP-050,Synthetic capacity movement,0.01,0.00
2026-09-17,CAP-050,Synthetic capacity movement,0.01,0.00
2026-09-17,CAP-051,Synthetic capacity movement,0.01,0.00
2026-09-17,CAP-051,Synthetic capacity movement,0.01,0.00
2026-09-17,CAP-051,Synthetic capacity movement,0.01,0.00
2026-09-17,CAP-051,Synthetic capacity movement,0.01,0.00
2026-09-17,CAP-051,Synthetic capacity movement,0.01,0.00
2026-09-17,CAP-051,Synthetic capacity movement,0.01,0.00
2026-09-17,CAP-051,Synthetic capacity movement,0.01,0.00
2026-09-17,CAP-051,Synthetic capacity movement,0.01,0.00
2026-09-17,CAP-051,Synthetic capacity movement,0.01,0.00
2026-09-17,CAP-051,Synthetic capacity movement,0.01,0.00
2026-09-17,CAP-051,Synthetic capacity movement,0.01,0.00
2026-09-17,CAP-051,Synthetic capacity movement,0.01,0.00
2026-09-17,CAP-051,Synthetic capacity movement,0.01,0.00
2026-09-17,CAP-051,Synthetic capacity movement,0.01,0.00
2026-09-17,CAP-051,Synthetic capacity movement,0.01,0.00
2026-09-17,CAP-051,Synthetic capacity movement,0.01,0.00
2026-09-17,CAP-051,Synthetic capacity movement,0.01,0.00
2026-09-17,CAP-051,Synthetic capacity movement,0.01,0.00
2026-09-17,CAP-051,Synthetic capacity movement,0.01,0.00
2026-09-17,CAP-051,Synthetic capacity movement,0.01,0.00
2026-09-17,CAP-051,Synthetic capacity movement,0.01,0.00
2026-09-17,CAP-051,Synthetic capacity movement,0.01,0.00
2026-09-17,CAP-051,Synthetic capacity movement,0.01,0.00
2026-09-17,CAP-051,Synthetic capacity movement,0.01,0.00
2026-09-17,CAP-051,Synthetic capacity movement,0.01,0.00
2026-09-17,CAP-051,Synthetic capacity movement,0.01,0.00
2026-09-17,CAP-051,Synthetic capacity movement,0.01,0.00
2026-09-17,CAP-051,Synthetic capacity movement,0.01,0.00
2026-09-17,CAP-051,Synthetic capacity movement,0.01,0.00
2026-09-17,CAP-051,Synthetic capacity movement,0.01,0.00
2026-09-17,CAP-052,Synthetic capacity movement,0.01,0.00
2026-09-17,CAP-052,Synthetic capacity movement,0.01,0.00
2026-09-17,CAP-052,Synthetic capacity movement,0.01,0.00
2026-09-17,CAP-052,Synthetic capacity movement,0.01,0.00
2026-09-17,CAP-052,Synthetic capacity movement,0.01,0.00
2026-09-17,CAP-052,Synthetic capacity movement,0.01,0.00
2026-09-17,CAP-052,Synthetic capacity movement,0.01,0.00
2026-09-17,CAP-052,Synthetic capacity movement,0.01,0.00
2026-09-17,CAP-052,Synthetic capacity movement,0.01,0.00
2026-09-17,CAP-052,Synthetic capacity movement,0.01,0.00
2026-09-17,CAP-052,Synthetic capacity movement,0.01,0.00
2026-09-17,CAP-052,Synthetic capacity movement,0.01,0.00
2026-09-17,CAP-052,Synthetic capacity movement,0.01,0.00
2026-09-17,CAP-052,Synthetic capacity movement,0.01,0.00
2026-09-17,CAP-052,Synthetic capacity movement,0.01,0.00
2026-09-17,CAP-052,Synthetic capacity movement,0.01,0.00
2026-09-17,CAP-052,Synthetic capacity movement,0.01,0.00
2026-09-17,CAP-052,Synthetic capacity movement,0.01,0.00
2026-09-17,CAP-052,Synthetic capacity movement,0.01,0.00
2026-09-17,CAP-052,Synthetic capacity movement,0.01,0.00
2026-09-17,CAP-052,Synthetic capacity movement,0.01,0.00
2026-09-17,CAP-052,Synthetic capacity movement,0.01,0.00
2026-09-17,CAP-052,Synthetic capacity movement,0.01,0.00
2026-09-17,CAP-052,Synthetic capacity movement,0.01,0.00
2026-09-17,CAP-052,Synthetic capacity movement,0.01,0.00
2026-09-17,CAP-052,Synthetic capacity movement,0.01,0.00
2026-09-17,CAP-052,Synthetic capacity movement,0.01,0.00
2026-09-17,CAP-052,Synthetic capacity movement,0.01,0.00
2026-09-17,CAP-052,Synthetic capacity movement,0.01,0.00
2026-09-17,CAP-052,Synthetic capacity movement,0.01,0.00
2026-09-17,CAP-053,Synthetic capacity movement,0.01,0.00
2026-09-17,CAP-053,Synthetic capacity movement,0.01,0.00
2026-09-17,CAP-053,Synthetic capacity movement,0.01,0.00
2026-09-17,CAP-053,Synthetic capacity movement,0.01,0.00
2026-09-17,CAP-053,Synthetic capacity movement,0.01,0.00
2026-09-17,CAP-053,Synthetic capacity movement,0.01,0.00
2026-09-17,CAP-053,Synthetic capacity movement,0.01,0.00
2026-09-17,CAP-053,Synthetic capacity movement,0.01,0.00
2026-09-17,CAP-053,Synthetic capacity movement,0.01,0.00
2026-09-17,CAP-053,Synthetic capacity movement,0.01,0.00
2026-09-17,CAP-053,Synthetic capacity movement,0.01,0.00
2026-09-17,CAP-053,Synthetic capacity movement,0.01,0.00
2026-09-17,CAP-053,Synthetic capacity movement,0.01,0.00
2026-09-17,CAP-053,Synthetic capacity movement,0.01,0.00
2026-09-17,CAP-053,Synthetic capacity movement,0.01,0.00
2026-09-17,CAP-053,Synthetic capacity movement,0.01,0.00
2026-09-17,CAP-053,Synthetic capacity movement,0.01,0.00
2026-09-17,CAP-053,Synthetic capacity movement,0.01,0.00
2026-09-17,CAP-053,Synthetic capacity movement,0.01,0.00
2026-09-17,CAP-053,Synthetic capacity movement,0.01,0.00
2026-09-17,CAP-053,Synthetic capacity movement,0.01,0.00
2026-09-17,CAP-053,Synthetic capacity movement,0.01,0.00
2026-09-17,CAP-053,Synthetic capacity movement,0.01,0.00
2026-09-17,CAP-053,Synthetic capacity movement,0.01,0.00
2026-09-17,CAP-053,Synthetic capacity movement,0.01,0.00
2026-09-17,CAP-053,Synthetic capacity movement,0.01,0.00
2026-09-17,CAP-053,Synthetic capacity movement,0.01,0.00
2026-09-17,CAP-053,Synthetic capacity movement,0.01,0.00
2026-09-17,CAP-053,Synthetic capacity movement,0.01,0.00
2026-09-17,CAP-053,Synthetic capacity movement,0.01,0.00
2026-09-17,CAP-054,Synthetic capacity movement,0.01,0.00
2026-09-17,CAP-054,Synthetic capacity movement,0.01,0.00
2026-09-17,CAP-054,Synthetic capacity movement,0.01,0.00
2026-09-17,CAP-054,Synthetic capacity movement,0.01,0.00
2026-09-17,CAP-054,Synthetic capacity movement,0.01,0.00
2026-09-17,CAP-054,Synthetic capacity movement,0.01,0.00
2026-09-17,CAP-054,Synthetic capacity movement,0.01,0.00
2026-09-17,CAP-054,Synthetic capacity movement,0.01,0.00
2026-09-17,CAP-054,Synthetic capacity movement,0.01,0.00
2026-09-17,CAP-054,Synthetic capacity movement,0.01,0.00
2026-09-17,CAP-054,Synthetic capacity movement,0.01,0.00
2026-09-17,CAP-054,Synthetic capacity movement,0.01,0.00
2026-09-17,CAP-054,Synthetic capacity movement,0.01,0.00
2026-09-17,CAP-054,Synthetic capacity movement,0.01,0.00
2026-09-17,CAP-054,Synthetic capacity movement,0.01,0.00
2026-09-17,CAP-054,Synthetic capacity movement,0.01,0.00
2026-09-17,CAP-054,Synthetic capacity movement,0.01,0.00
2026-09-17,CAP-054,Synthetic capacity movement,0.01,0.00
2026-09-17,CAP-054,Synthetic capacity movement,0.01,0.00
2026-09-17,CAP-054,Synthetic capacity movement,0.01,0.00
2026-09-17,CAP-054,Synthetic capacity movement,0.01,0.00
2026-09-17,CAP-054,Synthetic capacity movement,0.01,0.00
2026-09-17,CAP-054,Synthetic capacity movement,0.01,0.00
2026-09-17,CAP-054,Synthetic capacity movement,0.01,0.00
2026-09-17,CAP-054,Synthetic capacity movement,0.01,0.00
2026-09-17,CAP-054,Synthetic capacity movement,0.01,0.00
2026-09-17,CAP-054,Synthetic capacity movement,0.01,0.00
2026-09-17,CAP-054,Synthetic capacity movement,0.01,0.00
2026-09-17,CAP-054,Synthetic capacity movement,0.01,0.00
2026-09-17,CAP-054,Synthetic capacity movement,0.01,0.00
2026-09-17,CAP-055,Synthetic capacity movement,0.01,0.00
2026-09-17,CAP-055,Synthetic capacity movement,0.01,0.00
2026-09-17,CAP-055,Synthetic capacity movement,0.01,0.00
2026-09-17,CAP-055,Synthetic capacity movement,0.01,0.00
2026-09-17,CAP-055,Synthetic capacity movement,0.01,0.00
2026-09-17,CAP-055,Synthetic capacity movement,0.01,0.00
2026-09-17,CAP-055,Synthetic capacity movement,0.01,0.00
2026-09-17,CAP-055,Synthetic capacity movement,0.01,0.00
2026-09-17,CAP-055,Synthetic capacity movement,0.01,0.00
2026-09-17,CAP-055,Synthetic capacity movement,0.01,0.00
2026-09-17,CAP-055,Synthetic capacity movement,0.01,0.00
2026-09-17,CAP-055,Synthetic capacity movement,0.01,0.00
2026-09-17,CAP-055,Synthetic capacity movement,0.01,0.00
2026-09-17,CAP-055,Synthetic capacity movement,0.01,0.00
2026-09-17,CAP-055,Synthetic capacity movement,0.01,0.00
2026-09-17,CAP-055,Synthetic capacity movement,0.01,0.00
2026-09-17,CAP-055,Synthetic capacity movement,0.01,0.00
2026-09-17,CAP-055,Synthetic capacity movement,0.01,0.00
2026-09-17,CAP-055,Synthetic capacity movement,0.01,0.00
2026-09-17,CAP-055,Synthetic capacity movement,0.01,0.00
2026-09-17,CAP-055,Synthetic capacity movement,0.01,0.00
2026-09-17,CAP-055,Synthetic capacity movement,0.01,0.00
2026-09-17,CAP-055,Synthetic capacity movement,0.01,0.00
2026-09-17,CAP-055,Synthetic capacity movement,0.01,0.00
2026-09-17,CAP-055,Synthetic capacity movement,0.01,0.00
2026-09-17,CAP-055,Synthetic capacity movement,0.01,0.00
2026-09-17,CAP-055,Synthetic capacity movement,0.01,0.00
2026-09-17,CAP-055,Synthetic capacity movement,0.01,0.00
2026-09-17,CAP-055,Synthetic capacity movement,0.01,0.00
2026-09-17,CAP-055,Synthetic capacity movement,0.01,0.00
2026-09-17,CAP-056,Synthetic capacity movement,0.01,0.00
2026-09-17,CAP-056,Synthetic capacity movement,0.01,0.00
2026-09-17,CAP-056,Synthetic capacity movement,0.01,0.00
2026-09-17,CAP-056,Synthetic capacity movement,0.01,0.00
2026-09-17,CAP-056,Synthetic capacity movement,0.01,0.00
2026-09-17,CAP-056,Synthetic capacity movement,0.01,0.00
2026-09-17,CAP-056,Synthetic capacity movement,0.01,0.00
2026-09-17,CAP-056,Synthetic capacity movement,0.01,0.00
2026-09-17,CAP-056,Synthetic capacity movement,0.01,0.00
2026-09-17,CAP-056,Synthetic capacity movement,0.01,0.00
2026-09-17,CAP-056,Synthetic capacity movement,0.01,0.00
2026-09-17,CAP-056,Synthetic capacity movement,0.01,0.00
2026-09-17,CAP-056,Synthetic capacity movement,0.01,0.00
2026-09-17,CAP-056,Synthetic capacity movement,0.01,0.00
2026-09-17,CAP-056,Synthetic capacity movement,0.01,0.00
2026-09-17,CAP-056,Synthetic capacity movement,0.01,0.00
2026-09-17,CAP-056,Synthetic capacity movement,0.01,0.00
2026-09-17,CAP-056,Synthetic capacity movement,0.01,0.00
2026-09-17,CAP-056,Synthetic capacity movement,0.01,0.00
2026-09-17,CAP-056,Synthetic capacity movement,0.01,0.00
2026-09-17,CAP-056,Synthetic capacity movement,0.01,0.00
2026-09-17,CAP-056,Synthetic capacity movement,0.01,0.00
2026-09-17,CAP-056,Synthetic capacity movement,0.01,0.00
2026-09-17,CAP-056,Synthetic capacity movement,0.01,0.00
2026-09-17,CAP-056,Synthetic capacity movement,0.01,0.00
2026-09-17,CAP-056,Synthetic capacity movement,0.01,0.00
2026-09-17,CAP-056,Synthetic capacity movement,0.01,0.00
2026-09-17,CAP-056,Synthetic capacity movement,0.01,0.00
2026-09-17,CAP-056,Synthetic capacity movement,0.01,0.00
2026-09-17,CAP-056,Synthetic capacity movement,0.01,0.00
2026-09-17,CAP-057,Synthetic capacity movement,0.01,0.00
2026-09-17,CAP-057,Synthetic capacity movement,0.01,0.00
2026-09-17,CAP-057,Synthetic capacity movement,0.01,0.00
2026-09-17,CAP-057,Synthetic capacity movement,0.01,0.00
2026-09-17,CAP-057,Synthetic capacity movement,0.01,0.00
2026-09-17,CAP-057,Synthetic capacity movement,0.01,0.00
2026-09-17,CAP-057,Synthetic capacity movement,0.01,0.00
2026-09-17,CAP-057,Synthetic capacity movement,0.01,0.00
2026-09-17,CAP-057,Synthetic capacity movement,0.01,0.00
2026-09-17,CAP-057,Synthetic capacity movement,0.01,0.00
2026-09-17,CAP-057,Synthetic capacity movement,0.01,0.00
2026-09-17,CAP-057,Synthetic capacity movement,0.01,0.00
2026-09-17,CAP-057,Synthetic capacity movement,0.01,0.00
2026-09-17,CAP-057,Synthetic capacity movement,0.01,0.00
2026-09-17,CAP-057,Synthetic capacity movement,0.01,0.00
2026-09-17,CAP-057,Synthetic capacity movement,0.01,0.00
2026-09-17,CAP-057,Synthetic capacity movement,0.01,0.00
2026-09-17,CAP-057,Synthetic capacity movement,0.01,0.00
2026-09-17,CAP-057,Synthetic capacity movement,0.01,0.00
2026-09-17,CAP-057,Synthetic capacity movement,0.01,0.00
2026-09-17,CAP-057,Synthetic capacity movement,0.01,0.00
2026-09-17,CAP-057,Synthetic capacity movement,0.01,0.00
2026-09-17,CAP-057,Synthetic capacity movement,0.01,0.00
2026-09-17,CAP-057,Synthetic capacity movement,0.01,0.00
2026-09-17,CAP-057,Synthetic capacity movement,0.01,0.00
2026-09-17,CAP-057,Synthetic capacity movement,0.01,0.00
2026-09-17,CAP-057,Synthetic capacity movement,0.01,0.00
2026-09-17,CAP-057,Synthetic capacity movement,0.01,0.00
2026-09-17,CAP-057,Synthetic capacity movement,0.01,0.00
2026-09-17,CAP-057,Synthetic capacity movement,0.01,0.00
2026-09-17,CAP-058,Synthetic capacity movement,0.01,0.00
2026-09-17,CAP-058,Synthetic capacity movement,0.01,0.00
2026-09-17,CAP-058,Synthetic capacity movement,0.01,0.00
2026-09-17,CAP-058,Synthetic capacity movement,0.01,0.00
2026-09-17,CAP-058,Synthetic capacity movement,0.01,0.00
2026-09-17,CAP-058,Synthetic capacity movement,0.01,0.00
2026-09-17,CAP-058,Synthetic capacity movement,0.01,0.00
2026-09-17,CAP-058,Synthetic capacity movement,0.01,0.00
2026-09-17,CAP-058,Synthetic capacity movement,0.01,0.00
2026-09-17,CAP-058,Synthetic capacity movement,0.01,0.00
2026-09-17,CAP-058,Synthetic capacity movement,0.01,0.00
2026-09-17,CAP-058,Synthetic capacity movement,0.01,0.00
2026-09-17,CAP-058,Synthetic capacity movement,0.01,0.00
2026-09-17,CAP-058,Synthetic capacity movement,0.01,0.00
2026-09-17,CAP-058,Synthetic capacity movement,0.01,0.00
2026-09-17,CAP-058,Synthetic capacity movement,0.01,0.00
2026-09-17,CAP-058,Synthetic capacity movement,0.01,0.00
2026-09-17,CAP-058,Synthetic capacity movement,0.01,0.00
2026-09-17,CAP-058,Synthetic capacity movement,0.01,0.00
2026-09-17,CAP-058,Synthetic capacity movement,0.01,0.00
2026-09-17,CAP-058,Synthetic capacity movement,0.01,0.00
2026-09-17,CAP-058,Synthetic capacity movement,0.01,0.00
2026-09-17,CAP-058,Synthetic capacity movement,0.01,0.00
2026-09-17,CAP-058,Synthetic capacity movement,0.01,0.00
2026-09-17,CAP-058,Synthetic capacity movement,0.01,0.00
2026-09-17,CAP-058,Synthetic capacity movement,0.01,0.00
2026-09-17,CAP-058,Synthetic capacity movement,0.01,0.00
2026-09-17,CAP-058,Synthetic capacity movement,0.01,0.00
2026-09-17,CAP-058,Synthetic capacity movement,0.01,0.00
2026-09-17,CAP-058,Synthetic capacity movement,0.01,0.00
2026-09-17,CAP-059,Synthetic capacity movement,0.01,0.00
2026-09-17,CAP-059,Synthetic capacity movement,0.01,0.00
2026-09-17,CAP-059,Synthetic capacity movement,0.01,0.00
2026-09-17,CAP-059,Synthetic capacity movement,0.01,0.00
2026-09-17,CAP-059,Synthetic capacity movement,0.01,0.00
2026-09-17,CAP-059,Synthetic capacity movement,0.01,0.00
2026-09-17,CAP-059,Synthetic capacity movement,0.01,0.00
2026-09-17,CAP-059,Synthetic capacity movement,0.01,0.00
2026-09-17,CAP-059,Synthetic capacity movement,0.01,0.00
2026-09-17,CAP-059,Synthetic capacity movement,0.01,0.00
2026-09-17,CAP-059,Synthetic capacity movement,0.01,0.00
2026-09-17,CAP-059,Synthetic capacity movement,0.01,0.00
2026-09-17,CAP-059,Synthetic capacity movement,0.01,0.00
2026-09-17,CAP-059,Synthetic capacity movement,0.01,0.00
2026-09-17,CAP-059,Synthetic capacity movement,0.01,0.00
2026-09-17,CAP-059,Synthetic capacity movement,0.01,0.00
2026-09-17,CAP-059,Synthetic capacity movement,0.01,0.00
2026-09-17,CAP-059,Synthetic capacity movement,0.01,0.00
2026-09-17,CAP-059,Synthetic capacity movement,0.01,0.00
2026-09-17,CAP-059,Synthetic capacity movement,0.01,0.00
2026-09-17,CAP-059,Synthetic capacity movement,0.01,0.00
2026-09-17,CAP-059,Synthetic capacity movement,0.01,0.00
2026-09-17,CAP-059,Synthetic capacity movement,0.01,0.00
2026-09-17,CAP-059,Synthetic capacity movement,0.01,0.00
2026-09-17,CAP-059,Synthetic capacity movement,0.01,0.00
2026-09-17,CAP-059,Synthetic capacity movement,0.01,0.00
2026-09-17,CAP-059,Synthetic capacity movement,0.01,0.00
2026-09-17,CAP-059,Synthetic capacity movement,0.01,0.00
2026-09-17,CAP-059,Synthetic capacity movement,0.01,0.00
2026-09-17,CAP-059,Synthetic capacity movement,0.01,0.00
2026-09-17,CAP-060,Synthetic capacity movement,0.01,0.00
2026-09-17,CAP-060,Synthetic capacity movement,0.01,0.00
2026-09-17,CAP-060,Synthetic capacity movement,0.01,0.00
2026-09-17,CAP-060,Synthetic capacity movement,0.01,0.00
2026-09-17,CAP-060,Synthetic capacity movement,0.01,0.00
2026-09-17,CAP-060,Synthetic capacity movement,0.01,0.00
2026-09-17,CAP-060,Synthetic capacity movement,0.01,0.00
2026-09-17,CAP-060,Synthetic capacity movement,0.01,0.00
2026-09-17,CAP-060,Synthetic capacity movement,0.01,0.00
2026-09-17,CAP-060,Synthetic capacity movement,0.01,0.00
2026-09-17,CAP-060,Synthetic capacity movement,0.01,0.00
2026-09-17,CAP-060,Synthetic capacity movement,0.01,0.00
2026-09-17,CAP-060,Synthetic capacity movement,0.01,0.00
2026-09-17,CAP-060,Synthetic capacity movement,0.01,0.00
2026-09-17,CAP-060,Synthetic capacity movement,0.01,0.00
2026-09-17,CAP-060,Synthetic capacity movement,0.01,0.00
2026-09-17,CAP-060,Synthetic capacity movement,0.01,0.00
2026-09-17,CAP-060,Synthetic capacity movement,0.01,0.00
2026-09-17,CAP-060,Synthetic capacity movement,0.01,0.00
2026-09-17,CAP-060,Synthetic capacity movement,0.01,0.00
2026-09-17,CAP-060,Synthetic capacity movement,0.01,0.00
2026-09-17,CAP-060,Synthetic capacity movement,0.01,0.00
2026-09-17,CAP-060,Synthetic capacity movement,0.01,0.00
2026-09-17,CAP-060,Synthetic capacity movement,0.01,0.00
2026-09-17,CAP-060,Synthetic capacity movement,0.01,0.00
2026-09-17,CAP-060,Synthetic capacity movement,0.01,0.00
2026-09-17,CAP-060,Synthetic capacity movement,0.01,0.00
2026-09-17,CAP-060,Synthetic capacity movement,0.01,0.00
2026-09-17,CAP-060,Synthetic capacity movement,0.01,0.00
2026-09-17,CAP-060,Synthetic capacity movement,0.01,0.00
