2026-10-05T20:22:13.6248977Z Current runner version: '2.337.0'
2026-10-05T20:22:13.6273064Z ##[group]Runner Image Provisioner
2026-10-05T20:22:13.6274001Z Hosted Compute Agent
2026-10-05T20:22:13.6274599Z Version: 20260901.588
2026-10-05T20:22:13.6275228Z Commit: f88ec8081b781fac6c440065ac7ff9e710ce3d0b
2026-10-05T20:22:13.6276036Z Build Date: 2026-09-01T19:56:44Z
2026-10-05T20:22:13.6276753Z Worker ID: {8d0290fe-646f-4636-a69a-8a97667ff9a6}
2026-10-05T20:22:13.6277496Z Azure Region: westus2
2026-10-05T20:22:13.6278082Z ##[endgroup]
2026-10-05T20:22:13.6279487Z ##[group]Operating System
2026-10-05T20:22:13.6280238Z Ubuntu
2026-10-05T20:22:13.6281007Z 24.04.5
2026-10-05T20:22:13.6281571Z LTS
2026-10-05T20:22:13.6282097Z ##[endgroup]
2026-10-05T20:22:13.6282657Z ##[group]Runner Image
2026-10-05T20:22:13.6283302Z Image: ubuntu-24.04
2026-10-05T20:22:13.6283904Z Version: 20260927.320.1
2026-10-05T20:22:13.6285195Z Included Software: https://github.com/actions/runner-images/blob/ubuntu24/20260927.320/images/ubuntu/Ubuntu2404-Readme.md
2026-10-05T20:22:13.6286772Z Image Release: https://github.com/actions/runner-images/releases/tag/ubuntu24%2F20260927.320
2026-10-05T20:22:13.6287790Z ##[endgroup]
2026-10-05T20:22:13.6288924Z ##[group]GITHUB_TOKEN Permissions
2026-10-05T20:22:13.6291259Z Contents: read
2026-10-05T20:22:13.6291903Z Metadata: read
2026-10-05T20:22:13.6292442Z ##[endgroup]
2026-10-05T20:22:13.6294679Z Secret source: Actions
2026-10-05T20:22:13.6295589Z Cache mode: write
2026-10-05T20:22:13.6296373Z Prepare workflow directory
2026-10-05T20:22:13.6625603Z Prepare all required actions
2026-10-05T20:22:13.6674473Z Getting action download info
2026-10-05T20:22:14.0730013Z Download action repository 'actions/checkout@11d5960a326750d5838078e36cf38b85af677262' (SHA:11d5960a326750d5838078e36cf38b85af677262)
2026-10-05T20:22:14.1877814Z Download action repository 'pnpm/action-setup@b906affcce14559ad1aafd4ab0e942779e9f58b1' (SHA:b906affcce14559ad1aafd4ab0e942779e9f58b1)
2026-10-05T20:22:14.4747343Z Download action repository 'actions/setup-node@49933ea5288caeca8642d1e84afbd3f7d6820020' (SHA:49933ea5288caeca8642d1e84afbd3f7d6820020)
2026-10-05T20:22:14.5686908Z Download action repository 'actions/upload-artifact@ea165f8d65b6e75b540449e92b4886f43607fa02' (SHA:ea165f8d65b6e75b540449e92b4886f43607fa02)
2026-10-05T20:22:14.6757543Z Download action repository 'actions/upload-pages-artifact@56afc609e74202658d3ffba0e8f6dda462b719fa' (SHA:56afc609e74202658d3ffba0e8f6dda462b719fa)
2026-10-05T20:22:14.9826913Z Getting action download info
2026-10-05T20:22:15.1372308Z Download action repository 'actions/upload-artifact@v4' (SHA:ea165f8d65b6e75b540449e92b4886f43607fa02)
2026-10-05T20:22:15.3064780Z Complete job name: build
2026-10-05T20:22:15.4366714Z ##[group]Run actions/checkout@11d5960a326750d5838078e36cf38b85af677262
2026-10-05T20:22:15.4368522Z with:
2026-10-05T20:22:15.4369417Z   repository: mjodshamrani-ux/accounting
2026-10-05T20:22:15.4378339Z   token: ***
2026-10-05T20:22:15.4379217Z   ssh-strict: true
2026-10-05T20:22:15.4380097Z   ssh-user: git
2026-10-05T20:22:15.4381194Z   persist-credentials: true
2026-10-05T20:22:15.4382158Z   clean: true
2026-10-05T20:22:15.4383074Z   sparse-checkout-cone-mode: true
2026-10-05T20:22:15.4384128Z   fetch-depth: 1
2026-10-05T20:22:15.4385001Z   fetch-tags: false
2026-10-05T20:22:15.4385888Z   show-progress: true
2026-10-05T20:22:15.4386783Z   lfs: false
2026-10-05T20:22:15.4387610Z   submodules: false
2026-10-05T20:22:15.4388530Z   set-safe-directory: true
2026-10-05T20:22:15.4389551Z   allow-unsafe-pr-checkout: false
2026-10-05T20:22:15.4391086Z ##[endgroup]
2026-10-05T20:22:15.5422420Z Syncing repository: mjodshamrani-ux/accounting
2026-10-05T20:22:15.5426247Z ##[group]Getting Git version info
2026-10-05T20:22:15.5428163Z Working directory is '/home/runner/work/accounting/accounting'
2026-10-05T20:22:15.5431499Z [command]/usr/bin/git version
2026-10-05T20:22:15.5516632Z git version 2.55.0
2026-10-05T20:22:15.5541952Z ##[endgroup]
2026-10-05T20:22:15.5558664Z Temporarily overriding HOME='/home/runner/work/_temp/80ee92c4-fa0d-4845-812b-7dd33de43857' before making global git config changes
2026-10-05T20:22:15.5564403Z Adding repository directory to the temporary git global config as a safe directory
2026-10-05T20:22:15.5568266Z [command]/usr/bin/git config --global --add safe.directory /home/runner/work/accounting/accounting
2026-10-05T20:22:15.5620084Z Deleting the contents of '/home/runner/work/accounting/accounting'
2026-10-05T20:22:15.5625395Z ##[group]Initializing the repository
2026-10-05T20:22:15.5628987Z [command]/usr/bin/git init /home/runner/work/accounting/accounting
2026-10-05T20:22:15.5763339Z hint: Using 'master' as the name for the initial branch. This default branch name
2026-10-05T20:22:15.5766874Z hint: will change to "main" in Git 3.0. To configure the initial branch name
2026-10-05T20:22:15.5770488Z hint: to use in all of your new repositories, which will suppress this warning,
2026-10-05T20:22:15.5773866Z hint: call:
2026-10-05T20:22:15.5775628Z hint:
2026-10-05T20:22:15.5777651Z hint: 	git config --global init.defaultBranch <name>
2026-10-05T20:22:15.5779998Z hint:
2026-10-05T20:22:15.5782005Z hint: Names commonly chosen instead of 'master' are 'main', 'trunk' and
2026-10-05T20:22:15.5784888Z hint: 'development'. The just-created branch can be renamed via this command:
2026-10-05T20:22:15.5787781Z hint:
2026-10-05T20:22:15.5789447Z hint: 	git branch -m <name>
2026-10-05T20:22:15.5791582Z hint:
2026-10-05T20:22:15.5794059Z hint: Disable this message with "git config set advice.defaultBranchName false"
2026-10-05T20:22:15.5797998Z Initialized empty Git repository in /home/runner/work/accounting/accounting/.git/
2026-10-05T20:22:15.5804816Z [command]/usr/bin/git remote add origin https://github.com/mjodshamrani-ux/accounting
2026-10-05T20:22:15.5832591Z ##[endgroup]
2026-10-05T20:22:15.5835430Z ##[group]Disabling automatic garbage collection
2026-10-05T20:22:15.5837797Z [command]/usr/bin/git config --local gc.auto 0
2026-10-05T20:22:15.5868743Z ##[endgroup]
2026-10-05T20:22:15.5871692Z ##[group]Setting up auth
2026-10-05T20:22:15.5874556Z [command]/usr/bin/git config --local --name-only --get-regexp core\.sshCommand
2026-10-05T20:22:15.5906839Z [command]/usr/bin/git submodule foreach --recursive sh -c "git config --local --name-only --get-regexp 'core\.sshCommand' && git config --local --unset-all 'core.sshCommand' || :"
2026-10-05T20:22:15.6354000Z [command]/usr/bin/git config --local --name-only --get-regexp http\.https\:\/\/github\.com\/\.extraheader
2026-10-05T20:22:15.6383366Z [command]/usr/bin/git submodule foreach --recursive sh -c "git config --local --name-only --get-regexp 'http\.https\:\/\/github\.com\/\.extraheader' && git config --local --unset-all 'http.https://github.com/.extraheader' || :"
2026-10-05T20:22:15.6611055Z [command]/usr/bin/git config --local --name-only --get-regexp ^includeIf\.gitdir:
2026-10-05T20:22:15.6648374Z [command]/usr/bin/git submodule foreach --recursive git config --local --show-origin --name-only --get-regexp remote.origin.url
2026-10-05T20:22:15.6881820Z [command]/usr/bin/git config --local http.https://github.com/.extraheader AUTHORIZATION: basic ***
2026-10-05T20:22:15.6924871Z ##[endgroup]
2026-10-05T20:22:15.6927855Z ##[group]Fetching the repository
2026-10-05T20:22:15.6936816Z [command]/usr/bin/git -c protocol.version=2 fetch --no-tags --prune --no-recurse-submodules --depth=1 origin +1f9acf618c951be27336afc130fb526ddec99a8e:refs/remotes/origin/main
2026-10-05T20:22:17.2432959Z From https://github.com/mjodshamrani-ux/accounting
2026-10-05T20:22:17.2434985Z  * [new ref]         1f9acf618c951be27336afc130fb526ddec99a8e -> origin/main
2026-10-05T20:22:17.2438048Z ##[endgroup]
2026-10-05T20:22:17.2438789Z ##[group]Determining the checkout info
2026-10-05T20:22:17.2441122Z ##[endgroup]
2026-10-05T20:22:17.2446932Z [command]/usr/bin/git sparse-checkout disable
2026-10-05T20:22:17.2501050Z [command]/usr/bin/git config --local --unset-all extensions.worktreeConfig
2026-10-05T20:22:17.2532783Z ##[group]Checking out the ref
2026-10-05T20:22:17.2537015Z [command]/usr/bin/git checkout --progress --force -B main refs/remotes/origin/main
2026-10-05T20:22:17.6568061Z Switched to a new branch 'main'
2026-10-05T20:22:17.6591654Z branch 'main' set up to track 'origin/main'.
2026-10-05T20:22:17.6601487Z ##[endgroup]
2026-10-05T20:22:17.6649124Z [command]/usr/bin/git log -1 --format=%H
2026-10-05T20:22:17.6677469Z 1f9acf618c951be27336afc130fb526ddec99a8e
2026-10-05T20:22:17.6957772Z ##[group]Run pnpm/action-setup@b906affcce14559ad1aafd4ab0e942779e9f58b1
2026-10-05T20:22:17.6958218Z with:
2026-10-05T20:22:17.6958414Z   version: 11.19.0
2026-10-05T20:22:17.6958633Z   dest: ~/setup-pnpm
2026-10-05T20:22:17.6958846Z   run_install: null
2026-10-05T20:22:17.6959057Z   cache: false
2026-10-05T20:22:17.6959277Z   cache_dependency_path: pnpm-lock.yaml
2026-10-05T20:22:17.6959571Z   package_json_file: package.json
2026-10-05T20:22:17.6959824Z   standalone: false
2026-10-05T20:22:17.6960028Z ##[endgroup]
2026-10-05T20:22:17.8412207Z ##[group]Running self-installer...
2026-10-05T20:22:18.2583310Z (node:2330) [DEP0169] DeprecationWarning: `url.parse()` behavior is not standardized and prone to errors that have security implications. Use the WHATWG URL API instead. CVEs are not issued for `url.parse()` vulnerabilities.
2026-10-05T20:22:18.2585231Z (Use `node --trace-deprecation ...` to show where the warning was created)
2026-10-05T20:22:18.4770131Z Progress: resolved 1, reused 0, downloaded 0, added 0
2026-10-05T20:22:18.4887520Z Packages: +1
2026-10-05T20:22:18.4888274Z +
2026-10-05T20:22:18.9521830Z Progress: resolved 1, reused 0, downloaded 1, added 1, done
2026-10-05T20:22:18.9796793Z 
2026-10-05T20:22:18.9797086Z dependencies:
2026-10-05T20:22:18.9797532Z + pnpm 11.19.0 (12.9.1 is available)
2026-10-05T20:22:18.9800424Z 
2026-10-05T20:22:18.9826703Z Done in 960ms
2026-10-05T20:22:19.1034520Z ##[endgroup]
2026-10-05T20:22:19.1034934Z Installation Completed!
2026-10-05T20:22:19.1206543Z ##[group]Run actions/setup-node@49933ea5288caeca8642d1e84afbd3f7d6820020
2026-10-05T20:22:19.1206948Z with:
2026-10-05T20:22:19.1207159Z   node-version: 24
2026-10-05T20:22:19.1207361Z   cache: pnpm
2026-10-05T20:22:19.1207559Z   always-auth: false
2026-10-05T20:22:19.1207778Z   check-latest: false
2026-10-05T20:22:19.1210118Z   token: ***
2026-10-05T20:22:19.1210314Z env:
2026-10-05T20:22:19.1210889Z   PNPM_HOME: /home/runner/setup-pnpm/node_modules/.bin
2026-10-05T20:22:19.1211292Z ##[endgroup]
2026-10-05T20:22:19.2623304Z Found in cache @ /opt/hostedtoolcache/node/24.21.0/x64
2026-10-05T20:22:19.2632183Z (node:2345) [DEP0040] DeprecationWarning: The `punycode` module is deprecated. Please use a userland alternative instead.
2026-10-05T20:22:19.2633551Z ##[group]Environment details
2026-10-05T20:22:19.2634298Z (Use `node --trace-deprecation ...` to show where the warning was created)
2026-10-05T20:22:19.7079147Z node: v24.21.0
2026-10-05T20:22:19.7079582Z npm: 11.19.0
2026-10-05T20:22:19.7080035Z yarn: 1.22.22
2026-10-05T20:22:19.7081657Z ##[endgroup]
2026-10-05T20:22:19.7102803Z [command]/home/runner/setup-pnpm/node_modules/.bin/pnpm store path --silent
2026-10-05T20:22:20.3283057Z /home/runner/setup-pnpm/node_modules/.bin/store/v11
2026-10-05T20:22:20.6124045Z Cache hit for: node-cache-Linux-x64-pnpm-970ff90c8c5b62d936b78a56179f81cdf02982feb14381f8bba791078d20d9fe
2026-10-05T20:22:20.6234883Z (node:2345) [DEP0169] DeprecationWarning: `url.parse()` behavior is not standardized and prone to errors that have security implications. Use the WHATWG URL API instead. CVEs are not issued for `url.parse()` vulnerabilities.
2026-10-05T20:22:21.9392913Z Received 0 of 118816928 (0.0%), 0.0 MBs/sec
2026-10-05T20:22:22.8383681Z Received 118816928 of 118816928 (100.0%), 59.6 MBs/sec
2026-10-05T20:22:22.8385068Z Cache Size: ~113 MB (118816928 B)
2026-10-05T20:22:22.8447594Z [command]/usr/bin/tar -xf /home/runner/work/_temp/9b8887c4-c6e3-4b17-938e-77dbeb307ea3/cache.tzst -P -C /home/runner/work/accounting/accounting --use-compress-program unzstd
2026-10-05T20:22:24.0492720Z Cache restored successfully
2026-10-05T20:22:24.0551210Z Cache restored from key: node-cache-Linux-x64-pnpm-970ff90c8c5b62d936b78a56179f81cdf02982feb14381f8bba791078d20d9fe
2026-10-05T20:22:24.0714270Z ##[group]Run pnpm install --frozen-lockfile
2026-10-05T20:22:24.0714693Z [36;1mpnpm install --frozen-lockfile[0m
2026-10-05T20:22:24.1013205Z shell: /usr/bin/bash -e {0}
2026-10-05T20:22:24.1013512Z env:
2026-10-05T20:22:24.1013818Z   PNPM_HOME: /home/runner/setup-pnpm/node_modules/.bin
2026-10-05T20:22:24.1014200Z ##[endgroup]
2026-10-05T20:22:24.6222168Z ? Verifying lockfile against supply-chain policies (367 entries)...
2026-10-05T20:22:24.6292537Z Lockfile is up to date, resolution step is skipped
2026-10-05T20:22:24.7482049Z Progress: resolved 1, reused 0, downloaded 0, added 0
2026-10-05T20:22:24.8048546Z Packages: +249
2026-10-05T20:22:24.8079516Z ++++++++++++++++++++++++++++++++++++++++++++++++++++++++++++++++++++++++++++++++
2026-10-05T20:22:25.6360352Z Packages are hard linked from the content-addressable store to the virtual store.
2026-10-05T20:22:25.6382246Z   Content-addressable store is at: /home/runner/setup-pnpm/node_modules/.bin/store/v11
2026-10-05T20:22:25.6402735Z   Virtual store is at:             node_modules/.pnpm
2026-10-05T20:22:25.7552074Z Progress: resolved 249, reused 249, downloaded 0, added 8
2026-10-05T20:22:26.4228074Z Progress: resolved 249, reused 249, downloaded 0, added 249, done
2026-10-05T20:22:27.5201019Z ✓ Lockfile passes supply-chain policies (367 entries in 2.8s)
2026-10-05T20:22:27.5714925Z 
2026-10-05T20:22:27.5715503Z dependencies:
2026-10-05T20:22:27.5715982Z + @base-ui/react 1.7.0
2026-10-05T20:22:27.5716434Z + @shadcn/react 0.3.0
2026-10-05T20:22:27.5716929Z + @tesseract.js-data/ara 1.0.0
2026-10-05T20:22:27.5717432Z + @tesseract.js-data/eng 1.0.0
2026-10-05T20:22:27.5717973Z + class-variance-authority 0.7.1
2026-10-05T20:22:27.5718464Z + clsx 2.1.1
2026-10-05T20:22:27.5718866Z + cmdk 1.1.1
2026-10-05T20:22:27.5719249Z + date-fns 4.1.0
2026-10-05T20:22:27.5719715Z + embla-carousel-react 8.5.2
2026-10-05T20:22:27.5720194Z + exceljs 4.4.0
2026-10-05T20:22:27.5720907Z + input-otp 1.4.2
2026-10-05T20:22:27.5721337Z + jszip 3.10.1
2026-10-05T20:22:27.5721760Z + lucide-react 1.31.0
2026-10-05T20:22:27.5722140Z + react 19.2.6
2026-10-05T20:22:27.5722545Z + react-day-picker 9.8.1
2026-10-05T20:22:27.5722966Z + react-dom 19.2.6
2026-10-05T20:22:27.5723440Z + react-resizable-panels 4.5.8
2026-10-05T20:22:27.5723923Z + recharts 3.8.0
2026-10-05T20:22:27.5724320Z + saxes 5.0.1
2026-10-05T20:22:27.5724730Z + tailwind-merge 3.6.0
2026-10-05T20:22:27.5725169Z + tesseract.js 7.0.0
2026-10-05T20:22:27.5725597Z + tw-animate-css 1.4.0
2026-10-05T20:22:27.5726157Z + unpdf 1.8.1
2026-10-05T20:22:27.5726376Z 
2026-10-05T20:22:27.5726565Z devDependencies:
2026-10-05T20:22:27.5727021Z + @tailwindcss/postcss 4.2.1
2026-10-05T20:22:27.5727525Z + @types/node 22.19.19
2026-10-05T20:22:27.5727975Z + @types/react 19.2.14
2026-10-05T20:22:27.5728435Z + @types/react-dom 19.2.3
2026-10-05T20:22:27.5728936Z + @vitejs/plugin-react 6.0.2
2026-10-05T20:22:27.5729395Z + oxfmt 0.61.0
2026-10-05T20:22:27.5729774Z + oxlint 1.76.0
2026-10-05T20:22:27.5730247Z + oxlint-tsgolint 7.0.2001
2026-10-05T20:22:27.5731045Z + playwright 1.62.1
2026-10-05T20:22:27.5731506Z + tailwindcss 4.2.1
2026-10-05T20:22:27.5731943Z + typescript 5.9.3
2026-10-05T20:22:27.5732342Z + vite 8.0.16
2026-10-05T20:22:27.5732559Z 
2026-10-05T20:22:27.6103018Z Done in 3.4s using pnpm v11.19.0
2026-10-05T20:22:27.6583520Z ##[group]Run pnpm audit --prod --audit-level=moderate
2026-10-05T20:22:27.6583979Z [36;1mpnpm audit --prod --audit-level=moderate[0m
2026-10-05T20:22:27.6646357Z shell: /usr/bin/bash -e {0}
2026-10-05T20:22:27.6646622Z env:
2026-10-05T20:22:27.6646880Z   PNPM_HOME: /home/runner/setup-pnpm/node_modules/.bin
2026-10-05T20:22:27.6647207Z ##[endgroup]
2026-10-05T20:22:28.2417017Z No known vulnerabilities found
2026-10-05T20:22:28.2668525Z ##[group]Run pnpm typecheck
2026-10-05T20:22:28.2668861Z [36;1mpnpm typecheck[0m
2026-10-05T20:22:28.2750359Z shell: /usr/bin/bash -e {0}
2026-10-05T20:22:28.2751347Z env:
2026-10-05T20:22:28.2751625Z   PNPM_HOME: /home/runner/setup-pnpm/node_modules/.bin
2026-10-05T20:22:28.2751945Z ##[endgroup]
2026-10-05T20:22:29.1665140Z Already up to date
2026-10-05T20:22:29.1672983Z Done in 415ms using pnpm v11.19.0
2026-10-05T20:22:29.1816551Z $ tsc --noEmit
2026-10-05T20:22:39.1451078Z ##[group]Run pnpm test
2026-10-05T20:22:39.1451564Z [36;1mpnpm test[0m
2026-10-05T20:22:39.1542496Z shell: /usr/bin/bash -e {0}
2026-10-05T20:22:39.1542928Z env:
2026-10-05T20:22:39.1543382Z   PNPM_HOME: /home/runner/setup-pnpm/node_modules/.bin
2026-10-05T20:22:39.1543933Z ##[endgroup]
2026-10-05T20:22:40.0993817Z Already up to date
2026-10-05T20:22:40.1002150Z Done in 432ms using pnpm v11.19.0
2026-10-05T20:22:40.1147395Z $ node --experimental-strip-types --test tests/*.test.ts
2026-10-05T20:22:40.5202117Z ✔ 047 a sound export passes the round (79.732795ms)
2026-10-05T20:22:40.5372567Z ✔ 047 swapping two links fails even though the count is unchanged (24.550937ms)
2026-10-05T20:22:40.5630258Z ✔ 047 a link the case forbids is caught (26.363614ms)
2026-10-05T20:22:40.5903906Z ✔ 047 a dropped row on either side is caught (28.170358ms)
2026-10-05T20:22:40.6345908Z ✔ 047 a changed amount is caught, and a blank one cannot slip through (39.869188ms)
2026-10-05T20:22:40.6392165Z ✔ 047 an item that must stay for review or unmatched is checked (7.64007ms)
2026-10-05T20:22:40.6421287Z ✔ 047 an unchecked export is not an accounting pass (0.70303ms)
2026-10-05T20:22:40.6451829Z ✔ 047 a link count that disagrees with the declared links is not a pass (0.19877ms)
2026-10-05T20:22:40.6454638Z ✔ 047 reaching the results screen is not the criterion for a stop case (0.750978ms)
2026-10-05T20:22:40.9645647Z ✔ canonical source amounts yield facts only, with no state mutation or automatic approval (27.408319ms)
2026-10-05T20:22:40.9678771Z ✔ case-only phantom IDs are rejected even if their invented amounts agree (3.675074ms)
2026-10-05T20:22:40.9702110Z ✔ stale display copies cannot change amount, sign, reference, date, currency or provenance (19.899804ms)
2026-10-05T20:22:40.9703967Z ✔ duplicate or missing canonical rows and foreign case ownership reject the whole proposal result (4.742012ms)
2026-10-05T20:22:40.9761919Z ✔ every source trace must name its actual canonical member exactly once (8.244555ms)
2026-10-05T20:22:40.9763517Z ✔ stale source totals, case totals, variance and bridge values are never reused (8.119352ms)
2026-10-05T20:22:40.9782241Z ✔ unread source rows make uniqueness and proposal verification incomplete (1.525802ms)
2026-10-05T20:22:40.9783968Z ✔ explicit currency, type, purchase order and unreadable reference conflicts are rejected (8.087252ms)
2026-10-05T20:22:40.9786118Z ✔ invalid calendar dates, dates outside the window, zero and offsetting signs cannot prove a relationship (4.157674ms)
2026-10-05T20:22:40.9788018Z ✔ a subset of an ambiguous duplicate-reference group is not a verified hypothesis (3.516429ms)
2026-10-05T20:22:40.9792015Z ✔ matched rows stay unavailable even if a stale case is relabeled reviewable (2.262213ms)
2026-10-05T20:22:40.9793529Z ✔ malformed current result structures fail closed without throwing (5.179026ms)
2026-10-05T20:22:40.9795445Z ✔ untrusted description instructions never become commands, amounts, decisions or model authority (3.069968ms)
2026-10-05T20:22:41.2527482Z ✔ 047 only the guard’s own refusal counts as protection (9.64826ms)
2026-10-05T20:22:41.2551753Z ✔ 047 the answered ambiguity is accepted and produces the chosen values (12.977752ms)
2026-10-05T20:22:41.2677130Z ✔ 047 the worker refuses an unanswered ambiguity on reconcile, compare and export, and completes once answered (281.043554ms)
2026-10-05T20:22:41.2910180Z ✔ 047 session restore refuses an unanswered ambiguity with the same code (36.644942ms)
2026-10-05T20:22:41.3095443Z ✔ AI cannot pick one row from a reference shared by several documents (48.759026ms)
2026-10-05T20:22:41.3097210Z ✔ explicit row ID can disambiguate AI routing, but contradictory references cannot (11.28047ms)
2026-10-05T20:22:41.3099319Z ✔ AI routing rejects irrelevant transaction fields and blank or oversized questions (8.965889ms)
2026-10-05T20:22:41.3101274Z ✔ out-of-range hypothesis differences fail closed without crashing the assistant (5.68048ms)
2026-10-05T20:22:41.3103342Z ✔ hostile model proposals never acquire authority or alter any source evidence (23.041416ms)
2026-10-05T20:22:41.3104965Z ✔ Arabic and aborted requests do not even query a model provider (8.451371ms)
2026-10-05T20:22:41.5292923Z ✔ Arabic and English variance questions find a proved transaction difference without closing balances (72.258184ms)
2026-10-05T20:22:41.5352202Z ✔ thousands separators and Arabic or Persian digits preserve the exact requested minor units (15.433305ms)
2026-10-05T20:22:41.5353906Z ✔ all cases sharing a requested variance are cited without selecting one as the cause (16.97682ms)
2026-10-05T20:22:41.5402053Z ✔ negative variance uses its signed value and the bridge effect has the opposite sign (4.420975ms)
2026-10-05T20:22:41.5462120Z ✔ transaction variance and closing-balance delta remain explicitly separate (4.497537ms)
2026-10-05T20:22:41.5491905Z ✔ missing requested amounts do not select a nearby case or repeat the user amount as a fact (5.046499ms)
2026-10-05T20:22:41.5493536Z ✔ ambiguous numeric conventions, invalid notation and multiple amounts never select a case (6.515465ms)
2026-10-05T20:22:41.5495163Z ✔ an explicit foreign currency or unknown invoice cannot be replaced by a same-number case (2.136309ms)
2026-10-05T20:22:41.5496766Z ✔ stale numeric evidence and unreadable source rows cannot acquire a grounded variance explanation (3.82763ms)
2026-10-05T20:22:41.5542174Z ✔ amount questions and hostile instructions never alter source values or turn cases into matches (3.421833ms)
2026-10-05T20:22:42.3912735Z ✔ A02: native Excel 1.234 never matches native 1234 under comma locale (325.375104ms)
2026-10-05T20:22:42.8102945Z ✔ native/text × dot/comma × 0/2/3 decimal matrix preserves expected minor units (426.33402ms)
2026-10-05T20:22:42.9802981Z ✔ native percentages and excess precision block rather than reinterpret or round (87.748392ms)
2026-10-05T20:22:42.9832347Z ✔ A01: references and row IDs must match whole tokens, never prefixes (42.133989ms)
2026-10-05T20:22:42.9874544Z ✔ model cannot route a question to an unrelated but existing document (16.219003ms)
2026-10-05T20:22:42.9887506Z ✔ Arabic AI path declines before invoking unsupported model API (14.96094ms)
2026-10-05T20:22:43.1240026Z ✔ original bytes and fingerprint survive import; reparsing blocks a corrupted numeric interpretation on export (146.729966ms)
2026-10-05T20:22:43.1812774Z ✔ title merge and errors on unrelated worksheet do not contaminate selected clean data (41.945298ms)
2026-10-05T20:22:43.4102606Z ✔ A04: actual decompressed bytes cannot exceed falsified declared size (17.346945ms)
2026-10-05T20:22:44.0506114Z ✔ actual 33 MB expansion stops at 32 MB budget even when index underreports (869.370158ms)
2026-10-05T20:22:44.0521039Z ✔ ZIP integrity rejects bad CRC and truncated index (2.075115ms)
2026-10-05T20:22:44.0647709Z ✔ session roundtrip reparses originals and never restores reviewer approval (12.750336ms)
2026-10-05T20:22:44.0753238Z ✔ session tampered fingerprint, unknown version and invalid decisions are rejected (8.795561ms)
2026-10-05T20:22:44.0934737Z ✔ patched UUID dependency remains compatible with Excel conditional-formatting export (19.88656ms)
2026-10-05T20:22:44.1299371Z ✔ 046 balance labels after the amount remain structural across column permutations and preserve complete payment groups (43.18322ms)
2026-10-05T20:22:44.1392741Z ✔ 046 a dated invoice named Opening or Closing balance cannot disappear when its amount precedes its description (2.779387ms)
2026-10-05T20:22:44.1396593Z ✔ 046 nonleading balance labels cannot conceal references, malformed dates or amounts, multiple labels or unrelated helper text (13.84134ms)
2026-10-05T20:22:44.1402628Z ✔ 046 unsafe or hidden nonleading balance labels remain source errors and cannot establish complete groups (10.557233ms)
2026-10-05T20:22:44.1405863Z ✔ 046 Arabic presentation forms normalize document categories without rewriting source, references or amounts (52.035037ms)
2026-10-05T20:22:44.1408786Z ✔ 046 actual Arabic PDF balance labels establish arithmetic with original provenance, not coverage (332.383775ms)
2026-10-05T20:22:44.1414983Z ✔ 046 balance category normalization never repairs monetary characters or erases dated documents and unsafe labels (2.748651ms)
2026-10-05T20:22:44.1417572Z ✔ 046 shaped running balance labels retain exact sign proof and reject conflicting recurrences (2.225406ms)
2026-10-05T20:22:44.1419845Z ✔ 046 rectangular PDF clipping cannot ignore nested exclusions, holes or a later opaque cover (35.981788ms)
2026-10-05T20:22:44.1422001Z ✔ ambiguous column meanings are left unmapped instead of selecting the first header (6.176063ms)
2026-10-05T20:22:44.1423216Z ✔ exact summation does not depend on ordering of large offsetting entries (0.430191ms)
2026-10-05T20:22:44.1424351Z ✔ truthy non-boolean confirmations cannot create verified balance evidence (0.442073ms)
2026-10-05T20:22:44.1425585Z ✔ unknown and out-of-range exclusions cannot silently masquerade as reviewed rows (0.568188ms)
2026-10-05T20:22:48.7482640Z ✔ decimal money: no floating arithmetic, Arabic digits and parentheses (2.861009ms)
2026-10-05T20:22:48.7484318Z ✔ reject ambiguous grouping, excessive precision, missing and exponent amounts (1.675932ms)
2026-10-05T20:22:48.7541810Z ✔ dates require explicit format and real calendar dates (3.098341ms)
2026-10-05T20:22:48.7601954Z ✔ reference normalization preserves year and leading zero distinctions (0.436763ms)
2026-10-05T20:22:48.7611852Z ✔ demo retains duplicate ambiguity and produces 2 strict automatic pairs (54.697012ms)
2026-10-05T20:22:48.7661945Z ✔ zero bridge residual never deletes opposite exceptions (3.755586ms)
2026-10-05T20:22:48.7718901Z ✔ duplicate equality is not resolved by order or date (16.166235ms)
2026-10-05T20:22:48.7720951Z ✔ numeric-only weak reference does not auto match (2.038207ms)
2026-10-05T20:22:48.7722407Z ✔ direction must be explicit and sign disagreement cannot auto match (2.781211ms)
2026-10-05T20:22:48.7723877Z ✔ cutoff exclusions retained and blank/header rows accounted for (4.827313ms)
2026-10-05T20:22:48.7725450Z ✔ a formula row blocks, a total row is classified, and no row is skipped silently (2.057412ms)
2026-10-05T20:22:48.7726957Z ✔ manual exclusions require reason and preserve source contents (1.687564ms)
2026-10-05T20:22:48.7728136Z ✔ currency mismatch blocks source (3.321127ms)
2026-10-05T20:22:48.7729146Z ✔ reused column mapping is rejected (0.235649ms)
2026-10-05T20:22:48.7730810Z ✔ arithmetic bridge stays separate from user coverage and invalid balances block it (9.831735ms)
2026-10-05T20:22:48.7732375Z ✔ opening adjustment remains separate and unexplained (5.433051ms)
2026-10-05T20:22:48.7733737Z ✔ open items include old unpaid documents; sum must match closing (1.245049ms)
2026-10-05T20:22:48.7734872Z ✔ mixed report types rejected (9.832016ms)
2026-10-05T20:22:48.7736232Z ✔ manual pair cannot consume a transaction twice or conceal amount discrepancy (4.439841ms)
2026-10-05T20:22:48.7737872Z ✔ rejected automatic match stays a rejected case until a new explicit decision (5.396833ms)
2026-10-05T20:22:48.7739224Z ✔ inference suggests only column indices, no invented scope or balance (2.24361ms)
2026-10-05T20:22:48.7739924Z ✔ 20k rows compare without quadratic candidate search (5741.420934ms)
2026-10-05T20:22:48.7740470Z ✔ generic word reference does not auto match (1.256831ms)
2026-10-05T20:22:48.7741662Z ✔ extra CSV fields cannot silently shift or truncate amount (3.401547ms)
2026-10-05T20:22:48.8349090Z ✔ unused percentage, hidden-sign format, formulas, errors and merged notes do not invalidate mapped transactions (422.988702ms)
2026-10-05T20:22:48.8384461Z ✔ formula in mapped amount still blocks cached values and names its exact cell (25.412139ms)
2026-10-05T20:22:48.8406525Z ✔ uncached formulas cannot disappear as an empty data row (34.707104ms)
2026-10-05T20:22:48.8408975Z ✔ displayed numeric references cannot silently collapse to a different raw identifier (136.527542ms)
2026-10-05T20:22:48.8412131Z ✔ text formats hiding a mapped reference require review; unrelated text formats remain usable (72.739523ms)
2026-10-05T20:22:48.8414119Z ✔ conditional numeric formats are checked only in their affected ranges and selected columns (293.560992ms)
2026-10-05T20:22:48.8415946Z ✔ ordinary conditional accounting formats retain values without evaluating Excel expressions (28.785333ms)
2026-10-05T20:22:48.8417702Z ✔ multisheet workbooks are admitted through the declared sheet limit and fail beyond it (235.816857ms)
2026-10-05T20:22:48.8419591Z ✔ namespaced original-shaped Excel pair reaches exact comparison, audit workbook and restorable session (803.710567ms)
2026-10-05T20:22:48.8421919Z ✔ export and session restore reject stale claimed direction proof even when arithmetic result was otherwise unchanged (627.405844ms)
2026-10-05T20:22:48.8424026Z ✔ export and saved sessions replace arbitrary direction explanation text with freshly computed evidence (507.552609ms)
2026-10-05T20:22:48.8425955Z ✔ manual exclusions retain a safe literal envelope before bad amount or date parsing on either side (40.277766ms)
2026-10-05T20:22:48.8427837Z ✔ literal and normalized manual exclusion collisions block only the affected pair on both sides (20.291029ms)
2026-10-05T20:22:48.8429810Z ✔ every excluded secondary identity blocks matching across reference roles without supplying positive authority (44.494306ms)
2026-10-05T20:22:48.8432058Z ✔ a displaced identity in the manually excluded date or amount remains negative evidence on either side (10.17299ms)
2026-10-05T20:22:48.8433974Z ✔ an excluded unknown or unsafe reference envelope is a wildcard even when the visible document is disjoint (25.927429ms)
2026-10-05T20:22:48.8435893Z ✔ parsed manual exclusions with a missing or empty isolation envelope cannot recover automatic matches (5.669321ms)
2026-10-05T20:22:48.8437777Z ✔ unsafe blank manual exclusions remain wildcard blockers and cannot establish complete balance coverage (7.90782ms)
2026-10-05T20:22:48.8439861Z ✔ excluded cross-role normalized taint follows original transitive memberships after manual acceptance or rejection (21.019396ms)
2026-10-05T20:22:48.8442219Z ✔ outside-period literal or normalized collisions cannot manufacture uniqueness through date filtering (22.067809ms)
2026-10-05T20:22:48.8443981Z ✔ a safely disjoint outside-period movement leaves the in-period pair automatic (3.163022ms)
2026-10-05T20:22:48.8445717Z ✔ confirmed headers, blank rows, summaries, repeated headers and independent footers are non-movements (3.114251ms)
2026-10-05T20:22:48.8447571Z ✔ legacy exclusions use all nonempty raw cells as negative keys regardless of their reason text (17.666981ms)
2026-10-05T20:22:48.8449271Z ✔ legacy exclusions with disjoint raw identities preserve independent automatic pairs (2.309482ms)
2026-10-05T20:22:48.8451244Z ✔ a legacy isolation certificate cannot omit a competing identity still present in a raw cell (3.500701ms)
2026-10-05T20:22:48.8455052Z ✔ explicit manual acceptance remains manual when an excluded possible competitor blocks automatic authority (3.846762ms)
2026-10-05T20:22:48.8457393Z ✔ AI hypotheses reject excluded identity memberships without mutation and leave disjoint proposals for review (12.176707ms)
2026-10-05T20:22:48.8459827Z ✔ offsetting manually excluded movements prevent complete balance reconciliation despite exact arithmetic (7.610578ms)
2026-10-05T20:22:48.8462219Z ✔ manual excluded competitors block complete invoice and payment group proofs while disjoint groups survive (6.625422ms)
2026-10-05T20:22:48.8464351Z ✔ malformed exclusion state rejects an AI proposal without throwing or mutating (1.637701ms)
2026-10-05T20:22:48.8466019Z ✔ P5 native evidence lookup and restored explanation: untyped-credit (62.467293ms)
2026-10-05T20:22:48.8467736Z ✔ P5 native evidence lookup and restored explanation: unselected-reference (14.33859ms)
2026-10-05T20:22:48.8469875Z ✔ P5 native evidence lookup and restored explanation: balanced-variance (14.151953ms)
2026-10-05T20:22:48.8473815Z ✔ P5 native evidence lookup and restored explanation: partial-source (21.657758ms)
2026-10-05T20:22:48.8476001Z ✔ P5 inconsistent case total cannot become a chat figure or model context (5.492361ms)
2026-10-05T20:22:48.8477445Z ✔ P5 inconsistent case variance cannot become a chat figure or model context (3.891609ms)
2026-10-05T20:22:48.8478784Z ✔ P5 inconsistent case bridge effect cannot become a chat figure or model context (4.13873ms)
2026-10-05T20:22:48.8480114Z ✔ P5 inconsistent display member cannot become a chat figure or model context (3.534834ms)
2026-10-05T20:22:48.8481868Z ✔ P5 inconsistent source trace cannot become a chat figure or model context (3.739125ms)
2026-10-05T20:22:48.8483256Z ✔ P5 inconsistent counter cannot become a chat figure or model context (3.592903ms)
2026-10-05T20:22:48.8484384Z ✔ P5 inconsistent bridge delta cannot become a chat figure or model context (4.104366ms)
2026-10-05T20:22:48.8485621Z ✔ P5 inconsistent bridge adjustment cannot become a chat figure or model context (4.866586ms)
2026-10-05T20:22:48.8486978Z ✔ P5 inconsistent closing source drift cannot become a chat figure or model context (3.316829ms)
2026-10-05T20:22:48.8488567Z ✔ P5 inconsistent bridge arithmetic status cannot become a chat figure or model context (4.006594ms)
2026-10-05T20:22:48.8490251Z ✔ P5 inconsistent false full reconciliation cannot become a chat figure or model context (3.627127ms)
2026-10-05T20:22:48.8491947Z ✔ P5 inconsistent missing case cannot become a chat figure or model context (3.051845ms)
2026-10-05T20:22:48.8493294Z ✔ P5 audit-only lookups keep exact spelling, ambiguity and unknown identifiers (3.117818ms)
2026-10-05T20:22:48.8494639Z ✔ P5 source-only views and retained evidence cannot drift from canonical rows (3.178761ms)
2026-10-05T20:22:48.8496018Z ✔ P5 complete model windows carry canonical native cues and complete case membership (5.230073ms)
2026-10-05T20:22:48.8497547Z ✔ P5 an over-budget UTF-8 window declines without truncating evidence or querying a model (3.630323ms)
2026-10-05T20:22:48.8499121Z ✔ P5 exact identifier lookup keeps punctuation and Unicode boundaries during literal screening (1.194605ms)
2026-10-05T20:22:48.8500517Z ✔ Excel formats that conceal or alter displayed values block the row (479.041285ms)
2026-10-05T20:22:48.8503279Z ✔ ordinary numeric, negative and accounting formats retain native exact amounts (255.257259ms)
2026-10-05T20:22:48.8504683Z ✔ conditional numeric formatting cannot silently override the displayed sign (45.230037ms)
2026-10-05T20:22:48.8506100Z ✔ 047 an ambiguous amount format needs a recorded choice, not a value in the mapping (12.061199ms)
2026-10-05T20:22:48.8507471Z ✔ 047 a recorded choice does not travel to another document or another reading (2.223963ms)
2026-10-05T20:22:48.8508669Z ✔ 047 a choice made at another currency precision is not reused (0.958325ms)
2026-10-05T20:22:48.8509774Z ✔ 047 a column template never carries a document-specific choice (1.093707ms)
2026-10-05T20:22:48.8510524Z ✔ 047 formatChoiceColumns follows the mapped amount columns in either mode (0.338381ms)
2026-10-05T20:22:48.8512138Z ✔ 047 a saved session is re-checked on restore and cannot assert its own approval (42.995574ms)
2026-10-05T20:22:48.8512930Z ✔ 047 changing PDF extraction boundaries does not change the file hash (173.337912ms)
2026-10-05T20:22:48.8513702Z ✔ 047 a choice made under one set of extraction boundaries is not reused under another (4.755418ms)
2026-10-05T20:22:48.8514453Z ✔ 047 excluding a row, or typing a balance, asks the format question again (1.570937ms)
2026-10-05T20:22:48.8515090Z ✔ 047 a change that does not touch the values keeps the answer (1.788441ms)
2026-10-05T20:22:48.8515759Z ✔ ISO dates, explicit month names and whole numbers need no locale question (19.379461ms)
2026-10-05T20:22:48.8516651Z ✔ calendar ambiguity remains visible until a whole-column interpretation is unique (5.996421ms)
2026-10-05T20:22:48.8517753Z ✔ impossible dates, short years and mutually incompatible date orders are invalid (4.055163ms)
2026-10-05T20:22:48.8518539Z ✔ number format inference obeys grouping, decimal precision and Arabic separators (3.084101ms)
2026-10-05T20:22:48.8519438Z ✔ three-decimal currencies never guess between decimal and thousands separators (0.865482ms)
2026-10-05T20:22:48.8520281Z ✔ native Excel numeric cells are locale independent, while text cells still constrain format (1.192271ms)
2026-10-05T20:22:48.8521290Z ✔ mapped parser defects and percentage cells cannot become format proof (1.006054ms)
2026-10-05T20:22:48.8522122Z ✔ inference ignores explicit exclusions, preheaders and clear balance rows without changing them (1.12206ms)
2026-10-05T20:22:48.8522923Z ✔ split amounts allow a blank side but not an entirely missing movement value (1.361386ms)
2026-10-05T20:22:48.8523647Z ✔ no sample cutoff hides a late incompatible value or an oversized source (186.097753ms)
2026-10-05T20:22:48.8524429Z ✔ existing entered balances participate in proof and missing mappings stay unavailable (0.584078ms)
2026-10-05T20:22:48.8525172Z ✔ evaluator: the untouched engine passes the cases used below (171.823841ms)
2026-10-05T20:22:48.8525816Z ✔ evaluator: losing a required piece of evidence fails the case (6.502113ms)
2026-10-05T20:22:48.8526487Z ✔ evaluator: the value in a field of another role does not count as kept (25.798706ms)
2026-10-05T20:22:48.8527379Z ✔ evaluator: exact generic reference text and header count as retained under either supported representation (9.520555ms)
2026-10-05T20:22:48.8528264Z ✔ evaluator: an unselected reference needs its exact retained role, header and value (24.483178ms)
2026-10-05T20:22:48.8529863Z ✔ evaluator: retained reference evidence from another source or row does not count (14.720873ms)
2026-10-05T20:22:48.8531550Z ✔ evaluator: preserving unselected references never licenses an automatic match (2.799886ms)
2026-10-05T20:22:48.8532456Z ✔ evaluator: an unexpected internal error is not a successful refusal (11.701408ms)
2026-10-05T20:22:48.8533270Z ✔ evaluator: every invalid case names its own rejection, and another reason fails (75.905163ms)
2026-10-05T20:22:48.8534063Z ✔ evaluator: Needs Review passes as Unmatched only where the contract allows both (18.506111ms)
2026-10-05T20:22:48.8534745Z ✔ evaluator: a required diagnostic is part of the verdict (6.229525ms)
2026-10-05T20:22:48.8535401Z ✔ evaluator: a reference warning does not hide a wrong amount or date (13.059778ms)
2026-10-05T20:22:48.8536171Z ✔ evaluator: a row read under its own document number is not a misread, any other value is (14.55292ms)
2026-10-05T20:22:48.8536908Z ✔ evaluator: unaided and declared runs record assistance separately (9.593781ms)
2026-10-05T20:22:48.8537974Z ✔ T01: documented invoice labels are read as invoices and match (99.868392ms)
2026-10-05T20:22:48.8539087Z ✔ T01 reverse: labels that name another role or no role are not guessed (36.891921ms)
2026-10-05T20:22:48.8540292Z ✔ T01 reverse: a recognised synonym still conflicts with another role (17.973351ms)
2026-10-05T20:22:48.8541985Z ✔ G08: parts of one payment on neighbouring days match through an explicit bank identity (37.633533ms)
2026-10-05T20:22:48.8543513Z ✔ G08 reverse: a spread group without full, unique, in-window identity stays for review (36.985118ms)
2026-10-05T20:22:48.8544692Z ✔ G08 reverse: invoice groups still need one date (3.146051ms)
2026-10-05T20:22:48.8545947Z ✔ R01: each book numbers its own vouchers; the chosen reference still names the invoice (4.932099ms)
2026-10-05T20:22:48.8547237Z ✔ R01 reverse: the chosen reference must itself prove the document (20.546866ms)
2026-10-05T20:22:48.8632499Z ✔ R02: batch, chosen reference and type label are kept with their headers, never as proof (12.463618ms)
2026-10-05T20:22:49.1162218Z ✔ R02: retained evidence survives session restore and is exported beside the row (254.079569ms)
2026-10-05T20:22:49.1250350Z ✔ S01: sources, readings and roles that do not correspond are refused, never dropped (8.543806ms)
2026-10-05T20:22:49.2479971Z ✔ S06: formula-like and long references are exported as the text they are (124.344358ms)
2026-10-05T20:22:49.2523518Z ✔ S06: an export whose retained evidence was changed after comparing is refused (4.265736ms)
2026-10-05T20:22:49.2569883Z ✔ S08: the same file under another name, or overlapping exports, are not consumed twice (4.749909ms)
2026-10-05T20:22:49.2633312Z ✔ compatibility: a session saved by the previous engine is refused, not silently re-decided (5.322381ms)
2026-10-05T20:22:50.2382593Z ✔ English has exactly the Arabic keys, lists and message parameters (24.931934ms)
2026-10-05T20:22:50.2387786Z ✔ English interface copy contains no Arabic (3.601179ms)
2026-10-05T20:22:50.2392841Z ✔ Arabic interface copy has no stray English words (1.967275ms)
2026-10-05T20:22:50.2394298Z ✔ the interface source has no Arabic outside the catalogues (418.879157ms)
2026-10-05T20:22:50.2409202Z ✔ every engine message has English, and every entry is still used (461.968231ms)
2026-10-05T20:22:50.2411037Z ✔ every catalogue entry uses each of its slots, and only those (4.731234ms)
2026-10-05T20:22:50.2434635Z ✔ each engine message is recognised and presented with its own values (11.412781ms)
2026-10-05T20:22:50.2441735Z ✔ every user-data slot keeps Arabic data verbatim, even engine words (3.38175ms)
2026-10-05T20:22:50.2444832Z ✔ user data inside an engine message is never translated (0.542471ms)
2026-10-05T20:22:50.2454479Z ✔ Arabic engine text is shown exactly as the engine wrote it (0.420023ms)
2026-10-05T20:22:50.2457625Z ✔ the assistant gives the same answer to the Arabic and English presets (44.481542ms)
2026-10-05T20:22:50.2459310Z ✔ real engine output reads fully in English apart from user data (29.665768ms)
2026-10-05T20:22:50.2799872Z ✔ mapping suggestions contain only source-bound pending roles and reproducible cell evidence (5.805705ms)
2026-10-05T20:22:50.2822875Z ✔ strict schema forbids model numbers, approvals, rewriting, exclusions, mode and inherited authority (6.831255ms)
2026-10-05T20:22:50.2831821Z ✔ source hash, worksheet, header, every current mapping setting and PDF recuts invalidate pending suggestions (2.173679ms)
2026-10-05T20:22:50.2840283Z ✔ equivalent mapping property order produces the same local revision without relaxing source identity (1.630989ms)
2026-10-05T20:22:50.2842708Z ✔ already assigned roles and duplicate roles cannot be replaced or repurposed (1.914587ms)
2026-10-05T20:22:50.2844572Z ✔ numeric Quantity versus Amount and two valid date meanings never become proven semantics (2.269358ms)
2026-10-05T20:22:50.2846179Z ✔ untrusted source instructions are only quoted, bounded cell evidence (0.639711ms)
2026-10-05T20:22:50.2873203Z ✔ unsafe header cells reject only affected proposals while hidden or unreliable header rows block the context (1.559696ms)
2026-10-05T20:22:50.2884857Z ✔ hidden source transactions need manual mapping; a human exclusion is preserved and bound (1.525372ms)
2026-10-05T20:22:50.2886696Z ✔ late unsafe cells are retained beyond the model samples and remain rejected by the engine (24.682079ms)
2026-10-05T20:22:50.2888501Z ✔ all reader issues remain counted even when preview is compact; blank formula cells stay visible (0.650541ms)
2026-10-05T20:22:50.2890218Z ✔ PDF mapping suggestions never restore image review or advance reconciliation state (0.40787ms)
2026-10-05T20:22:50.2892411Z ✔ large hidden/formula metadata is scanned linearly while all source issues remain counted (118.971454ms)
2026-10-05T20:22:50.3044650Z ✔ upload chooses the only recognizable table after an instructions sheet and normalization preserves exact totals (152.995278ms)
2026-10-05T20:22:50.3072454Z ✔ two plausible source tables require explicit sheet selection instead of defaulting to either (48.276813ms)
2026-10-05T20:22:50.3074710Z ✔ unknown multisheet layouts require sheet choice while unknown single-sheet files remain configurable (58.494549ms)
2026-10-05T20:22:50.3963002Z ✔ a unique debit-credit table is suggested without inferring the debt direction or confirmed balances (28.047258ms)
2026-10-05T20:22:50.3966250Z ✔ a PDF awaiting column boundaries remains accessible without gaining extraction approval (0.565203ms)
2026-10-05T20:22:50.7353760Z ✔ a real synthetic export reimports the appropriate source copy and does not restore old approvals or decisions (399.935803ms)
2026-10-05T20:22:50.7712823Z ✔ familiar workpaper sheet names without the export signatures do not auto-select a side (35.040077ms)
2026-10-05T20:22:50.7747755Z ✔ early review lists only selected cells on included data rows, retaining row-level geometry issues (1.307262ms)
2026-10-05T20:22:50.8139534Z ✔ early review exposes uncached formulas even when the row appears empty (44.805712ms)
2026-10-05T20:22:50.8396189Z ✔ 046 invalid PDF layout cannot use a default locale to emit a silently scaled KWD row even after confirmation (195.017768ms)
2026-10-05T20:22:50.8423605Z ✔ 046 input readiness preserves native Excel value semantics and legitimate empty-period balances (7.658967ms)
2026-10-05T20:22:50.8452403Z ✔ 046 an explicit choice for ambiguous valid formats remains valid but impossible dates do not (2.979771ms)
2026-10-05T20:22:50.8477439Z ✔ 046 real worker entry rejects invalid formats for reconcile, compare and export before returning financial values (66.383202ms)
2026-10-05T20:22:50.9598298Z ✔ CSV quoted comma/newline, escaped quote, semicolon and BOM (3.263392ms)
2026-10-05T20:22:50.9912455Z ✔ broken CSV, invalid encoding, wrong extension rejected (8.838379ms)
2026-10-05T20:22:50.9927917Z ✔ non-ZIP input is rejected by the preliminary archive check (0.53802ms)
2026-10-05T20:22:51.2706466Z ✔ XLSX preserves formatted reference zeros and flags formula rows (198.337772ms)
2026-10-05T20:22:51.4672819Z ✔ Excel export roundtrip retains controls/source and never turns input into formula (302.349866ms)
2026-10-05T20:22:51.4933257Z ﹣ July acceptance 1: Excel and PDF have identical accounting cases and bridge (4.31818ms) # Private July originals unavailable; set MIZAN_SAMPLE_DIR to run this acceptance suite.
2026-10-05T20:22:51.4936142Z ﹣ July acceptance 2: every one of the 23 original rows occurs in exactly one case (0.151624ms) # Private July originals unavailable; set MIZAN_SAMPLE_DIR to run this acceptance suite.
2026-10-05T20:22:51.4938848Z ﹣ July acceptance 3: exactly six original one-to-one matches are automatic (0.124233ms) # Private July originals unavailable; set MIZAN_SAMPLE_DIR to run this acceptance suite.
2026-10-05T20:22:51.4942059Z ﹣ July acceptance 4: INV-260729 is one proven 1:M case, never duplicate or unmatched (0.205084ms) # Private July originals unavailable; set MIZAN_SAMPLE_DIR to run this acceptance suite.
2026-10-05T20:22:51.4944935Z ﹣ July acceptance 5: INV-260710 is one amount-variance review with minus 180 SAR effect (0.276729ms) # Private July originals unavailable; set MIZAN_SAMPLE_DIR to run this acceptance suite.
2026-10-05T20:22:51.4947734Z ﹣ July acceptance 6: the unique 15000 SAR payment remains a zero-net review candidate (0.147557ms) # Private July originals unavailable; set MIZAN_SAMPLE_DIR to run this acceptance suite.
2026-10-05T20:22:51.4950500Z ﹣ July acceptance 7: only the three genuinely one-sided documents are unmatched (0.156313ms) # Private July originals unavailable; set MIZAN_SAMPLE_DIR to run this acceptance suite.
2026-10-05T20:22:51.4953792Z ﹣ July acceptance 8: source balance arithmetic, period and account metadata stay distinct from coverage approval (0.154841ms) # Private July originals unavailable; set MIZAN_SAMPLE_DIR to run this acceptance suite.
2026-10-05T20:22:51.4956667Z ﹣ July acceptance 9: the source-to-ledger bridge explains exactly 6160 SAR (2.903987ms) # Private July originals unavailable; set MIZAN_SAMPLE_DIR to run this acceptance suite.
2026-10-05T20:22:51.4959378Z ﹣ July acceptance 10: case counts and source-member counts are both exact (0.249338ms) # Private July originals unavailable; set MIZAN_SAMPLE_DIR to run this acceptance suite.
2026-10-05T20:22:51.4962620Z ﹣ July acceptance 11: exported workbooks have six visible case sheets and native numeric/date cells (0.140394ms) # Private July originals unavailable; set MIZAN_SAMPLE_DIR to run this acceptance suite.
2026-10-05T20:22:51.4966304Z ﹣ July acceptance 12: diagnostics name the actual group, variance and payment states (0.119294ms) # Private July originals unavailable; set MIZAN_SAMPLE_DIR to run this acceptance suite.
2026-10-05T20:22:53.3664872Z ✔ large native PDF L01: positive (2379.23187ms)
2026-10-05T20:23:06.9522253Z ✔ large native PDF L02: positive (13583.429917ms)
2026-10-05T20:23:06.9659345Z ✔ large native PDF L03: limit-rejection (15.919503ms)
2026-10-05T20:23:07.6368814Z ✔ large native PDF L04: empty-page (670.430817ms)
2026-10-05T20:23:08.2711654Z ✔ large native PDF L05: covered-page (634.225428ms)
2026-10-05T20:23:10.1584376Z ✔ large native PDF L06: geometry-drift (1885.657482ms)
2026-10-05T20:23:11.0225114Z ✔ large native PDF L07: stream-rejection (860.450422ms)
2026-10-05T20:23:11.1595984Z ✔ group rejection preserves late edges and literal row IDs containing separators (34.77479ms)
2026-10-05T20:23:11.1597633Z ✔ 20,000 by 20,000 oversized payment group retains every row and the last rejected edge (9056.560477ms)
2026-10-05T20:23:11.1621181Z ✔ 20,000 interleaved approved, review and unmatched rows preserve ordered ambiguity and ledger diagnostics (8388.81707ms)
2026-10-05T20:23:11.1642597Z ✔ F02-R01/R15: frozen bytes auto-read; preserve every row, signs and conservative matching (142.111441ms)
2026-10-05T20:23:11.1644380Z ✔ F02-R02: permute all columns and rename sheets without coordinate/name assumptions (110.709428ms)
2026-10-05T20:23:11.1646233Z ✔ F02-R03: explicit bilingual labels and consistent parent currency (59.885378ms)
2026-10-05T20:23:11.1650367Z ✔ F02-R09: NFKC currency tags cannot hide a parent/child conflict (43.472219ms)
2026-10-05T20:23:11.1652157Z ✔ F02-R03/R14: NFKC parent currency is inherited and checked against scope (92.406382ms)
2026-10-05T20:23:11.1653751Z ✔ F02-R14: explicit NFKC child currencies remain visible to scope checks (46.33001ms)
2026-10-05T20:23:11.1655456Z ✔ F02-R04 extends into opening/data: keep file and refuse layered inference (34.153641ms)
2026-10-05T20:23:11.1657140Z ✔ F02-R04 extends into first movement: keep file and refuse layered inference (22.578639ms)
2026-10-05T20:23:11.1658730Z ✔ F02-R05 horizontal Date/Ref: keep file and refuse layered inference (27.084145ms)
2026-10-05T20:23:11.1660369Z ✔ F02-R06 missing native vertical geometry: keep file and refuse layered inference (29.532874ms)
2026-10-05T20:23:11.1662207Z ✔ F02-R07 hidden first row: keep file and refuse layered inference (27.363202ms)
2026-10-05T20:23:11.1663715Z ✔ F02-R07 hidden second row: keep file and refuse layered inference (22.361224ms)
2026-10-05T20:23:11.1665251Z ✔ F02-R07 hidden reference column: keep file and refuse layered inference (24.892419ms)
2026-10-05T20:23:11.1666807Z ✔ F02-R08 formula anchor: keep file and refuse layered inference (23.945816ms)
2026-10-05T20:23:11.1668260Z ✔ F02-R08 error anchor: keep file and refuse layered inference (23.602967ms)
2026-10-05T20:23:11.1669780Z ✔ F02-R08 invisible anchor format: keep file and refuse layered inference (42.750976ms)
2026-10-05T20:23:11.1671673Z ✔ F02-R09 unrelated parent: keep file and refuse layered inference (20.816757ms)
2026-10-05T20:23:11.1673251Z ✔ F02-R09 conflicting currencies: keep file and refuse layered inference (26.85774ms)
2026-10-05T20:23:11.1674956Z ✔ F02-R10 duplicate debit children: keep file and refuse layered inference (33.821695ms)
2026-10-05T20:23:11.1676523Z ✔ F02-R10 missing credit child: keep file and refuse layered inference (40.946791ms)
2026-10-05T20:23:11.1678044Z ✔ F02-R10 competing amount role: keep file and refuse layered inference (32.4882ms)
2026-10-05T20:23:11.1679788Z ✔ F02-R11: do not skip an earlier unresolved table or choose between two plausible sheets (72.677881ms)
2026-10-05T20:23:11.1681840Z ✔ F02-R12: frozen different identity never approves the equal-sum invoice group (17.814044ms)
2026-10-05T20:23:11.1683491Z ✔ F02-R13: erroneous competing payment remains a completeness barrier (36.516252ms)
2026-10-05T20:23:11.1685412Z ✔ F02-R14: native header proof never repairs signs or a broken balance (32.390417ms)
2026-10-05T20:23:11.1686922Z ✔ F02-R04: header exception never exempts merged transaction cells (30.251732ms)
2026-10-05T20:23:11.1688757Z ✔ F02-R13 excluded competitor: excluding a rival must not manufacture uniqueness (346.748903ms)
2026-10-05T20:23:11.1690805Z ✔ native layered-header reading preserves 5,004 movements without reparsing per row (3697.499977ms)
2026-10-05T20:23:11.1692669Z ✔ F02-R16: cloned/forged provenance is not source authority; replay uses actual bytes (77.263278ms)
2026-10-05T20:23:11.1694573Z ✔ F02-R16/export: session replay and original-based export retain source provenance and row fates (350.218362ms)
2026-10-05T20:23:11.1696332Z ✔ a richer later header cannot silently erase an earlier transaction table (25.098152ms)
2026-10-05T20:23:11.1698090Z ✔ explicit multiline and bilingual labels map consistently without changing source text (3.75775ms)
2026-10-05T20:23:11.1699749Z ✔ long cover text does not prevent locating the first explicit table (1.691761ms)
2026-10-05T20:23:11.1701818Z ✔ conflicting bilingual money labels and duplicate amount columns stay unresolved (0.72481ms)
2026-10-05T20:23:11.1703473Z ✔ explicit bilingual currency tags prefill the actual currency (2.272463ms)
2026-10-05T20:23:11.1705269Z ✔ currency inference ignores safe repeated headers and summary rows without hiding mixed currencies (2.460804ms)
2026-10-05T20:23:11.1707264Z ✔ 384 independent CSV/XLSX layouts infer columns and retain the same signed economic records (4701.378454ms)
2026-10-05T20:23:11.1709087Z ✔ a model cannot append unrelated proposal IDs to a specific document explanation (47.736672ms)
2026-10-05T20:23:11.1711037Z ✔ a valid source ID still cannot be invented outside the model evidence window (12.210554ms)
2026-10-05T20:23:11.1712790Z ✔ local model receives canonical review cases, including the document asked about (14.341384ms)
2026-10-05T20:23:11.1714563Z ✔ in-place changes to current accounting result invalidate an outstanding model reply (6.253408ms)
2026-10-05T20:23:11.1716015Z ✔ blank prompts never query a local model (3.770643ms)
2026-10-05T20:23:11.1717748Z ✔ large review contexts reserve ten canonical rows per side instead of starving ledger evidence (26.569101ms)
2026-10-05T20:23:11.1719671Z ✔ an explicitly requested late ledger row is prioritized with the same balanced budget (29.374503ms)
2026-10-05T20:23:11.1721898Z ✔ a referenced ambiguous group is admitted whole and remaining capacity stays bounded on both sides (34.554162ms)
2026-10-05T20:23:11.1723697Z ✔ an inconsistent ambiguous display group is refused before model routing (13.454681ms)
2026-10-05T20:23:11.1725452Z ✔ oversized referenced cases fall back before invoking a model and are never truncated (43.076236ms)
2026-10-05T20:23:11.1727193Z ✔ unavailable or downloadable models never create a session or start download (13.887083ms)
2026-10-05T20:23:11.1728831Z ✔ ready model uses same languages, structured output and destroys session (5.548635ms)
2026-10-05T20:23:11.1730447Z ✔ model cannot supply financial facts, approval, prose or nonexistent IDs (2.935248ms)
2026-10-05T20:23:11.1732349Z ✔ model-generated proposal is rechecked without becoming a match (5.024809ms)
2026-10-05T20:23:11.1733864Z ✔ abort and model errors fall back without output or retained session (2.08836ms)
2026-10-05T20:23:11.1735728Z ✔ local import advice can complete unfamiliar mapping only after explicit application and engine checks (35.33143ms)
2026-10-05T20:23:11.1737982Z ✔ download states, absent model and unsupported Arabic never start model creation (3.440508ms)
2026-10-05T20:23:11.1739825Z ✔ model cannot rewrite values, choose inactive fields, change source or grant approval (5.388136ms)
2026-10-05T20:23:11.1744118Z ✔ stale mapping, recut PDF, and even edits beyond the sample invalidate outstanding advice (2.784787ms)
2026-10-05T20:23:11.1746095Z ✔ abort before creation or during prompting discards advice and destroys the session (2.41596ms)
2026-10-05T20:23:11.1748289Z ✔ unparseable, oversized, thrown and unavailable responses fall back without changing the source (2.400612ms)
2026-10-05T20:23:11.1750155Z ✔ numeric plausibility does not promote Quantity-as-Amount into verified semantics (1.625227ms)
2026-10-05T20:23:11.1752658Z ✔ real-model experiment binding keeps bilingual proposals advisory and native source evidence unchanged (38.165298ms)
2026-10-05T20:23:11.1756247Z ✔ local model cannot supply invented numbers, signs, exclusions, approvals or uncited roles (4.12303ms)
2026-10-05T20:23:11.1758206Z ✔ late model proposals are invalidated by unsampled source rows and reading settings (6.097789ms)
2026-10-05T20:23:11.1760041Z ✔ a correct citation does not prove that Quantity is Amount or confer financial authority (1.468034ms)
2026-10-05T20:23:11.1762180Z ✔ explicit human review of a correct role preserves malformed amounts as native read errors (14.792694ms)
2026-10-05T20:23:11.1763899Z ✔ empty model advice abstains and UTF-8 limits do not silently truncate native evidence (3.037147ms)
2026-10-05T20:23:11.1765633Z ✔ safe unrelated bad amounts and dates preserve proven pairs and every erroneous source row (58.57766ms)
2026-10-05T20:23:11.1767617Z ✔ an unread same-reference or normalized-collision row blocks that bucket without blocking a disjoint pair (7.361271ms)
2026-10-05T20:23:11.1769833Z ✔ a displaced reference in a financial cell blocks its original competitor and preserves a disjoint pair (5.257713ms)
2026-10-05T20:23:11.1772381Z ✔ a mixed alphanumeric bad amount is isolated by source evidence and blocks only when its literal token is a competing identity (8.484043ms)
2026-10-05T20:23:11.1774854Z ✔ unparsed literal cells are negative competitor evidence for alphabetic payment references, never repaired transaction facts (7.653225ms)
2026-10-05T20:23:11.1777182Z ✔ every supported secondary reference is blocking evidence even when the bad row has a different primary document (7.882132ms)
2026-10-05T20:23:11.1779435Z ✔ unselected stated references and selected helper values both propagate taint without acquiring positive authority (2.207712ms)
2026-10-05T20:23:11.1781836Z ✔ taint follows transitive original memberships even after a bridge row is manually used or rejected (6.226528ms)
2026-10-05T20:23:11.1783871Z ✔ unknown, structurally damaged, hidden or unsafe reference envelopes remain wildcard blockers (12.181971ms)
2026-10-05T20:23:11.1785842Z ✔ a selected generic helper alone cannot isolate a failed row, while a precise amount-cell issue can (3.91357ms)
2026-10-05T20:23:11.1787668Z ✔ bad-money rows cannot hide a second supplier, entity, currency or generic account (5.960272ms)
2026-10-05T20:23:11.1789673Z ✔ invalid entered balances block arithmetic but preserve independent automatic and documented manual pairs (1.902114ms)
2026-10-05T20:23:11.1792246Z ✔ disjoint invoice groups and repeated-document pairs remain provable, but a failed bucket member blocks its whole proof (7.004237ms)
2026-10-05T20:23:11.1794320Z ✔ whole payment groups remain complete only outside failed-row bank/receipt memberships (7.390707ms)
2026-10-05T20:23:11.1796050Z ✔ legacy direct-source errors without a valid envelope remain conservative (1.834156ms)
2026-10-05T20:23:11.1797985Z ✔ duplicate direct-source IDs are refused even when their identity components have different taint (2.384301ms)
2026-10-05T20:23:11.1799995Z ✔ known contradictory document types never auto-match equal signed amounts and exact references (33.230306ms)
2026-10-05T20:23:11.1802360Z ✔ contradictory explicit PO evidence blocks auto-match while ordinary internal voucher differences do not (2.67365ms)
2026-10-05T20:23:11.1804117Z ✔ a mapped invoice reference is not replaced by an unrelated common PO (1.222817ms)
2026-10-05T20:23:11.1805827Z ✔ PO-only identity remains visible but cannot certify one invoice or a group of invoices (2.797ms)
2026-10-05T20:23:11.1807481Z ✔ identical repeated posting lines cannot be proved distinct by their sum (3.074297ms)
2026-10-05T20:23:11.1809403Z ✔ F03 preserves historical group sources: Invoice No proves an invoice group but not a credit-note group (6.708064ms)
2026-10-05T20:23:11.1811985Z ✔ one-to-many proof fails with altered amount, date, type, PO, voucher or unreadable identity (14.025855ms)
2026-10-05T20:23:11.1814078Z ✔ mixed signs, competing whole groups and subset coincidences never produce a group match (4.217485ms)
2026-10-05T20:23:11.1815984Z ✔ currency from another normalized scope cannot be compared, including manual decisions (11.405338ms)
2026-10-05T20:23:11.1817847Z ✔ date boundaries, signed zero and reference punctuation do not silently broaden identity (15.569461ms)
2026-10-05T20:23:11.1819805Z ✔ unique payment amount with different references remains review-only under every row permutation (10.169733ms)
2026-10-05T20:23:11.1822097Z ✔ classification and row conservation are invariant under 864 independent source permutations (1065.93238ms)
2026-10-05T20:23:11.1824097Z ✔ exact minor units remain conserved for all supported scales and arithmetic limits reject overflow (6.999883ms)
2026-10-05T20:23:11.1826229Z ✔ repeated headers with formula, hidden or unreadable cells cannot silently leave the transaction population (11.238306ms)
2026-10-05T20:23:11.1828326Z ✔ overlapping rejected edges never choose arbitrary partners under source or decision permutations (31.534588ms)
2026-10-05T20:23:11.1830297Z ✔ an ordinary vendor statement imports and compares without manual row surgery (267.253077ms)
2026-10-05T20:23:11.1832148Z ✔ the dropped time is reported as a note, never as a silent change (58.406208ms)
2026-10-05T20:23:11.1833606Z ✔ a formula inside a total row does not resurrect it as an error (52.599462ms)
2026-10-05T20:23:11.1835088Z ✔ one unreadable row reports itself instead of rejecting both files (7.048074ms)
2026-10-05T20:23:11.1836605Z ✔ the cut-off default is the latest date present, so it excludes nothing (39.372082ms)
2026-10-05T20:23:11.1838091Z ✔ a PDF with unfamiliar headers gets its columns from geometry (149.725885ms)
2026-10-05T20:23:11.1839498Z ✔ geometry detection is independent of the header wording (29.636173ms)
2026-10-05T20:23:11.1841152Z ✔ a reviewed PDF reconciles with no boundary typed by hand (10.215101ms)
2026-10-05T20:23:11.1842631Z ✔ geometry refuses to invent columns when the layout proves none (7.182223ms)
2026-10-05T20:23:11.1844066Z ✔ a cell overflowing a boundary is flagged, never merged quietly (13.545517ms)
2026-10-05T20:23:11.1846110Z ✔ P2 original CSV bank and receipt identities survive normalisation, session restore and N:M export with all source members (523.988402ms)
2026-10-05T20:23:11.1848475Z ✔ P2 group explanation cites every member and distinguishes group totals from individual pairings in both languages (16.258334ms)
2026-10-05T20:23:11.1850933Z ✔ P2 rejecting any member pair atomically unmatches the whole group and restore preserves that rejection (108.787499ms)
2026-10-05T20:23:11.1852985Z ✔ P2 assistant rejects a case-member copy with forged explicit payment identity provenance (9.977208ms)
2026-10-05T20:23:11.1854970Z ✔ P2 changed source bytes invalidate the old group and cannot be exported or restored as its old proof (26.976275ms)
2026-10-05T20:23:11.1857067Z ✔ partial formats isolate malformed dates and amounts without losing original rows or choosing a default (22.172175ms)
2026-10-05T20:23:11.1858924Z ✔ partial formats cannot cherry-pick contradictory but valid conventions (1.309057ms)
2026-10-05T20:23:11.1860513Z ✔ unsafe comma evidence never scales the remaining ambiguous KWD amount (0.874428ms)
2026-10-05T20:23:11.1862456Z ✔ partial formats do not allow a stale chosen convention to bypass proven evidence (1.288949ms)
2026-10-05T20:23:11.1864433Z ✔ native numeric cells remain independent of display format while formula or percentage cells remain errors (3.734243ms)
2026-10-05T20:23:11.1866367Z ✔ no readable date or amount evidence remains an explicit unresolved source, not a default (0.763381ms)
2026-10-05T20:23:11.1868387Z ✔ malformed companion rows cannot answer genuine date ambiguity or transfer a choice to different evidence (2.097466ms)
2026-10-05T20:23:11.1870929Z ✔ partial source rows remain explicit through Excel and original-source session restoration (327.373889ms)
2026-10-05T20:23:11.1873223Z ✔ partial assistant answers disclose incompleteness, prioritize row errors and reject model approval (22.693006ms)
2026-10-05T20:23:11.1875295Z ✔ balance-only issues have no invented row or page and preserve the entered text (7.055297ms)
2026-10-05T20:23:11.1877002Z ✔ clean export and assistant keep their existing status without a partial claim (102.89696ms)
2026-10-05T20:23:11.1878893Z ✔ reference-shaped invalid amounts retain negative collision evidence while disjoint pairs continue (8.637764ms)
2026-10-05T20:23:11.1881063Z ✔ P2 overlapping bank and receipt alternatives are reviewed before any row is consumed (28.00346ms)
2026-10-05T20:23:11.1882898Z ✔ P2 complete N:M payment groups are equivalent groups, never individual pairings (7.398285ms)
2026-10-05T20:23:11.1884758Z ✔ P2 invoice certified subgroups coexist with exact sibling pairs without amount-driven subsets (6.745019ms)
2026-10-05T20:23:11.1886780Z ✔ P2 unbalanced, unsafe and manually consumed competitors never disappear from identity membership (12.346009ms)
2026-10-05T20:23:11.1888792Z ✔ P2 a primary-only unknown member and normalized collisions cannot be dropped from bank groups (5.45147ms)
2026-10-05T20:23:11.1891221Z ✔ P2 an exact payment pair cannot consume a member before overlapping receipts are examined (2.154602ms)
2026-10-05T20:23:11.1898302Z ✔ P2 identical bank and receipt memberships corroborate one group, while one-sided annotations need no guessing (3.554689ms)
2026-10-05T20:23:11.1900517Z ✔ P2 N:M rejects duplicates on either side, sign offsets, wrong dates and incomplete or conflicting evidence (22.81936ms)
2026-10-05T20:23:11.1902677Z ✔ P2 N:M group limit retains every row and never approves a truncated group (30.623883ms)
2026-10-05T20:23:11.1904804Z ✔ P2 unknown document discriminators block invoice subgroups and do not fabricate uniqueness after manual use (9.047016ms)
2026-10-05T20:23:11.1906756Z ✔ P2 an unknown-type original bank member prevents a smaller exact payment pair (1.678165ms)
2026-10-05T20:23:11.1908570Z ✔ P2 invalid calendar dates and direct same-source comparisons cannot become approved groups (9.922355ms)
2026-10-05T20:23:11.1910511Z ✔ P2 explicit numeric receipt identities retain leading zeros across separate N:M and N:1 groups (8.689701ms)
2026-10-05T20:23:11.1912737Z ✔ P2 numeric support never promotes zero, placeholder or formula-like payment identities (20.849032ms)
2026-10-05T20:23:11.1914946Z ✔ P2 certified document identity and shared PO permit different local voucher numbers without weakening whole-document proof (19.5004ms)
2026-10-05T20:23:11.2981737Z ✔ PDF cannot read covered amount text through an opaque vector rectangle (154.993663ms)
2026-10-05T20:23:11.3119680Z ✔ PDF black background cannot silently conceal black transaction text (15.814898ms)
2026-10-05T20:23:11.3459601Z ✔ ordinary white backgrounds and disjoint table lines preserve actual text (33.613369ms)
2026-10-05T20:23:11.4279799Z ✔ bordered supplier tables paint edges, not a solid rectangle over every amount (82.069594ms)
2026-10-05T20:23:11.4362122Z ✔ separate underlines do not connect into an imaginary painted area (4.278957ms)
2026-10-05T20:23:11.4563503Z ✔ stroke width and actual crossing lines still reject covered transaction text (21.092374ms)
2026-10-05T20:23:11.4752755Z ✔ thin filled rectangles used as supplier table borders stay separate (18.825862ms)
2026-10-05T20:23:11.4855642Z ✔ implicit close strokes and curved paths cannot conceal an amount (11.574141ms)
2026-10-05T20:23:11.7676773Z ✔ 100-page native import retains the last page and reports progress without replacing the final source (484.473197ms)
2026-10-05T20:23:11.9563152Z ✔ failure on page 70 does not emit layout or return a usable prefix and the next import is clean (191.918282ms)
2026-10-05T20:23:11.9776215Z ✔ only one explicit complete header and consistent gaps produce PDF suggestions (7.435511ms)
2026-10-05T20:23:11.9778960Z ✔ overlapping, incompatible multi-page or floating tokens cancel automatic suggestions (2.562621ms)
2026-10-05T20:23:11.9780795Z ✔ partial rows tighten a gap without splitting an extended reference (0.560284ms)
2026-10-05T20:23:12.3626414Z ✔ carried-forward lines between pages are structure, not dates or transactions (362.725026ms)
2026-10-05T20:23:12.5067904Z ✔ a table rule at a page break does not make black text count as hidden (145.57833ms)
2026-10-05T20:23:13.4233306Z ✔ PDF diversity: 64 seeded valid layouts preserve independent values under column, font and paint-order changes (1240.241491ms)
2026-10-05T20:23:13.5323197Z ✔ PDF diversity: 2 to 6 pages retain repeated headers, source pages and every unique transaction (112.143562ms)
2026-10-05T20:23:13.5649566Z ✔ PDF diversity requires review: a second-page column reorder cannot silently reuse the first mapping (31.336625ms)
2026-10-05T20:23:13.6118280Z ✔ PDF diversity: a reference displaced into an amount cell cannot hide a competing original row (47.200661ms)
2026-10-05T20:23:13.6257816Z ✔ PDF diversity requires review: wrapped transaction descriptions remain separate source rows, never invented joins (13.115109ms)
2026-10-05T20:23:13.6462456Z ✔ PDF diversity requires review: complete rows drawn across one another are not trustworthy transactions (23.740787ms)
2026-10-05T20:23:13.6675750Z ✔ PDF diversity: close but visibly disjoint rows and staggered side-by-side cells remain accepted (19.39324ms)
2026-10-05T20:23:13.6782668Z ✔ PDF diversity unsupported: partially clipped glyphs at the page edge cannot be accepted as fully visible (10.709737ms)
2026-10-05T20:23:13.7112296Z ✔ PDF diversity unsupported: later covers and hidden text remain rejected while styled table backgrounds are safe (32.336009ms)
2026-10-05T20:23:13.7133734Z ✔ PDF diversity requires review: partial tokens cannot cross the final shared multipage column boundary (1.420085ms)
2026-10-05T20:23:13.7135547Z ✔ PDF diversity: RTL-adjacent Arabic descriptions and Arabic numbers keep exact text without reversing identifiers (0.489662ms)
2026-10-05T20:23:13.7444987Z ✔ two dates and a vertically split AP balance header produce all ten columns with exact line evidence (18.689751ms)
2026-10-05T20:23:13.7454945Z ✔ geometric header evidence remains stable for independent amounts, pages, and wrapped versus unwrapped labels (35.696027ms)
2026-10-05T20:23:13.7457458Z ✔ unknown or misaligned fragments cannot be converted to a known balance heading (1.881594ms)
2026-10-05T20:23:13.7459937Z ✔ a different second-page table, duplicate header or transaction crossing a candidate gap cancels the strict proposal (4.066282ms)
2026-10-05T20:23:13.7463065Z ✔ the existing vocabulary-free geometry fallback remains available without claiming header identity (1.930134ms)
2026-10-05T20:23:13.7465287Z ✔ close split header words have one exact supported interpretation, while wide gaps remain separate (4.418848ms)
2026-10-05T20:23:13.7467539Z ✔ PDF diagnosis: blank and vector-only pages report no extractable text without claiming a scan (155.312479ms)
2026-10-05T20:23:13.7469939Z ✔ PDF diagnosis: image-only bytes report factual image presence with the legacy no-text message (13.062488ms)
2026-10-05T20:23:13.7472491Z ✔ PDF diagnosis: both small and large images mixed with native text retain the original rejection (47.357934ms)
2026-10-05T20:23:13.7474751Z ✔ PDF diagnosis: image-paint counts count occurrences without inferring image content (11.891969ms)
2026-10-05T20:23:13.7476958Z ✔ PDF diagnosis: first blocking page is explicit and never claims the remaining pages were inspected (17.969946ms)
2026-10-05T20:23:13.7478954Z ✔ PDF diagnosis: clean native-text PDFs retain the same exact extracted rows (12.861518ms)
2026-10-05T20:23:13.7481083Z ✔ PDF diagnosis: earlier occlusion and hidden-text failures retain precedence over a later image (20.601581ms)
2026-10-05T20:23:13.7483120Z ✔ PDF diagnosis schema: exact bounded worker round-trip is accepted (0.518706ms)
2026-10-05T20:23:13.7485030Z ✔ PDF diagnosis schema: malformed, contradictory and extended payloads are rejected (1.883345ms)
2026-10-05T20:23:13.7487840Z ✔ PDF diagnosis schema: rejects accessors without reading them and tolerates hostile objects (0.296382ms)
2026-10-05T20:23:13.7490012Z ✔ PDF diagnosis error: immutable validated copy prevents later diagnostic mutation (0.45655ms)
2026-10-05T20:23:13.7492211Z ✔ 046 a repeated page banner no longer blocks the format proof (C01436) (11.154405ms)
2026-10-05T20:23:13.7493846Z ✔ 046 inference and the normalizer classify the same banner rows (17.103015ms)
2026-10-05T20:23:13.7495218Z ✔ 046 no movement is deleted while the banner and footer are cleaned (3.96268ms)
2026-10-05T20:23:13.7496549Z ✔ 046 a banner-shaped row carrying a movement stays a movement (5.351677ms)
2026-10-05T20:23:13.7497819Z ✔ 046 a banner that is not repeated verbatim is not treated as one (0.460818ms)
2026-10-05T20:23:13.7499165Z ✔ 046 without a repeated table header the page prefix is not structural (23.496462ms)
2026-10-05T20:23:13.7501175Z ✔ 046 a damaged banner row remains visible and blocks matching despite readable format evidence (9.020926ms)
2026-10-05T20:23:13.7503087Z ✔ 046 an amount landing in the neighbouring reference keeps the source in review (5.72843ms)
2026-10-05T20:23:13.7504590Z ✔ 046 a thousand-fold separator reading is never proven silently (1.011124ms)
2026-10-05T20:23:13.7506082Z ✔ 046 a balance line is recognised before the number format is known (4.905416ms)
2026-10-05T20:23:13.7507569Z ✔ 046 a malformed balance amount is not excused by trying other readings (6.071358ms)
2026-10-05T20:23:13.7509014Z ✔ 046 a dated, referenced movement is never taken for a balance line (2.475761ms)
2026-10-05T20:23:13.7511091Z ✔ exact glyph binding records when text was painted, including split and merged runs (6.406473ms)
2026-10-05T20:23:13.7512749Z ✔ white text requires an opaque dark background covering its entire box (1.795794ms)
2026-10-05T20:23:13.7514545Z ✔ colored statement headers and pale backgrounds drawn after a title load without hiding data (164.47109ms)
2026-10-05T20:23:13.7516229Z ✔ a later opaque rectangle covering transaction text still prevents import (16.12555ms)
2026-10-05T20:23:13.7517888Z ✔ a hairline table rule grazing black text is not a background, but covers and stripes still are (0.473782ms)
2026-10-05T20:23:14.0992591Z ✔ Helvetica: real PDF bytes with a three-line AP header retain all ten columns and every movement (264.714835ms)
2026-10-05T20:23:14.1455220Z ✔ Helvetica: explicit-cut re-read used during export exactly reproduces automatic PDF extraction and accounting provenance (48.067084ms)
2026-10-05T20:23:14.1885905Z ✔ Helvetica: multiple PDF pages keep their repeated logical headers, original fragments and exact movement page lineage (40.952681ms)
2026-10-05T20:23:14.2066019Z ✔ Courier: real PDF bytes with a three-line AP header retain all ten columns and every movement (20.104585ms)
2026-10-05T20:23:14.2416304Z ✔ Courier: explicit-cut re-read used during export exactly reproduces automatic PDF extraction and accounting provenance (34.648456ms)
2026-10-05T20:23:14.2883290Z ✔ Courier: multiple PDF pages keep their repeated logical headers, original fragments and exact movement page lineage (43.800776ms)
2026-10-05T20:23:14.7749590Z ✔ Helvetica: export and session restoration re-prove wrapped-header cells and page provenance from original PDF bytes (486.64463ms)
2026-10-05T20:23:15.0846614Z ✔ Courier: export and session restoration re-prove wrapped-header cells and page provenance from original PDF bytes (308.250303ms)
2026-10-05T20:23:15.1034589Z ✔ manual PDF page-title exclusion cannot disguise an unproved page counter (18.332613ms)
2026-10-05T20:23:15.1651731Z ✔ PDF stream integrity: a late malformed shading cannot leave a silently accepted financial prefix (259.124126ms)
2026-10-05T20:23:15.1704541Z ✔ PDF stream integrity: early parser errors reject single-page and multipage imports (27.015846ms)
2026-10-05T20:23:15.1707811Z ✔ PDF stream integrity: actual PDF.js prefix resolution cannot bypass the document-local guard (32.103502ms)
2026-10-05T20:23:15.1710117Z ✔ PDF stream integrity: unsupported internals and a changed PDF.js version fail closed (0.429761ms)
2026-10-05T20:23:15.1712144Z ✔ PDF stream integrity: successful stream must deliver its final chunk and close (0.546237ms)
2026-10-05T20:23:15.1713974Z ✔ PDF stream integrity: an error after the apparent final chunk is still fatal (1.011223ms)
2026-10-05T20:23:15.1715608Z ✔ PDF stream integrity: truncated, cancelled and malformed stream contracts fail closed (1.257361ms)
2026-10-05T20:23:15.1717482Z ✔ PDF stream integrity: unrelated text streams are untouched and a restored document does not affect another (0.308515ms)
2026-10-05T20:23:15.1719136Z ✔ native visible PDF transaction text retains signs and exact cells (155.021492ms)
2026-10-05T20:23:15.1720838Z ✔ actual PDF rejects transparent and partially transparent fill/stroke text (79.022515ms)
2026-10-05T20:23:15.1724394Z ✔ actual PDF rejects white text in RGB, gray and CMYK color spaces (23.5315ms)
2026-10-05T20:23:15.1726693Z ✔ restoring or explicitly resetting color and alpha permits subsequent visible text (28.992913ms)
2026-10-05T20:23:15.1728604Z ✔ actual PDF rejects clipped transaction text and text clipping modes (51.489452ms)
2026-10-05T20:23:15.1730390Z ✔ clipping restored before transaction text does not reject visible data (3.335672ms)
2026-10-05T20:23:15.1732180Z ✔ actual PDF soft masks reject text rather than trusting an invisible text layer (8.926732ms)
2026-10-05T20:23:15.1733750Z ✔ a disabled soft mask no longer marks later plain text as masked (13.318526ms)
2026-10-05T20:23:15.1735189Z ✔ unsupported blending rejects active text but a restored blend does not leak (19.637544ms)
2026-10-05T20:23:15.1736770Z ✔ actual inline raster images reject regardless of area or neighboring native text (30.759683ms)
2026-10-05T20:23:15.1738281Z ✔ actual image XObjects and solid image masks cannot bypass the raster guard (9.625307ms)
2026-10-05T20:23:15.1739819Z ✔ unsupported Form XObject clipping rejects extracted text with an explicit error (4.727114ms)
2026-10-05T20:23:15.5052478Z Warning: Indexing all PDF objects
2026-10-05T20:23:15.5253511Z ✔ oversized PDF cells reject before reaching Excel and malformed PDFs do not poison later reads (205.075461ms)
2026-10-05T20:23:15.5259006Z ✔ OCR invisible text and large raster backgrounds cannot pass as native PDF text (0.642767ms)
2026-10-05T20:23:15.5512623Z ✔ PDF actual bytes preserve columns, signs, row provenance and original bytes (26.307556ms)
2026-10-05T20:23:15.5662298Z ✔ PDF cannot reconcile without explicit extraction review (12.392381ms)
2026-10-05T20:23:15.5862882Z ✔ multi-page PDF keeps repeated headers and page lineage instead of silently deleting rows (20.938307ms)
2026-10-05T20:23:15.6001893Z ✔ blank/scanned page rejects the entire PDF including text/image mixed documents (14.688517ms)
2026-10-05T20:23:15.6214616Z ✔ fake PDF and more than 100 pages fail closed (14.985991ms)
2026-10-05T20:23:15.6216078Z ✔ column boundary crossings and duplicate overlay glyphs produce blocking row issues (0.902911ms)
2026-10-05T20:23:15.6235612Z ✔ invalid column cuts, coordinates and replacement characters fail closed (0.63364ms)
2026-10-05T20:23:15.6292247Z ✔ Arabic glyph text is preserved without reversing references or guessing numbers (0.545175ms)
2026-10-05T20:23:15.9300940Z ✔ PDF export re-extracts original bytes and session restoration keeps the same result (313.05223ms)
2026-10-05T20:23:15.9572722Z ✔ bounded performance export verifier accepts native dates, negative credits and explicit payment bank identity (290.595833ms)
2026-10-05T20:23:15.9574522Z ✔ bounded performance export verifier detects a reversed amount sign (26.791579ms)
2026-10-05T20:23:15.9576573Z ✔ bounded performance export verifier detects a forged reference despite unchanged financial totals (25.723398ms)
2026-10-05T20:23:15.9578664Z ✔ bounded performance export verifier detects a native Excel date shifted by one day (15.454249ms)
2026-10-05T20:23:15.9580259Z ✔ bounded performance export verifier detects a missing exported row (14.595217ms)
2026-10-05T20:23:15.9582823Z ✔ bounded performance export verifier rejects a formula even with its original correct cached amount (14.983637ms)
2026-10-05T20:23:15.9584391Z ✔ RSS sums every requested process independent of ps ordering (1.887585ms)
2026-10-05T20:23:15.9586019Z ✔ an incomplete process snapshot cannot masquerade as lower memory use (0.727375ms)
2026-10-05T20:23:15.9587535Z ✔ RSS rejects invalid counters and process identifiers (0.552339ms)
2026-10-05T20:23:15.9589097Z ✔ a hung memory sample fails within a deadline so browser cleanup can run (21.111533ms)
2026-10-05T20:23:16.2506846Z ✔ transaction comparison needs verified scope but not optional descriptive names (270.161035ms)
2026-10-05T20:23:16.2522304Z ✔ known currency precision is explicit and unknown currencies are not assigned two decimals (0.450639ms)
2026-10-05T20:23:16.2552023Z ✔ currency precision changes the ambiguity assessment, not the transaction value (2.824801ms)
2026-10-05T20:23:16.4628708Z ✔ PDF automatic column suggestions retain required human review and original row provenance (219.614048ms)
2026-10-05T20:23:16.4645040Z ✔ transaction column spans do not invalidate intact labeled PDF metadata; other parsing issues do (4.82162ms)
2026-10-05T20:23:16.6686388Z ✔ partial date case must preserve its one independently valid pair and both invalid rows (14.329318ms)
2026-10-05T20:23:17.1751806Z ✔ every recompute path gives the core result: ordinary match, amount variance, balances (demo) (514.705774ms)
2026-10-05T20:23:17.4004751Z ✔ every recompute path gives the core result: manual decision and rejected link (demo) (242.753105ms)
2026-10-05T20:23:17.5010755Z ✔ every recompute path gives the core result: proven one-to-many group (102.456212ms)
2026-10-05T20:23:17.5972316Z ✔ every recompute path gives the core result: the same ambiguity, answered (88.818862ms)
2026-10-05T20:23:17.7295910Z ✔ every recompute path gives the core result: split columns with proven direction (131.936572ms)
2026-10-05T20:23:17.8799355Z ✔ every recompute path gives the core result: partial result with an impossible companion date (150.423529ms)
2026-10-05T20:23:17.8865906Z ✔ the cases hold what they are named for (9.603486ms)
2026-10-05T20:23:17.9084517Z ✔ every path refuses FORMAT_AMBIGUOUS_UNRESOLVED: unresolved number-format ambiguity (28.3176ms)
2026-10-05T20:23:18.0105923Z ✔ exportWorkbook itself refuses an unanswered format ambiguity (97.596061ms)
2026-10-05T20:23:18.0952474Z ✔ a result changed after comparing is not exported (89.806302ms)
2026-10-05T20:23:18.1136088Z ✔ a saved format choice that no longer fits is refused (17.568177ms)
2026-10-05T20:23:18.1642926Z ✔ a debit/credit direction claim the source does not prove (33.234692ms)
2026-10-05T20:23:18.1664602Z ✔ compare re-proves a claimed debit/credit direction before showing a result (12.637903ms)
2026-10-05T20:23:18.2157649Z ✔ a direction claim whose facts hold but whose explanation was edited (44.7578ms)
2026-10-05T20:23:18.2182041Z ✔ two faults at once: the format guard, then the direction proof (3.435258ms)
2026-10-05T20:23:18.2211644Z ✔ the shared recompute reports its stages in order (7.908629ms)
2026-10-05T20:23:18.2241746Z ✔ the recompute paths share one entry point; the verifier does not (0.757911ms)
2026-10-05T20:23:18.2557038Z ✔ an explicit document number cannot outvote the references the accountant chose (77.640308ms)
2026-10-05T20:23:18.2583206Z ✔ identities equal only after normalisation are never approved where no chosen reference can differ (31.828169ms)
2026-10-05T20:23:18.2602146Z ✔ a batch, an account or an order chosen as the reference does not prove a document (8.970732ms)
2026-10-05T20:23:18.2622322Z ✔ one value in two fields of different roles does not prove the invoice (11.497363ms)
2026-10-05T20:23:18.2623856Z ✔ matching amount and reference with conflicting document types stay for review (13.150197ms)
2026-10-05T20:23:18.2652683Z ✔ Type = Invoice with a description opening with another documented role is a conflict (24.726898ms)
2026-10-05T20:23:18.2665754Z ✔ an unknown or party-specific code stays unknown, is not guessed, and the pair is shown for review (22.355156ms)
2026-10-05T20:23:18.2669728Z ✔ with no reference column chosen, nothing is approved, as the interface says (16.249925ms)
2026-10-05T20:23:18.2682198Z ✔ an unchosen voucher cannot prove a document even when the unselected references agree or are blank (8.429861ms)
2026-10-05T20:23:18.2732319Z ✔ the accountant can still confirm by hand rows whose chosen references differ (7.443988ms)
2026-10-05T20:23:18.2762435Z ✔ invoice lines naming different purchase orders are shown for review with that reason (5.649142ms)
2026-10-05T20:23:18.2764559Z ✔ P1 proves repeated-document pairs with explicit selected reference provenance and honest evidence (70.580688ms)
2026-10-05T20:23:18.2766818Z ✔ P1 preserves leading zeros, punctuation and case instead of matching normalized lookalikes (15.286386ms)
2026-10-05T20:23:18.2768792Z ✔ P1 requires literal document identity even when normalization collides (12.113141ms)
2026-10-05T20:23:18.2771045Z ✔ P1 does not use unselected references or selected local voucher/order columns as positive identity (18.754603ms)
2026-10-05T20:23:18.2773099Z ✔ P1 counts all discriminator occurrences before amount, date or consumption filtering (6.742948ms)
2026-10-05T20:23:18.2775163Z ✔ P1 missing, placeholder and unsafe discriminators leave the entire document bucket unresolved (64.900306ms)
2026-10-05T20:23:18.2777157Z ✔ P1 contextual discriminator accepts literal numeric and alphabetic references in either language (18.609069ms)
2026-10-05T20:23:18.2779042Z ✔ P1 contextual references are unique within a document, not across unrelated documents (3.853978ms)
2026-10-05T20:23:18.2781348Z ✔ P1 formula-like and error references remain literal, visible and unapproved in every automatic path (45.490575ms)
2026-10-05T20:23:18.2783414Z ✔ P1 direct-source comparisons cannot omit issue flags to bypass unsafe-reference checks (14.960945ms)
2026-10-05T20:23:18.2785282Z ✔ P1 assistant proposal verification rejects a case copy with altered discriminator evidence (11.253169ms)
2026-10-05T20:23:18.2786958Z ✔ P1 keeps amount, sign, date, type, PO conflict and source-reading guards (20.816901ms)
2026-10-05T20:23:18.2805018Z ✔ P1 excluded same-document evidence blocks uniqueness while an unrelated total does not (6.549498ms)
2026-10-05T20:23:18.2832154Z ✔ P1 rejects an invalid source date even when compare is called directly (9.792508ms)
2026-10-05T20:23:18.2852200Z ✔ P1 honors rejection, manual decisions and self-comparison without losing rows (8.126315ms)
2026-10-05T20:23:18.2853990Z ✔ P1 case identity follows the discriminator when identical-amount/date rows are reordered (6.645216ms)
2026-10-05T20:23:18.2855840Z ✔ P1 preserves genuine whole-document groups instead of splitting duplicate discriminators (2.456736ms)
2026-10-05T20:23:18.2857373Z ✔ P1 missing Type is allowed but numeric document roles must be explicit on both sources (6.682295ms)
2026-10-05T20:23:18.2858781Z ✔ P1 restore and verified Excel export preserve pairs and reject altered provenance (266.379358ms)
2026-10-05T20:23:18.2888277Z ✔ F03 native own/related roles: different-credit-notes (392.028719ms)
2026-10-05T20:23:18.2890300Z ✔ F03 native own/related roles: own-credit-note (268.418416ms)
2026-10-05T20:23:18.2892085Z ✔ F03 native own/related roles: generic-own-and-invoice (134.080017ms)
2026-10-05T20:23:18.4366276Z ✔ F03 native own/related roles: short-own-credit-note (146.868546ms)
2026-10-05T20:23:18.6130377Z ✔ F03 native own/related roles: conflicting-related-invoice (176.572566ms)
2026-10-05T20:23:18.7239708Z ✔ F03 native own/related roles: credit-note-invoice-only (109.04842ms)
2026-10-05T20:23:18.8525147Z ✔ F03 native own/related roles: payment-invoice-only (130.201972ms)
2026-10-05T20:23:18.9605066Z ✔ F03 native own/related roles: journal-invoice-only (107.72041ms)
2026-10-05T20:23:19.0865199Z ✔ F03 native own/related roles: ordinary-invoice (125.500977ms)
2026-10-05T20:23:19.1994138Z ✔ F03 native own/related roles: payment-bank-identity (109.994692ms)
2026-10-05T20:23:19.4489594Z ✔ F03 native own/related roles: whole-credit-note-group (204.597648ms)
2026-10-05T20:23:19.4495772Z ✔ F03 selected related-invoice column supplies neither own identity nor discriminator authority (9.603499ms)
2026-10-05T20:23:19.4521127Z ✔ F03 different selected roles permit the same proven short credit note (1.236713ms)
2026-10-05T20:23:19.4522755Z ✔ F03 column permutation and explicit Arabic headers preserve roles (2.670173ms)
2026-10-05T20:23:19.4524215Z ✔ F03 keeps ambiguous evidence for review: duplicate own headers (3.951116ms)
2026-10-05T20:23:19.4525776Z ✔ F03 keeps ambiguous evidence for review: duplicate related headers (3.755936ms)
2026-10-05T20:23:19.4527268Z ✔ F03 keeps ambiguous evidence for review: hidden own cell (1.198492ms)
2026-10-05T20:23:19.4528759Z ✔ F03 keeps ambiguous evidence for review: unsafe related cell (0.992289ms)
2026-10-05T20:23:19.4530467Z ✔ F03 keeps ambiguous evidence for review: different chosen generic reference (1.122089ms)
2026-10-05T20:23:19.4542040Z ✔ F03 an own-number competitor remains after excluded (4.031118ms)
2026-10-05T20:23:19.4545456Z ✔ F03 an own-number competitor remains after outside-period (2.439744ms)
2026-10-05T20:23:19.4547017Z ✔ F03 an own-number competitor remains after failed amount (1.78769ms)
2026-10-05T20:23:19.4548763Z ✔ F03 chat cites the original invoice without substituting it for a credit-note identity (8.73379ms)
2026-10-05T20:23:19.4562281Z ✔ F03 AI cannot resolve a related-invoice contradiction or forge its provenance (3.605946ms)
2026-10-05T20:23:19.6039832Z ✔ F03 native PDF uses own credit-note number: own-credit-note (157.119541ms)
2026-10-05T20:23:19.6195438Z ✔ F03 native PDF uses own credit-note number: short-own-credit-note (14.865062ms)
2026-10-05T20:23:19.6518204Z ✔ F03 native PDF uses own credit-note number: different-credit-notes (14.885567ms)
2026-10-05T20:23:19.6520038Z ✔ F03 original invoice cannot partition repeated credit-note numbers (1.305471ms)
2026-10-05T20:23:19.6522338Z ✔ F03 local model context keeps own/related roles and their canonical source columns (3.885497ms)
2026-10-05T20:23:19.6524017Z ✔ F03 an exact candidate with unverified type stays one review case with both source rows (1.397012ms)
2026-10-05T20:23:19.6525570Z ✔ F03 a shared native Document No cannot erase contradictory document types (2.000726ms)
2026-10-05T20:23:19.6527092Z ✔ F03 bank/receipt roles cannot authorize a voucher-only credit note or journal (7.815165ms)
2026-10-05T20:23:19.6815839Z ✔ 046 Arabic text PDF reportlab-arabic-balances: actual fields, provenance, matches and independent Excel values (513.273429ms)
2026-10-05T20:23:19.6818390Z ✔ 046 Arabic text PDF reportlab-rtl: actual fields, provenance, matches and independent Excel values (132.478413ms)
2026-10-05T20:23:19.6820303Z ✔ 046 Arabic text PDF reportlab-permuted: actual fields, provenance, matches and independent Excel values (115.300968ms)
2026-10-05T20:23:19.6822472Z ✔ 046 Arabic text PDF reportlab-wrapped-header: actual fields, provenance, matches and independent Excel values (118.732335ms)
2026-10-05T20:23:19.6824987Z ✔ 046 Arabic text PDF reportlab-multipage: actual fields, provenance, matches and independent Excel values (161.069577ms)
2026-10-05T20:23:19.6827244Z ✔ 046 Arabic text PDF libreoffice-arabic: actual fields, provenance, matches and independent Excel values (131.191841ms)
2026-10-05T20:23:19.6829353Z ✔ 046 Arabic text PDF libreoffice-mixed: actual fields, provenance, matches and independent Excel values (87.82399ms)
2026-10-05T20:23:19.6831935Z ✔ 046 Arabic continuation and second account table remain visible and cannot claim complete reading (55.757573ms)
2026-10-05T20:23:19.6833919Z ✔ 046 glyph provenance uses pinned bidi ordering without mutating Latin references or numeric signs (1.4546ms)
2026-10-05T20:23:19.6835645Z ✔ 046 source geometry may attach adjacent sign fragments but never guesses separated digits (0.509118ms)
2026-10-05T20:23:19.6837573Z ✔ 046 Arabic word fragments follow RTL geometry while financial fragments retain their source sequence (2.730556ms)
2026-10-05T20:23:19.6839628Z ✔ 046 full-page rectangular clips accept visible statements but partial and unknown clips reject (19.207652ms)
2026-10-05T20:23:19.6841909Z ✔ 046 native Arabic source followed by an unreadable page cannot return partial accounting data (27.034942ms)
2026-10-05T20:23:19.7182910Z ✔ 045 original document value cannot be compared as open-item outstanding even when numbers coincide (29.164958ms)
2026-10-05T20:23:19.7203464Z ✔ 045 running balance, paid amount and aging buckets cannot masquerade as movement values (20.36182ms)
2026-10-05T20:23:19.7205759Z ✔ 045 explicit remaining values require an open-items report and never become period movements (2.296126ms)
2026-10-05T20:23:19.7207811Z ✔ 045 supported original transaction values and remaining open items continue to auto-match (4.000862ms)
2026-10-05T20:23:19.7209942Z ✔ 045 supplier and legal entity conflicts in explicit same-role metadata block automatic and manual comparison (5.154961ms)
2026-10-05T20:23:19.7212286Z ✔ 045 different account roles are not falsely equated across supplier and AP systems (1.026632ms)
2026-10-05T20:23:19.7214302Z ✔ 045 mixed supplier, entity or account columns stop the affected comparison without dropping either row (5.230863ms)
2026-10-05T20:23:19.7216198Z ✔ 045 explicit single-role row identity must agree between the two sources (1.216565ms)
2026-10-05T20:23:19.7217849Z ✔ 045 explicit currency column cannot be ignored by leaving it unmapped (1.150973ms)
2026-10-05T20:23:19.7219738Z ✔ 045 open-item snapshots dated after the requested cutoff cannot reconstruct historical outstanding (1.80948ms)
2026-10-05T20:23:19.7222001Z ✔ 045 a malformed or contradictory declared period cannot certify the arithmetic bridge (2.754951ms)
2026-10-05T20:23:19.7223633Z ✔ 045 a clean declared snapshot at cutoff remains supported (1.292016ms)
2026-10-05T20:23:19.7225249Z ✔ 045 a systemic parsing/semantic failure cannot be bypassed by a manual match (0.648978ms)
2026-10-05T20:23:19.7227171Z ✔ 045 declared transaction period constrains inclusion before the balance equation is checked (4.999522ms)
2026-10-05T20:23:19.7230261Z ✔ 045 an opening balance from a different declared period cannot be certified by coincidental equality (0.883015ms)
2026-10-05T20:23:19.7232743Z ✔ F03 preserves old numeric Invoice No inputs: an invoice can match, its credit note cannot borrow that identity (8.508667ms)
2026-10-05T20:23:19.7234927Z ✔ 045 numeric general references, unknown types, payments, shortened IDs and numeric groups stay unapproved (3.614782ms)
2026-10-05T20:23:19.7237465Z ✔ 045 an explicit as-of snapshot is checked against cutoff without treating a preparation date as snapshot evidence (3.301098ms)
2026-10-05T20:23:19.7239450Z ✔ 045 manually entering a closing balance cannot hide a conflicting balance currency (1.256029ms)
2026-10-05T20:23:19.7241768Z ✔ 045 bounded whole-reference groups retain all source rows for review beyond the automatic limit (73.467855ms)
2026-10-05T20:23:19.7243840Z ✔ 045 explicit conflicting document labels in descriptions veto a match but never certify one (5.053061ms)
2026-10-05T20:23:19.9642990Z ✔ R045 independent exported workbook oracle accepts signed amounts, empty references, Arabic and an opening difference (299.799974ms)
2026-10-05T20:23:20.6808219Z ✔ R045 independent verifier rejects amount, sign, visible reference, row count and cached formula mutations (726.03472ms)
2026-10-05T20:23:20.6820468Z ✔ R045 independent decimal oracle rejects lost minor precision rather than rounding (0.510431ms)
2026-10-05T20:23:20.8702786Z ✔ R045 independent verifier covers transaction-only, zero-effect rejected cases, manual decisions and currency precision (186.029943ms)
2026-10-05T20:23:22.1272979Z ✔ R045 versioned partial output contract preserves every reading issue and rejects corrupted disclosure (1259.249111ms)
2026-10-05T20:23:22.1923670Z ✔ independent corpus manifest has 5000 cases in declared categories and disjoint layout holdout (48.585292ms)
2026-10-05T20:23:22.1932584Z ✔ all forty hand-calculated anchors independently agree with generated balances and explicit pairs (33.293759ms)
2026-10-05T20:23:22.1961077Z ✔ truth and observable approval are separate for an unreferenced payment allocation (5.80402ms)
2026-10-05T20:23:22.1963345Z ✔ equal balances do not hide countervailing invoice errors (8.361272ms)
2026-10-05T20:23:22.1992322Z ✔ cutoff exclusions are explicit and do not disappear from source observations (6.912191ms)
2026-10-05T20:23:22.2012060Z ✔ integer minor formatting preserves zero and three decimals without production money helpers (0.639762ms)
2026-10-05T20:23:22.2022284Z ✔ development scenarios are reproducible and contain economic diversity beyond labels and layout (1377.582615ms)
2026-10-05T20:23:22.2023985Z ✔ forty foundation source pairs are real files and never embed hidden lineage or oracle keys (530.293751ms)
2026-10-05T20:23:22.2472579Z ✔ generator, manifest and renderers cannot import production reconciliation code (14.437369ms)
2026-10-05T20:23:22.2532733Z ✔ a wrong closing balance blocks balance verification without banning independently proved movement matches (12.985298ms)
2026-10-05T20:23:22.2562348Z ✔ invalid source values affect their rows while scope conflicts stop the affected comparison (5.83617ms)
2026-10-05T20:23:22.2577676Z ✔ numeric invoice identity is explicit while an equally long generic reference needs review (9.551179ms)
2026-10-05T20:23:22.2912482Z ✔ file-specific scenarios really contain their named structures (37.320675ms)
2026-10-05T20:23:22.2972339Z ✔ revision 1.0.1 keeps allocation lineage shared while physical row identities remain distinct (9.583228ms)
2026-10-05T20:23:22.3003274Z ✔ ambiguous decimal case exposes two defensible interpretations and requires format confirmation before normalization (5.4339ms)
2026-10-05T20:23:22.3033894Z ✔ PDF monetary banners use the same decimal convention as transaction cells (11.535124ms)
2026-10-05T20:23:22.3448061Z ✔ 046 explicit shared bank identity proves a whole payment in either 1:N direction (29.116719ms)
2026-10-05T20:23:22.3466752Z ✔ 046 explicit receipt identity supports payment groups without a bank column value (3.258038ms)
2026-10-05T20:23:22.3468713Z ✔ 046 generic shared payment references and unique amount subsets remain review, not proof (10.473353ms)
2026-10-05T20:23:22.3471032Z ✔ 046 payment identity cannot allocate invoices or override document, amount, sign, date or receipt conflicts (18.566934ms)
2026-10-05T20:23:22.3480479Z ✔ 046 bank-reference groups never search a matching subset or ignore a competing same-identity row (8.905947ms)
2026-10-05T20:23:22.3508271Z ✔ 046 a duplicate component cannot be disguised by changing its description (5.907893ms)
2026-10-05T20:23:22.3510158Z ✔ 046 explicit original invoice lines retain the existing 6750 = 2500 + 2250 + 2000 capability (1.764386ms)
2026-10-05T20:23:22.3512523Z ✔ 046 explicit source errors, hidden evidence and excluded same-payment rows prevent complete-group approval (9.89576ms)
2026-10-05T20:23:22.3514585Z ✔ 046 currency and amount-basis conflicts are not group evidence even after user confirmation (5.928682ms)
2026-10-05T20:23:22.3517021Z ✔ 046 row-level amount basis cannot mix original and remaining values under a generic amount header (10.940076ms)
2026-10-05T20:23:22.3519183Z ✔ 046 payment group rejection is preserved and source ordering never selects a subset (4.785423ms)
2026-10-05T20:23:22.3521123Z ✔ 046 a search limit is exposed with all group rows retained (24.035205ms)
2026-10-05T20:23:22.3530096Z ✔ 046 a manual decision cannot override explicit document identity or PO conflicts (3.056353ms)
2026-10-05T20:23:22.3535731Z ✔ 046 payment proof is re-read from original bytes for export and sessions, never trusted from an annotated result (216.944752ms)
2026-10-05T20:23:22.3537542Z ✔ a completed-balance flag cannot replace a missing verified bridge (72.934959ms)
2026-10-05T20:23:22.3539333Z ✔ independent evaluator accepts healthy exact matches and a controlled invalid-source rejection (366.268231ms)
2026-10-05T20:23:22.3541218Z ✔ evaluator independently checks source totals against source transactions (16.297484ms)
2026-10-05T20:23:22.3543208Z ✔ evaluator rejects disagreement between accepted cases and the public match list (16.359489ms)
2026-10-05T20:23:22.3544835Z ✔ evaluator does not reward abstaining from every provable automatic match (84.500323ms)
2026-10-05T20:23:22.3546558Z ✔ runtime errors and cancellation on corrupt input are failures rather than valid rejections (25.566727ms)
2026-10-05T20:23:22.3548536Z ✔ equal-valued invoices with swapped counterparties are false matches even when counts and arithmetic agree (74.804067ms)
2026-10-05T20:23:25.8663033Z ✔ P2 capability requires nine proved groups across the 20 existing focused files with independent workbook verification (3217.293862ms)
2026-10-05T20:23:26.0221394Z ✔ P2 oracle migration keeps the default 046 N:M rejection and the same visible source facts (156.309027ms)
2026-10-05T20:23:26.0858646Z ✔ P2 N:M permission requires visible complete identity and does not reward abstention or equal totals alone (63.846601ms)
2026-10-05T20:23:26.1285552Z ✔ disabling every group fails required completion and cannot be counted as success (40.537359ms)
2026-10-05T20:23:26.1641282Z ✔ forcing a group on equal sums without bank or receipt proof is a false match (37.807772ms)
2026-10-05T20:23:26.2293146Z ✔ hidden metadata changes after rendering cannot change any engine input (64.57745ms)
2026-10-05T20:23:26.2505909Z ✔ ambiguous decimal convention stays unresolved without outside information and is labelled external when provided (15.044109ms)
2026-10-05T20:23:26.4315727Z ✔ the workbook verifier rejects accepted groups outside an independently supplied permission set (179.794408ms)
2026-10-05T20:23:26.4942572Z ✔ a diagnostic result with source errors is never labelled a completed comparison (65.12883ms)
2026-10-05T20:23:26.5256737Z ✔ invalid format inference records an unproven implicit default even when downstream parsing returns values (41.752035ms)
2026-10-05T20:23:26.5758016Z ✔ R045 XML second sheetData cannot replace earlier financial rows (121.354134ms)
2026-10-05T20:23:26.5781679Z ✔ R045 mixed cell payloads cannot concatenate into a different amount (99.628243ms)
2026-10-05T20:23:26.5836672Z ✔ R045 invalid row coordinates cannot silently discard a movement (93.829572ms)
2026-10-05T20:23:26.5872500Z ✔ R045 valid reordered columns, inline text and long references remain exact (69.208186ms)
2026-10-05T20:23:26.5879586Z ✔ R045 closing balance currency is evidence, not disposable footer text (78.486413ms)
2026-10-05T20:23:26.5902031Z ✔ R045 native formula cache validation does not reinterpret decimal point as grouping (34.090654ms)
2026-10-05T20:23:26.5906499Z ✔ R045 duplicate workbook containers and worksheet IDs cannot discard a complete sheet (29.494862ms)
2026-10-05T20:23:26.5910043Z ✔ R045 explicit as-of metadata is retained independently of prepared date (154.66762ms)
2026-10-05T20:23:26.5912079Z ✔ R045 duplicate date systems or style definitions cannot change dates or erase reference zeros (42.742429ms)
2026-10-05T20:23:26.5914492Z ✔ R045 missing or aliased worksheet parts cannot silently remove or relabel source data (38.030126ms)
2026-10-05T20:23:26.5916266Z ✔ R045 balance metadata rejects a wrong formula cache and retains a matching currency (53.402724ms)
2026-10-05T20:23:26.5918223Z ✔ R045 conflicting or ambiguous snapshot metadata cannot produce a verified date (62.65423ms)
2026-10-05T20:23:26.5920105Z ✔ R045 an uncached transaction formula remains an explicit issue rather than zero or a deleted row (34.983031ms)
2026-10-05T20:23:26.5922411Z ✔ R045 standard 1904 dates, sparse rows and deterministic omitted subsequent cell coordinates remain supported (47.373992ms)
2026-10-05T20:23:26.5924321Z ✔ R045 running balance column currency cannot be borrowed from a different currency scope (17.97966ms)
2026-10-05T20:23:26.5926060Z ✔ 045 PDF foundation 3: real files preserve metadata, balances, footer and all movements (401.368228ms)
2026-10-05T20:23:26.5927838Z ✔ 045 PDF foundation 4: real files preserve metadata, balances, footer and all movements (35.748689ms)
2026-10-05T20:23:26.5929609Z ✔ 045 PDF foundation 19: real files preserve metadata, balances, footer and all movements (90.192084ms)
2026-10-05T20:23:26.5931931Z ✔ 045 PDF reordered multi-page source C01436 retains every movement and excludes only repeated page metadata (61.003075ms)
2026-10-05T20:23:26.5934039Z ✔ 045 PDF reordered multi-page source C03754 retains every movement and excludes only repeated page metadata (87.782865ms)
2026-10-05T20:23:26.5936035Z ✔ 045 a later-page changed identity or a transaction before the repeated header is never excluded as metadata (2.562933ms)
2026-10-05T20:23:26.5937593Z ✔ 045 only an isolated exact page-number footer is excluded (5.427568ms)
2026-10-05T20:23:26.5939109Z ✔ 045 inline closing balances retain amount and source evidence without erasing a dated invoice (2.632082ms)
2026-10-05T20:23:26.5941095Z ✔ 045 PDF metadata outside table columns can span cuts without concatenating financial values (9.328303ms)
2026-10-05T20:23:26.5942662Z ✔ 045 all 24 supported four-column PDF orders preserve the same financial fields (100.609911ms)
2026-10-05T20:23:26.5944316Z ✔ metamorphic real CSV files preserve decisions after reordering columns and plain transaction rows (80.578946ms)
2026-10-05T20:23:26.5946063Z ✔ Arabic money digits, decimal comma and alternate explicit date formats preserve economic meaning (34.476992ms)
2026-10-05T20:23:26.5947716Z ✔ determinism includes complete decisions, evidence, bridge and source row identities (11.747519ms)
2026-10-05T20:23:26.5949283Z ✔ a currency conflict cannot cross into automatic matches or a proven balance bridge (12.031278ms)
2026-10-05T20:23:26.5980845Z ✔ reference normalization collisions do not become identities merely because amounts agree (8.802915ms)
2026-10-05T20:23:26.6009710Z ✔ independent invariant probes detect deliberate source reuse, numeric alteration and sign inversion (11.209858ms)
2026-10-05T20:23:26.6014109Z ✔ published file-size and parsed-row limits reject at import rather than returning partial success (104.670386ms)
2026-10-05T20:23:26.6041714Z ✔ 046 stopping every clear case cannot be reported as accurate work (3.507493ms)
2026-10-05T20:23:26.6071669Z ✔ 046 a false match is never absorbed into the correct-match total (1.33646ms)
2026-10-05T20:23:26.6101981Z ✔ 046 amounts of different currencies are never summed together (0.541318ms)
2026-10-05T20:23:26.6106731Z ✔ 046 confirmations are counted per kind so an oracle-fed format is visible (0.510962ms)
2026-10-05T20:23:26.6131965Z ✔ declared aging cannot be accepted by choosing the transactions default (56.622706ms)
2026-10-05T20:23:26.6162975Z ✔ generic accounts cannot be merged merely because reference and amount agree (11.263514ms)
2026-10-05T20:23:26.6183355Z ✔ source-level currency conflicts never relabel a foreign transaction as the scope currency (4.488119ms)
2026-10-05T20:23:26.6192048Z ✔ an explicitly balanced empty period can be compared but an unproven empty file cannot (6.331421ms)
2026-10-05T20:23:26.6222843Z ✔ same input yields byte-identical engine evidence across 20 runs (117.473245ms)
2026-10-05T20:23:26.6251900Z ✔ punctuation normalization is suggestion-only; never proves reference equality (4.016892ms)
2026-10-05T20:23:26.6281889Z ✔ reference reused with different amounts prevents both automatic matches (4.954567ms)
2026-10-05T20:23:26.6291867Z ✔ sign conflict is explicit and does not change balances or signed values (4.210856ms)
2026-10-05T20:23:26.6311694Z ✔ invalid mappings and multipliers fail at engine boundary (0.988628ms)
2026-10-05T20:23:26.6341579Z ✔ safe sums reject invalid operands even if they cancel (0.355913ms)
2026-10-05T20:23:26.6371708Z ✔ ambiguous CSV delimiter is rejected instead of guessed (1.021673ms)
2026-10-05T20:23:26.6401942Z ✔ Excel merged data rows block normalization without rejecting unrelated sheets (163.208765ms)
2026-10-05T20:23:26.6403613Z ✔ Excel cell errors and overprecision numeric references block selected data rows (83.362763ms)
2026-10-05T20:23:26.6461996Z ✔ an Excel timestamp reads as its day and the dropped time is reported (40.003556ms)
2026-10-05T20:23:26.6508639Z ✔ all matched transactions have exact amounts, original reference equality, uniqueness and evidence (5.198066ms)
2026-10-05T20:23:26.6510455Z ✔ 500 seeded exact money roundtrips and signed sums (8.947444ms)
2026-10-05T20:23:26.6512145Z ✔ assistant reports actual delta and never adopts number or instructions in question (13.259536ms)
2026-10-05T20:23:26.6513745Z ✔ assistant declines unknown question, missing transaction and unsupported balance (8.985144ms)
2026-10-05T20:23:26.6515329Z ✔ transaction explanations cite existing rows and expose reference variant (8.471189ms)
2026-10-05T20:23:26.6516661Z ✔ assistant and hypotheses cannot mutate engine state (5.543194ms)
2026-10-05T20:23:26.6518172Z ✔ hypothesis rejects invented amounts, unknown IDs, duplicates, used rows and rejected pairs (4.978312ms)
2026-10-05T20:23:26.6519695Z ✔ equal totals and different totals both stay unconfirmed hypotheses (3.064537ms)
2026-10-05T20:23:26.6521254Z ✔ export includes structured match evidence and diagnostics (267.038955ms)
2026-10-05T20:23:26.6522652Z ✔ export rechecks sources and refuses altered balance, match and source (21.546213ms)
2026-10-05T20:23:26.6524124Z ✔ the same file on both sides is a labelled diagnostic, never approved (27.882068ms)
2026-10-05T20:23:26.6525359Z ✔ a copy under another name is still the same source (5.77721ms)
2026-10-05T20:23:26.6526803Z ✔ the same file read with its columns listed or chosen differently is still the same source (7.588823ms)
2026-10-05T20:23:26.6528177Z ✔ similar names on two different sources are two sources (4.675528ms)
2026-10-05T20:23:26.6529339Z ✔ two different sheets of one workbook are two sources (167.644618ms)
2026-10-05T20:23:26.6530990Z ✔ restoring, comparing again and exporting keep the self-comparison unapproved (178.789446ms)
2026-10-05T20:23:26.6532849Z ✔ explicit metadata from a nine-column supplier layout retains source evidence and uses period end (11.514996ms)
2026-10-05T20:23:26.6534658Z ✔ Arabic labels and explicit inline metadata work before a PDF table without column cuts (3.247598ms)
2026-10-05T20:23:26.6536458Z ✔ PDF inline labels separated only by spaces remain anchored and preserve role across both sides (0.875831ms)
2026-10-05T20:23:26.6538316Z ✔ different explicit dates, entities, accounts and currencies remain conflicts without a chosen value (1.242824ms)
2026-10-05T20:23:26.6540313Z ✔ nothing comes from filename, company title, generic account, statement date, transaction extrema or other sheets (0.927097ms)
2026-10-05T20:23:26.6572228Z ✔ a complete mapped currency column provides one currency with auditable rows; unmapped helpers do not (2.077008ms)
2026-10-05T20:23:26.6602189Z ✔ incomplete currency columns block prefill and mixed currencies are exposed even when a row is blank (2.255841ms)
2026-10-05T20:23:26.6632232Z ✔ only selected amount headers are currency evidence and their contradictions prevent prefill (0.602271ms)
2026-10-05T20:23:26.6689571Z ✔ invalid explicit metadata cannot be overridden by another valid label or a header (1.240951ms)
2026-10-05T20:23:26.6691988Z ✔ ambiguous numeric metadata is not filled even when transaction date order is configured (1.444511ms)
2026-10-05T20:23:26.6693954Z ✔ hidden, formula, and parser-flagged metadata cannot become suggestions (2.764926ms)
2026-10-05T20:23:26.6695773Z ✔ suggestions are deterministic, do not mutate source/mappings and never supply approvals or balance evidence (0.818685ms)
2026-10-05T20:23:26.8581057Z ✔ a valid transaction stays a transaction when its entire description is a summary word (22.638533ms)
2026-10-05T20:23:26.8582702Z ✔ a summary word in an unused helper cannot remove a real transaction (0.996977ms)
2026-10-05T20:23:26.8613045Z ✔ a duplicate with description Total remains visible and prevents an automatic match (9.987221ms)
2026-10-05T20:23:26.8622260Z ✔ unreadable potential duplicates leave readable data available but cannot prove any automatic match (18.406401ms)
2026-10-05T20:23:26.8644283Z ✔ summary wording cannot bypass a mapped parsing or formula defect in a transaction (1.554165ms)
2026-10-05T20:23:26.8645659Z ✔ a decimal quantity is not inferred as a monetary amount (2.441237ms)
2026-10-05T20:23:26.8646882Z ✔ a due date is not inferred as the transaction date merely because it parses (0.54809ms)
2026-10-05T20:23:26.8648365Z ✔ an unknown identifier column does not become an invoice reference through uniqueness (0.944699ms)
2026-10-05T20:23:26.8650017Z ✔ two explicit reference headers cannot be resolved by preferring the column without duplicates (1.925356ms)
2026-10-05T20:23:26.8651872Z ✔ structural opening and total lines remain accounted for without manual exclusions (2.385473ms)
2026-10-05T20:23:26.8653451Z ✔ reordered columns cannot turn a dated transaction with a numeric reference into a total (1.281207ms)
2026-10-05T20:23:26.8654969Z ✔ missing or malformed dates with numeric document references remain reviewable rows (3.331745ms)
2026-10-05T20:23:26.8656460Z ✔ dated opening and closing records need dedicated balance identities, never invoice numbers (2.961896ms)
2026-10-05T20:23:27.0983551Z ✔ one source: a guarded reading becomes a normalised source (26.206147ms)
2026-10-05T20:23:27.1052422Z ✔ two sources: the same boundary the supplier recompute uses (19.26528ms)
2026-10-05T20:23:27.1061912Z ✔ an edited explanation of a proven direction comes back canonical (4.771116ms)
2026-10-05T20:23:27.1063482Z ✔ first refusal on every path: ok | ok → ok (233.324234ms)
2026-10-05T20:23:27.1065075Z ✔ first refusal on every path: ok | format → FORMAT_AMBIGUOUS_UNRESOLVED (12.321164ms)
2026-10-05T20:23:27.1211490Z ✔ first refusal on every path: ok | direction → direction (9.470181ms)
2026-10-05T20:23:27.1388844Z ✔ first refusal on every path: ok | format+direction → FORMAT_AMBIGUOUS_UNRESOLVED (21.804239ms)
2026-10-05T20:23:27.1679231Z ✔ first refusal on every path: format | ok → FORMAT_AMBIGUOUS_UNRESOLVED (22.027004ms)
2026-10-05T20:23:27.1748996Z ✔ first refusal on every path: format | format → FORMAT_AMBIGUOUS_UNRESOLVED (15.142011ms)
2026-10-05T20:23:27.1887478Z ✔ first refusal on every path: format | direction → FORMAT_AMBIGUOUS_UNRESOLVED (8.555855ms)
2026-10-05T20:23:27.2072730Z ✔ first refusal on every path: format | format+direction → FORMAT_AMBIGUOUS_UNRESOLVED (12.839683ms)
2026-10-05T20:23:27.2145038Z ✔ first refusal on every path: direction | ok → direction (14.808189ms)
2026-10-05T20:23:27.2303993Z ✔ first refusal on every path: direction | format → FORMAT_AMBIGUOUS_UNRESOLVED (18.344586ms)
2026-10-05T20:23:27.2419719Z ✔ first refusal on every path: direction | direction → direction (10.33799ms)
2026-10-05T20:23:27.2502354Z ✔ first refusal on every path: direction | format+direction → FORMAT_AMBIGUOUS_UNRESOLVED (9.735152ms)
2026-10-05T20:23:27.2666997Z ✔ first refusal on every path: format+direction | ok → FORMAT_AMBIGUOUS_UNRESOLVED (15.62322ms)
2026-10-05T20:23:27.2788013Z ✔ first refusal on every path: format+direction | format → FORMAT_AMBIGUOUS_UNRESOLVED (12.987639ms)
2026-10-05T20:23:27.2882674Z ✔ first refusal on every path: format+direction | direction → FORMAT_AMBIGUOUS_UNRESOLVED (9.844024ms)
2026-10-05T20:23:27.3107230Z ✔ first refusal on every path: format+direction | format+direction → FORMAT_AMBIGUOUS_UNRESOLVED (15.57762ms)
2026-10-05T20:23:27.3122436Z ✔ a reading that is not an object is named as such first (0.959106ms)
2026-10-05T20:23:27.3164053Z ✔ after the gates, scope, currency and cutoff stay with normalisation (10.923364ms)
2026-10-05T20:23:27.4072922Z ✔ an export of a proven direction with an edited explanation still succeeds (86.362118ms)
2026-10-05T20:23:27.4101739Z ✔ the gates are assembled in one place (5.312124ms)
2026-10-05T20:23:27.4362731Z ✔ both supplier and AP directions require exact running-balance recurrences (16.904363ms)
2026-10-05T20:23:27.4386856Z ✔ an explicit leading label can supply the baseline without invented zero opening (0.83758ms)
2026-10-05T20:23:27.4402019Z ✔ no single recurrence or zero-only activity can establish direction (2.010915ms)
2026-10-05T20:23:27.4403740Z ✔ any later inconsistency cancels earlier proof, including zero movements with balance changes (1.037202ms)
2026-10-05T20:23:27.4405393Z ✔ malformed or omitted movements cannot be skipped to recover a sign suggestion (1.536682ms)
2026-10-05T20:23:27.4407032Z ✔ descending dates, negative split values and simultaneous debit/credit prevent proof (1.020211ms)
2026-10-05T20:23:27.4408415Z ✔ only a unique explicit running-balance column qualifies (0.323933ms)
2026-10-05T20:23:27.4409733Z ✔ native Excel numeric values are read independently of displayed locale (0.749917ms)
2026-10-05T20:23:27.4411363Z ✔ currency precision and Arabic numeric notation use exact engine parsing (1.128712ms)
2026-10-05T20:23:27.4436527Z ✔ selected-cell issues, unsafe opening identities and formula-only metadata cancel proof (1.577087ms)
2026-10-05T20:23:27.4438206Z ✔ repeated headers and structural footers preserve the full recurrence chain (4.070491ms)
2026-10-05T20:23:27.4439747Z ✔ a late opening record or transaction named Total cannot reset or evade the chain (0.626256ms)
2026-10-05T20:23:27.4441882Z ✔ an independently aligned closing footer must have exactly one matching amount beside its currency (2.873241ms)
2026-10-05T20:23:27.5517343Z ✔ explicit English month names are calendar-checked independently of numeric date order (2.988276ms)
2026-10-05T20:23:27.5542015Z ✔ currency-tagged debit/credit headers select transaction values and preserve signs (15.103269ms)
2026-10-05T20:23:27.5572023Z ✔ a header currency mismatch or duplicate debit column is never guessed away (1.296715ms)
2026-10-05T20:23:27.7242037Z ✔ styled PDF flows through strict normalization with exact source rows and amounts (180.190807ms)
2026-10-05T20:23:40.8690525Z ✔ 3000 seeded bilingual generated reconciliations agree with independent brute-force oracle (8669.505073ms)
2026-10-05T20:23:40.8692299Z ✔ 10000 decimal format/sign/Arabic digit cases preserve exact integer units (138.949335ms)
2026-10-05T20:23:40.8693671Z ✔ 1000 quoted multilingual CSV roundtrips preserve commas, newlines and quotes (46.330631ms)
2026-10-05T20:23:40.8694974Z ✔ 20000 repeated references remain unpaired and bounded in time (4366.459706ms)
2026-10-05T20:23:41.0262575Z ✔ bilingual workbook export preserves source text, numbers and formula-looking content across all transaction sheets (220.339203ms)
2026-10-05T20:23:42.9046537Z ✔ XML-incompatible control characters cannot silently change during CSV to Excel export (3.834301ms)
2026-10-05T20:23:42.9062578Z ✔ 2000 prefix reference questions and model routing attacks never select existing shorter document (447.607511ms)
2026-10-05T20:23:42.9092236Z ✔ 200 input permutations preserve economic matches and totals without relying on row position (1227.699036ms)
2026-10-05T20:24:02.9862161Z ✔ 5000-row XLSX import, reconciliation and export preserve every original numeric amount (20283.512164ms)
2026-10-05T20:24:02.9864131Z ✔ invalid XML controls and unpaired surrogates are rejected while legitimate multilingual text survives (0.748403ms)
2026-10-05T20:24:03.0081760Z ✔ malformed UTF-8 bytes cannot become replacement characters in imported references (22.064864ms)
2026-10-05T20:24:03.0835730Z ✔ date-window boundaries hold across leap days, year changes and either source order (110.528864ms)
2026-10-05T20:24:03.0837804Z ✔ supplier layout end-to-end oracle: csv/0/signed/dot/English (256.173859ms)
2026-10-05T20:24:03.0839284Z ✔ supplier layout end-to-end oracle: csv/0/signed/dot/Arabic-reversed (102.509449ms)
2026-10-05T20:24:03.0840931Z ✔ supplier layout end-to-end oracle: csv/0/signed/comma/English (119.076173ms)
2026-10-05T20:24:03.0842427Z ✔ supplier layout end-to-end oracle: csv/0/signed/comma/Arabic-reversed (112.807469ms)
2026-10-05T20:24:03.0843751Z ✔ supplier layout end-to-end oracle: csv/0/split/dot/English (69.539653ms)
2026-10-05T20:24:03.0845018Z ✔ supplier layout end-to-end oracle: csv/0/split/dot/Arabic-reversed (68.369736ms)
2026-10-05T20:24:03.0846255Z ✔ supplier layout end-to-end oracle: csv/0/split/comma/English (54.527812ms)
2026-10-05T20:24:03.0847530Z ✔ supplier layout end-to-end oracle: csv/0/split/comma/Arabic-reversed (70.207477ms)
2026-10-05T20:24:03.0848754Z ✔ supplier layout end-to-end oracle: csv/2/signed/dot/English (66.783714ms)
2026-10-05T20:24:03.0849999Z ✔ supplier layout end-to-end oracle: csv/2/signed/dot/Arabic-reversed (55.630148ms)
2026-10-05T20:24:03.0851512Z ✔ supplier layout end-to-end oracle: csv/2/signed/comma/English (61.044973ms)
2026-10-05T20:24:03.0852808Z ✔ supplier layout end-to-end oracle: csv/2/signed/comma/Arabic-reversed (59.130708ms)
2026-10-05T20:24:03.0854052Z ✔ supplier layout end-to-end oracle: csv/2/split/dot/English (58.919573ms)
2026-10-05T20:24:03.0855206Z ✔ supplier layout end-to-end oracle: csv/2/split/dot/Arabic-reversed (90.511162ms)
2026-10-05T20:24:03.0856328Z ✔ supplier layout end-to-end oracle: csv/2/split/comma/English (58.738848ms)
2026-10-05T20:24:03.0857514Z ✔ supplier layout end-to-end oracle: csv/2/split/comma/Arabic-reversed (66.085457ms)
2026-10-05T20:24:03.0858631Z ✔ supplier layout end-to-end oracle: csv/3/signed/dot/English (91.509512ms)
2026-10-05T20:24:03.0859837Z ✔ supplier layout end-to-end oracle: csv/3/signed/dot/Arabic-reversed (102.219152ms)
2026-10-05T20:24:03.0861459Z ✔ supplier layout end-to-end oracle: csv/3/signed/comma/English (66.623512ms)
2026-10-05T20:24:03.0862762Z ✔ supplier layout end-to-end oracle: csv/3/signed/comma/Arabic-reversed (67.434904ms)
2026-10-05T20:24:03.0864020Z ✔ supplier layout end-to-end oracle: csv/3/split/dot/English (52.131011ms)
2026-10-05T20:24:03.0865260Z ✔ supplier layout end-to-end oracle: csv/3/split/dot/Arabic-reversed (54.685825ms)
2026-10-05T20:24:03.0866496Z ✔ supplier layout end-to-end oracle: csv/3/split/comma/English (49.951783ms)
2026-10-05T20:24:03.0867745Z ✔ supplier layout end-to-end oracle: csv/3/split/comma/Arabic-reversed (32.655208ms)
2026-10-05T20:24:03.0868991Z ✔ supplier layout end-to-end oracle: xlsx/0/signed/dot/English (192.910731ms)
2026-10-05T20:24:03.0870278Z ✔ supplier layout end-to-end oracle: xlsx/0/signed/dot/Arabic-reversed (184.712078ms)
2026-10-05T20:24:03.0871896Z ✔ supplier layout end-to-end oracle: xlsx/0/signed/comma/English (155.03386ms)
2026-10-05T20:24:03.0873230Z ✔ supplier layout end-to-end oracle: xlsx/0/signed/comma/Arabic-reversed (145.039ms)
2026-10-05T20:24:03.0874579Z ✔ supplier layout end-to-end oracle: xlsx/0/split/dot/English (191.233202ms)
2026-10-05T20:24:03.0875873Z ✔ supplier layout end-to-end oracle: xlsx/0/split/dot/Arabic-reversed (180.677744ms)
2026-10-05T20:24:03.0877110Z ✔ supplier layout end-to-end oracle: xlsx/0/split/comma/English (161.699492ms)
2026-10-05T20:24:03.0878329Z ✔ supplier layout end-to-end oracle: xlsx/0/split/comma/Arabic-reversed (193.92859ms)
2026-10-05T20:24:03.0879508Z ✔ supplier layout end-to-end oracle: xlsx/2/signed/dot/English (225.665484ms)
2026-10-05T20:24:03.0881108Z ✔ supplier layout end-to-end oracle: xlsx/2/signed/dot/Arabic-reversed (175.326156ms)
2026-10-05T20:24:03.0882451Z ✔ supplier layout end-to-end oracle: xlsx/2/signed/comma/English (173.212805ms)
2026-10-05T20:24:03.0884137Z ✔ supplier layout end-to-end oracle: xlsx/2/signed/comma/Arabic-reversed (184.052211ms)
2026-10-05T20:24:03.0885449Z ✔ supplier layout end-to-end oracle: xlsx/2/split/dot/English (270.086751ms)
2026-10-05T20:24:03.0887061Z ✔ supplier layout end-to-end oracle: xlsx/2/split/dot/Arabic-reversed (149.971384ms)
2026-10-05T20:24:03.0888397Z ✔ supplier layout end-to-end oracle: xlsx/2/split/comma/English (170.443841ms)
2026-10-05T20:24:03.0889705Z ✔ supplier layout end-to-end oracle: xlsx/2/split/comma/Arabic-reversed (158.040415ms)
2026-10-05T20:24:03.0891297Z ✔ supplier layout end-to-end oracle: xlsx/3/signed/dot/English (165.105969ms)
2026-10-05T20:24:03.0892669Z ✔ supplier layout end-to-end oracle: xlsx/3/signed/dot/Arabic-reversed (149.024665ms)
2026-10-05T20:24:03.0893999Z ✔ supplier layout end-to-end oracle: xlsx/3/signed/comma/English (151.011452ms)
2026-10-05T20:24:03.0895353Z ✔ supplier layout end-to-end oracle: xlsx/3/signed/comma/Arabic-reversed (102.575952ms)
2026-10-05T20:24:03.0896733Z ✔ supplier layout end-to-end oracle: xlsx/3/split/dot/English (121.686612ms)
2026-10-05T20:24:03.0898057Z ✔ supplier layout end-to-end oracle: xlsx/3/split/dot/Arabic-reversed (99.475658ms)
2026-10-05T20:24:03.0899385Z ✔ supplier layout end-to-end oracle: xlsx/3/split/comma/English (151.725874ms)
2026-10-05T20:24:03.0901055Z ✔ supplier layout end-to-end oracle: xlsx/3/split/comma/Arabic-reversed (126.319661ms)
2026-10-05T20:24:03.0902668Z ✔ legacy templates lose source facts, sign conventions and format assumptions when migrated (2.789655ms)
2026-10-05T20:24:03.0904215Z ✔ templates never recover financial values or proof even through forged v2 fields (0.390968ms)
2026-10-05T20:24:03.0905394Z ✔ old-engine sessions cannot bypass reprocessing by carrying old approvals (1.070984ms)
2026-10-05T20:24:03.0906832Z ✔ current sessions re-read originals and recompute; forged source and stale export cannot survive (92.908718ms)
2026-10-05T20:24:03.0908252Z ✔ typed short literal CN-3: native rows require a successful exact 1:1 proof (46.179704ms)
2026-10-05T20:24:03.0909484Z ✔ typed short literal C3: native rows require a successful exact 1:1 proof (7.35461ms)
2026-10-05T20:24:03.0910919Z ✔ typed short literal I1: native rows require a successful exact 1:1 proof (4.860973ms)
2026-10-05T20:24:03.0912123Z ✔ typed short literal ف١: native rows require a successful exact 1:1 proof (4.529296ms)
2026-10-05T20:24:03.0913021Z ✔ typed short safety: missing type in supplier (4.415233ms)
2026-10-05T20:24:03.0913538Z ✔ typed short safety: missing type in ledger (2.648773ms)
2026-10-05T20:24:03.0914123Z ✔ typed short safety: issuer-specific type code is not a type (2.369132ms)
2026-10-05T20:24:03.0914719Z ✔ typed short safety: description cannot supply type (2.058053ms)
2026-10-05T20:24:03.0915239Z ✔ typed short safety: different explicit types (4.51043ms)
2026-10-05T20:24:03.0915783Z ✔ typed short safety: payment is not a short document (7.726717ms)
2026-10-05T20:24:03.0916353Z ✔ typed short safety: journal is not a short document (4.097792ms)
2026-10-05T20:24:03.0916914Z ✔ typed short safety: credit note with positive sign (2.151857ms)
2026-10-05T20:24:03.0917438Z ✔ typed short safety: invoice with negative sign (1.762743ms)
2026-10-05T20:24:03.0917944Z ✔ typed short safety: zero cannot be approved (2.253597ms)
2026-10-05T20:24:03.0918576Z ✔ typed short safety: numeric-only short identifier stays outside this rule (2.22822ms)
2026-10-05T20:24:03.0919346Z ✔ typed short safety: letter-only identifier stays outside this rule (1.631168ms)
2026-10-05T20:24:03.0920045Z ✔ typed short safety: date gap of one day is too much for a short identifier (2.104119ms)
2026-10-05T20:24:03.0921038Z ✔ typed short safety: different amount (1.640649ms)
2026-10-05T20:24:03.0921891Z ✔ typed short safety: normalization cannot grant literal equality (1.618735ms)
2026-10-05T20:24:03.0922602Z ✔ typed short safety: case normalization cannot grant literal equality (1.765594ms)
2026-10-05T20:24:03.0923325Z ✔ typed short safety: Unicode normalization cannot grant literal equality (1.901802ms)
2026-10-05T20:24:03.0924153Z ✔ typed short safety: conflicting order (1.779213ms)
2026-10-05T20:24:03.0924641Z ✔ typed short safety: conflicting description (2.376476ms)
2026-10-05T20:24:03.0925429Z ✔ typed short safety: generic chosen Reference is not an explicit document number (4.766036ms)
2026-10-05T20:24:03.0926177Z ✔ typed short safety: voucher number is not an explicit document number (3.049089ms)
2026-10-05T20:24:03.0926914Z ✔ typed short safety: repeated original short reference with a different amount (6.006828ms)
2026-10-05T20:24:03.0927701Z ✔ typed short safety: invoice number on a credit note may identify the original invoice (2.4755ms)
2026-10-05T20:24:03.0928451Z ✔ typed short safety: generic supplier reference is not a document number (2.876096ms)
2026-10-05T20:24:03.0929171Z ✔ typed short safety: repeated normalized reference with different spelling (2.393868ms)
2026-10-05T20:24:03.0929784Z ✔ typed short safety: manually excluded competitor (6.78473ms)
2026-10-05T20:24:03.0930283Z ✔ typed short safety: unread competitor (3.347985ms)
2026-10-05T20:24:03.0931257Z ✔ typed short safety: outside-period competitor still occupies the identity (2.686744ms)
2026-10-05T20:24:03.0932007Z ✔ typed short safety: two short credit parts are not a certified group (2.794234ms)
2026-10-05T20:24:03.0932745Z ✔ typed short safety: formula-like source text is never identity authority (2.929396ms)
2026-10-05T20:24:03.0933451Z ✔ typed short safety: a conflicting selected reference is retained (2.237256ms)
2026-10-05T20:24:03.0934128Z ✔ typed short safety: an unread row with no identity cannot be isolated (2.301987ms)
2026-10-05T20:24:03.0934863Z ✔ typed short: an isolated unrelated bad amount does not disable a proven match (3.006188ms)
2026-10-05T20:24:03.0935663Z ✔ typed short: Arabic and English type/header labels name the same explicit source role (3.018992ms)
2026-10-05T20:24:03.0936409Z ✔ typed short: Invoice No supplies number authority for an invoice only (1.636708ms)
2026-10-05T20:24:03.0937151Z ✔ typed short: row order and a disjoint decoy do not change approved membership (4.490774ms)
2026-10-05T20:24:03.0937915Z ✔ typed short: original membership survives a manual decision consuming the rival (2.103117ms)
2026-10-05T20:24:03.0938632Z ✔ typed short: a rejected pair cannot be recreated by the new rule (2.062301ms)
2026-10-05T20:24:03.0939389Z ✔ typed short: chat resolves complete C3, refuses C30 and never manufactures approval (14.014447ms)
2026-10-05T20:24:03.0940263Z ✔ F02-E: actual OOXML files give all required matches and keep the equal-sum conflict unapproved (156.304811ms)
2026-10-05T20:24:03.0941170Z ✔ Unknown credit role native xlsx: different-untyped-credit (393.229001ms)
2026-10-05T20:24:03.0941783Z ✔ Unknown credit role native xlsx: same-untyped-credit (150.622508ms)
2026-10-05T20:24:03.0942380Z ✔ Unknown credit role native xlsx: arabic-untyped-credit (137.200419ms)
2026-10-05T20:24:03.0943020Z ✔ Unknown credit role native xlsx: chosen-generic-untyped-credit (109.588435ms)
2026-10-05T20:24:03.0943695Z ✔ Unknown credit role native xlsx: blank-credit-ordinary-invoice (112.022445ms)
2026-10-05T20:24:03.0944326Z ✔ Unknown credit role native csv: different-untyped-credit (86.479786ms)
2026-10-05T20:24:03.0944921Z ✔ Unknown credit role native csv: same-untyped-credit (58.071406ms)
2026-10-05T20:24:03.0945500Z ✔ Unknown credit role native csv: arabic-untyped-credit (40.599314ms)
2026-10-05T20:24:03.0946116Z ✔ Unknown credit role native csv: chosen-generic-untyped-credit (47.865792ms)
2026-10-05T20:24:03.0946765Z ✔ Unknown credit role native csv: blank-credit-ordinary-invoice (45.065575ms)
2026-10-05T20:24:03.0947361Z ✔ Unknown credit cue cannot bypass review: hidden cell (1.600067ms)
2026-10-05T20:24:03.0947915Z ✔ Unknown credit cue cannot bypass review: unsafe value (1.101269ms)
2026-10-05T20:24:03.0948492Z ✔ Unknown credit cue cannot bypass review: duplicate header (0.981065ms)
2026-10-05T20:24:03.0949219Z ✔ Unknown credit cue remains negative even if the chosen reference is its credit number (0.597111ms)
2026-10-05T20:24:03.0950167Z ✔ Explicit native credit type verifies roles while removing the type never does (1.648888ms)
2026-10-05T20:24:03.0951196Z ✔ A mixed file keeps proved invoice work alongside untyped credit warnings (1.09646ms)
2026-10-05T20:24:03.0951926Z ✔ AI cannot erase retained native credit cues from canonical case members (1.019897ms)
2026-10-05T20:24:03.0952780Z ✔ unmapped reference conflicts veto a document match while agreeing and absent references still match (59.441523ms)
2026-10-05T20:24:03.0953634Z ✔ choosing Document No does not discard a conflicting explicit Reference column (3.402591ms)
2026-10-05T20:24:03.0954508Z ✔ a secondary reference is retained with its source header and never supplies positive matching evidence (3.190005ms)
2026-10-05T20:24:03.0955348Z ✔ ambiguous or unsafe unselected reference evidence cannot be silently ignored (6.595152ms)
2026-10-05T20:24:03.0956075Z ✔ reference conflicts in one invoice-group member veto the whole group (8.696056ms)
2026-10-05T20:24:03.0956827Z ✔ payment and journal identities remain independent of per-book reference columns (6.410709ms)
2026-10-05T20:24:03.0957723Z ✔ reference evidence survives restore and verified export, and permits an explicit accountant decision (215.767115ms)
2026-10-05T20:24:03.0959005Z ✔ reviewed visual source proves a partial match without substituting the nearby balance or inventing a damaged amount (693.976697ms)
2026-10-05T20:24:03.0960885Z ✔ human-reviewed images never prove full balances even under caller coverage flags (299.598919ms)
2026-10-05T20:24:03.0962500Z ✔ unregistered cloned sources must replay the full original record before normalization (906.755762ms)
2026-10-05T20:24:03.0964140Z ✔ removing a kind or adding native-looking original CSV cannot launder the visual source (881.989476ms)
2026-10-05T20:24:03.0966114Z ✔ mapping, sign, amount-vs-balance, report and source exclusions are bound on normalize, reconcile, session and export (11261.950891ms)
2026-10-05T20:24:03.0967749Z ✔ economic context and side cannot drift silently (250.871588ms)
2026-10-05T20:24:03.0969046Z ✔ missing or wrong header meanings cannot acquire amount/reference authority (1.063591ms)
2026-10-05T20:24:03.0970381Z ✔ record edits cannot reuse table or interpretation receipts (2036.366861ms)
2026-10-05T20:24:03.0972077Z ✔ context/headers snapshot before crypto and reject accessors without invoking them (7.451848ms)
2026-10-05T20:24:03.0973720Z ✔ failed row identities suppress plausible competitors instead of creating uniqueness (740.994654ms)
2026-10-05T20:24:03.0975259Z ✔ values valid only in another locale participate in contradiction detection (1060.613264ms)
2026-10-05T20:24:03.0976883Z ✔ an explicit ambiguous-format interpretation is source-bound and independently parsed (1190.414229ms)
2026-10-05T20:24:03.0978618Z ✔ session restores original PNG and all source proofs then recomputes the same partial result (1373.749225ms)
2026-10-05T20:24:03.0980782Z ✔ workpaper replays sources and carries the entire reviewed record, exact original PNG, unread row and required match (2516.120996ms)
2026-10-05T20:24:03.0982582Z ✔ mutable original bytes or stale result totals are refused at export (908.079222ms)
2026-10-05T20:24:03.0983860Z ✔ currency needs a reviewed source crop and compatible precision (1.051999ms)
2026-10-05T20:24:03.0985289Z ✔ same PNG cannot become independent evidence by changing its record context or side (1113.840785ms)
2026-10-05T20:24:03.0986869Z ✔ old blank footer exclusions have no authority to create automatic uniqueness (518.900163ms)
2026-10-05T20:24:03.0988378Z ✔ classifying a competing movement as non-movement does not certify its exclusion (850.758136ms)
2026-10-05T20:24:03.0989797Z ✔ omitting reviewed in-row facts prevents an exclusion from isolating itself to one reference (819.344481ms)
2026-10-05T20:24:03.0991139Z ✔ visual drafts cannot normalize even with plausible fabricated accounting sheets and approval flags (19.218391ms)
2026-10-05T20:24:03.0992368Z ✔ workpaper export rejects a visual draft before original reread or no-original fallback on either side (156.45814ms)
2026-10-05T20:24:03.0993282Z ✔ session save rejects visual drafts instead of laundering their sheets through demoBytes (25.224563ms)
2026-10-05T20:24:03.0994306Z ✔ session restore does not discard a visual-draft marker and treat accompanying CSV bytes as native (8.694737ms)
2026-10-05T20:24:03.0995319Z ✔ reviewed visual cells are evidence only: every accounting gate rejects the marker even with native CSV sheets (13.850874ms)
2026-10-05T20:24:03.0996239Z ✔ crop drag is direction-independent, bounded and rounds outwards to native pixels (2.832856ms)
2026-10-05T20:24:03.0997126Z ✔ keyboard movement preserves size and image boundaries; resizing cannot invert or empty the crop (0.801051ms)
2026-10-05T20:24:03.0998118Z ✔ visual factory preserves literal bilingual observations and never creates financial interpretation or approval (4.872765ms)
2026-10-05T20:24:03.0999075Z ✔ zero, perfect and unknown confidence remain unverified and are never converted to authority (3.783536ms)
2026-10-05T20:24:03.0999979Z ✔ source hash is required and bound independently; document values never enter validation errors (0.770294ms)
2026-10-05T20:24:03.1001209Z ✔ fixed OCR engine identity and bounded asset hash inventory reject unsafe or invented configuration (0.970067ms)
2026-10-05T20:24:03.1002136Z ✔ every declared page is required in order and empty OCR pages remain visible unverified pages (0.805591ms)
2026-10-05T20:24:03.1003101Z ✔ word hierarchy must be present: omitted blocks output cannot masquerade as a successfully read blank page (1.139963ms)
2026-10-05T20:24:03.1003983Z ✔ non-text words, invalid coordinates and accessors reject instead of being coerced (4.73107ms)
2026-10-05T20:24:03.1004770Z ✔ only local bounded PNG previews with matching dimensions are accepted (1.111811ms)
2026-10-05T20:24:03.1005604Z ✔ word and character limits apply across all pages, with a valid exact-limit draft retained (399.203442ms)
2026-10-05T20:24:03.1006480Z ✔ stable IDs derive from page, word order and geometry; outputs share no mutable OCR objects (1.174207ms)
2026-10-05T20:24:03.1007212Z ✔ PNG dimensions are bounded before any image decoder is called (2.76537ms)
2026-10-05T20:24:03.1007955Z ✔ JPEG dimensions are read from SOF; oversized, truncated and disguised images reject (0.422988ms)
2026-10-05T20:24:03.1008634Z ✔ PNG chunk lengths and all image byte counts are bounded (0.302714ms)
2026-10-05T20:24:03.1009435Z ✔ fixed same-origin bootstrap and exact vendor protocol load both languages without fetching (40.868255ms)
2026-10-05T20:24:03.1010292Z ✔ only blocks leave recognition; caller PNG bytes are neither detached nor overwritten (1.732095ms)
2026-10-05T20:24:03.1011387Z ✔ foreign, credentialed, query/hash and non-HTTP asset bases never construct a worker (2.793593ms)
2026-10-05T20:24:03.1012354Z ✔ abort before and during every startup stage terminates immediately without an initialization handle (2.263615ms)
2026-10-05T20:24:03.1013401Z ✔ abort during worker construction still revokes and terminates the owned handle (0.850133ms)
2026-10-05T20:24:03.1014204Z ✔ one startup deadline covers all stages even if the worker keeps emitting progress (15.532166ms)
2026-10-05T20:24:03.1015619Z ✔ page deadline hard-terminates a hung recognition and future pages cannot reuse the worker (16.284457ms)
2026-10-05T20:24:03.1017208Z ✔ abort or destroy during recognition settles the page and releases every listener and Blob (1.536201ms)
2026-10-05T20:24:03.1018723Z ✔ concurrent recognition is rejected without changing the active page or its input (2.154462ms)
2026-10-05T20:24:03.1020236Z ✔ unknown, stale and cross-action replies never resolve the active page (1.977853ms)
2026-10-05T20:24:03.1022150Z ✔ initialize failures are sanitized and late vendor resolve messages cannot resurrect the worker (0.619173ms)
2026-10-05T20:24:03.1023961Z ✔ malformed recognition data, worker errors and decode errors are sanitized and release resources (1.316772ms)
2026-10-05T20:24:03.1025933Z ✔ progress uses fixed status labels, rejects malformed status, and never exposes raw worker text (0.822021ms)
2026-10-05T20:24:03.1027562Z ✔ invalid image input never reaches the worker and factory exceptions revoke the Blob (0.793658ms)
2026-10-05T20:24:03.1029280Z ✔ PNG full decoding: 3 channels, filters 0, independent expected RGBA (61.796086ms)
2026-10-05T20:24:03.1030917Z ✔ PNG full decoding: 3 channels, filters 1, independent expected RGBA (42.930692ms)
2026-10-05T20:24:03.1032179Z ✔ PNG full decoding: 3 channels, filters 2, independent expected RGBA (21.855553ms)
2026-10-05T20:24:03.1033411Z ✔ PNG full decoding: 3 channels, filters 3, independent expected RGBA (19.670063ms)
2026-10-05T20:24:03.1034572Z ✔ PNG full decoding: 3 channels, filters 4, independent expected RGBA (20.354597ms)
2026-10-05T20:24:03.1035769Z ✔ PNG full decoding: 3 channels, filters 0,1,2,3,4, independent expected RGBA (10.817455ms)
2026-10-05T20:24:03.1037027Z ✔ PNG full decoding: 4 channels, filters 0, independent expected RGBA (17.818604ms)
2026-10-05T20:24:03.1038277Z ✔ PNG full decoding: 4 channels, filters 1, independent expected RGBA (10.593028ms)
2026-10-05T20:24:03.1039437Z ✔ PNG full decoding: 4 channels, filters 2, independent expected RGBA (9.771638ms)
2026-10-05T20:24:03.1040893Z ✔ PNG full decoding: 4 channels, filters 3, independent expected RGBA (9.858169ms)
2026-10-05T20:24:03.1042054Z ✔ PNG full decoding: 4 channels, filters 4, independent expected RGBA (9.336087ms)
2026-10-05T20:24:03.1043169Z ✔ PNG full decoding: 4 channels, filters 0,1,2,3,4, independent expected RGBA (8.5215ms)
2026-10-05T20:24:03.1044720Z ✔ PNG rejects CRC damage, missing end, trailing data and ambiguous colour/orientation/animation chunks (94.828299ms)
2026-10-05T20:24:03.1046349Z ✔ PNG bounds decompressed data and rejects wrong filters, short scanlines and nonopaque RGBA (83.731357ms)
2026-10-05T20:24:03.1047754Z ✔ PNG dimensions, byte budget and canonical base64 are bounded before large allocation (8.232011ms)
2026-10-05T20:24:03.1049239Z ✔ valid chunk CRC cannot hide a corrupt, truncated or trailing zlib stream (18.744529ms)
2026-10-05T20:24:03.1051365Z ✔ manual source crop records an omitted Arabic literal even when OCR finds no words; v2 replays without financial promotion (137.481206ms)
2026-10-05T20:24:03.1053512Z ✔ all intersecting observations and partial words are retained; neighboring words outside the crop cannot leak in (60.436253ms)
2026-10-05T20:24:03.1055428Z ✔ literal sign, role and crop edits revoke only the affected region review, including after restoration (105.219325ms)
2026-10-05T20:24:03.1057299Z ✔ v1 records and word receipts remain compatible when manually selected regions are added and removed (100.643908ms)
2026-10-05T20:24:03.1059372Z ✔ restore rejects changed crop, sign, raw observations, origin, timestamp, fingerprint, duplicate ID and schema downgrade (165.487351ms)
2026-10-05T20:24:03.1062279Z ✔ manual crops reject non-integral, empty, reversed, out-of-image and accessor geometry without invoking document code (17.129701ms)
2026-10-05T20:24:03.1064746Z ✔ region evidence cannot duplicate a whole page of words or oversized observations into every cell (40.952221ms)
2026-10-05T20:24:03.1066936Z ✔ visual PDF renderer: sequential complete pages provide exact geometry and await consumers before releasing canvases (21.028191ms)
2026-10-05T20:24:03.1068821Z ✔ visual PDF renderer: source bytes are copied and resource/network fallbacks are disabled (1.917441ms)
2026-10-05T20:24:03.1070522Z ✔ visual PDF renderer: missing fonts, missing resources and null decoded images never reach OCR (15.350605ms)
2026-10-05T20:24:03.1087920Z ✔ visual PDF renderer: a swallowed render stream failure cannot deliver a plausible PNG (1.042502ms)
2026-10-05T20:24:03.1089522Z ✔ visual PDF renderer: page, byte, pixel, edge and geometry limits reject before drawing (5.945713ms)
2026-10-05T20:24:03.1091525Z ✔ visual PDF renderer: protected, layered and interactive sources require a flattened supported source (1.273171ms)
2026-10-05T20:24:03.1093310Z ✔ visual PDF renderer: cancellation and PNG failure release resources without any handoff (2.304461ms)
2026-10-05T20:24:03.1095145Z ✔ visual PDF renderer: later-page failure invalidates the document and consumer errors stop subsequent processing (1.434822ms)
2026-10-05T20:24:03.1097129Z ✔ visual PDF renderer: rotated pages retain their actual viewport transform instead of rewriting coordinates (3.805598ms)
2026-10-05T20:24:03.1099135Z ✔ cell evidence is immutable, source/pixel bound, locally saved and fully replayed; it is never financial approval (145.157578ms)
2026-10-05T20:24:03.1101250Z ✔ each literal correction, role or crop edit invalidates that cell only and requires a new review (99.809569ms)
2026-10-05T20:24:03.1102907Z ✔ a matching written SHA is insufficient when displayed PNG pixels were substituted (28.81353ms)
2026-10-05T20:24:03.1104661Z ✔ draft and original are snapshotted before awaits; edits to caller data cannot rewrite review evidence (16.250945ms)
2026-10-05T20:24:03.1106289Z ✔ malformed records and accessors are rejected without invoking document code (36.76015ms)
2026-10-05T20:24:03.1108203Z ✔ restore rejects every changed proof member, OCR observation, source, revision, engine, duplicate ID and financial status (199.350339ms)
2026-10-05T20:24:03.1110128Z ✔ plain JSON cannot bypass registered evidence or crop, literal, role and timestamp validation (15.85081ms)
2026-10-05T20:24:03.1112140Z ✔ en reviewed split source matches only the three valid signed movements and retains every error (1336.873101ms)
2026-10-05T20:24:03.1113937Z ✔ ar reviewed split source matches only the three valid signed movements and retains every error (1.115087ms)
2026-10-05T20:24:03.1115758Z ✔ missing split amount remains a reading issue while an explicitly reviewed printed zero is a value (968.227273ms)
2026-10-05T20:24:03.1117566Z ✔ one split table cannot mix an amount basis, omit a side, duplicate roles or swap printed headers (761.238471ms)
2026-10-05T20:24:03.1119363Z ✔ version two cannot be downgraded and old signed version one records remain byte compatible (1605.729341ms)
2026-10-05T20:24:03.1121314Z ✔ split reading is locked across normalization, original replay, session save and export (5746.062963ms)
2026-10-05T20:24:03.1122879Z ✔ changing a split row revokes table coverage and its exclusion receipt (901.642225ms)
2026-10-05T20:24:03.1124569Z ✔ complete row inventory retains unreadable rows and separates movement amounts from running balances (113.260423ms)
2026-10-05T20:24:03.1126276Z ✔ missing cells and untouched rows cannot be mistaken for complete values (59.134087ms)
2026-10-05T20:24:03.1128069Z ✔ geometry covers every vertical and horizontal band exactly once and rejects gaps, zero bands and limits (33.211735ms)
2026-10-05T20:24:03.1130013Z ✔ amount-vs-balance swaps, wrong row, wrong role, unknown or unreviewed region and double assignment are rejected (13.358999ms)
2026-10-05T20:24:03.1131919Z ✔ a crop reaching into another column or another row cannot be assigned even if its literal was reviewed (15.318768ms)
2026-10-05T20:24:03.1134163Z ✔ exclusions require a reason and their own source-bound review; unreadable rows cannot acquire exclusion proof (13.313134ms)
2026-10-05T20:24:03.1136222Z ✔ row changes revoke inventory proof and the changed exclusion, while source or geometry changes create a fresh inventory (22.604487ms)
2026-10-05T20:24:03.1138007Z ✔ excluded rows retain reviewed cells with the same geometry and replay rules and edits revoke their receipts (41.043937ms)
2026-10-05T20:24:03.1139778Z ✔ restore rejects changed rows, grid, cells, source, raw observations, fingerprints, missing rows and added authority (204.29329ms)
2026-10-05T20:24:03.1141559Z ✔ empty pending inventory is explicitly serializable without acquiring completeness or financial authority (43.863858ms)
2026-10-05T20:24:03.1142651Z ✔ caller changes across an async create cannot rewrite the geometry; plain copied table objects are not registered (17.769409ms)
2026-10-05T20:24:03.1143694Z ✔ getters and sparse arrays are rejected before execution and invalid receipts cannot use non-canonical dates (29.374118ms)
2026-10-05T20:24:03.1144569Z ✔ typed PDF failure survives the worker without producing a partial source (6.98392ms)
2026-10-05T20:24:03.1145370Z ✔ unvalidated or misplaced diagnosis remains a plain failure, never trusted metadata (2.237056ms)
2026-10-05T20:24:03.1146245Z ✔ worker wire protocol ignores library messages and stale ids instead of resolving undefined (0.720702ms)
2026-10-05T20:24:03.1147056Z ✔ empty error messages always reject, and the next import gets a clean worker (0.42955ms)
2026-10-05T20:24:03.1147835Z ✔ missing value, malformed sheets, wrong source and wrong action cannot reach the UI (4.776345ms)
2026-10-05T20:24:03.1148711Z ✔ abort, worker errors, message errors and timeout recover without poisoning subsequent requests (22.558522ms)
2026-10-05T20:24:03.1149562Z ✔ readiness checks engine version and concurrent calls cannot steal another response (0.77853ms)
2026-10-05T20:24:03.1150379Z ✔ worker dispatcher only accepts explicitly namespaced accounting requests (4.013905ms)
2026-10-05T20:24:03.1152021Z ✔ verified PDF progress is bounded metadata and never resolves the source request (1.070544ms)
2026-10-05T20:24:03.1152846Z ✔ progress cannot bypass final source validation or typed late-page failure (0.892422ms)
2026-10-05T20:24:03.1153548Z ✔ malformed or misplaced current-request progress fails closed (1.276858ms)
2026-10-05T20:24:03.1154312Z ✔ PDF progress rejects regressions, changed totals and premature or reversed stages (0.807925ms)
2026-10-05T20:24:03.1155142Z ✔ library and stale progress are ignored; abort clears the sequence for the next worker (0.523735ms)
2026-10-05T20:24:03.1155913Z ✔ PDF deadlines cover the request; progress never extends the fixed deadline (1.129713ms)
2026-10-05T20:24:03.1156702Z ✔ longer deadlines apply only to PDF import or original-source session/export checks (0.233144ms)
2026-10-05T20:24:03.1157523Z ✔ reviewed image worker replies replay originals before gaining in-memory authority (1511.772907ms)
2026-10-05T20:24:03.1158383Z ✔ abort during async image replay cannot resolve or disturb the following worker request (799.143323ms)
2026-10-05T20:24:03.1159144Z ✔ numeric XML must be a whole valid number, never a parseFloat prefix (196.722981ms)
2026-10-05T20:24:03.1159903Z ✔ equivalent valid numeric spellings are retained exactly without locale guesses (129.947611ms)
2026-10-05T20:24:03.1161159Z ✔ duplicate cells, duplicate rows and coordinate conflicts cannot overwrite source transactions (58.886495ms)
2026-10-05T20:24:03.1162805Z ✔ precision lost by Number conversion becomes a cell issue, never an apparently exact financial amount (82.218951ms)
2026-10-05T20:24:03.1164272Z ✔ precision observations use workbook relationships and only block selected cells (21.02597ms)
2026-10-05T20:24:03.1165166Z ✔ rich text and hyperlink display text obey the same mapped-cell visibility rules as plain strings (188.08756ms)
2026-10-05T20:24:03.1166115Z ✔ ordinary rich text, hyperlinks, currency and accounting formats retain exact source values (172.007775ms)
2026-10-05T20:24:03.1167269Z ✔ seeded independent minor-unit oracle survives both Excel date epochs and all supported precisions (290.932927ms)
2026-10-05T20:24:03.1168260Z ✔ repeated safe page headers do not make proven Excel formats ambiguous or invalid (21.667684ms)
2026-10-05T20:24:03.1169045Z ✔ untrusted or hidden repeated headers cannot be used to prove input formats (93.979078ms)
2026-10-05T20:24:03.1169774Z ✔ shared-string indices cannot be truncated into another source value (32.70495ms)
2026-10-05T20:24:03.1170795Z ✔ implicit next-column addresses remain supported but cannot conceal a duplicate cell (21.47246ms)
2026-10-05T20:24:03.1171724Z ✔ native ISO date cells retain their lexical dates and can never become year-sized amounts (42.094978ms)
2026-10-05T20:24:03.1172817Z ✔ prefixed SpreadsheetML workbook, styles, shared strings, worksheets and relationship parts are accepted without changing values (178.387431ms)
2026-10-05T20:24:03.1173743Z ✔ ordinary canonical workbook is passed through without repacking (26.26767ms)
2026-10-05T20:24:03.1174532Z ✔ namespace conversion retains formulas and dangerous sign formats as review blockers (76.508208ms)
2026-10-05T20:24:03.1175387Z ✔ foreign namespace lookalikes are rejected instead of stripped into accounting fields (41.334783ms)
2026-10-05T20:24:03.1176253Z ✔ undeclared XML prefixes and DTDs fail explicitly without accepting incomplete worksheets (56.862383ms)
2026-10-05T20:24:03.1177177Z ✔ namespaced and canonical Excel reads are independent in either order and after an invalid file (94.736627ms)
2026-10-05T20:24:03.1178226Z ✔ 046 valid openpyxl ar: merged preamble, native dates, long/zero-prefixed references and hidden row retained once (151.200608ms)
2026-10-05T20:24:03.1179473Z ✔ 046 valid openpyxl en: merged preamble, native dates, long/zero-prefixed references and hidden row retained once (40.054484ms)
2026-10-05T20:24:03.1180795Z ✔ 046 valid xlsxwriter ar: merged preamble, native dates, long/zero-prefixed references and hidden row retained once (62.286831ms)
2026-10-05T20:24:03.1181908Z ✔ 046 valid xlsxwriter en: merged preamble, native dates, long/zero-prefixed references and hidden row retained once (32.674527ms)
2026-10-05T20:24:03.1182812Z ℹ tests 1096
2026-10-05T20:24:03.1183226Z ℹ suites 0
2026-10-05T20:24:03.1183620Z ℹ pass 1084
2026-10-05T20:24:03.1183994Z ℹ fail 0
2026-10-05T20:24:03.1184367Z ℹ cancelled 0
2026-10-05T20:24:03.1184705Z ℹ skipped 12
2026-10-05T20:24:03.1184924Z ℹ todo 0
2026-10-05T20:24:03.1185174Z ℹ duration_ms 82935.216638
2026-10-05T20:24:03.1214453Z ##[group]Run python3 -m unittest discover -s audit/local-provider -p 'test_*.py' -v
2026-10-05T20:24:03.1215096Z [36;1mpython3 -m unittest discover -s audit/local-provider -p 'test_*.py' -v[0m
2026-10-05T20:24:03.1277900Z shell: /usr/bin/bash -e {0}
2026-10-05T20:24:03.1278154Z env:
2026-10-05T20:24:03.1278416Z   PNPM_HOME: /home/runner/setup-pnpm/node_modules/.bin
2026-10-05T20:24:03.1278731Z ##[endgroup]
2026-10-05T20:24:03.1954247Z test_actual_runs_verify (test_check_results.IndependentProviderOracleTests.test_actual_runs_verify) ... ok
2026-10-05T20:24:03.2262743Z test_false_success_and_fabricated_evidence_are_rejected (test_check_results.IndependentProviderOracleTests.test_false_success_and_fabricated_evidence_are_rejected) ... ok
2026-10-05T20:24:03.2263866Z 
2026-10-05T20:24:03.2264261Z ----------------------------------------------------------------------
2026-10-05T20:24:03.2264850Z Ran 2 tests in 0.035s
2026-10-05T20:24:03.2265084Z 
2026-10-05T20:24:03.2265227Z OK
2026-10-05T20:24:03.2390986Z ##[group]Run python3 -m unittest discover -s audit/visual-cell-review -p 'test_*.py' -v
2026-10-05T20:24:03.2392152Z [36;1mpython3 -m unittest discover -s audit/visual-cell-review -p 'test_*.py' -v[0m
2026-10-05T20:24:03.2469773Z shell: /usr/bin/bash -e {0}
2026-10-05T20:24:03.2470055Z env:
2026-10-05T20:24:03.2470316Z   PNPM_HOME: /home/runner/setup-pnpm/node_modules/.bin
2026-10-05T20:24:03.2470907Z ##[endgroup]
2026-10-05T20:24:03.5279305Z test_corruptions_cannot_pass_the_independent_checker (test_record.IndependentReviewTests.test_corruptions_cannot_pass_the_independent_checker) ... ok
2026-10-05T20:24:03.5931363Z test_source_bytes_crc_and_crop_damage (test_record.IndependentReviewTests.test_source_bytes_crc_and_crop_damage) ... ok
2026-10-05T20:24:03.6244758Z test_valid_known_literals_and_pixels (test_record.IndependentReviewTests.test_valid_known_literals_and_pixels) ... ok
2026-10-05T20:24:03.6245572Z 
2026-10-05T20:24:03.6246019Z ----------------------------------------------------------------------
2026-10-05T20:24:03.6246597Z Ran 3 tests in 0.318s
2026-10-05T20:24:03.6246817Z 
2026-10-05T20:24:03.6246954Z OK
2026-10-05T20:24:03.6360320Z ##[group]Run python3 -m unittest discover -s audit/visual-numeric -p 'test_*.py' -v
2026-10-05T20:24:03.6361311Z [36;1mpython3 -m unittest discover -s audit/visual-numeric -p 'test_*.py' -v[0m
2026-10-05T20:24:03.6423763Z shell: /usr/bin/bash -e {0}
2026-10-05T20:24:03.6424034Z env:
2026-10-05T20:24:03.6424304Z   PNPM_HOME: /home/runner/setup-pnpm/node_modules/.bin
2026-10-05T20:24:03.6424620Z ##[endgroup]
2026-10-05T20:24:03.7366196Z test_failed_ocr_observations_remain_visible_and_metrics_are_recomputed (test_evidence.EvidenceTests.test_failed_ocr_observations_remain_visible_and_metrics_are_recomputed) ... ok
2026-10-05T20:24:13.9759676Z test_native_manual_arabic_receipt (test_evidence.EvidenceTests.test_native_manual_arabic_receipt) ... ok
2026-10-05T20:24:13.9951488Z test_receipt_corruption_is_detected (test_evidence.EvidenceTests.test_receipt_corruption_is_detected) ... ok
2026-10-05T20:24:13.9952655Z 
2026-10-05T20:24:13.9953362Z ----------------------------------------------------------------------
2026-10-05T20:24:13.9954015Z Ran 3 tests in 10.294s
2026-10-05T20:24:13.9954267Z 
2026-10-05T20:24:13.9954410Z OK
2026-10-05T20:24:14.0089212Z ##[group]Run python3 -m unittest discover -s audit/visual-table -p 'test_*.py' -v
2026-10-05T20:24:14.0090190Z [36;1mpython3 -m unittest discover -s audit/visual-table -p 'test_*.py' -v[0m
2026-10-05T20:24:14.0172263Z shell: /usr/bin/bash -e {0}
2026-10-05T20:24:14.0172525Z env:
2026-10-05T20:24:14.0172782Z   PNPM_HOME: /home/runner/setup-pnpm/node_modules/.bin
2026-10-05T20:24:14.0173105Z ##[endgroup]
2026-10-05T20:24:17.8996604Z test_detects_omission_sign_role_reuse_geometry_receipt_and_source_corruption (test_evidence.TableEvidence.test_detects_omission_sign_role_reuse_geometry_receipt_and_source_corruption) ... ok
2026-10-05T20:24:17.9041234Z test_independent_truth_detects_wrong_literal_even_after_every_public_checksum_is_recomputed (test_evidence.TableEvidence.test_independent_truth_detects_wrong_literal_even_after_every_public_checksum_is_recomputed) ... ok
2026-10-05T20:24:17.9081684Z test_known_native_record (test_evidence.TableEvidence.test_known_native_record) ... ok
2026-10-05T20:24:17.9082574Z 
2026-10-05T20:24:17.9083101Z ----------------------------------------------------------------------
2026-10-05T20:24:17.9083877Z Ran 3 tests in 3.833s
2026-10-05T20:24:17.9084207Z 
2026-10-05T20:24:17.9084439Z OK
2026-10-05T20:24:17.9212150Z ##[group]Run python3 -m unittest discover -s audit/visual-accounting -p 'test_*.py' -v
2026-10-05T20:24:17.9212802Z [36;1mpython3 -m unittest discover -s audit/visual-accounting -p 'test_*.py' -v[0m
2026-10-05T20:24:17.9213378Z [36;1mnode --experimental-strip-types audit/visual-accounting/make_record.mjs[0m
2026-10-05T20:24:17.9213940Z [36;1mnode --experimental-strip-types audit/visual-accounting/export_fixture.mjs[0m
2026-10-05T20:24:17.9214779Z [36;1mpython3 audit/visual-accounting/check_record.py work/visual-accounting/statement.tarasuf-reviewed.json audit/visual-table/fixtures/statement.png[0m
2026-10-05T20:24:17.9215800Z [36;1mpython3 audit/visual-accounting/check_export.py work/visual-accounting/direct.xlsx work/visual-accounting/restored.xlsx[0m
2026-10-05T20:24:17.9282246Z shell: /usr/bin/bash -e {0}
2026-10-05T20:24:17.9282504Z env:
2026-10-05T20:24:17.9282776Z   PNPM_HOME: /home/runner/setup-pnpm/node_modules/.bin
2026-10-05T20:24:17.9283287Z ##[endgroup]
2026-10-05T20:24:21.9094472Z test_changed_workbook_membership_image_and_missing_error_are_detected (test_evidence.ReviewedSourceOracle.test_changed_workbook_membership_image_and_missing_error_are_detected) ... ok
2026-10-05T20:24:21.9541502Z test_known_record_and_excel (test_evidence.ReviewedSourceOracle.test_known_record_and_excel) ... ok
2026-10-05T20:24:21.9792867Z test_previous_unproved_footer_export_is_detected (test_evidence.ReviewedSourceOracle.test_previous_unproved_footer_export_is_detected) ... ok
2026-10-05T20:24:22.0256235Z test_wrong_literals_context_headers_and_row_omission_fail_even_with_recomputed_public_hashes (test_evidence.ReviewedSourceOracle.test_wrong_literals_context_headers_and_row_omission_fail_even_with_recomputed_public_hashes) ... ok
2026-10-05T20:24:22.0257677Z 
2026-10-05T20:24:22.0258065Z ----------------------------------------------------------------------
2026-10-05T20:24:22.0258659Z Ran 4 tests in 4.025s
2026-10-05T20:24:22.0258910Z 
2026-10-05T20:24:22.0259047Z OK
2026-10-05T20:24:22.5282958Z {"out":"work/visual-accounting","sourceBytes":240314,"kind":"reviewed-visual-source","manual":true,"training":false}
2026-10-05T20:24:28.2485387Z {"status": "pass", "imageRows": 3, "manualValues": 12, "missingAmounts": 1, "reviewedExclusions": 1, "interpretationBound": true, "fullBalanceReconciliation": false, "automaticOCR": false}
2026-10-05T20:24:32.1781675Z [
2026-10-05T20:24:32.1782050Z   {
2026-10-05T20:24:32.1782536Z     "workbook": "work/visual-accounting/direct.xlsx",
2026-10-05T20:24:32.1783073Z     "verified": true,
2026-10-05T20:24:32.1783434Z     "matches": 1,
2026-10-05T20:24:32.1783763Z     "damagedRows": 1,
2026-10-05T20:24:32.1784122Z     "originalPng": true,
2026-10-05T20:24:32.1784505Z     "fullRecord": true,
2026-10-05T20:24:32.1784959Z     "fullBalanceReconciliation": false
2026-10-05T20:24:32.1785394Z   },
2026-10-05T20:24:32.1785669Z   {
2026-10-05T20:24:32.1786312Z     "workbook": "work/visual-accounting/restored.xlsx",
2026-10-05T20:24:32.1786848Z     "verified": true,
2026-10-05T20:24:32.1787202Z     "matches": 1,
2026-10-05T20:24:32.1787539Z     "damagedRows": 1,
2026-10-05T20:24:32.1787890Z     "originalPng": true,
2026-10-05T20:24:32.1788253Z     "fullRecord": true,
2026-10-05T20:24:32.1788690Z     "fullBalanceReconciliation": false
2026-10-05T20:24:32.1789119Z   }
2026-10-05T20:24:32.1789392Z ]
2026-10-05T20:24:32.1892543Z ##[group]Run python3 -m unittest discover -s audit/visual-split -p 'test_*.py' -v
2026-10-05T20:24:32.1893172Z [36;1mpython3 -m unittest discover -s audit/visual-split -p 'test_*.py' -v[0m
2026-10-05T20:24:32.1893764Z [36;1mnode --experimental-strip-types audit/visual-split/export-fixture.mjs[0m
2026-10-05T20:24:32.1894682Z [36;1mpython3 audit/visual-split/check_export.py work/visual-split/en-direct.xlsx work/visual-split/en-restored.xlsx work/visual-split/ar-direct.xlsx work/visual-split/ar-restored.xlsx[0m
2026-10-05T20:24:32.1957536Z shell: /usr/bin/bash -e {0}
2026-10-05T20:24:32.1957810Z env:
2026-10-05T20:24:32.1958075Z   PNPM_HOME: /home/runner/setup-pnpm/node_modules/.bin
2026-10-05T20:24:32.1958392Z ##[endgroup]
2026-10-05T20:24:40.0993183Z test_both_known_languages_and_exported_originals (test_evidence.SplitOracle.test_both_known_languages_and_exported_originals) ... ok
2026-10-05T20:24:40.2278960Z test_changed_workbook_sign_missing_error_and_missing_image_are_detected (test_evidence.SplitOracle.test_changed_workbook_sign_missing_error_and_missing_image_are_detected) ... ok
2026-10-05T20:24:40.2341575Z test_fictional_zero_in_printed_blank_is_not_source_truth (test_evidence.SplitOracle.test_fictional_zero_in_printed_blank_is_not_source_truth) ... ok
2026-10-05T20:24:40.2753400Z test_wrong_literals_headers_context_and_missing_rows_fail_despite_recomputed_public_receipts (test_evidence.SplitOracle.test_wrong_literals_headers_context_and_missing_rows_fail_despite_recomputed_public_receipts) ... ok
2026-10-05T20:24:40.2754773Z 
2026-10-05T20:24:40.2755158Z ----------------------------------------------------------------------
2026-10-05T20:24:40.2756081Z Ran 4 tests in 8.012s
2026-10-05T20:24:40.2756307Z 
2026-10-05T20:24:40.2756438Z OK
2026-10-05T20:24:51.9628316Z [
2026-10-05T20:24:51.9628716Z   {
2026-10-05T20:24:51.9629195Z     "workbook": "work/visual-split/en-direct.xlsx",
2026-10-05T20:24:51.9629744Z     "passed": true,
2026-10-05T20:24:51.9630135Z     "language": "en",
2026-10-05T20:24:51.9630487Z     "sourceRows": 7,
2026-10-05T20:24:51.9631122Z     "manualCrops": 39,
2026-10-05T20:24:51.9631511Z     "rowDecisions": 7,
2026-10-05T20:24:51.9631935Z     "unreadableAmountCells": 1,
2026-10-05T20:24:51.9632354Z     "automaticOCR": false,
2026-10-05T20:24:51.9632720Z     "training": false,
2026-10-05T20:24:51.9633149Z     "humanElapsedTimeMeasured": false,
2026-10-05T20:24:51.9633578Z     "matches": 3,
2026-10-05T20:24:51.9633924Z     "matchedMembers": 6,
2026-10-05T20:24:51.9634292Z     "damagedRows": 3,
2026-10-05T20:24:51.9634646Z     "originalPng": true,
2026-10-05T20:24:51.9635027Z     "fullRecord": true,
2026-10-05T20:24:51.9635462Z     "fullBalanceReconciliation": false
2026-10-05T20:24:51.9635893Z   },
2026-10-05T20:24:51.9636167Z   {
2026-10-05T20:24:51.9636584Z     "workbook": "work/visual-split/en-restored.xlsx",
2026-10-05T20:24:51.9637078Z     "passed": true,
2026-10-05T20:24:51.9637415Z     "language": "en",
2026-10-05T20:24:51.9637747Z     "sourceRows": 7,
2026-10-05T20:24:51.9638112Z     "manualCrops": 39,
2026-10-05T20:24:51.9638503Z     "rowDecisions": 7,
2026-10-05T20:24:51.9638899Z     "unreadableAmountCells": 1,
2026-10-05T20:24:51.9639312Z     "automaticOCR": false,
2026-10-05T20:24:51.9639681Z     "training": false,
2026-10-05T20:24:51.9640096Z     "humanElapsedTimeMeasured": false,
2026-10-05T20:24:51.9640524Z     "matches": 3,
2026-10-05T20:24:51.9641111Z     "matchedMembers": 6,
2026-10-05T20:24:51.9641519Z     "damagedRows": 3,
2026-10-05T20:24:51.9641914Z     "originalPng": true,
2026-10-05T20:24:51.9642328Z     "fullRecord": true,
2026-10-05T20:24:51.9642817Z     "fullBalanceReconciliation": false
2026-10-05T20:24:51.9643377Z   },
2026-10-05T20:24:51.9643700Z   {
2026-10-05T20:24:51.9644166Z     "workbook": "work/visual-split/ar-direct.xlsx",
2026-10-05T20:24:51.9644727Z     "passed": true,
2026-10-05T20:24:51.9645120Z     "language": "ar",
2026-10-05T20:24:51.9645519Z     "sourceRows": 7,
2026-10-05T20:24:51.9645913Z     "manualCrops": 39,
2026-10-05T20:24:51.9646852Z     "rowDecisions": 7,
2026-10-05T20:24:51.9647332Z     "unreadableAmountCells": 1,
2026-10-05T20:24:51.9647807Z     "automaticOCR": false,
2026-10-05T20:24:51.9648221Z     "training": false,
2026-10-05T20:24:51.9648661Z     "humanElapsedTimeMeasured": false,
2026-10-05T20:24:51.9649068Z     "matches": 3,
2026-10-05T20:24:51.9649404Z     "matchedMembers": 6,
2026-10-05T20:24:51.9649812Z     "damagedRows": 3,
2026-10-05T20:24:51.9650213Z     "originalPng": true,
2026-10-05T20:24:51.9650809Z     "fullRecord": true,
2026-10-05T20:24:51.9651287Z     "fullBalanceReconciliation": false
2026-10-05T20:24:51.9651770Z   },
2026-10-05T20:24:51.9652062Z   {
2026-10-05T20:24:51.9652514Z     "workbook": "work/visual-split/ar-restored.xlsx",
2026-10-05T20:24:51.9653084Z     "passed": true,
2026-10-05T20:24:51.9653474Z     "language": "ar",
2026-10-05T20:24:51.9653863Z     "sourceRows": 7,
2026-10-05T20:24:51.9654265Z     "manualCrops": 39,
2026-10-05T20:24:51.9654670Z     "rowDecisions": 7,
2026-10-05T20:24:51.9655133Z     "unreadableAmountCells": 1,
2026-10-05T20:24:51.9655603Z     "automaticOCR": false,
2026-10-05T20:24:51.9656032Z     "training": false,
2026-10-05T20:24:51.9656510Z     "humanElapsedTimeMeasured": false,
2026-10-05T20:24:51.9657003Z     "matches": 3,
2026-10-05T20:24:51.9657386Z     "matchedMembers": 6,
2026-10-05T20:24:51.9657778Z     "damagedRows": 3,
2026-10-05T20:24:51.9658163Z     "originalPng": true,
2026-10-05T20:24:51.9658570Z     "fullRecord": true,
2026-10-05T20:24:51.9659055Z     "fullBalanceReconciliation": false
2026-10-05T20:24:51.9659535Z   }
2026-10-05T20:24:51.9660128Z ]
2026-10-05T20:24:51.9740495Z ##[group]Run python3 -m unittest discover -s audit/export-design -p 'test_*.py' -v
2026-10-05T20:24:51.9741449Z [36;1mpython3 -m unittest discover -s audit/export-design -p 'test_*.py' -v[0m
2026-10-05T20:24:51.9803855Z shell: /usr/bin/bash -e {0}
2026-10-05T20:24:51.9804103Z env:
2026-10-05T20:24:51.9804355Z   PNPM_HOME: /home/runner/setup-pnpm/node_modules/.bin
2026-10-05T20:24:51.9804666Z ##[endgroup]
2026-10-05T20:24:52.0525834Z test_build_fingerprint_changes_with_asset_bytes (test_accept_paired.PairedAcceptanceTests.test_build_fingerprint_changes_with_asset_bytes) ... ok
2026-10-05T20:24:52.0647353Z test_contradictory_or_incomplete_package_verdicts_fail (test_accept_paired.PairedAcceptanceTests.test_contradictory_or_incomplete_package_verdicts_fail) ... ok
2026-10-05T20:24:52.0656741Z test_current_schema_with_valid_samples_and_builds_passes (test_accept_paired.PairedAcceptanceTests.test_current_schema_with_valid_samples_and_builds_passes) ... ok
2026-10-05T20:24:52.0663467Z test_export_sample_count_cannot_exceed_all_samples (test_accept_paired.PairedAcceptanceTests.test_export_sample_count_cannot_exceed_all_samples) ... ok
2026-10-05T20:24:52.0691147Z test_extreme_numbers_and_nonfinite_ratios_refuse_without_crashing (test_accept_paired.PairedAcceptanceTests.test_extreme_numbers_and_nonfinite_ratios_refuse_without_crashing) ... ok
2026-10-05T20:24:52.0696931Z test_historical_report_cannot_claim_complete_new_acceptance (test_accept_paired.PairedAcceptanceTests.test_historical_report_cannot_claim_complete_new_acceptance) ... ok
2026-10-05T20:24:52.0718339Z test_last_pair_checkpoint_is_not_a_completed_measurement (test_accept_paired.PairedAcceptanceTests.test_last_pair_checkpoint_is_not_a_completed_measurement) ... ok
2026-10-05T20:24:52.0742441Z test_missing_and_bad_memory_samples_fail (test_accept_paired.PairedAcceptanceTests.test_missing_and_bad_memory_samples_fail) ... ok
2026-10-05T20:24:52.0783970Z test_missing_changed_or_malformed_final_build_fingerprints_fail (test_accept_paired.PairedAcceptanceTests.test_missing_changed_or_malformed_final_build_fingerprints_fail) ... ok
2026-10-05T20:24:52.0790828Z test_missing_worker_timing_fails_instead_of_looking_fast (test_accept_paired.PairedAcceptanceTests.test_missing_worker_timing_fails_instead_of_looking_fast) ... ok
2026-10-05T20:24:52.0797656Z test_one_missing_or_repeated_pair_fails (test_accept_paired.PairedAcceptanceTests.test_one_missing_or_repeated_pair_fails) ... ok
2026-10-05T20:24:52.0807249Z test_regression_in_xlsx_fails_despite_csv_improvement (test_accept_paired.PairedAcceptanceTests.test_regression_in_xlsx_fails_despite_csv_improvement) ... ok
2026-10-05T20:24:52.0957418Z test_required_recovery_attestations_are_individually_required (test_accept_paired.PairedAcceptanceTests.test_required_recovery_attestations_are_individually_required) ... ok
2026-10-05T20:24:52.0966400Z test_retained_measurements_pass_with_original_declared_limits (test_accept_paired.PairedAcceptanceTests.test_retained_measurements_pass_with_original_declared_limits) ... ok
2026-10-05T20:24:52.0999030Z test_runner_failure_cannot_be_overridden_by_stale_acceptance (test_accept_paired.PairedAcceptanceTests.test_runner_failure_cannot_be_overridden_by_stale_acceptance) ... ok
2026-10-05T20:24:52.1543335Z test_source_and_membership_attestations_are_required_for_both_variants (test_accept_paired.PairedAcceptanceTests.test_source_and_membership_attestations_are_required_for_both_variants) ... ok
2026-10-05T20:24:52.1557616Z test_swapped_input_bytes_or_nonidentical_workbook_fails (test_accept_paired.PairedAcceptanceTests.test_swapped_input_bytes_or_nonidentical_workbook_fails) ... ok
2026-10-05T20:24:52.3061696Z test_ambiguous_duplicate_cannot_be_approved (test_check_membership.MembershipOracleTests.test_ambiguous_duplicate_cannot_be_approved) ... ok
2026-10-05T20:24:52.3792468Z test_cell_address_must_agree_with_physical_row (test_check_membership.MembershipOracleTests.test_cell_address_must_agree_with_physical_row) ... ok
2026-10-05T20:24:52.5245546Z test_duplicate_evidence_member_fails (test_check_membership.MembershipOracleTests.test_duplicate_evidence_member_fails) ... ok
2026-10-05T20:24:52.6022125Z test_duplicate_physical_row_fails (test_check_membership.MembershipOracleTests.test_duplicate_physical_row_fails) ... ok
2026-10-05T20:24:52.7494752Z test_equal_amount_cross_block_member_swap_fails_with_source_sheets_unchanged (test_check_membership.MembershipOracleTests.test_equal_amount_cross_block_member_swap_fails_with_source_sheets_unchanged) ... ok
2026-10-05T20:24:52.8917782Z test_fraction_beyond_decimal_context_precision_fails (test_check_membership.MembershipOracleTests.test_fraction_beyond_decimal_context_precision_fails) ... ok
2026-10-05T20:24:53.0340978Z test_fractional_cent_evidence_fails (test_check_membership.MembershipOracleTests.test_fractional_cent_evidence_fails) ... ok
2026-10-05T20:24:53.1604400Z test_fractional_cent_match_total_fails (test_check_membership.MembershipOracleTests.test_fractional_cent_match_total_fails) ... ok
2026-10-05T20:24:53.2700296Z test_frozen_product_workbook_passes (test_check_membership.MembershipOracleTests.test_frozen_product_workbook_passes) ... ok
2026-10-05T20:24:53.3969594Z test_match_displayed_date_fails (test_check_membership.MembershipOracleTests.test_match_displayed_date_fails) ... ok
2026-10-05T20:24:53.5241463Z test_match_displayed_reference_fails (test_check_membership.MembershipOracleTests.test_match_displayed_reference_fails) ... ok
2026-10-05T20:24:53.6508878Z test_match_rule_must_agree_with_evidence (test_check_membership.MembershipOracleTests.test_match_rule_must_agree_with_evidence) ... ok
2026-10-05T20:24:53.7800382Z test_match_source_text_change_fails (test_check_membership.MembershipOracleTests.test_match_source_text_change_fails) ... ok
2026-10-05T20:24:53.9210935Z test_missing_evidence_member_fails (test_check_membership.MembershipOracleTests.test_missing_evidence_member_fails) ... ok
2026-10-05T20:24:53.9978922Z test_moved_parsed_row_breaks_actual_link_destination (test_check_membership.MembershipOracleTests.test_moved_parsed_row_breaks_actual_link_destination) ... ok
2026-10-05T20:24:54.4264957Z test_non_finite_or_malformed_amount_returns_json_failure (test_check_membership.MembershipOracleTests.test_non_finite_or_malformed_amount_returns_json_failure) ... ok
2026-10-05T20:24:54.5502539Z test_review_source_link_fails_even_when_relationship_agrees (test_check_membership.MembershipOracleTests.test_review_source_link_fails_even_when_relationship_agrees) ... ok
2026-10-05T20:24:54.6750042Z test_review_source_text_fails (test_check_membership.MembershipOracleTests.test_review_source_text_fails) ... ok
2026-10-05T20:24:54.7993704Z test_review_total_fails (test_check_membership.MembershipOracleTests.test_review_total_fails) ... ok
2026-10-05T20:24:54.9434465Z test_signed_amount_mutation_fails (test_check_membership.MembershipOracleTests.test_signed_amount_mutation_fails) ... ok
2026-10-05T20:24:55.0882688Z test_wrong_link_target_fails_even_when_relationship_agrees (test_check_membership.MembershipOracleTests.test_wrong_link_target_fails_even_when_relationship_agrees) ... ok
2026-10-05T20:24:55.1289120Z test_changed_matches_fails_even_when_transactions_unchanged (test_check_package_identity.PackageIdentityTests.test_changed_matches_fails_even_when_transactions_unchanged) ... ok
2026-10-05T20:24:55.1687264Z test_corrupt_deflate_returns_json_failure (test_check_package_identity.PackageIdentityTests.test_corrupt_deflate_returns_json_failure) ... ok
2026-10-05T20:24:55.2081278Z test_crc_error_fails (test_check_package_identity.PackageIdentityTests.test_crc_error_fails) ... ok
2026-10-05T20:24:55.2469119Z test_duplicate_name_fails (test_check_package_identity.PackageIdentityTests.test_duplicate_name_fails) ... ok
2026-10-05T20:24:55.2854637Z test_explicit_directory_entries_are_container_only (test_check_package_identity.PackageIdentityTests.test_explicit_directory_entries_are_container_only) ... ok
2026-10-05T20:24:55.3618491Z test_missing_or_extra_part_fails (test_check_package_identity.PackageIdentityTests.test_missing_or_extra_part_fails) ... ok
2026-10-05T20:24:55.4002662Z test_recompressed_identical_package_passes (test_check_package_identity.PackageIdentityTests.test_recompressed_identical_package_passes) ... ok
2026-10-05T20:24:55.4003698Z 
2026-10-05T20:24:55.4004128Z ----------------------------------------------------------------------
2026-10-05T20:24:55.4004747Z Ran 45 tests in 3.350s
2026-10-05T20:24:55.4004996Z 
2026-10-05T20:24:55.4005143Z OK
2026-10-05T20:24:55.4144080Z ##[group]Run python3 audit/layered-statement/check_contract.py
2026-10-05T20:24:55.4144911Z [36;1mpython3 audit/layered-statement/check_contract.py[0m
2026-10-05T20:24:55.4146094Z [36;1mpython3 audit/astra-cycle4/check_r13.py work/layered-headers/r13-fixed-workpaper.xlsx --expected-engine 0.3.26-experimental[0m
2026-10-05T20:24:55.4147378Z [36;1mpython3 -m unittest discover -s audit/astra-cycle4 -p 'test_*.py' -v[0m
2026-10-05T20:24:55.4148324Z [36;1mpython3 -m unittest discover -s audit/layered-statement -p 'test_*.py' -v[0m
2026-10-05T20:24:55.4240919Z shell: /usr/bin/bash -e {0}
2026-10-05T20:24:55.4241215Z env:
2026-10-05T20:24:55.4241487Z   PNPM_HOME: /home/runner/setup-pnpm/node_modules/.bin
2026-10-05T20:24:55.4241820Z ##[endgroup]
2026-10-05T20:24:55.4697313Z {
2026-10-05T20:24:55.4697727Z   "verified": true,
2026-10-05T20:24:55.4698540Z   "contractSha256": "88c68039bc4b6f38e2e7ca36471b278047e22fec77a5eb0f305c84a4b77938c2",
2026-10-05T20:24:55.4699401Z   "positiveSupplierRows": [
2026-10-05T20:24:55.4699834Z     6,
2026-10-05T20:24:55.4700151Z     7,
2026-10-05T20:24:55.4700469Z     8,
2026-10-05T20:24:55.4701027Z     9
2026-10-05T20:24:55.4701350Z   ],
2026-10-05T20:24:55.4701785Z   "negativeAmountTotalUnchanged": true,
2026-10-05T20:24:55.4702307Z   "ledgerRows": [
2026-10-05T20:24:55.4702666Z     2,
2026-10-05T20:24:55.4702983Z     3,
2026-10-05T20:24:55.4703302Z     4
2026-10-05T20:24:55.4703611Z   ]
2026-10-05T20:24:55.4703920Z }
2026-10-05T20:24:55.5166338Z {
2026-10-05T20:24:55.5166749Z   "verified": true,
2026-10-05T20:24:55.5167678Z   "originalFailureSourceHash": "a085499d9e6ae2d165cd6716034f0945ecbb7151ad561bca70a4926a94250958",
2026-10-05T20:24:55.5168551Z   "approvedCases": 0,
2026-10-05T20:24:55.5168977Z   "readableSupplierRows": [
2026-10-05T20:24:55.5169391Z     6,
2026-10-05T20:24:55.5169712Z     7,
2026-10-05T20:24:55.5170030Z     8,
2026-10-05T20:24:55.5170343Z     9
2026-10-05T20:24:55.5170883Z   ],
2026-10-05T20:24:55.5171278Z   "excludedCompetitor": 11,
2026-10-05T20:24:55.5171736Z   "sourceRowFates": 11,
2026-10-05T20:24:55.5172436Z   "basis": "Frozen literal OOXML facts, not a product-generated expectation"
2026-10-05T20:24:55.5173119Z }
2026-10-05T20:24:55.5806009Z test_exact_failure_replay (test_check_r13.R13OracleTests.test_exact_failure_replay) ... ok
2026-10-05T20:24:55.6494035Z test_financial_membership_or_source_tampering_is_rejected (test_check_r13.R13OracleTests.test_financial_membership_or_source_tampering_is_rejected) ... ok
2026-10-05T20:24:55.6495159Z 
2026-10-05T20:24:55.6495565Z ----------------------------------------------------------------------
2026-10-05T20:24:55.6496171Z Ran 2 tests in 0.073s
2026-10-05T20:24:55.6496398Z 
2026-10-05T20:24:55.6496526Z OK
2026-10-05T20:24:55.7180327Z test_positive (test_check_export.ExportOracleTests.test_positive) ... ok
2026-10-05T20:24:55.8016554Z test_reject_changed_evidence_and_financial_members (test_check_export.ExportOracleTests.test_reject_changed_evidence_and_financial_members) ... ok
2026-10-05T20:24:55.8017685Z 
2026-10-05T20:24:55.8018080Z ----------------------------------------------------------------------
2026-10-05T20:24:55.8018681Z Ran 2 tests in 0.089s
2026-10-05T20:24:55.8018904Z 
2026-10-05T20:24:55.8019042Z OK
2026-10-05T20:24:55.8146761Z ##[group]Run REQUIRE_F03_PASS=1 node --experimental-strip-types audit/related-invoice/run.mjs . work/f03-native
2026-10-05T20:24:55.8148141Z [36;1mREQUIRE_F03_PASS=1 node --experimental-strip-types audit/related-invoice/run.mjs . work/f03-native[0m
2026-10-05T20:24:55.8149455Z [36;1mREQUIRE_F03_PASS=1 node --experimental-strip-types audit/related-invoice/run.mjs . work/f03-pdf pdf[0m
2026-10-05T20:24:55.8151207Z [36;1mpython3 audit/related-invoice/check_export.py work/f03-native/*.xlsx work/f03-pdf/*.xlsx[0m
2026-10-05T20:24:55.8152286Z [36;1mpython3 -m unittest discover -s audit/related-invoice -p 'test_*.py' -v[0m
2026-10-05T20:24:55.8244433Z shell: /usr/bin/bash -e {0}
2026-10-05T20:24:55.8244864Z env:
2026-10-05T20:24:55.8245308Z   PNPM_HOME: /home/runner/setup-pnpm/node_modules/.bin
2026-10-05T20:24:55.8245860Z ##[endgroup]
2026-10-05T20:24:57.0341596Z {"engine":"0.3.26-experimental","passed":11,"total":11,"cases":[{"id":"different-credit-notes","passed":true,"approved":[]},{"id":"own-credit-note","passed":true,"approved":[{"supplierRows":[2],"ledgerRows":[2],"amountMinor":-5000,"rule":"EXACT_REFERENCE_SIGNED_AMOUNT_UNIQUE_V2","primary":"CN-701"}]},{"id":"generic-own-and-invoice","passed":true,"approved":[{"supplierRows":[2],"ledgerRows":[2],"amountMinor":-5000,"rule":"EXACT_REFERENCE_SIGNED_AMOUNT_UNIQUE_V2","primary":"CN-701"}]},{"id":"short-own-credit-note","passed":true,"approved":[{"supplierRows":[2],"ledgerRows":[2],"amountMinor":-5000,"rule":"EXPLICIT_SHORT_DOCUMENT_EXACT_DATE_V1","primary":"CN-3"}]},{"id":"conflicting-related-invoice","passed":true,"approved":[]},{"id":"credit-note-invoice-only","passed":true,"approved":[]},{"id":"payment-invoice-only","passed":true,"approved":[]},{"id":"journal-invoice-only","passed":true,"approved":[]},{"id":"ordinary-invoice","passed":true,"approved":[{"supplierRows":[2],"ledgerRows":[2],"amountMinor":5000,"rule":"EXACT_REFERENCE_SIGNED_AMOUNT_UNIQUE_V2","primary":"INV-401"}]},{"id":"payment-bank-identity","passed":true,"approved":[{"supplierRows":[2],"ledgerRows":[2],"amountMinor":-5000,"rule":"EXACT_REFERENCE_SIGNED_AMOUNT_UNIQUE_V2","primary":"BANK-714"}]},{"id":"whole-credit-note-group","passed":true,"approved":[{"supplierRows":[2],"ledgerRows":[2,3],"amountMinor":-5000,"rule":"EXACT_REFERENCE_GROUP_TOTAL_V1","primary":"CN-701"}]}]}
2026-10-05T20:24:57.7440221Z {"engine":"0.3.26-experimental","passed":3,"total":3,"cases":[{"id":"different-credit-notes","passed":true,"approved":[]},{"id":"own-credit-note","passed":true,"approved":[{"supplierRows":[2],"ledgerRows":[2],"amountMinor":-5000,"rule":"EXACT_REFERENCE_SIGNED_AMOUNT_UNIQUE_V2","primary":"CN-701"}]},{"id":"short-own-credit-note","passed":true,"approved":[{"supplierRows":[2],"ledgerRows":[2],"amountMinor":-5000,"rule":"EXPLICIT_SHORT_DOCUMENT_EXACT_DATE_V1","primary":"CN-3"}]}]}
2026-10-05T20:24:57.9405883Z [
2026-10-05T20:24:57.9406368Z   {
2026-10-05T20:24:57.9407089Z     "workbook": "work/f03-native/conflicting-related-invoice-direct.xlsx",
2026-10-05T20:24:57.9407749Z     "verified": true,
2026-10-05T20:24:57.9408140Z     "id": "conflicting-related-invoice",
2026-10-05T20:24:57.9408550Z     "sourceFormat": "xlsx",
2026-10-05T20:24:57.9408880Z     "approved": 0,
2026-10-05T20:24:57.9409219Z     "engine": "0.3.26-experimental"
2026-10-05T20:24:57.9409569Z   },
2026-10-05T20:24:57.9409814Z   {
2026-10-05T20:24:57.9410231Z     "workbook": "work/f03-native/conflicting-related-invoice-restored.xlsx",
2026-10-05T20:24:57.9411038Z     "verified": true,
2026-10-05T20:24:57.9411349Z     "id": "conflicting-related-invoice",
2026-10-05T20:24:57.9411672Z     "sourceFormat": "xlsx",
2026-10-05T20:24:57.9411941Z     "approved": 0,
2026-10-05T20:24:57.9412207Z     "engine": "0.3.26-experimental"
2026-10-05T20:24:57.9412482Z   },
2026-10-05T20:24:57.9412682Z   {
2026-10-05T20:24:57.9413045Z     "workbook": "work/f03-native/credit-note-invoice-only-direct.xlsx",
2026-10-05T20:24:57.9413464Z     "verified": true,
2026-10-05T20:24:57.9413756Z     "id": "credit-note-invoice-only",
2026-10-05T20:24:57.9414454Z     "sourceFormat": "xlsx",
2026-10-05T20:24:57.9414726Z     "approved": 0,
2026-10-05T20:24:57.9414995Z     "engine": "0.3.26-experimental"
2026-10-05T20:24:57.9415269Z   },
2026-10-05T20:24:57.9415463Z   {
2026-10-05T20:24:57.9415835Z     "workbook": "work/f03-native/credit-note-invoice-only-restored.xlsx",
2026-10-05T20:24:57.9416420Z     "verified": true,
2026-10-05T20:24:57.9416703Z     "id": "credit-note-invoice-only",
2026-10-05T20:24:57.9417008Z     "sourceFormat": "xlsx",
2026-10-05T20:24:57.9417275Z     "approved": 0,
2026-10-05T20:24:57.9417537Z     "engine": "0.3.26-experimental"
2026-10-05T20:24:57.9417807Z   },
2026-10-05T20:24:57.9418005Z   {
2026-10-05T20:24:57.9418357Z     "workbook": "work/f03-native/different-credit-notes-direct.xlsx",
2026-10-05T20:24:57.9418763Z     "verified": true,
2026-10-05T20:24:57.9419040Z     "id": "different-credit-notes",
2026-10-05T20:24:57.9419339Z     "sourceFormat": "xlsx",
2026-10-05T20:24:57.9419603Z     "approved": 0,
2026-10-05T20:24:57.9419867Z     "engine": "0.3.26-experimental"
2026-10-05T20:24:57.9420140Z   },
2026-10-05T20:24:57.9420330Z   {
2026-10-05T20:24:57.9420827Z     "workbook": "work/f03-native/different-credit-notes-restored.xlsx",
2026-10-05T20:24:57.9421203Z     "verified": true,
2026-10-05T20:24:57.9421450Z     "id": "different-credit-notes",
2026-10-05T20:24:57.9421713Z     "sourceFormat": "xlsx",
2026-10-05T20:24:57.9421944Z     "approved": 0,
2026-10-05T20:24:57.9422170Z     "engine": "0.3.26-experimental"
2026-10-05T20:24:57.9422406Z   },
2026-10-05T20:24:57.9422577Z   {
2026-10-05T20:24:57.9422891Z     "workbook": "work/f03-native/generic-own-and-invoice-direct.xlsx",
2026-10-05T20:24:57.9423247Z     "verified": true,
2026-10-05T20:24:57.9423494Z     "id": "generic-own-and-invoice",
2026-10-05T20:24:57.9423764Z     "sourceFormat": "xlsx",
2026-10-05T20:24:57.9423990Z     "approved": 1,
2026-10-05T20:24:57.9424215Z     "engine": "0.3.26-experimental"
2026-10-05T20:24:57.9424462Z   },
2026-10-05T20:24:57.9424633Z   {
2026-10-05T20:24:57.9424965Z     "workbook": "work/f03-native/generic-own-and-invoice-restored.xlsx",
2026-10-05T20:24:57.9425341Z     "verified": true,
2026-10-05T20:24:57.9425589Z     "id": "generic-own-and-invoice",
2026-10-05T20:24:57.9425856Z     "sourceFormat": "xlsx",
2026-10-05T20:24:57.9426087Z     "approved": 1,
2026-10-05T20:24:57.9426328Z     "engine": "0.3.26-experimental"
2026-10-05T20:24:57.9426567Z   },
2026-10-05T20:24:57.9426736Z   {
2026-10-05T20:24:57.9427039Z     "workbook": "work/f03-native/journal-invoice-only-direct.xlsx",
2026-10-05T20:24:57.9427388Z     "verified": true,
2026-10-05T20:24:57.9427632Z     "id": "journal-invoice-only",
2026-10-05T20:24:57.9427893Z     "sourceFormat": "xlsx",
2026-10-05T20:24:57.9428121Z     "approved": 0,
2026-10-05T20:24:57.9428348Z     "engine": "0.3.26-experimental"
2026-10-05T20:24:57.9428584Z   },
2026-10-05T20:24:57.9428756Z   {
2026-10-05T20:24:57.9429066Z     "workbook": "work/f03-native/journal-invoice-only-restored.xlsx",
2026-10-05T20:24:57.9429426Z     "verified": true,
2026-10-05T20:24:57.9429676Z     "id": "journal-invoice-only",
2026-10-05T20:24:57.9429938Z     "sourceFormat": "xlsx",
2026-10-05T20:24:57.9430164Z     "approved": 0,
2026-10-05T20:24:57.9430396Z     "engine": "0.3.26-experimental"
2026-10-05T20:24:57.9430754Z   },
2026-10-05T20:24:57.9430924Z   {
2026-10-05T20:24:57.9431220Z     "workbook": "work/f03-native/ordinary-invoice-direct.xlsx",
2026-10-05T20:24:57.9431567Z     "verified": true,
2026-10-05T20:24:57.9431790Z     "id": "ordinary-invoice",
2026-10-05T20:24:57.9432036Z     "sourceFormat": "xlsx",
2026-10-05T20:24:57.9432269Z     "approved": 1,
2026-10-05T20:24:57.9432500Z     "engine": "0.3.26-experimental"
2026-10-05T20:24:57.9432748Z   },
2026-10-05T20:24:57.9432924Z   {
2026-10-05T20:24:57.9433219Z     "workbook": "work/f03-native/ordinary-invoice-restored.xlsx",
2026-10-05T20:24:57.9433565Z     "verified": true,
2026-10-05T20:24:57.9433789Z     "id": "ordinary-invoice",
2026-10-05T20:24:57.9434176Z     "sourceFormat": "xlsx",
2026-10-05T20:24:57.9434410Z     "approved": 1,
2026-10-05T20:24:57.9434639Z     "engine": "0.3.26-experimental"
2026-10-05T20:24:57.9434882Z   },
2026-10-05T20:24:57.9435052Z   {
2026-10-05T20:24:57.9435335Z     "workbook": "work/f03-native/own-credit-note-direct.xlsx",
2026-10-05T20:24:57.9435668Z     "verified": true,
2026-10-05T20:24:57.9436006Z     "id": "own-credit-note",
2026-10-05T20:24:57.9436251Z     "sourceFormat": "xlsx",
2026-10-05T20:24:57.9436480Z     "approved": 1,
2026-10-05T20:24:57.9436709Z     "engine": "0.3.26-experimental"
2026-10-05T20:24:57.9436945Z   },
2026-10-05T20:24:57.9437113Z   {
2026-10-05T20:24:57.9437403Z     "workbook": "work/f03-native/own-credit-note-restored.xlsx",
2026-10-05T20:24:57.9437739Z     "verified": true,
2026-10-05T20:24:57.9437956Z     "id": "own-credit-note",
2026-10-05T20:24:57.9438199Z     "sourceFormat": "xlsx",
2026-10-05T20:24:57.9438425Z     "approved": 1,
2026-10-05T20:24:57.9438653Z     "engine": "0.3.26-experimental"
2026-10-05T20:24:57.9438898Z   },
2026-10-05T20:24:57.9439068Z   {
2026-10-05T20:24:57.9439374Z     "workbook": "work/f03-native/payment-bank-identity-direct.xlsx",
2026-10-05T20:24:57.9439743Z     "verified": true,
2026-10-05T20:24:57.9439991Z     "id": "payment-bank-identity",
2026-10-05T20:24:57.9440258Z     "sourceFormat": "xlsx",
2026-10-05T20:24:57.9440491Z     "approved": 1,
2026-10-05T20:24:57.9440859Z     "engine": "0.3.26-experimental"
2026-10-05T20:24:57.9441096Z   },
2026-10-05T20:24:57.9441263Z   {
2026-10-05T20:24:57.9441582Z     "workbook": "work/f03-native/payment-bank-identity-restored.xlsx",
2026-10-05T20:24:57.9441940Z     "verified": true,
2026-10-05T20:24:57.9442186Z     "id": "payment-bank-identity",
2026-10-05T20:24:57.9442449Z     "sourceFormat": "xlsx",
2026-10-05T20:24:57.9442674Z     "approved": 1,
2026-10-05T20:24:57.9442899Z     "engine": "0.3.26-experimental"
2026-10-05T20:24:57.9443135Z   },
2026-10-05T20:24:57.9443309Z   {
2026-10-05T20:24:57.9443611Z     "workbook": "work/f03-native/payment-invoice-only-direct.xlsx",
2026-10-05T20:24:57.9443960Z     "verified": true,
2026-10-05T20:24:57.9444216Z     "id": "payment-invoice-only",
2026-10-05T20:24:57.9444487Z     "sourceFormat": "xlsx",
2026-10-05T20:24:57.9444716Z     "approved": 0,
2026-10-05T20:24:57.9444952Z     "engine": "0.3.26-experimental"
2026-10-05T20:24:57.9445188Z   },
2026-10-05T20:24:57.9445363Z   {
2026-10-05T20:24:57.9445681Z     "workbook": "work/f03-native/payment-invoice-only-restored.xlsx",
2026-10-05T20:24:57.9446038Z     "verified": true,
2026-10-05T20:24:57.9446283Z     "id": "payment-invoice-only",
2026-10-05T20:24:57.9446537Z     "sourceFormat": "xlsx",
2026-10-05T20:24:57.9446768Z     "approved": 0,
2026-10-05T20:24:57.9446998Z     "engine": "0.3.26-experimental"
2026-10-05T20:24:57.9447232Z   },
2026-10-05T20:24:57.9447407Z   {
2026-10-05T20:24:57.9457460Z     "workbook": "work/f03-native/short-own-credit-note-direct.xlsx",
2026-10-05T20:24:57.9458112Z     "verified": true,
2026-10-05T20:24:57.9458418Z     "id": "short-own-credit-note",
2026-10-05T20:24:57.9458715Z     "sourceFormat": "xlsx",
2026-10-05T20:24:57.9458969Z     "approved": 1,
2026-10-05T20:24:57.9459222Z     "engine": "0.3.26-experimental"
2026-10-05T20:24:57.9459486Z   },
2026-10-05T20:24:57.9459665Z   {
2026-10-05T20:24:57.9459998Z     "workbook": "work/f03-native/short-own-credit-note-restored.xlsx",
2026-10-05T20:24:57.9460383Z     "verified": true,
2026-10-05T20:24:57.9460894Z     "id": "short-own-credit-note",
2026-10-05T20:24:57.9461176Z     "sourceFormat": "xlsx",
2026-10-05T20:24:57.9461417Z     "approved": 1,
2026-10-05T20:24:57.9461661Z     "engine": "0.3.26-experimental"
2026-10-05T20:24:57.9461910Z   },
2026-10-05T20:24:57.9462083Z   {
2026-10-05T20:24:57.9462403Z     "workbook": "work/f03-native/whole-credit-note-group-direct.xlsx",
2026-10-05T20:24:57.9462764Z     "verified": true,
2026-10-05T20:24:57.9463016Z     "id": "whole-credit-note-group",
2026-10-05T20:24:57.9463294Z     "sourceFormat": "xlsx",
2026-10-05T20:24:57.9463526Z     "approved": 1,
2026-10-05T20:24:57.9463938Z     "engine": "0.3.26-experimental"
2026-10-05T20:24:57.9464190Z   },
2026-10-05T20:24:57.9464368Z   {
2026-10-05T20:24:57.9464704Z     "workbook": "work/f03-native/whole-credit-note-group-restored.xlsx",
2026-10-05T20:24:57.9465077Z     "verified": true,
2026-10-05T20:24:57.9465331Z     "id": "whole-credit-note-group",
2026-10-05T20:24:57.9465715Z     "sourceFormat": "xlsx",
2026-10-05T20:24:57.9465947Z     "approved": 1,
2026-10-05T20:24:57.9466188Z     "engine": "0.3.26-experimental"
2026-10-05T20:24:57.9466428Z   },
2026-10-05T20:24:57.9466602Z   {
2026-10-05T20:24:57.9466908Z     "workbook": "work/f03-pdf/different-credit-notes-direct.xlsx",
2026-10-05T20:24:57.9467273Z     "verified": true,
2026-10-05T20:24:57.9467526Z     "id": "different-credit-notes",
2026-10-05T20:24:57.9467796Z     "sourceFormat": "pdf",
2026-10-05T20:24:57.9468040Z     "approved": 0,
2026-10-05T20:24:57.9468279Z     "engine": "0.3.26-experimental"
2026-10-05T20:24:57.9468523Z   },
2026-10-05T20:24:57.9468711Z   {
2026-10-05T20:24:57.9469022Z     "workbook": "work/f03-pdf/different-credit-notes-restored.xlsx",
2026-10-05T20:24:57.9469384Z     "verified": true,
2026-10-05T20:24:57.9469633Z     "id": "different-credit-notes",
2026-10-05T20:24:57.9469901Z     "sourceFormat": "pdf",
2026-10-05T20:24:57.9470144Z     "approved": 0,
2026-10-05T20:24:57.9470388Z     "engine": "0.3.26-experimental"
2026-10-05T20:24:57.9470870Z   },
2026-10-05T20:24:57.9471052Z   {
2026-10-05T20:24:57.9471343Z     "workbook": "work/f03-pdf/own-credit-note-direct.xlsx",
2026-10-05T20:24:57.9471679Z     "verified": true,
2026-10-05T20:24:57.9471981Z     "id": "own-credit-note",
2026-10-05T20:24:57.9472381Z     "sourceFormat": "pdf",
2026-10-05T20:24:57.9472762Z     "approved": 1,
2026-10-05T20:24:57.9473149Z     "engine": "0.3.26-experimental"
2026-10-05T20:24:57.9473556Z   },
2026-10-05T20:24:57.9473842Z   {
2026-10-05T20:24:57.9474475Z     "workbook": "work/f03-pdf/own-credit-note-restored.xlsx",
2026-10-05T20:24:57.9475354Z     "verified": true,
2026-10-05T20:24:57.9475666Z     "id": "own-credit-note",
2026-10-05T20:24:57.9475924Z     "sourceFormat": "pdf",
2026-10-05T20:24:57.9476181Z     "approved": 1,
2026-10-05T20:24:57.9476422Z     "engine": "0.3.26-experimental"
2026-10-05T20:24:57.9476680Z   },
2026-10-05T20:24:57.9476857Z   {
2026-10-05T20:24:57.9477161Z     "workbook": "work/f03-pdf/short-own-credit-note-direct.xlsx",
2026-10-05T20:24:57.9477522Z     "verified": true,
2026-10-05T20:24:57.9477773Z     "id": "short-own-credit-note",
2026-10-05T20:24:57.9478039Z     "sourceFormat": "pdf",
2026-10-05T20:24:57.9478269Z     "approved": 1,
2026-10-05T20:24:57.9478509Z     "engine": "0.3.26-experimental"
2026-10-05T20:24:57.9478752Z   },
2026-10-05T20:24:57.9478924Z   {
2026-10-05T20:24:57.9479231Z     "workbook": "work/f03-pdf/short-own-credit-note-restored.xlsx",
2026-10-05T20:24:57.9479585Z     "verified": true,
2026-10-05T20:24:57.9479840Z     "id": "short-own-credit-note",
2026-10-05T20:24:57.9480102Z     "sourceFormat": "pdf",
2026-10-05T20:24:57.9480335Z     "approved": 1,
2026-10-05T20:24:57.9480843Z     "engine": "0.3.26-experimental"
2026-10-05T20:24:57.9481108Z   }
2026-10-05T20:24:57.9481300Z ]
2026-10-05T20:24:58.1176089Z test_all_native_and_restored_sources (test_check_export.RelatedInvoiceOracle.test_all_native_and_restored_sources) ... ok
2026-10-05T20:24:58.1821482Z test_role_source_amount_and_membership_tampering (test_check_export.RelatedInvoiceOracle.test_role_source_amount_and_membership_tampering) ... ok
2026-10-05T20:24:58.1822510Z 
2026-10-05T20:24:58.1822993Z ----------------------------------------------------------------------
2026-10-05T20:24:58.1823588Z Ran 2 tests in 0.179s
2026-10-05T20:24:58.1823821Z 
2026-10-05T20:24:58.1823969Z OK
2026-10-05T20:24:58.1943443Z ##[group]Run REQUIRE_UNKNOWN_PASS=1 node --experimental-strip-types audit/related-invoice/unknown-role/run.mjs . work/unknown-role
2026-10-05T20:24:58.1944399Z [36;1mREQUIRE_UNKNOWN_PASS=1 node --experimental-strip-types audit/related-invoice/unknown-role/run.mjs . work/unknown-role[0m
2026-10-05T20:24:58.1945170Z [36;1mpython3 audit/related-invoice/unknown-role/check_export.py work/unknown-role/*.xlsx[0m
2026-10-05T20:24:58.1945825Z [36;1mpython3 -m unittest discover -s audit/related-invoice/unknown-role -p 'test_*.py' -v[0m
2026-10-05T20:24:58.2008109Z shell: /usr/bin/bash -e {0}
2026-10-05T20:24:58.2008539Z env:
2026-10-05T20:24:58.2008800Z   PNPM_HOME: /home/runner/setup-pnpm/node_modules/.bin
2026-10-05T20:24:58.2009124Z ##[endgroup]
2026-10-05T20:24:59.1885128Z {"engine":"0.3.26-experimental","passed":10,"total":10,"cases":[{"id":"different-untyped-credit","format":"xlsx","approved":0,"passed":true},{"id":"same-untyped-credit","format":"xlsx","approved":0,"passed":true},{"id":"arabic-untyped-credit","format":"xlsx","approved":0,"passed":true},{"id":"chosen-generic-untyped-credit","format":"xlsx","approved":0,"passed":true},{"id":"blank-credit-ordinary-invoice","format":"xlsx","approved":1,"passed":true},{"id":"different-untyped-credit","format":"csv","approved":0,"passed":true},{"id":"same-untyped-credit","format":"csv","approved":0,"passed":true},{"id":"arabic-untyped-credit","format":"csv","approved":0,"passed":true},{"id":"chosen-generic-untyped-credit","format":"csv","approved":0,"passed":true},{"id":"blank-credit-ordinary-invoice","format":"csv","approved":1,"passed":true}]}
2026-10-05T20:24:59.3240802Z [
2026-10-05T20:24:59.3244042Z   {
2026-10-05T20:24:59.3245011Z     "workbook": "work/unknown-role/arabic-untyped-credit-csv-direct.xlsx",
2026-10-05T20:24:59.3245900Z     "verified": true,
2026-10-05T20:24:59.3246389Z     "id": "arabic-untyped-credit",
2026-10-05T20:24:59.3246881Z     "format": "csv",
2026-10-05T20:24:59.3247290Z     "approved": 0,
2026-10-05T20:24:59.3247770Z     "engine": "0.3.26-experimental"
2026-10-05T20:24:59.3248187Z   },
2026-10-05T20:24:59.3248409Z   {
2026-10-05T20:24:59.3248869Z     "workbook": "work/unknown-role/arabic-untyped-credit-csv-restored.xlsx",
2026-10-05T20:24:59.3249372Z     "verified": true,
2026-10-05T20:24:59.3249690Z     "id": "arabic-untyped-credit",
2026-10-05T20:24:59.3250014Z     "format": "csv",
2026-10-05T20:24:59.3250274Z     "approved": 0,
2026-10-05T20:24:59.3250869Z     "engine": "0.3.26-experimental"
2026-10-05T20:24:59.3251231Z   },
2026-10-05T20:24:59.3251451Z   {
2026-10-05T20:24:59.3251893Z     "workbook": "work/unknown-role/arabic-untyped-credit-xlsx-direct.xlsx",
2026-10-05T20:24:59.3252407Z     "verified": true,
2026-10-05T20:24:59.3252721Z     "id": "arabic-untyped-credit",
2026-10-05T20:24:59.3253040Z     "format": "xlsx",
2026-10-05T20:24:59.3253299Z     "approved": 0,
2026-10-05T20:24:59.3253592Z     "engine": "0.3.26-experimental"
2026-10-05T20:24:59.3253891Z   },
2026-10-05T20:24:59.3254100Z   {
2026-10-05T20:24:59.3254552Z     "workbook": "work/unknown-role/arabic-untyped-credit-xlsx-restored.xlsx",
2026-10-05T20:24:59.3255040Z     "verified": true,
2026-10-05T20:24:59.3255395Z     "id": "arabic-untyped-credit",
2026-10-05T20:24:59.3255700Z     "format": "xlsx",
2026-10-05T20:24:59.3255929Z     "approved": 0,
2026-10-05T20:24:59.3256171Z     "engine": "0.3.26-experimental"
2026-10-05T20:24:59.3256416Z   },
2026-10-05T20:24:59.3256588Z   {
2026-10-05T20:24:59.3256971Z     "workbook": "work/unknown-role/blank-credit-ordinary-invoice-csv-direct.xlsx",
2026-10-05T20:24:59.3257386Z     "verified": true,
2026-10-05T20:24:59.3257663Z     "id": "blank-credit-ordinary-invoice",
2026-10-05T20:24:59.3257952Z     "format": "csv",
2026-10-05T20:24:59.3258166Z     "approved": 1,
2026-10-05T20:24:59.3258409Z     "engine": "0.3.26-experimental"
2026-10-05T20:24:59.3258657Z   },
2026-10-05T20:24:59.3258840Z   {
2026-10-05T20:24:59.3259226Z     "workbook": "work/unknown-role/blank-credit-ordinary-invoice-csv-restored.xlsx",
2026-10-05T20:24:59.3260014Z     "verified": true,
2026-10-05T20:24:59.3260304Z     "id": "blank-credit-ordinary-invoice",
2026-10-05T20:24:59.3260740Z     "format": "csv",
2026-10-05T20:24:59.3260964Z     "approved": 1,
2026-10-05T20:24:59.3261211Z     "engine": "0.3.26-experimental"
2026-10-05T20:24:59.3261460Z   },
2026-10-05T20:24:59.3261633Z   {
2026-10-05T20:24:59.3262020Z     "workbook": "work/unknown-role/blank-credit-ordinary-invoice-xlsx-direct.xlsx",
2026-10-05T20:24:59.3262440Z     "verified": true,
2026-10-05T20:24:59.3262705Z     "id": "blank-credit-ordinary-invoice",
2026-10-05T20:24:59.3262982Z     "format": "xlsx",
2026-10-05T20:24:59.3263395Z     "approved": 1,
2026-10-05T20:24:59.3263629Z     "engine": "0.3.26-experimental"
2026-10-05T20:24:59.3263873Z   },
2026-10-05T20:24:59.3264052Z   {
2026-10-05T20:24:59.3264435Z     "workbook": "work/unknown-role/blank-credit-ordinary-invoice-xlsx-restored.xlsx",
2026-10-05T20:24:59.3264863Z     "verified": true,
2026-10-05T20:24:59.3265134Z     "id": "blank-credit-ordinary-invoice",
2026-10-05T20:24:59.3265408Z     "format": "xlsx",
2026-10-05T20:24:59.3265615Z     "approved": 1,
2026-10-05T20:24:59.3265852Z     "engine": "0.3.26-experimental"
2026-10-05T20:24:59.3266095Z   },
2026-10-05T20:24:59.3266271Z   {
2026-10-05T20:24:59.3266647Z     "workbook": "work/unknown-role/chosen-generic-untyped-credit-csv-direct.xlsx",
2026-10-05T20:24:59.3267066Z     "verified": true,
2026-10-05T20:24:59.3267329Z     "id": "chosen-generic-untyped-credit",
2026-10-05T20:24:59.3267611Z     "format": "csv",
2026-10-05T20:24:59.3267829Z     "approved": 0,
2026-10-05T20:24:59.3268069Z     "engine": "0.3.26-experimental"
2026-10-05T20:24:59.3268313Z   },
2026-10-05T20:24:59.3268491Z   {
2026-10-05T20:24:59.3268879Z     "workbook": "work/unknown-role/chosen-generic-untyped-credit-csv-restored.xlsx",
2026-10-05T20:24:59.3269305Z     "verified": true,
2026-10-05T20:24:59.3269573Z     "id": "chosen-generic-untyped-credit",
2026-10-05T20:24:59.3269853Z     "format": "csv",
2026-10-05T20:24:59.3270068Z     "approved": 0,
2026-10-05T20:24:59.3270304Z     "engine": "0.3.26-experimental"
2026-10-05T20:24:59.3270747Z   },
2026-10-05T20:24:59.3270930Z   {
2026-10-05T20:24:59.3271307Z     "workbook": "work/unknown-role/chosen-generic-untyped-credit-xlsx-direct.xlsx",
2026-10-05T20:24:59.3271750Z     "verified": true,
2026-10-05T20:24:59.3272009Z     "id": "chosen-generic-untyped-credit",
2026-10-05T20:24:59.3272285Z     "format": "xlsx",
2026-10-05T20:24:59.3272502Z     "approved": 0,
2026-10-05T20:24:59.3272735Z     "engine": "0.3.26-experimental"
2026-10-05T20:24:59.3272978Z   },
2026-10-05T20:24:59.3273159Z   {
2026-10-05T20:24:59.3273544Z     "workbook": "work/unknown-role/chosen-generic-untyped-credit-xlsx-restored.xlsx",
2026-10-05T20:24:59.3273972Z     "verified": true,
2026-10-05T20:24:59.3274228Z     "id": "chosen-generic-untyped-credit",
2026-10-05T20:24:59.3274509Z     "format": "xlsx",
2026-10-05T20:24:59.3274720Z     "approved": 0,
2026-10-05T20:24:59.3274955Z     "engine": "0.3.26-experimental"
2026-10-05T20:24:59.3275198Z   },
2026-10-05T20:24:59.3275370Z   {
2026-10-05T20:24:59.3275740Z     "workbook": "work/unknown-role/different-untyped-credit-csv-direct.xlsx",
2026-10-05T20:24:59.3276134Z     "verified": true,
2026-10-05T20:24:59.3276392Z     "id": "different-untyped-credit",
2026-10-05T20:24:59.3276660Z     "format": "csv",
2026-10-05T20:24:59.3276875Z     "approved": 0,
2026-10-05T20:24:59.3277109Z     "engine": "0.3.26-experimental"
2026-10-05T20:24:59.3277350Z   },
2026-10-05T20:24:59.3277530Z   {
2026-10-05T20:24:59.3277891Z     "workbook": "work/unknown-role/different-untyped-credit-csv-restored.xlsx",
2026-10-05T20:24:59.3278304Z     "verified": true,
2026-10-05T20:24:59.3278567Z     "id": "different-untyped-credit",
2026-10-05T20:24:59.3278833Z     "format": "csv",
2026-10-05T20:24:59.3279046Z     "approved": 0,
2026-10-05T20:24:59.3279282Z     "engine": "0.3.26-experimental"
2026-10-05T20:24:59.3279522Z   },
2026-10-05T20:24:59.3279695Z   {
2026-10-05T20:24:59.3280207Z     "workbook": "work/unknown-role/different-untyped-credit-xlsx-direct.xlsx",
2026-10-05T20:24:59.3280922Z     "verified": true,
2026-10-05T20:24:59.3281192Z     "id": "different-untyped-credit",
2026-10-05T20:24:59.3281459Z     "format": "xlsx",
2026-10-05T20:24:59.3281674Z     "approved": 0,
2026-10-05T20:24:59.3281906Z     "engine": "0.3.26-experimental"
2026-10-05T20:24:59.3282149Z   },
2026-10-05T20:24:59.3282328Z   {
2026-10-05T20:24:59.3282709Z     "workbook": "work/unknown-role/different-untyped-credit-xlsx-restored.xlsx",
2026-10-05T20:24:59.3283112Z     "verified": true,
2026-10-05T20:24:59.3283361Z     "id": "different-untyped-credit",
2026-10-05T20:24:59.3283831Z     "format": "xlsx",
2026-10-05T20:24:59.3284043Z     "approved": 0,
2026-10-05T20:24:59.3284271Z     "engine": "0.3.26-experimental"
2026-10-05T20:24:59.3284513Z   },
2026-10-05T20:24:59.3284685Z   {
2026-10-05T20:24:59.3285009Z     "workbook": "work/unknown-role/same-untyped-credit-csv-direct.xlsx",
2026-10-05T20:24:59.3285399Z     "verified": true,
2026-10-05T20:24:59.3285646Z     "id": "same-untyped-credit",
2026-10-05T20:24:59.3285905Z     "format": "csv",
2026-10-05T20:24:59.3286119Z     "approved": 0,
2026-10-05T20:24:59.3286354Z     "engine": "0.3.26-experimental"
2026-10-05T20:24:59.3286593Z   },
2026-10-05T20:24:59.3286764Z   {
2026-10-05T20:24:59.3287101Z     "workbook": "work/unknown-role/same-untyped-credit-csv-restored.xlsx",
2026-10-05T20:24:59.3287481Z     "verified": true,
2026-10-05T20:24:59.3287728Z     "id": "same-untyped-credit",
2026-10-05T20:24:59.3287980Z     "format": "csv",
2026-10-05T20:24:59.3288189Z     "approved": 0,
2026-10-05T20:24:59.3288429Z     "engine": "0.3.26-experimental"
2026-10-05T20:24:59.3288673Z   },
2026-10-05T20:24:59.3288844Z   {
2026-10-05T20:24:59.3289173Z     "workbook": "work/unknown-role/same-untyped-credit-xlsx-direct.xlsx",
2026-10-05T20:24:59.3289551Z     "verified": true,
2026-10-05T20:24:59.3289796Z     "id": "same-untyped-credit",
2026-10-05T20:24:59.3290045Z     "format": "xlsx",
2026-10-05T20:24:59.3290259Z     "approved": 0,
2026-10-05T20:24:59.3290494Z     "engine": "0.3.26-experimental"
2026-10-05T20:24:59.3290918Z   },
2026-10-05T20:24:59.3291092Z   {
2026-10-05T20:24:59.3291441Z     "workbook": "work/unknown-role/same-untyped-credit-xlsx-restored.xlsx",
2026-10-05T20:24:59.3291831Z     "verified": true,
2026-10-05T20:24:59.3292075Z     "id": "same-untyped-credit",
2026-10-05T20:24:59.3292324Z     "format": "xlsx",
2026-10-05T20:24:59.3292539Z     "approved": 0,
2026-10-05T20:24:59.3292771Z     "engine": "0.3.26-experimental"
2026-10-05T20:24:59.3293009Z   }
2026-10-05T20:24:59.3293194Z ]
2026-10-05T20:24:59.4675678Z test_native_and_restored_exports (test_check_export.UnknownCreditOracle.test_native_and_restored_exports) ... ok
2026-10-05T20:24:59.5299033Z test_native_role_and_financial_tampering (test_check_export.UnknownCreditOracle.test_native_role_and_financial_tampering) ... ok
2026-10-05T20:24:59.5300186Z 
2026-10-05T20:24:59.5300970Z ----------------------------------------------------------------------
2026-10-05T20:24:59.5301707Z Ran 2 tests in 0.143s
2026-10-05T20:24:59.5301989Z 
2026-10-05T20:24:59.5302151Z OK
2026-10-05T20:24:59.5432680Z ##[group]Run REQUIRE_P5_PASS=1 node --experimental-strip-types audit/assistant-evidence/run.mjs . work/p5-native
2026-10-05T20:24:59.5433814Z [36;1mREQUIRE_P5_PASS=1 node --experimental-strip-types audit/assistant-evidence/run.mjs . work/p5-native[0m
2026-10-05T20:24:59.5434648Z [36;1mpython3 audit/assistant-evidence/check_export.py work/p5-native/*.xlsx --answers work/p5-native/observations.json[0m
2026-10-05T20:24:59.5435346Z [36;1mpython3 -m unittest discover -s audit/assistant-evidence -p 'test_*.py' -v[0m
2026-10-05T20:24:59.5498211Z shell: /usr/bin/bash -e {0}
2026-10-05T20:24:59.5498637Z env:
2026-10-05T20:24:59.5499071Z   PNPM_HOME: /home/runner/setup-pnpm/node_modules/.bin
2026-10-05T20:24:59.5499625Z ##[endgroup]
2026-10-05T20:25:00.1628221Z {"engine":"0.3.26-experimental","passed":4,"total":4,"cases":[{"id":"untyped-credit","passed":true,"kind":"transaction","lookup":["supplier:0:2"],"probes":[]},{"id":"unselected-reference","passed":true,"kind":"transaction","lookup":["supplier:0:2","ledger:0:2"],"probes":[]},{"id":"balanced-variance","passed":true,"kind":"difference","lookup":[],"probes":[{"name":"invented-case-total","passed":true},{"name":"invented-bridge","passed":true},{"name":"invented-count","passed":true},{"name":"display-member-drift","passed":true}]},{"id":"partial-source","passed":true,"kind":"transaction","lookup":["supplier:0:2","ledger:0:2"],"probes":[]}]}
2026-10-05T20:25:00.2492863Z {
2026-10-05T20:25:00.2493461Z   "workbooks": [
2026-10-05T20:25:00.2494242Z     {
2026-10-05T20:25:00.2494789Z       "workbook": "work/p5-native/balanced-variance-direct.xlsx",
2026-10-05T20:25:00.2495345Z       "verified": true,
2026-10-05T20:25:00.2495731Z       "id": "balanced-variance",
2026-10-05T20:25:00.2496128Z       "approved": 0,
2026-10-05T20:25:00.2496504Z       "engine": "0.3.26-experimental"
2026-10-05T20:25:00.2496897Z     },
2026-10-05T20:25:00.2497166Z     {
2026-10-05T20:25:00.2497648Z       "workbook": "work/p5-native/balanced-variance-restored.xlsx",
2026-10-05T20:25:00.2498212Z       "verified": true,
2026-10-05T20:25:00.2498598Z       "id": "balanced-variance",
2026-10-05T20:25:00.2498978Z       "approved": 0,
2026-10-05T20:25:00.2499350Z       "engine": "0.3.26-experimental"
2026-10-05T20:25:00.2499728Z     },
2026-10-05T20:25:00.2499998Z     {
2026-10-05T20:25:00.2500514Z       "workbook": "work/p5-native/partial-source-direct.xlsx",
2026-10-05T20:25:00.2501546Z       "verified": true,
2026-10-05T20:25:00.2501912Z       "id": "partial-source",
2026-10-05T20:25:00.2502293Z       "approved": 1,
2026-10-05T20:25:00.2502663Z       "engine": "0.3.26-experimental"
2026-10-05T20:25:00.2503003Z     },
2026-10-05T20:25:00.2503222Z     {
2026-10-05T20:25:00.2503591Z       "workbook": "work/p5-native/partial-source-restored.xlsx",
2026-10-05T20:25:00.2504012Z       "verified": true,
2026-10-05T20:25:00.2504293Z       "id": "partial-source",
2026-10-05T20:25:00.2504582Z       "approved": 1,
2026-10-05T20:25:00.2504875Z       "engine": "0.3.26-experimental"
2026-10-05T20:25:00.2505182Z     },
2026-10-05T20:25:00.2505397Z     {
2026-10-05T20:25:00.2505774Z       "workbook": "work/p5-native/unselected-reference-direct.xlsx",
2026-10-05T20:25:00.2506209Z       "verified": true,
2026-10-05T20:25:00.2506516Z       "id": "unselected-reference",
2026-10-05T20:25:00.2506829Z       "approved": 1,
2026-10-05T20:25:00.2507120Z       "engine": "0.3.26-experimental"
2026-10-05T20:25:00.2507420Z     },
2026-10-05T20:25:00.2507632Z     {
2026-10-05T20:25:00.2508025Z       "workbook": "work/p5-native/unselected-reference-restored.xlsx",
2026-10-05T20:25:00.2508471Z       "verified": true,
2026-10-05T20:25:00.2508771Z       "id": "unselected-reference",
2026-10-05T20:25:00.2509086Z       "approved": 1,
2026-10-05T20:25:00.2509372Z       "engine": "0.3.26-experimental"
2026-10-05T20:25:00.2509674Z     },
2026-10-05T20:25:00.2509881Z     {
2026-10-05T20:25:00.2510229Z       "workbook": "work/p5-native/untyped-credit-direct.xlsx",
2026-10-05T20:25:00.2510781Z       "verified": true,
2026-10-05T20:25:00.2511296Z       "id": "untyped-credit",
2026-10-05T20:25:00.2511595Z       "approved": 0,
2026-10-05T20:25:00.2511901Z       "engine": "0.3.26-experimental"
2026-10-05T20:25:00.2512200Z     },
2026-10-05T20:25:00.2512407Z     {
2026-10-05T20:25:00.2512766Z       "workbook": "work/p5-native/untyped-credit-restored.xlsx",
2026-10-05T20:25:00.2513190Z       "verified": true,
2026-10-05T20:25:00.2513422Z       "id": "untyped-credit",
2026-10-05T20:25:00.2513657Z       "approved": 0,
2026-10-05T20:25:00.2513904Z       "engine": "0.3.26-experimental"
2026-10-05T20:25:00.2514149Z     }
2026-10-05T20:25:00.2514325Z   ],
2026-10-05T20:25:00.2514513Z   "answers": {
2026-10-05T20:25:00.2514729Z     "answersVerified": 4,
2026-10-05T20:25:00.2514993Z     "engine": "0.3.26-experimental"
2026-10-05T20:25:00.2515242Z   },
2026-10-05T20:25:00.2515427Z   "browser": null
2026-10-05T20:25:00.2515628Z }
2026-10-05T20:25:00.3451944Z test_native_and_restored_exports_and_answers (test_check_export.AssistantEvidenceOracle.test_native_and_restored_exports_and_answers) ... ok
2026-10-05T20:25:00.3932795Z test_oracle_rejects_source_money_and_answer_tampering (test_check_export.AssistantEvidenceOracle.test_oracle_rejects_source_money_and_answer_tampering) ... ok
2026-10-05T20:25:00.3933620Z 
2026-10-05T20:25:00.3933924Z ----------------------------------------------------------------------
2026-10-05T20:25:00.3934391Z Ran 2 tests in 0.081s
2026-10-05T20:25:00.3934568Z 
2026-10-05T20:25:00.3934977Z OK
2026-10-05T20:25:00.4057171Z ##[group]Run pnpm test:reliability:p2
2026-10-05T20:25:00.4057525Z [36;1mpnpm test:reliability:p2[0m
2026-10-05T20:25:00.4119750Z shell: /usr/bin/bash -e {0}
2026-10-05T20:25:00.4120017Z env:
2026-10-05T20:25:00.4120278Z   PNPM_HOME: /home/runner/setup-pnpm/node_modules/.bin
2026-10-05T20:25:00.4120739Z ##[endgroup]
2026-10-05T20:25:01.3304399Z Already up to date
2026-10-05T20:25:01.3312128Z Done in 432ms using pnpm v11.19.0
2026-10-05T20:25:01.3455940Z $ node scripts/test-p2-contracts.mjs
2026-10-05T20:25:01.9357115Z {
2026-10-05T20:25:01.9357484Z   "engineVersion": "0.3.26-experimental",
2026-10-05T20:25:01.9357830Z   "cases": 19,
2026-10-05T20:25:01.9358073Z   "passed": 19,
2026-10-05T20:25:01.9358301Z   "failed": 0,
2026-10-05T20:25:01.9358544Z   "requiredAutoGroups": 11,
2026-10-05T20:25:01.9358871Z   "satisfiedRequiredGroups": 11,
2026-10-05T20:25:01.9359193Z   "falseApprovedGroups": 0,
2026-10-05T20:25:01.9359484Z   "operationExceptions": 0,
2026-10-05T20:25:01.9359867Z   "engineLibFilesUnchanged": true,
2026-10-05T20:25:01.9360167Z   "failedIds": [],
2026-10-05T20:25:01.9361107Z   "output": "/home/runner/work/accounting/accounting/work/p2-regression/run-fkC5zO/independent.json"
2026-10-05T20:25:01.9361669Z }
2026-10-05T20:25:02.4060827Z {
2026-10-05T20:25:02.4061412Z   "engineVersion": "0.3.26-experimental",
2026-10-05T20:25:02.4061884Z   "cases": 10,
2026-10-05T20:25:02.4062162Z   "passed": 10,
2026-10-05T20:25:02.4062429Z   "failed": 0,
2026-10-05T20:25:02.4062714Z   "requiredAutoGroups": 7,
2026-10-05T20:25:02.4063085Z   "satisfiedRequiredGroups": 7,
2026-10-05T20:25:02.4063464Z   "falseApprovedGroups": 0,
2026-10-05T20:25:02.4063808Z   "operationExceptions": 0,
2026-10-05T20:25:02.4064175Z   "engineLibFilesUnchanged": true,
2026-10-05T20:25:02.4064533Z   "failedIds": [],
2026-10-05T20:25:02.4065146Z   "output": "/home/runner/work/accounting/accounting/work/p2-regression/run-fkC5zO/holdout.json"
2026-10-05T20:25:02.4065748Z }
2026-10-05T20:25:02.8535299Z {
2026-10-05T20:25:02.8535908Z   "engineVersion": "0.3.26-experimental",
2026-10-05T20:25:02.8536463Z   "cases": 8,
2026-10-05T20:25:02.8548138Z   "passed": 8,
2026-10-05T20:25:02.8548520Z   "failed": 0,
2026-10-05T20:25:02.8548880Z   "requiredAutoGroups": 6,
2026-10-05T20:25:02.8549326Z   "satisfiedRequiredGroups": 6,
2026-10-05T20:25:02.8549786Z   "falseApprovedGroups": 0,
2026-10-05T20:25:02.8550253Z   "operationExceptions": 0,
2026-10-05T20:25:02.8550977Z   "engineLibFilesUnchanged": true,
2026-10-05T20:25:02.8551427Z   "failedIds": [],
2026-10-05T20:25:02.8552239Z   "output": "/home/runner/work/accounting/accounting/work/p2-regression/run-fkC5zO/holdout-v2.json"
2026-10-05T20:25:02.8553065Z }
2026-10-05T20:25:02.8659484Z P2 regression contracts passed. Evidence: /home/runner/work/accounting/accounting/work/p2-regression/run-fkC5zO
2026-10-05T20:25:02.8872677Z ##[group]Run pnpm test:reliability:partial
2026-10-05T20:25:02.8873052Z [36;1mpnpm test:reliability:partial[0m
2026-10-05T20:25:02.8935181Z shell: /usr/bin/bash -e {0}
2026-10-05T20:25:02.8935466Z env:
2026-10-05T20:25:02.8935736Z   PNPM_HOME: /home/runner/setup-pnpm/node_modules/.bin
2026-10-05T20:25:02.8936053Z ##[endgroup]
2026-10-05T20:25:03.8026973Z Already up to date
2026-10-05T20:25:03.8035044Z Done in 424ms using pnpm v11.19.0
2026-10-05T20:25:03.8186885Z $ node scripts/test-partial-contracts.mjs
2026-10-05T20:25:04.9685782Z {
2026-10-05T20:25:04.9686210Z   "cases": 16,
2026-10-05T20:25:04.9686616Z   "passed": 16,
2026-10-05T20:25:04.9687002Z   "failed": 0,
2026-10-05T20:25:04.9687422Z   "requiredPositiveSets": 15,
2026-10-05T20:25:04.9687972Z   "satisfiedPositiveSets": 15,
2026-10-05T20:25:04.9688470Z   "falseApprovedSets": 0,
2026-10-05T20:25:04.9689007Z   "unexpectedOperationExceptions": 0,
2026-10-05T20:25:04.9689603Z   "engineLibFilesUnchanged": true,
2026-10-05T20:25:04.9690424Z   "out": "/home/runner/work/accounting/accounting/work/partial-regression/run-4j46TK/contracts.json"
2026-10-05T20:25:04.9691378Z }
2026-10-05T20:25:05.4628611Z {
2026-10-05T20:25:05.4629394Z   "completed": true,
2026-10-05T20:25:05.4629857Z   "engineUnchanged": true,
2026-10-05T20:25:05.4630401Z   "engine": "0.3.26-experimental",
2026-10-05T20:25:05.4631616Z   "out": "/home/runner/work/accounting/accounting/work/partial-regression/run-4j46TK/reviewed"
2026-10-05T20:25:05.4632424Z }
2026-10-05T20:25:05.5401255Z {"checkerSha256": "6475352b77f71a35c0ecf8ccfa51ec71630c5f8e80eacde37514e1c873014bdf", "observedAtUtc": "2026-10-05T20:25:05.517459+00:00", "passed": true, "frozenBefore": "0b10b982659d984e9298082c0a76bb183fcd6d30abb8c34a5be520fed9a57e7e", "workbookSha256": "42c43ab7da39adc29eda4ca90cc354a0ad57dfb3ebdf5da41388009133e3194d", "observations": {"originalSourcePreservation": {"passed": true, "readableRows": 5, "readingIssues": [{"sourceRowId": "supplier:0:3", "reason": "المبلغ غير صالح أو يتجاوز عدد المنازل العشرية للعملة", "originalAmount": "12x.34"}], "issueTraceEncoding": "Source File + Side + Source Sheet CSV + Source Row; contract IDs reconstructed for selected sheet 0"}, "partialSummaryAndReview": {"passed": true, "processedTotalsMinor": {"supplier": 8550, "ledger": 9784}, "processedTotalFields": {"supplier": "Supplier Processed Transaction Total", "ledger": "Ledger Processed Transaction Total"}, "partialSummaryFields": {"Reading Status": "Partial — reading issues remain open", "Workbook Mode": "Partial transaction snapshot for review. Reading issues remain open; totals cover processed transactions only. Not a complete reconciliation."}, "bridgeStatus": "Balance bridge prerequisites incomplete", "reviewCompleted": "Review recorded; reading issues remain open", "reviewApproval": "Not approved — review completion is not an approval declaration"}, "originalSourceHashBinding": {"passed": true, "sourceProvenance": {"manifestSha256": "0b10b982659d984e9298082c0a76bb183fcd6d30abb8c34a5be520fed9a57e7e"}}, "requiredCompletion": {"requiredPairs": 2, "actualMatchedCases": 2, "requiredMemberSets": [{"supplierRows": [2], "ledgerRows": [2], "supplierTotalMinor": 12575, "ledgerTotalMinor": 12575}, {"supplierRows": [4], "ledgerRows": [4], "supplierTotalMinor": -4025, "ledgerTotalMinor": -4025}]}}, "contract": "PR01", "requiredPairs": 2, "requiredPairsSatisfied": 2, "falseApprovedPairs": 0, "matchedSourceRows": 4, "readableSourceRows": 5, "invalidRowsRetained": [{"sourceRowId": "supplier:0:3", "reason": "المبلغ غير صالح أو يتجاوز عدد المنازل العشرية للعملة", "originalAmount": "12x.34"}], "processedTotalsMinor": {"supplier": 8550, "ledger": 9784}, "processedTotalFields": {"supplier": "Supplier Processed Transaction Total", "ledger": "Ledger Processed Transaction Total"}, "partialSummaryFields": {"Reading Status": "Partial — reading issues remain open", "Workbook Mode": "Partial transaction snapshot for review. Reading issues remain open; totals cover processed transactions only. Not a complete reconciliation."}, "bridgeStatus": "Balance bridge prerequisites incomplete", "reviewCompleted": "Review recorded; reading issues remain open", "reviewApproval": "Not approved — review completion is not an approval declaration", "xmlPartsParsed": 33, "sourceProvenance": {"manifestSha256": "0b10b982659d984e9298082c0a76bb183fcd6d30abb8c34a5be520fed9a57e7e"}, "scope": "Independent synthetic literal sources, error preservation and financial member sets. No engine/ExcelJS imports or formula recalculation.", "frozenAfter": "0b10b982659d984e9298082c0a76bb183fcd6d30abb8c34a5be520fed9a57e7e"}
2026-10-05T20:25:05.5458692Z Partial reconciliation regression evidence: /home/runner/work/accounting/accounting/work/partial-regression/run-4j46TK
2026-10-05T20:25:05.5672744Z ##[group]Run pnpm test:reliability:quick
2026-10-05T20:25:05.5673103Z [36;1mpnpm test:reliability:quick[0m
2026-10-05T20:25:05.5735379Z shell: /usr/bin/bash -e {0}
2026-10-05T20:25:05.5735634Z env:
2026-10-05T20:25:05.5735891Z   PNPM_HOME: /home/runner/setup-pnpm/node_modules/.bin
2026-10-05T20:25:05.5736215Z ##[endgroup]
2026-10-05T20:25:06.4660467Z Already up to date
2026-10-05T20:25:06.4667589Z Done in 413ms using pnpm v11.19.0
2026-10-05T20:25:06.4815482Z $ node --experimental-strip-types audit/reliability/run.mjs --quick
2026-10-05T20:25:08.4367129Z {"completed":40,"total":40,"pass":40,"safetyFailures":0,"elapsedSeconds":2}
2026-10-05T20:25:08.4417296Z {"output":"/home/runner/work/accounting/accounting/work/reliability/2026-10-05T20-25-06-859Z","overall":{"cases":40,"passed":40,"safetyPassed":40,"resultsProduced":22,"completeSourceReads":22,"partialOrUnverifiedResults":0,"sourceReadErrors":0,"unprovenFormatDefaults":2,"casesWithUnprovenFormatDefaults":2,"completedComparisons":22,"completedWithoutManualCorrection":0,"automaticallyDerivedInputs":15,"explicitAttestations":192,"needsChosenInterpretation":16,"suppliedExternalFacts":0,"conditionalRequiredMatches":13,"resolvedInputRequiredMatches":12,"completedAutomatically":0,"outcomes":{"external-information-required":15,"completed-comparison":22,"controlled-stop":3},"interventionLevels":{"limited-confirmation":16,"manual-correction":24},"requiredInterventionLevels":{"human-external":15,"manual-correction":24,"limited-confirmation":1},"byIntervention":{"automatic":{"cases":0,"completedComparisons":0},"limited-confirmation":{"cases":16,"completedComparisons":0},"manual-correction":{"cases":24,"completedComparisons":22},"human-external":{"cases":0,"completedComparisons":0}},"ambiguityGate":{"refused":15},"ambiguityGateAnswered":{"accepted-with-choice":14,"blocked-by-other-field":1},"unresolvedInputs":{"supplier.numberFormat":11,"ledger.numberFormat":4},"permittedMatches":25,"expectedMatches":25,"correctRequiredMatches":12,"correctMatches":12,"missedRequiredMatches":13,"permittedGroups":0,"acceptedGroups":0,"requiredGroups":0,"acceptedRequiredGroups":0,"missedRequiredGroups":0,"groupAssessmentClasses":{"review":2},"groupBusinessTasks":{"payment-matching":2},"falseMatches":0,"falseMatchMinorByCurrency":{},"expectedRows":102,"validExpectedRows":97,"extractedRows":55,"excludedRows":1,"exportsChecked":22,"bridgesChecked":22,"automaticColumnSelection":40,"stopped":18,"exceptionRows":51,"handledExceptionRows":51,"confirmations":{"supplier: numberFormat needs outside-document information; no oracle default supplied":11,"ledger: PDF visual review required":5,"ledger: numberFormat needs outside-document information; no oracle default supplied":4,"supplier: PDF visual review required":6},"failures":{},"metricDefinitions":{"resultProduced":"The engine returned a result object, including diagnostic partial results. This is not completed accounting work.","completedComparison":"A result was produced after both sources had no row errors or independently detected missing/changed rows and no unproven format default. Correctness and required-decision completion are separately reported.","unprovenFormatDefaults":"Diagnostic normalization used the product default after format inference returned invalid/unavailable. This is not a confirmed or automatically proved interpretation.","passed":"All evaluator assertions passed; a safe unresolved-input stop is NOT a completed reconciliation.","completedAutomatically":"Completed with no confirmation, manual mapping or external information. Ordinary Reconcile clicks do not count as interpretation. Actual scope/sign/PDF attestations do count.","expectedMatches":"Expected decisions conditional on resolving any ambiguous input convention; conditionalRequiredMatches are separated from resolvedInputRequiredMatches. Missed counts include cases stopped before comparison.","falseMatchDenominator":"Accepted decisions only; report alongside required completion and unresolved-input counts, never alone.","groupUnit":"One document-lines or whole-payment reconciliation decision, not individual source rows or payment-to-invoice allocation."}},"elapsedSeconds":1.557119816}
2026-10-05T20:25:08.4757030Z ##[group]Run node --experimental-strip-types audit/stress/export-corpus.mjs
2026-10-05T20:25:08.4758010Z [36;1mnode --experimental-strip-types audit/stress/export-corpus.mjs[0m
2026-10-05T20:25:08.4758789Z [36;1mpython3 audit/stress/check_openxml.py[0m
2026-10-05T20:25:08.4822001Z shell: /usr/bin/bash -e {0}
2026-10-05T20:25:08.4822439Z env:
2026-10-05T20:25:08.4822701Z   PNPM_HOME: /home/runner/setup-pnpm/node_modules/.bin
2026-10-05T20:25:08.4823016Z ##[endgroup]
2026-10-05T20:25:09.3161755Z 18 independent-check workbooks generated
2026-10-05T20:25:09.5155492Z {
2026-10-05T20:25:09.5156035Z   "workbooks": 18,
2026-10-05T20:25:09.5156686Z   "numeric_cells_verified_exactly": 288,
2026-10-05T20:25:09.5157414Z   "native_dates_verified": 504,
2026-10-05T20:25:09.5158020Z   "decimal_formats": "pass",
2026-10-05T20:25:09.5158700Z   "engine_formula_cells_verified": 180,
2026-10-05T20:25:09.5159401Z   "untrusted_formula_cells": 0,
2026-10-05T20:25:09.5159980Z   "zip_crc": "pass",
2026-10-05T20:25:09.5160955Z   "xml_parse": "pass",
2026-10-05T20:25:09.5161377Z   "bilingual_text": "pass",
2026-10-05T20:25:09.5161965Z   "verifier": "Python stdlib ZIP/XML/Decimal; independent of ExcelJS"
2026-10-05T20:25:09.5162525Z }
2026-10-05T20:25:09.5245666Z ##[group]Run pnpm build
2026-10-05T20:25:09.5245943Z [36;1mpnpm build[0m
2026-10-05T20:25:09.5308080Z shell: /usr/bin/bash -e {0}
2026-10-05T20:25:09.5308344Z env:
2026-10-05T20:25:09.5308606Z   PNPM_HOME: /home/runner/setup-pnpm/node_modules/.bin
2026-10-05T20:25:09.5308923Z ##[endgroup]
2026-10-05T20:25:10.4298631Z Already up to date
2026-10-05T20:25:10.4306835Z Done in 419ms using pnpm v11.19.0
2026-10-05T20:25:10.4454316Z $ node scripts/prepare-ocr-assets.mjs && vite build && node scripts/harden-build.mjs
2026-10-05T20:25:10.5262818Z Prepared local OCR assets: pinned English/Arabic models; no data connections.
2026-10-05T20:25:10.8664430Z [36mvite v8.0.16 [32mbuilding client environment for production...[36m[39m
2026-10-05T20:25:10.8823492Z [2K
2026-10-05T20:25:12.5372756Z transforming...✓ 2145 modules transformed.
2026-10-05T20:25:12.6910369Z rendering chunks...
2026-10-05T20:25:12.9296786Z computing gzip size...
2026-10-05T20:25:12.9853694Z dist/index.html                                3.30 kB │ gzip:     1.07 kB
2026-10-05T20:25:12.9854486Z dist/assets/index-CNGhaTo_.css               234.41 kB │ gzip:    39.16 kB
2026-10-05T20:25:12.9855169Z dist/assets/visual-image-CaZsk65l.js           3.06 kB │ gzip:     1.53 kB
2026-10-05T20:25:12.9855817Z dist/assets/visual-ocr-client-BhVKcJsu.js      5.05 kB │ gzip:     2.30 kB
2026-10-05T20:25:12.9856447Z dist/assets/visual-renderer-UiLXkIpb.js        8.81 kB │ gzip:     3.89 kB
2026-10-05T20:25:12.9857064Z dist/assets/pdfjs-BvlvQ5M7.js              1,601.95 kB │ gzip:   492.96 kB
2026-10-05T20:25:12.9857672Z dist/assets/index-Cl-kqeCb.js              3,726.20 kB │ gzip: 1,121.00 kB
2026-10-05T20:25:12.9857953Z 
2026-10-05T20:25:12.9864387Z [33m[33m[INEFFECTIVE_DYNAMIC_IMPORT] [0mlib/reconciliation/visual-draft.ts is dynamically imported by components/visual-reader.tsx but also statically imported by lib/reconciliation/visual-review.ts, dynamic import will not move module into another chunk.
2026-10-05T20:25:12.9866027Z [39m
2026-10-05T20:25:12.9866593Z [33m[plugin builtin:vite-reporter] 
2026-10-05T20:25:12.9867474Z (!) Some chunks are larger than 500 kB after minification. Consider:
2026-10-05T20:25:12.9868304Z - Using dynamic import() to code-split the application
2026-10-05T20:25:12.9869481Z - Use build.rolldownOptions.output.codeSplitting to improve chunking: https://rolldown.rs/reference/OutputOptions.codeSplitting
2026-10-05T20:25:12.9870440Z - Adjust chunk size limit for this warning via build.chunkSizeWarningLimit.[39m
2026-10-05T20:25:12.9873453Z [33m[33m[INEFFECTIVE_DYNAMIC_IMPORT] [0mlib/reconciliation/visual-assets.ts is dynamically imported by components/visual-reader.tsx but also statically imported by lib/reconciliation/visual-review.ts, dynamic import will not move module into another chunk.
2026-10-05T20:25:12.9874559Z [39m
2026-10-05T20:25:12.9877356Z [33m[33m[INEFFECTIVE_DYNAMIC_IMPORT] [0mlib/reconciliation/visual-accounting-source.ts is dynamically imported by lib/reconciliation/worker-client.ts but also statically imported by app/page.tsx, components/visual-accounting-review.tsx, components/visual-reader.tsx, lib/reconciliation/core.ts, lib/reconciliation/source-boundary.ts, dynamic import will not move module into another chunk.
2026-10-05T20:25:12.9880336Z [39m
2026-10-05T20:25:12.9881102Z [32m✓ built in 2.12s[39m
2026-10-05T20:25:13.0620398Z Static social metadata verified: local PNG, 1200 × 630, 38861 bytes, no JavaScript required.
2026-10-05T20:25:13.0787041Z Static build hardened: local scripts/worker, no app data connections, relative paths.
2026-10-05T20:25:13.0997521Z ##[group]Run pnpm exec playwright install --with-deps chromium
2026-10-05T20:25:13.0998006Z [36;1mpnpm exec playwright install --with-deps chromium[0m
2026-10-05T20:25:13.1060210Z shell: /usr/bin/bash -e {0}
2026-10-05T20:25:13.1060465Z env:
2026-10-05T20:25:13.1060999Z   PNPM_HOME: /home/runner/setup-pnpm/node_modules/.bin
2026-10-05T20:25:13.1061331Z ##[endgroup]
2026-10-05T20:25:14.0037677Z Already up to date
2026-10-05T20:25:14.0045239Z Done in 420ms using pnpm v11.19.0
2026-10-05T20:25:14.5156345Z Installing dependencies...
2026-10-05T20:25:14.5229957Z Switching to root user to install dependencies...
2026-10-05T20:25:14.6174101Z Get:1 file:/etc/apt/apt-mirrors.txt Mirrorlist [144 B]
2026-10-05T20:25:14.6526610Z Hit:2 http://azure.archive.ubuntu.com/ubuntu noble InRelease
2026-10-05T20:25:14.6528137Z Get:6 https://packages.microsoft.com/ubuntu/24.04/prod noble InRelease [3600 B]
2026-10-05T20:25:14.6545353Z Get:3 http://azure.archive.ubuntu.com/ubuntu noble-updates InRelease [126 kB]
2026-10-05T20:25:14.6601825Z Get:4 http://azure.archive.ubuntu.com/ubuntu noble-backports InRelease [126 kB]
2026-10-05T20:25:14.6640876Z Get:5 http://azure.archive.ubuntu.com/ubuntu noble-security InRelease [126 kB]
2026-10-05T20:25:14.7773650Z Get:7 https://packages.microsoft.com/ubuntu/24.04/prod noble/main arm64 Packages [458 kB]
2026-10-05T20:25:14.7922061Z Get:8 https://packages.microsoft.com/ubuntu/24.04/prod noble/main amd64 Packages [511 kB]
2026-10-05T20:25:14.7979840Z Get:9 https://packages.microsoft.com/ubuntu/24.04/prod noble/main armhf Packages [12.6 kB]
2026-10-05T20:25:14.8261820Z Get:10 http://azure.archive.ubuntu.com/ubuntu noble-updates/main amd64 Packages [1368 kB]
2026-10-05T20:25:14.8358275Z Get:11 http://azure.archive.ubuntu.com/ubuntu noble-updates/main Translation-en [305 kB]
2026-10-05T20:25:14.8389191Z Get:12 http://azure.archive.ubuntu.com/ubuntu noble-updates/main amd64 Components [181 kB]
2026-10-05T20:25:14.8411062Z Get:13 http://azure.archive.ubuntu.com/ubuntu noble-updates/universe amd64 Packages [1701 kB]
2026-10-05T20:25:14.8498340Z Get:14 http://azure.archive.ubuntu.com/ubuntu noble-updates/universe Translation-en [341 kB]
2026-10-05T20:25:14.8526141Z Get:15 http://azure.archive.ubuntu.com/ubuntu noble-updates/universe amd64 Components [388 kB]
2026-10-05T20:25:14.8566470Z Get:16 http://azure.archive.ubuntu.com/ubuntu noble-updates/restricted amd64 Packages [1728 kB]
2026-10-05T20:25:14.8648906Z Get:17 http://azure.archive.ubuntu.com/ubuntu noble-updates/restricted Translation-en [395 kB]
2026-10-05T20:25:14.8688693Z Get:18 http://azure.archive.ubuntu.com/ubuntu noble-updates/multiverse Translation-en [13.3 kB]
2026-10-05T20:25:14.8694359Z Get:19 http://azure.archive.ubuntu.com/ubuntu noble-updates/multiverse amd64 Components [940 B]
2026-10-05T20:25:14.9297793Z Get:20 http://azure.archive.ubuntu.com/ubuntu noble-backports/main amd64 Components [5764 B]
2026-10-05T20:25:14.9348778Z Get:21 http://azure.archive.ubuntu.com/ubuntu noble-backports/universe amd64 Components [12.6 kB]
2026-10-05T20:25:14.9363894Z Get:22 http://azure.archive.ubuntu.com/ubuntu noble-security/main amd64 Packages [1071 kB]
2026-10-05T20:25:14.9421349Z Get:23 http://azure.archive.ubuntu.com/ubuntu noble-security/main Translation-en [222 kB]
2026-10-05T20:25:14.9442603Z Get:24 http://azure.archive.ubuntu.com/ubuntu noble-security/main amd64 Components [46.4 kB]
2026-10-05T20:25:14.9474960Z Get:25 http://azure.archive.ubuntu.com/ubuntu noble-security/universe amd64 Packages [1216 kB]
2026-10-05T20:25:14.9534905Z Get:26 http://azure.archive.ubuntu.com/ubuntu noble-security/universe Translation-en [244 kB]
2026-10-05T20:25:14.9556507Z Get:27 http://azure.archive.ubuntu.com/ubuntu noble-security/universe amd64 Components [76.3 kB]
2026-10-05T20:25:14.9571770Z Get:28 http://azure.archive.ubuntu.com/ubuntu noble-security/restricted amd64 Packages [1566 kB]
2026-10-05T20:25:14.9644327Z Get:29 http://azure.archive.ubuntu.com/ubuntu noble-security/restricted Translation-en [361 kB]
2026-10-05T20:25:19.1156023Z Fetched 12.6 MB in 1s (9357 kB/s)
2026-10-05T20:25:19.9154388Z Reading package lists...
2026-10-05T20:25:19.9389912Z Reading package lists...
2026-10-05T20:25:20.1069879Z Building dependency tree...
2026-10-05T20:25:20.1077100Z Reading state information...
2026-10-05T20:25:20.2406005Z libasound2t64 is already the newest version (1.2.11-1ubuntu0.3).
2026-10-05T20:25:20.2407326Z libasound2t64 set to manually installed.
2026-10-05T20:25:20.2408373Z libatk-bridge2.0-0t64 is already the newest version (2.52.0-1build1).
2026-10-05T20:25:20.2409269Z libatk-bridge2.0-0t64 set to manually installed.
2026-10-05T20:25:20.2410158Z libatk1.0-0t64 is already the newest version (2.52.0-1build1).
2026-10-05T20:25:20.2411200Z libatk1.0-0t64 set to manually installed.
2026-10-05T20:25:20.2412106Z libatspi2.0-0t64 is already the newest version (2.52.0-1build1).
2026-10-05T20:25:20.2413028Z libatspi2.0-0t64 set to manually installed.
2026-10-05T20:25:20.2413792Z libcairo2 is already the newest version (1.18.0-3build1).
2026-10-05T20:25:20.2414526Z libcairo2 set to manually installed.
2026-10-05T20:25:20.2415245Z libcups2t64 is already the newest version (2.4.7-1.2ubuntu7.14).
2026-10-05T20:25:20.2415939Z libcups2t64 set to manually installed.
2026-10-05T20:25:20.2416612Z libdbus-1-3 is already the newest version (1.14.10-4ubuntu4.1).
2026-10-05T20:25:20.2417190Z libdbus-1-3 set to manually installed.
2026-10-05T20:25:20.2417639Z libdrm2 is already the newest version (2.4.125-1ubuntu0.1~24.04.2).
2026-10-05T20:25:20.2418055Z libdrm2 set to manually installed.
2026-10-05T20:25:20.2418492Z libglib2.0-0t64 is already the newest version (2.80.0-6ubuntu3.9).
2026-10-05T20:25:20.2418917Z libglib2.0-0t64 set to manually installed.
2026-10-05T20:25:20.2419350Z libnspr4 is already the newest version (2:4.35-1.1build1).
2026-10-05T20:25:20.2419737Z libnspr4 set to manually installed.
2026-10-05T20:25:20.2420127Z libnss3 is already the newest version (2:3.98-1ubuntu0.2).
2026-10-05T20:25:20.2420489Z libnss3 set to manually installed.
2026-10-05T20:25:20.2421199Z libpango-1.0-0 is already the newest version (1.52.1+ds-1build1).
2026-10-05T20:25:20.2421623Z libpango-1.0-0 set to manually installed.
2026-10-05T20:25:20.2422017Z libx11-6 is already the newest version (2:1.8.7-1build1).
2026-10-05T20:25:20.2422381Z libx11-6 set to manually installed.
2026-10-05T20:25:20.2423039Z libxcb1 is already the newest version (1.15-1ubuntu2).
2026-10-05T20:25:20.2423435Z libxcb1 set to manually installed.
2026-10-05T20:25:20.2423839Z libxcomposite1 is already the newest version (1:0.4.5-1build3).
2026-10-05T20:25:20.2424258Z libxcomposite1 set to manually installed.
2026-10-05T20:25:20.2424663Z libxdamage1 is already the newest version (1:1.1.6-1build1).
2026-10-05T20:25:20.2425045Z libxdamage1 set to manually installed.
2026-10-05T20:25:20.2425433Z libxext6 is already the newest version (2:1.3.4-1build2).
2026-10-05T20:25:20.2425817Z libxext6 set to manually installed.
2026-10-05T20:25:20.2426383Z libxfixes3 is already the newest version (1:6.0.0-2build1).
2026-10-05T20:25:20.2426804Z libxfixes3 set to manually installed.
2026-10-05T20:25:20.2427213Z libxkbcommon0 is already the newest version (1.6.0-1build1).
2026-10-05T20:25:20.2427602Z libxkbcommon0 set to manually installed.
2026-10-05T20:25:20.2427999Z libxrandr2 is already the newest version (2:1.5.2-2build1).
2026-10-05T20:25:20.2428371Z libxrandr2 set to manually installed.
2026-10-05T20:25:20.2428751Z xvfb is already the newest version (2:21.1.12-1ubuntu1.8).
2026-10-05T20:25:20.2429606Z fonts-noto-color-emoji is already the newest version (2.047-0ubuntu0.24.04.1).
2026-10-05T20:25:20.2431266Z libfontconfig1 is already the newest version (2.15.0-1.1ubuntu2).
2026-10-05T20:25:20.2432003Z libfontconfig1 set to manually installed.
2026-10-05T20:25:20.2432596Z libfreetype6 is already the newest version (2.13.2+dfsg-1ubuntu0.1).
2026-10-05T20:25:20.2433034Z libfreetype6 set to manually installed.
2026-10-05T20:25:20.2433475Z fonts-liberation is already the newest version (1:2.1.5-3).
2026-10-05T20:25:20.2434083Z fonts-liberation set to manually installed.
2026-10-05T20:25:20.2434506Z The following additional packages will be installed:
2026-10-05T20:25:20.2435234Z   libgl1-mesa-dri libglx-mesa0 mesa-libgallium xfonts-encodings xfonts-utils
2026-10-05T20:25:20.2436084Z Recommended packages:
2026-10-05T20:25:20.2436567Z   fonts-ipafont-mincho fonts-tlwg-loma
2026-10-05T20:25:20.2612828Z The following NEW packages will be installed:
2026-10-05T20:25:20.2613781Z   fonts-freefont-ttf fonts-ipafont-gothic fonts-tlwg-loma-otf fonts-unifont
2026-10-05T20:25:20.2618744Z   fonts-wqy-zenhei xfonts-cyrillic xfonts-encodings xfonts-scalable
2026-10-05T20:25:20.2619475Z   xfonts-utils
2026-10-05T20:25:20.2623584Z The following packages will be upgraded:
2026-10-05T20:25:20.2628349Z   libgbm1 libgl1-mesa-dri libglx-mesa0 mesa-libgallium
2026-10-05T20:25:20.2790457Z 4 upgraded, 9 newly installed, 0 to remove and 21 not upgraded.
2026-10-05T20:25:20.2791284Z Need to get 32.1 MB of archives.
2026-10-05T20:25:20.2791835Z After this operation, 79.5 MB of additional disk space will be used.
2026-10-05T20:25:20.2792715Z Get:1 file:/etc/apt/apt-mirrors.txt Mirrorlist [144 B]
2026-10-05T20:25:20.4473392Z Get:2 http://azure.archive.ubuntu.com/ubuntu noble/universe amd64 fonts-ipafont-gothic all 00303-21ubuntu1 [3513 kB]
2026-10-05T20:25:21.3222990Z Get:3 http://azure.archive.ubuntu.com/ubuntu noble/main amd64 fonts-freefont-ttf all 20211204+svn4273-2 [5641 kB]
2026-10-05T20:25:21.7018324Z Get:4 http://azure.archive.ubuntu.com/ubuntu noble/universe amd64 fonts-tlwg-loma-otf all 1:0.7.3-1 [107 kB]
2026-10-05T20:25:21.8532803Z Get:5 http://azure.archive.ubuntu.com/ubuntu noble/universe amd64 fonts-unifont all 1:15.1.01-1build1 [2993 kB]
2026-10-05T20:25:22.0622714Z Get:6 http://azure.archive.ubuntu.com/ubuntu noble/universe amd64 fonts-wqy-zenhei all 0.9.45-8 [7472 kB]
2026-10-05T20:25:22.5336127Z Get:7 http://azure.archive.ubuntu.com/ubuntu noble-updates/main amd64 libgl1-mesa-dri amd64 25.2.8-0ubuntu0.24.04.4 [38.0 kB]
2026-10-05T20:25:22.6869995Z Get:8 http://azure.archive.ubuntu.com/ubuntu noble-updates/main amd64 libglx-mesa0 amd64 25.2.8-0ubuntu0.24.04.4 [110 kB]
2026-10-05T20:25:22.8372134Z Get:9 http://azure.archive.ubuntu.com/ubuntu noble-updates/main amd64 libgbm1 amd64 25.2.8-0ubuntu0.24.04.4 [34.2 kB]
2026-10-05T20:25:22.9880157Z Get:10 http://azure.archive.ubuntu.com/ubuntu noble-updates/main amd64 mesa-libgallium amd64 25.2.8-0ubuntu0.24.04.4 [10.8 MB]
2026-10-05T20:25:23.6512307Z Get:11 http://azure.archive.ubuntu.com/ubuntu noble/main amd64 xfonts-encodings all 1:1.0.5-0ubuntu2 [578 kB]
2026-10-05T20:25:23.8282353Z Get:12 http://azure.archive.ubuntu.com/ubuntu noble/main amd64 xfonts-utils amd64 1:7.7+6build3 [94.4 kB]
2026-10-05T20:25:23.9824534Z Get:13 http://azure.archive.ubuntu.com/ubuntu noble/universe amd64 xfonts-cyrillic all 1:1.0.5+nmu1 [384 kB]
2026-10-05T20:25:24.1501399Z Get:14 http://azure.archive.ubuntu.com/ubuntu noble/main amd64 xfonts-scalable all 1:1.0.3-1.3 [304 kB]
2026-10-05T20:25:24.4339943Z Fetched 32.1 MB in 4s (8230 kB/s)
2026-10-05T20:25:24.4602139Z Selecting previously unselected package fonts-ipafont-gothic.
2026-10-05T20:25:24.4928273Z (Reading database ... 
2026-10-05T20:25:24.4928662Z (Reading database ... 5%
2026-10-05T20:25:24.4928969Z (Reading database ... 10%
2026-10-05T20:25:24.4929246Z (Reading database ... 15%
2026-10-05T20:25:24.4929503Z (Reading database ... 20%
2026-10-05T20:25:24.4929766Z (Reading database ... 25%
2026-10-05T20:25:24.4930029Z (Reading database ... 30%
2026-10-05T20:25:24.4930285Z (Reading database ... 35%
2026-10-05T20:25:24.4931268Z (Reading database ... 40%
2026-10-05T20:25:24.4931790Z (Reading database ... 45%
2026-10-05T20:25:24.4932071Z (Reading database ... 50%
2026-10-05T20:25:24.4983118Z (Reading database ... 55%
2026-10-05T20:25:24.6235493Z (Reading database ... 60%
2026-10-05T20:25:24.8153758Z (Reading database ... 65%
2026-10-05T20:25:25.0221867Z (Reading database ... 70%
2026-10-05T20:25:25.2250421Z (Reading database ... 75%
2026-10-05T20:25:25.3668547Z (Reading database ... 80%
2026-10-05T20:25:25.6100703Z (Reading database ... 85%
2026-10-05T20:25:25.8162855Z (Reading database ... 90%
2026-10-05T20:25:25.9691364Z (Reading database ... 95%
2026-10-05T20:25:25.9691890Z (Reading database ... 100%
2026-10-05T20:25:25.9692607Z (Reading database ... 202296 files and directories currently installed.)
2026-10-05T20:25:25.9732744Z Preparing to unpack .../00-fonts-ipafont-gothic_00303-21ubuntu1_all.deb ...
2026-10-05T20:25:25.9825151Z Unpacking fonts-ipafont-gothic (00303-21ubuntu1) ...
2026-10-05T20:25:26.2080986Z Selecting previously unselected package fonts-freefont-ttf.
2026-10-05T20:25:26.2203971Z Preparing to unpack .../01-fonts-freefont-ttf_20211204+svn4273-2_all.deb ...
2026-10-05T20:25:26.2212474Z Unpacking fonts-freefont-ttf (20211204+svn4273-2) ...
2026-10-05T20:25:26.3011052Z Selecting previously unselected package fonts-tlwg-loma-otf.
2026-10-05T20:25:26.3134236Z Preparing to unpack .../02-fonts-tlwg-loma-otf_1%3a0.7.3-1_all.deb ...
2026-10-05T20:25:26.3141739Z Unpacking fonts-tlwg-loma-otf (1:0.7.3-1) ...
2026-10-05T20:25:26.3340009Z Selecting previously unselected package fonts-unifont.
2026-10-05T20:25:26.3464171Z Preparing to unpack .../03-fonts-unifont_1%3a15.1.01-1build1_all.deb ...
2026-10-05T20:25:26.3471614Z Unpacking fonts-unifont (1:15.1.01-1build1) ...
2026-10-05T20:25:26.4492411Z Selecting previously unselected package fonts-wqy-zenhei.
2026-10-05T20:25:26.4614431Z Preparing to unpack .../04-fonts-wqy-zenhei_0.9.45-8_all.deb ...
2026-10-05T20:25:26.4711862Z Unpacking fonts-wqy-zenhei (0.9.45-8) ...
2026-10-05T20:25:26.9436461Z Preparing to unpack .../05-libgl1-mesa-dri_25.2.8-0ubuntu0.24.04.4_amd64.deb ...
2026-10-05T20:25:26.9578594Z Unpacking libgl1-mesa-dri:amd64 (25.2.8-0ubuntu0.24.04.4) over (25.2.8-0ubuntu0.24.04.2) ...
2026-10-05T20:25:27.0058354Z Preparing to unpack .../06-libglx-mesa0_25.2.8-0ubuntu0.24.04.4_amd64.deb ...
2026-10-05T20:25:27.0091740Z Unpacking libglx-mesa0:amd64 (25.2.8-0ubuntu0.24.04.4) over (25.2.8-0ubuntu0.24.04.2) ...
2026-10-05T20:25:27.0441469Z Preparing to unpack .../07-libgbm1_25.2.8-0ubuntu0.24.04.4_amd64.deb ...
2026-10-05T20:25:27.0465893Z Unpacking libgbm1:amd64 (25.2.8-0ubuntu0.24.04.4) over (25.2.8-0ubuntu0.24.04.2) ...
2026-10-05T20:25:27.0825660Z Preparing to unpack .../08-mesa-libgallium_25.2.8-0ubuntu0.24.04.4_amd64.deb ...
2026-10-05T20:25:27.0847635Z Unpacking mesa-libgallium:amd64 (25.2.8-0ubuntu0.24.04.4) over (25.2.8-0ubuntu0.24.04.2) ...
2026-10-05T20:25:27.2483491Z Selecting previously unselected package xfonts-encodings.
2026-10-05T20:25:27.2607450Z Preparing to unpack .../09-xfonts-encodings_1%3a1.0.5-0ubuntu2_all.deb ...
2026-10-05T20:25:27.2614572Z Unpacking xfonts-encodings (1:1.0.5-0ubuntu2) ...
2026-10-05T20:25:27.2894249Z Selecting previously unselected package xfonts-utils.
2026-10-05T20:25:27.3016551Z Preparing to unpack .../10-xfonts-utils_1%3a7.7+6build3_amd64.deb ...
2026-10-05T20:25:27.3023023Z Unpacking xfonts-utils (1:7.7+6build3) ...
2026-10-05T20:25:27.3394055Z Selecting previously unselected package xfonts-cyrillic.
2026-10-05T20:25:27.3518328Z Preparing to unpack .../11-xfonts-cyrillic_1%3a1.0.5+nmu1_all.deb ...
2026-10-05T20:25:27.3525164Z Unpacking xfonts-cyrillic (1:1.0.5+nmu1) ...
2026-10-05T20:25:27.3853369Z Selecting previously unselected package xfonts-scalable.
2026-10-05T20:25:27.3975582Z Preparing to unpack .../12-xfonts-scalable_1%3a1.0.3-1.3_all.deb ...
2026-10-05T20:25:27.3982606Z Unpacking xfonts-scalable (1:1.0.3-1.3) ...
2026-10-05T20:25:27.4437184Z Setting up mesa-libgallium:amd64 (25.2.8-0ubuntu0.24.04.4) ...
2026-10-05T20:25:27.4461549Z Setting up libgbm1:amd64 (25.2.8-0ubuntu0.24.04.4) ...
2026-10-05T20:25:27.4481575Z Setting up libgl1-mesa-dri:amd64 (25.2.8-0ubuntu0.24.04.4) ...
2026-10-05T20:25:27.4553118Z Setting up fonts-wqy-zenhei (0.9.45-8) ...
2026-10-05T20:25:27.4670853Z Setting up fonts-freefont-ttf (20211204+svn4273-2) ...
2026-10-05T20:25:27.4688364Z Setting up fonts-tlwg-loma-otf (1:0.7.3-1) ...
2026-10-05T20:25:27.4705984Z Setting up xfonts-encodings (1:1.0.5-0ubuntu2) ...
2026-10-05T20:25:27.4728714Z Setting up fonts-ipafont-gothic (00303-21ubuntu1) ...
2026-10-05T20:25:27.4795073Z update-alternatives: using /usr/share/fonts/opentype/ipafont-gothic/ipag.ttf to provide /usr/share/fonts/truetype/fonts-japanese-gothic.ttf (fonts-japanese-gothic.ttf) in auto mode
2026-10-05T20:25:27.4811750Z Setting up fonts-unifont (1:15.1.01-1build1) ...
2026-10-05T20:25:27.4830416Z Setting up libglx-mesa0:amd64 (25.2.8-0ubuntu0.24.04.4) ...
2026-10-05T20:25:27.4848898Z Setting up xfonts-utils (1:7.7+6build3) ...
2026-10-05T20:25:27.4888295Z Setting up xfonts-cyrillic (1:1.0.5+nmu1) ...
2026-10-05T20:25:27.5187977Z Setting up xfonts-scalable (1:1.0.3-1.3) ...
2026-10-05T20:25:27.5460370Z Processing triggers for libc-bin (2.39-0ubuntu8.9) ...
2026-10-05T20:25:27.5809078Z Processing triggers for man-db (2.12.0-4build2) ...
2026-10-05T20:25:27.5832894Z Not building database; man-db/auto-update is not 'true'.
2026-10-05T20:25:27.5843747Z Processing triggers for fontconfig (2.15.0-1.1ubuntu2) ...
2026-10-05T20:25:28.3190090Z 
2026-10-05T20:25:28.3191026Z Running kernel seems to be up-to-date.
2026-10-05T20:25:28.3191426Z 
2026-10-05T20:25:28.3191686Z No services need to be restarted.
2026-10-05T20:25:28.3191998Z 
2026-10-05T20:25:28.3192268Z No containers need to be restarted.
2026-10-05T20:25:28.3192579Z 
2026-10-05T20:25:28.3192893Z No user sessions are running outdated binaries.
2026-10-05T20:25:28.3193271Z 
2026-10-05T20:25:28.3193777Z No VM guests are running outdated hypervisor (qemu) binaries on this host.
2026-10-05T20:25:29.1331614Z Downloading Chrome for Testing 151.0.7922.34 (playwright chromium v1234) from https://cdn.playwright.dev/builds/cft/151.0.7922.34/linux64/chrome-linux64.zip
2026-10-05T20:25:30.1237946Z |                                                                                |   0% of 184.3 MiB
2026-10-05T20:25:30.2769638Z |■■■■■■■■                                                                        |  10% of 184.3 MiB
2026-10-05T20:25:30.3648081Z |■■■■■■■■■■■■■■■■                                                                |  20% of 184.3 MiB
2026-10-05T20:25:30.4797643Z |■■■■■■■■■■■■■■■■■■■■■■■■                                                        |  30% of 184.3 MiB
2026-10-05T20:25:30.5814129Z |■■■■■■■■■■■■■■■■■■■■■■■■■■■■■■■■                                                |  40% of 184.3 MiB
2026-10-05T20:25:30.6873965Z |■■■■■■■■■■■■■■■■■■■■■■■■■■■■■■■■■■■■■■■■                                        |  50% of 184.3 MiB
2026-10-05T20:25:30.7966462Z |■■■■■■■■■■■■■■■■■■■■■■■■■■■■■■■■■■■■■■■■■■■■■■■■                                |  60% of 184.3 MiB
2026-10-05T20:25:30.8821263Z |■■■■■■■■■■■■■■■■■■■■■■■■■■■■■■■■■■■■■■■■■■■■■■■■■■■■■■■■                        |  70% of 184.3 MiB
2026-10-05T20:25:31.0087321Z |■■■■■■■■■■■■■■■■■■■■■■■■■■■■■■■■■■■■■■■■■■■■■■■■■■■■■■■■■■■■■■■■                |  80% of 184.3 MiB
2026-10-05T20:25:31.1237924Z |■■■■■■■■■■■■■■■■■■■■■■■■■■■■■■■■■■■■■■■■■■■■■■■■■■■■■■■■■■■■■■■■■■■■■■■■        |  90% of 184.3 MiB
2026-10-05T20:25:31.2415805Z |■■■■■■■■■■■■■■■■■■■■■■■■■■■■■■■■■■■■■■■■■■■■■■■■■■■■■■■■■■■■■■■■■■■■■■■■■■■■■■■■| 100% of 184.3 MiB
2026-10-05T20:25:34.3514470Z Chrome for Testing 151.0.7922.34 (playwright chromium v1234) downloaded to /home/runner/.cache/ms-playwright/chromium-1234
2026-10-05T20:25:34.3517979Z Downloading FFmpeg (playwright ffmpeg v1011) from https://cdn.playwright.dev/dbazure/download/playwright/builds/ffmpeg/1011/ffmpeg-linux.zip
2026-10-05T20:25:35.3307883Z |                                                                                |   0% of 2.3 MiB
2026-10-05T20:25:35.3486443Z |■■■■■■■■                                                                        |  10% of 2.3 MiB
2026-10-05T20:25:35.3551979Z |■■■■■■■■■■■■■■■■                                                                |  20% of 2.3 MiB
2026-10-05T20:25:35.3599405Z |■■■■■■■■■■■■■■■■■■■■■■■■                                                        |  30% of 2.3 MiB
2026-10-05T20:25:35.3651071Z |■■■■■■■■■■■■■■■■■■■■■■■■■■■■■■■■                                                |  40% of 2.3 MiB
2026-10-05T20:25:35.3694553Z |■■■■■■■■■■■■■■■■■■■■■■■■■■■■■■■■■■■■■■■■                                        |  50% of 2.3 MiB
2026-10-05T20:25:35.3714489Z |■■■■■■■■■■■■■■■■■■■■■■■■■■■■■■■■■■■■■■■■■■■■■■■■                                |  60% of 2.3 MiB
2026-10-05T20:25:35.3726625Z |■■■■■■■■■■■■■■■■■■■■■■■■■■■■■■■■■■■■■■■■■■■■■■■■■■■■■■■■                        |  70% of 2.3 MiB
2026-10-05T20:25:35.3754841Z |■■■■■■■■■■■■■■■■■■■■■■■■■■■■■■■■■■■■■■■■■■■■■■■■■■■■■■■■■■■■■■■■                |  80% of 2.3 MiB
2026-10-05T20:25:35.3777517Z |■■■■■■■■■■■■■■■■■■■■■■■■■■■■■■■■■■■■■■■■■■■■■■■■■■■■■■■■■■■■■■■■■■■■■■■■        |  90% of 2.3 MiB
2026-10-05T20:25:35.3800583Z |■■■■■■■■■■■■■■■■■■■■■■■■■■■■■■■■■■■■■■■■■■■■■■■■■■■■■■■■■■■■■■■■■■■■■■■■■■■■■■■■| 100% of 2.3 MiB
2026-10-05T20:25:35.4421618Z FFmpeg (playwright ffmpeg v1011) downloaded to /home/runner/.cache/ms-playwright/ffmpeg-1011
2026-10-05T20:25:35.4424995Z Downloading Chrome Headless Shell 151.0.7922.34 (playwright chromium-headless-shell v1234) from https://cdn.playwright.dev/builds/cft/151.0.7922.34/linux64/chrome-headless-shell-linux64.zip
2026-10-05T20:25:36.4656316Z |                                                                                |   0% of 114.7 MiB
2026-10-05T20:25:36.6109188Z |■■■■■■■■                                                                        |  10% of 114.7 MiB
2026-10-05T20:25:36.6932451Z |■■■■■■■■■■■■■■■■                                                                |  20% of 114.7 MiB
2026-10-05T20:25:36.7694586Z |■■■■■■■■■■■■■■■■■■■■■■■■                                                        |  30% of 114.7 MiB
2026-10-05T20:25:36.8392384Z |■■■■■■■■■■■■■■■■■■■■■■■■■■■■■■■■                                                |  40% of 114.7 MiB
2026-10-05T20:25:36.9097546Z |■■■■■■■■■■■■■■■■■■■■■■■■■■■■■■■■■■■■■■■■                                        |  50% of 114.7 MiB
2026-10-05T20:25:36.9889369Z |■■■■■■■■■■■■■■■■■■■■■■■■■■■■■■■■■■■■■■■■■■■■■■■■                                |  60% of 114.7 MiB
2026-10-05T20:25:37.0579619Z |■■■■■■■■■■■■■■■■■■■■■■■■■■■■■■■■■■■■■■■■■■■■■■■■■■■■■■■■                        |  70% of 114.7 MiB
2026-10-05T20:25:37.1491465Z |■■■■■■■■■■■■■■■■■■■■■■■■■■■■■■■■■■■■■■■■■■■■■■■■■■■■■■■■■■■■■■■■                |  80% of 114.7 MiB
2026-10-05T20:25:37.2120403Z |■■■■■■■■■■■■■■■■■■■■■■■■■■■■■■■■■■■■■■■■■■■■■■■■■■■■■■■■■■■■■■■■■■■■■■■■        |  90% of 114.7 MiB
2026-10-05T20:25:37.2702019Z |■■■■■■■■■■■■■■■■■■■■■■■■■■■■■■■■■■■■■■■■■■■■■■■■■■■■■■■■■■■■■■■■■■■■■■■■■■■■■■■■| 100% of 114.7 MiB
2026-10-05T20:25:39.5842573Z Chrome Headless Shell 151.0.7922.34 (playwright chromium-headless-shell v1234) downloaded to /home/runner/.cache/ms-playwright/chromium_headless_shell-1234
2026-10-05T20:25:39.6190867Z ##[group]Run pnpm test:browser
2026-10-05T20:25:39.6191205Z [36;1mpnpm test:browser[0m
2026-10-05T20:25:39.6253852Z shell: /usr/bin/bash -e {0}
2026-10-05T20:25:39.6254120Z env:
2026-10-05T20:25:39.6254377Z   PNPM_HOME: /home/runner/setup-pnpm/node_modules/.bin
2026-10-05T20:25:39.6254700Z ##[endgroup]
2026-10-05T20:25:40.5166423Z Already up to date
2026-10-05T20:25:40.5174499Z Done in 414ms using pnpm v11.19.0
2026-10-05T20:25:40.5310193Z $ node scripts/browser-test.mjs
2026-10-05T20:25:41.4514985Z [browser] page
2026-10-05T20:25:51.7865412Z [browser] uploadPage
2026-10-05T20:25:53.8360802Z [browser] workpaperPage
2026-10-05T20:25:56.0193656Z [browser] pdfPage
2026-10-05T20:25:57.1812021Z [browser] recoveryPage
2026-10-05T20:26:00.0632636Z [browser] importAiPage
2026-10-05T20:26:00.9235177Z [browser] importAiPage
2026-10-05T20:26:01.7896706Z [browser] importAiPage
2026-10-05T20:26:02.6236873Z [browser] quickPage
2026-10-05T20:26:04.3687606Z [browser] ambiguityPage
2026-10-05T20:26:05.5907855Z [browser] precisionPage
2026-10-05T20:26:06.3736614Z [browser] autoPdfPage
2026-10-05T20:26:07.4876325Z [browser] directionPage
2026-10-05T20:26:09.3154501Z [browser] directionPage
2026-10-05T20:26:11.8189074Z [browser] bothPdfPage
2026-10-05T20:26:13.2551488Z [browser] native layered XLSX headers
2026-10-05T20:26:16.9887252Z [browser] explicitly typed short documents
2026-10-05T20:26:20.7227316Z [browser] own-document and related-invoice roles
2026-10-05T20:26:25.4473189Z [browser] unknown credit-note role
2026-10-05T20:26:28.5066103Z [browser] canonical assistant evidence
2026-10-05T20:26:32.6074998Z [browser] template lifecycle
2026-10-05T20:26:33.1103712Z [browser] template cycle 1
2026-10-05T20:26:33.9122575Z [browser] template cycle 2
2026-10-05T20:26:34.5893803Z [browser] template cycle 3
2026-10-05T20:26:35.3678330Z [browser] visual reader
2026-10-05T20:26:40.3196871Z [browser] P6 actual OCR: cell correction, invalidation, bilingual save, restore and tamper rejection passed; financial promotion remains disabled
2026-10-05T20:26:42.7125096Z {"check":"arabic-visual-ocr-observation","status":"unverified","financialAccuracy":"not-established","expected":{"headingWords":["كشف","حساب","المورد"],"amounts":["١٬٢٥٠٫٠٠","-٢٥٠٫٠٠","١٬٠٠٠٫٠٠"]},"observed":["كشف","حساب","المورد","فاتورة","م70","‎YO,","-","429)‏","الإجمالي","‎Vee,‏"],"exactAmountCount":0,"expectedAmountCount":3,"numericCoverageGap":true,"comparisonRule":"exact Unicode words; ordinary bidi marks only are ignored; no digit, sign or separator substitution"}
2026-10-05T20:26:42.7132175Z ARABIC OCR NUMERIC COVERAGE GAP: 0/3 exact amounts. This is an unverified observation, not financial success.
2026-10-05T20:26:47.1542213Z [browser] manual visual regions
2026-10-05T20:26:58.9511843Z [browser] visual regions: real Arabic OCR, manual crop, review invalidation, cancel, save/restore, AR/EN/mobile and financial isolation passed
2026-10-05T20:26:58.9513747Z [browser] Arabic and English
2026-10-05T20:26:58.9933375Z [browser] visual table inventory
2026-10-05T20:27:06.2543821Z [browser] table inventory: real OCR, four reviewed literals, unreadable row, reviewed total, replay, AR/EN/mobile, stale source and accounting isolation passed
2026-10-05T20:27:06.2880152Z [browser] reviewed image accounting source
2026-10-05T20:27:11.1442522Z [browser] reviewed image: explicit transfer, partial match, bound context, currency denial, PNG/record export, AR/EN/mobile and session replay passed
2026-10-05T20:27:11.1842559Z [browser] split reviewed image
2026-10-05T20:27:16.5661236Z [browser] split image: explicit transfer, three valid matches, three visible errors, PNG/record export, AR/EN/mobile and replay passed
2026-10-05T20:27:21.3598634Z [browser] split image: explicit transfer, three valid matches, three visible errors, PNG/record export, AR/EN/mobile and replay passed
2026-10-05T20:27:21.4023296Z [browser] languages
2026-10-05T20:27:23.5911876Z {
2026-10-05T20:27:23.5912197Z   "passed": true,
2026-10-05T20:27:23.5912507Z   "checks": [
2026-10-05T20:27:23.5913060Z     "GitHub subpath assets",
2026-10-05T20:27:23.5913729Z     "legacy templates migrate to positions only; three offline compare/export/reset sessions retain fresh amounts and references",
2026-10-05T20:27:23.5914314Z     "production CSP",
2026-10-05T20:27:23.5914928Z     "Arabic-only TARASUF identity, authentic local native fonts, keyboard-accessible uploads and atomic multi-file-drop rejection",
2026-10-05T20:27:23.5916018Z     "true A4 vector paper proportions, unique local clips and per-paper scans across 17 animation samples at six widths; all scene motion pauses offscreen or on request",
2026-10-05T20:27:23.5917624Z     "320/390/768/820/1024/1280px layouts without overflow; four grounded features, readable workflow labels, anchor/keyboard reveals and reduced-motion privacy navigation",
2026-10-05T20:27:23.5919470Z     "offline native confirm/review/export headings retain correct font and focus; longest title wraps at 320px without shrinking",
2026-10-05T20:27:23.5920199Z     "offline first comparison",
2026-10-05T20:27:23.5920496Z     "engine/io cases run separately",
2026-10-05T20:27:23.5921318Z     "grounded assistant offline",
2026-10-05T20:27:23.5921834Z     "cancel and confirm session reset",
2026-10-05T20:27:23.5922319Z     "reject auto match",
2026-10-05T20:27:23.5922760Z     "Excel download roundtrip",
2026-10-05T20:27:23.5923792Z     "invalid export text rejected and correction retried",
2026-10-05T20:27:23.5924392Z     "mapping invalidation",
2026-10-05T20:27:23.5924792Z     "390px layout",
2026-10-05T20:27:23.5925187Z     "actual CSV upload offline",
2026-10-05T20:27:23.5925893Z     "XLSX upload with helper formulas, percentages and multiple sheets offline",
2026-10-05T20:27:23.5926841Z     "case workpaper reimport chooses parsed sources without restoring approvals",
2026-10-05T20:27:23.5927755Z     "bordered PDF upload, review, comparison and Excel export offline",
2026-10-05T20:27:23.5928897Z     "covered PDF rejected, XLSX retry succeeds, colored PDF comparison and numeric export succeed offline",
2026-10-05T20:27:23.5930291Z     "typed image-only and first-failing-page PDF diagnoses retain the existing XLSX and recover on the next readable PDF",
2026-10-05T20:27:23.5932234Z     "synthetic ready local-model advice requires explicit Apply before comparison; absent/downloadable providers never create sessions and retain manual mapping",
2026-10-05T20:27:23.5934089Z     "clear files show no mandatory input fields; explicit metadata and unambiguous formats filled and numeric export verified",
2026-10-05T20:27:23.5935329Z     "both ambiguous date and 3-decimal amount formats require independent choices",
2026-10-05T20:27:23.5936453Z     "unknown currency precision requires an explicit choice including the existing two-decimal value",
2026-10-05T20:27:23.5943204Z     "PDF columns detected from geometry with a reachable review box",
2026-10-05T20:27:23.5944770Z     "namespaced XLSX source pairs: zero mandatory fields with proven opposite directions and exact numeric Excel export",
2026-10-05T20:27:23.5946148Z     "formula running balances require separate essential supplier/AP sign choices before comparison",
2026-10-05T20:27:23.5947508Z     "header selection preserves proven AP direction; failed XLSX replacement preserves the retained file manual sign choice",
2026-10-05T20:27:23.5948901Z     "two PDF review approvals remain independent; replacing a multi-page PDF resets its preview and approval",
2026-10-05T20:27:23.5950390Z     "real local PNG/raster-PDF OCR, source hash, word coordinates, cancel/clear, native-source isolation and static-assets-only network",
2026-10-05T20:27:23.5953011Z     "Arabic RTL by default; switching to English LTR mid-review keeps files, results, tab, assistant answers and notes; identical figures and workpaper; no stray Arabic in English or English in Arabic; choice persists",
2026-10-05T20:27:23.5954505Z     "no observed external or POST requests"
2026-10-05T20:27:23.5954953Z   ],
2026-10-05T20:27:23.5955263Z   "screenshots": "work/qa"
2026-10-05T20:27:23.5955627Z }
2026-10-05T20:27:23.6739012Z ##[group]Run python3 audit/visual-cell-review/check_record.py work/qa/p6-reviewed.json work/qa/p6-source.png
2026-10-05T20:27:23.6739805Z [36;1mpython3 audit/visual-cell-review/check_record.py work/qa/p6-reviewed.json work/qa/p6-source.png[0m
2026-10-05T20:27:23.6802155Z shell: /usr/bin/bash -e {0}
2026-10-05T20:27:23.6802414Z env:
2026-10-05T20:27:23.6802667Z   PNPM_HOME: /home/runner/setup-pnpm/node_modules/.bin
2026-10-05T20:27:23.6802984Z ##[endgroup]
2026-10-05T20:27:31.1038179Z {"status": "pass", "cells": 2, "pixelIdentity": true, "financialPromotion": false}
2026-10-05T20:27:31.1136471Z ##[group]Run python3 audit/visual-numeric/check_record.py work/qa/p6-region-reviewed.json work/qa/p6-region-source.png
2026-10-05T20:27:31.1138037Z [36;1mpython3 audit/visual-numeric/check_record.py work/qa/p6-region-reviewed.json work/qa/p6-region-source.png[0m
2026-10-05T20:27:31.1211416Z shell: /usr/bin/bash -e {0}
2026-10-05T20:27:31.1211699Z env:
2026-10-05T20:27:31.1211969Z   PNPM_HOME: /home/runner/setup-pnpm/node_modules/.bin
2026-10-05T20:27:31.1212289Z ##[endgroup]
2026-10-05T20:27:41.2539821Z {"status": "pass", "manualRegions": 1, "arabicLiteral": "-٢٥٠٫٠٠", "pixelIdentity": true, "financialPromotion": false}
2026-10-05T20:27:41.2648349Z ##[group]Run python3 audit/visual-table/check_record.py work/qa/p6-table-reviewed.json work/qa/p6-table-source.png
2026-10-05T20:27:41.2649781Z [36;1mpython3 audit/visual-table/check_record.py work/qa/p6-table-reviewed.json work/qa/p6-table-source.png[0m
2026-10-05T20:27:41.2732108Z shell: /usr/bin/bash -e {0}
2026-10-05T20:27:41.2732374Z env:
2026-10-05T20:27:41.2732644Z   PNPM_HOME: /home/runner/setup-pnpm/node_modules/.bin
2026-10-05T20:27:41.2732962Z ##[endgroup]
2026-10-05T20:27:45.0994345Z {"status": "pass", "rows": 3, "manualValues": 4, "unreadableRows": 1, "reviewedExclusions": 1, "financialPromotion": false}
2026-10-05T20:27:45.1095966Z ##[group]Run python3 audit/visual-accounting/check_record.py work/qa/p6-accounting-source.json work/qa/p6-accounting-source.png
2026-10-05T20:27:45.1097654Z [36;1mpython3 audit/visual-accounting/check_record.py work/qa/p6-accounting-source.json work/qa/p6-accounting-source.png[0m
2026-10-05T20:27:45.1099423Z [36;1mpython3 audit/visual-accounting/check_export.py work/qa/p6-accounting-ar.xlsx work/qa/p6-accounting-en.xlsx work/qa/p6-accounting-restored.xlsx[0m
2026-10-05T20:27:45.1192469Z shell: /usr/bin/bash -e {0}
2026-10-05T20:27:45.1192905Z env:
2026-10-05T20:27:45.1193352Z   PNPM_HOME: /home/runner/setup-pnpm/node_modules/.bin
2026-10-05T20:27:45.1193909Z ##[endgroup]
2026-10-05T20:27:48.9526374Z {"status": "pass", "imageRows": 3, "manualValues": 12, "missingAmounts": 1, "reviewedExclusions": 1, "interpretationBound": true, "fullBalanceReconciliation": false, "automaticOCR": false}
2026-10-05T20:27:52.9230354Z [
2026-10-05T20:27:52.9230997Z   {
2026-10-05T20:27:52.9231915Z     "workbook": "work/qa/p6-accounting-ar.xlsx",
2026-10-05T20:27:52.9232431Z     "verified": true,
2026-10-05T20:27:52.9232801Z     "matches": 1,
2026-10-05T20:27:52.9233166Z     "damagedRows": 1,
2026-10-05T20:27:52.9233536Z     "originalPng": true,
2026-10-05T20:27:52.9233899Z     "fullRecord": true,
2026-10-05T20:27:52.9234332Z     "fullBalanceReconciliation": false
2026-10-05T20:27:52.9234743Z   },
2026-10-05T20:27:52.9235015Z   {
2026-10-05T20:27:52.9235404Z     "workbook": "work/qa/p6-accounting-en.xlsx",
2026-10-05T20:27:52.9235879Z     "verified": true,
2026-10-05T20:27:52.9236220Z     "matches": 1,
2026-10-05T20:27:52.9236539Z     "damagedRows": 1,
2026-10-05T20:27:52.9236905Z     "originalPng": true,
2026-10-05T20:27:52.9237281Z     "fullRecord": true,
2026-10-05T20:27:52.9237698Z     "fullBalanceReconciliation": false
2026-10-05T20:27:52.9238113Z   },
2026-10-05T20:27:52.9238375Z   {
2026-10-05T20:27:52.9238851Z     "workbook": "work/qa/p6-accounting-restored.xlsx",
2026-10-05T20:27:52.9239364Z     "verified": true,
2026-10-05T20:27:52.9239702Z     "matches": 1,
2026-10-05T20:27:52.9240020Z     "damagedRows": 1,
2026-10-05T20:27:52.9240369Z     "originalPng": true,
2026-10-05T20:27:52.9240958Z     "fullRecord": true,
2026-10-05T20:27:52.9241430Z     "fullBalanceReconciliation": false
2026-10-05T20:27:52.9241965Z   }
2026-10-05T20:27:52.9242276Z ]
2026-10-05T20:27:52.9340140Z ##[group]Run python3 audit/visual-split/check_export.py work/qa/p6-split-en-ar.xlsx work/qa/p6-split-en-en.xlsx work/qa/p6-split-en-restored.xlsx work/qa/p6-split-ar-ar.xlsx work/qa/p6-split-ar-en.xlsx work/qa/p6-split-ar-restored.xlsx
2026-10-05T20:27:52.9342119Z [36;1mpython3 audit/visual-split/check_export.py work/qa/p6-split-en-ar.xlsx work/qa/p6-split-en-en.xlsx work/qa/p6-split-en-restored.xlsx work/qa/p6-split-ar-ar.xlsx work/qa/p6-split-ar-en.xlsx work/qa/p6-split-ar-restored.xlsx[0m
2026-10-05T20:27:52.9405330Z shell: /usr/bin/bash -e {0}
2026-10-05T20:27:52.9405580Z env:
2026-10-05T20:27:52.9405832Z   PNPM_HOME: /home/runner/setup-pnpm/node_modules/.bin
2026-10-05T20:27:52.9406163Z ##[endgroup]
2026-10-05T20:28:01.1723751Z [
2026-10-05T20:28:01.1724355Z   {
2026-10-05T20:28:01.1724960Z     "workbook": "work/qa/p6-split-en-ar.xlsx",
2026-10-05T20:28:01.1725638Z     "passed": true,
2026-10-05T20:28:01.1726119Z     "language": "en",
2026-10-05T20:28:01.1726665Z     "sourceRows": 7,
2026-10-05T20:28:01.1727142Z     "manualCrops": 39,
2026-10-05T20:28:01.1727629Z     "rowDecisions": 7,
2026-10-05T20:28:01.1728190Z     "unreadableAmountCells": 1,
2026-10-05T20:28:01.1728781Z     "automaticOCR": false,
2026-10-05T20:28:01.1729135Z     "training": false,
2026-10-05T20:28:01.1729505Z     "humanElapsedTimeMeasured": false,
2026-10-05T20:28:01.1729895Z     "matches": 3,
2026-10-05T20:28:01.1730189Z     "matchedMembers": 6,
2026-10-05T20:28:01.1730512Z     "damagedRows": 3,
2026-10-05T20:28:01.1731095Z     "originalPng": true,
2026-10-05T20:28:01.1731414Z     "fullRecord": true,
2026-10-05T20:28:01.1731793Z     "fullBalanceReconciliation": false
2026-10-05T20:28:01.1732142Z   },
2026-10-05T20:28:01.1732339Z   {
2026-10-05T20:28:01.1732614Z     "workbook": "work/qa/p6-split-en-en.xlsx",
2026-10-05T20:28:01.1732944Z     "passed": true,
2026-10-05T20:28:01.1733178Z     "language": "en",
2026-10-05T20:28:01.1733417Z     "sourceRows": 7,
2026-10-05T20:28:01.1733663Z     "manualCrops": 39,
2026-10-05T20:28:01.1733910Z     "rowDecisions": 7,
2026-10-05T20:28:01.1734207Z     "unreadableAmountCells": 1,
2026-10-05T20:28:01.1734490Z     "automaticOCR": false,
2026-10-05T20:28:01.1734748Z     "training": false,
2026-10-05T20:28:01.1735033Z     "humanElapsedTimeMeasured": false,
2026-10-05T20:28:01.1735339Z     "matches": 3,
2026-10-05T20:28:01.1735572Z     "matchedMembers": 6,
2026-10-05T20:28:01.1735824Z     "damagedRows": 3,
2026-10-05T20:28:01.1736068Z     "originalPng": true,
2026-10-05T20:28:01.1736321Z     "fullRecord": true,
2026-10-05T20:28:01.1736610Z     "fullBalanceReconciliation": false
2026-10-05T20:28:01.1736906Z   },
2026-10-05T20:28:01.1737412Z   {
2026-10-05T20:28:01.1737699Z     "workbook": "work/qa/p6-split-en-restored.xlsx",
2026-10-05T20:28:01.1738045Z     "passed": true,
2026-10-05T20:28:01.1738282Z     "language": "en",
2026-10-05T20:28:01.1738518Z     "sourceRows": 7,
2026-10-05T20:28:01.1738757Z     "manualCrops": 39,
2026-10-05T20:28:01.1739002Z     "rowDecisions": 7,
2026-10-05T20:28:01.1739282Z     "unreadableAmountCells": 1,
2026-10-05T20:28:01.1739563Z     "automaticOCR": false,
2026-10-05T20:28:01.1739822Z     "training": false,
2026-10-05T20:28:01.1740104Z     "humanElapsedTimeMeasured": false,
2026-10-05T20:28:01.1740400Z     "matches": 3,
2026-10-05T20:28:01.1740782Z     "matchedMembers": 6,
2026-10-05T20:28:01.1741036Z     "damagedRows": 3,
2026-10-05T20:28:01.1741276Z     "originalPng": true,
2026-10-05T20:28:01.1741525Z     "fullRecord": true,
2026-10-05T20:28:01.1741818Z     "fullBalanceReconciliation": false
2026-10-05T20:28:01.1742114Z   },
2026-10-05T20:28:01.1742303Z   {
2026-10-05T20:28:01.1742558Z     "workbook": "work/qa/p6-split-ar-ar.xlsx",
2026-10-05T20:28:01.1742853Z     "passed": true,
2026-10-05T20:28:01.1743058Z     "language": "ar",
2026-10-05T20:28:01.1743271Z     "sourceRows": 7,
2026-10-05T20:28:01.1743481Z     "manualCrops": 39,
2026-10-05T20:28:01.1743696Z     "rowDecisions": 7,
2026-10-05T20:28:01.1743937Z     "unreadableAmountCells": 1,
2026-10-05T20:28:01.1744430Z     "automaticOCR": false,
2026-10-05T20:28:01.1744669Z     "training": false,
2026-10-05T20:28:01.1744918Z     "humanElapsedTimeMeasured": false,
2026-10-05T20:28:01.1745180Z     "matches": 3,
2026-10-05T20:28:01.1745386Z     "matchedMembers": 6,
2026-10-05T20:28:01.1745608Z     "damagedRows": 3,
2026-10-05T20:28:01.1745827Z     "originalPng": true,
2026-10-05T20:28:01.1746050Z     "fullRecord": true,
2026-10-05T20:28:01.1746310Z     "fullBalanceReconciliation": false
2026-10-05T20:28:01.1746564Z   },
2026-10-05T20:28:01.1746738Z   {
2026-10-05T20:28:01.1746972Z     "workbook": "work/qa/p6-split-ar-en.xlsx",
2026-10-05T20:28:01.1747259Z     "passed": true,
2026-10-05T20:28:01.1747467Z     "language": "ar",
2026-10-05T20:28:01.1747675Z     "sourceRows": 7,
2026-10-05T20:28:01.1747885Z     "manualCrops": 39,
2026-10-05T20:28:01.1748104Z     "rowDecisions": 7,
2026-10-05T20:28:01.1748345Z     "unreadableAmountCells": 1,
2026-10-05T20:28:01.1748590Z     "automaticOCR": false,
2026-10-05T20:28:01.1748826Z     "training": false,
2026-10-05T20:28:01.1749080Z     "humanElapsedTimeMeasured": false,
2026-10-05T20:28:01.1749337Z     "matches": 3,
2026-10-05T20:28:01.1749541Z     "matchedMembers": 6,
2026-10-05T20:28:01.1749770Z     "damagedRows": 3,
2026-10-05T20:28:01.1749983Z     "originalPng": true,
2026-10-05T20:28:01.1750206Z     "fullRecord": true,
2026-10-05T20:28:01.1750466Z     "fullBalanceReconciliation": false
2026-10-05T20:28:01.1750860Z   },
2026-10-05T20:28:01.1751030Z   {
2026-10-05T20:28:01.1751282Z     "workbook": "work/qa/p6-split-ar-restored.xlsx",
2026-10-05T20:28:01.1751590Z     "passed": true,
2026-10-05T20:28:01.1751803Z     "language": "ar",
2026-10-05T20:28:01.1752011Z     "sourceRows": 7,
2026-10-05T20:28:01.1752223Z     "manualCrops": 39,
2026-10-05T20:28:01.1752435Z     "rowDecisions": 7,
2026-10-05T20:28:01.1752675Z     "unreadableAmountCells": 1,
2026-10-05T20:28:01.1752926Z     "automaticOCR": false,
2026-10-05T20:28:01.1753152Z     "training": false,
2026-10-05T20:28:01.1753404Z     "humanElapsedTimeMeasured": false,
2026-10-05T20:28:01.1753676Z     "matches": 3,
2026-10-05T20:28:01.1753894Z     "matchedMembers": 6,
2026-10-05T20:28:01.1754120Z     "damagedRows": 3,
2026-10-05T20:28:01.1754333Z     "originalPng": true,
2026-10-05T20:28:01.1754562Z     "fullRecord": true,
2026-10-05T20:28:01.1754821Z     "fullBalanceReconciliation": false
2026-10-05T20:28:01.1755073Z   }
2026-10-05T20:28:01.1755255Z ]
2026-10-05T20:28:01.1854825Z ##[group]Run actions/upload-artifact@ea165f8d65b6e75b540449e92b4886f43607fa02
2026-10-05T20:28:01.1855248Z with:
2026-10-05T20:28:01.1855460Z   name: visual-review-evidence
2026-10-05T20:28:01.1855873Z   path: work/qa/p6-*
2026-10-05T20:28:01.1856102Z   if-no-files-found: ignore
2026-10-05T20:28:01.1856334Z   retention-days: 7
2026-10-05T20:28:01.1856544Z   compression-level: 6
2026-10-05T20:28:01.1856759Z   overwrite: false
2026-10-05T20:28:01.1856990Z   include-hidden-files: false
2026-10-05T20:28:01.1857230Z env:
2026-10-05T20:28:01.1857468Z   PNPM_HOME: /home/runner/setup-pnpm/node_modules/.bin
2026-10-05T20:28:01.1857777Z ##[endgroup]
2026-10-05T20:28:01.3482243Z (node:5215) [DEP0040] DeprecationWarning: The `punycode` module is deprecated. Please use a userland alternative instead.
2026-10-05T20:28:01.3483715Z (Use `node --trace-deprecation ...` to show where the warning was created)
2026-10-05T20:28:01.3622070Z With the provided path, there will be 44 files uploaded
2026-10-05T20:28:01.3628092Z Artifact name is valid!
2026-10-05T20:28:01.3628652Z Root directory input is valid!
2026-10-05T20:28:01.7747144Z Beginning upload of artifact content to blob storage
2026-10-05T20:28:02.0250924Z (node:5215) [DEP0169] DeprecationWarning: `url.parse()` behavior is not standardized and prone to errors that have security implications. Use the WHATWG URL API instead. CVEs are not issued for `url.parse()` vulnerabilities.
2026-10-05T20:28:02.9672208Z Uploaded bytes 5208665
2026-10-05T20:28:03.0532687Z Finished uploading artifact content to blob storage!
2026-10-05T20:28:03.0534207Z SHA256 digest of uploaded artifact zip is b4d229583e9b92cc9692824b9910ed4725227dcd9a61d7ce038ae493328802ef
2026-10-05T20:28:03.0536243Z Finalizing artifact upload
2026-10-05T20:28:03.3241598Z Artifact visual-review-evidence.zip successfully finalized. Artifact ID 11369915658
2026-10-05T20:28:03.3243621Z Artifact visual-review-evidence has been successfully uploaded! Final size is 5208665 bytes. Artifact ID is 11369915658
2026-10-05T20:28:03.3250828Z Artifact download URL: https://github.com/mjodshamrani-ux/accounting/actions/runs/37369259397/artifacts/11369915658
2026-10-05T20:28:03.3377438Z ##[group]Run python3 audit/related-invoice/check_export.py work/qa/f03-*.xlsx
2026-10-05T20:28:03.3378030Z [36;1mpython3 audit/related-invoice/check_export.py work/qa/f03-*.xlsx[0m
2026-10-05T20:28:03.3441375Z shell: /usr/bin/bash -e {0}
2026-10-05T20:28:03.3441641Z env:
2026-10-05T20:28:03.3441910Z   PNPM_HOME: /home/runner/setup-pnpm/node_modules/.bin
2026-10-05T20:28:03.3442233Z ##[endgroup]
2026-10-05T20:28:03.4230059Z [
2026-10-05T20:28:03.4241685Z   {
2026-10-05T20:28:03.4242346Z     "workbook": "work/qa/f03-different-credit-notes-direct.xlsx",
2026-10-05T20:28:03.4243005Z     "verified": true,
2026-10-05T20:28:03.4243364Z     "id": "different-credit-notes",
2026-10-05T20:28:03.4243706Z     "sourceFormat": "xlsx",
2026-10-05T20:28:03.4243999Z     "approved": 0,
2026-10-05T20:28:03.4244285Z     "engine": "0.3.26-experimental"
2026-10-05T20:28:03.4244578Z   },
2026-10-05T20:28:03.4244787Z   {
2026-10-05T20:28:03.4245189Z     "workbook": "work/qa/f03-different-credit-notes-restored.xlsx",
2026-10-05T20:28:03.4245613Z     "verified": true,
2026-10-05T20:28:03.4245913Z     "id": "different-credit-notes",
2026-10-05T20:28:03.4246251Z     "sourceFormat": "xlsx",
2026-10-05T20:28:03.4246523Z     "approved": 0,
2026-10-05T20:28:03.4246797Z     "engine": "0.3.26-experimental"
2026-10-05T20:28:03.4247077Z   },
2026-10-05T20:28:03.4247278Z   {
2026-10-05T20:28:03.4247592Z     "workbook": "work/qa/f03-own-credit-note-direct.xlsx",
2026-10-05T20:28:03.4247961Z     "verified": true,
2026-10-05T20:28:03.4248215Z     "id": "own-credit-note",
2026-10-05T20:28:03.4248492Z     "sourceFormat": "xlsx",
2026-10-05T20:28:03.4248759Z     "approved": 1,
2026-10-05T20:28:03.4249025Z     "engine": "0.3.26-experimental"
2026-10-05T20:28:03.4249306Z   },
2026-10-05T20:28:03.4249502Z   {
2026-10-05T20:28:03.4249823Z     "workbook": "work/qa/f03-own-credit-note-restored.xlsx",
2026-10-05T20:28:03.4250203Z     "verified": true,
2026-10-05T20:28:03.4250456Z     "id": "own-credit-note",
2026-10-05T20:28:03.4250992Z     "sourceFormat": "xlsx",
2026-10-05T20:28:03.4251230Z     "approved": 1,
2026-10-05T20:28:03.4251743Z     "engine": "0.3.26-experimental"
2026-10-05T20:28:03.4251992Z   },
2026-10-05T20:28:03.4252172Z   {
2026-10-05T20:28:03.4252480Z     "workbook": "work/qa/f03-short-own-credit-note-direct.xlsx",
2026-10-05T20:28:03.4252856Z     "verified": true,
2026-10-05T20:28:03.4253116Z     "id": "short-own-credit-note",
2026-10-05T20:28:03.4253396Z     "sourceFormat": "pdf",
2026-10-05T20:28:03.4253635Z     "approved": 1,
2026-10-05T20:28:03.4253878Z     "engine": "0.3.26-experimental"
2026-10-05T20:28:03.4254127Z   },
2026-10-05T20:28:03.4254303Z   {
2026-10-05T20:28:03.4254614Z     "workbook": "work/qa/f03-short-own-credit-note-restored.xlsx",
2026-10-05T20:28:03.4254970Z     "verified": true,
2026-10-05T20:28:03.4255233Z     "id": "short-own-credit-note",
2026-10-05T20:28:03.4255511Z     "sourceFormat": "pdf",
2026-10-05T20:28:03.4255756Z     "approved": 1,
2026-10-05T20:28:03.4256007Z     "engine": "0.3.26-experimental"
2026-10-05T20:28:03.4256263Z   }
2026-10-05T20:28:03.4256451Z ]
2026-10-05T20:28:03.4318902Z ##[group]Run python3 audit/related-invoice/unknown-role/check_export.py work/qa/unknown-*.xlsx
2026-10-05T20:28:03.4319607Z [36;1mpython3 audit/related-invoice/unknown-role/check_export.py work/qa/unknown-*.xlsx[0m
2026-10-05T20:28:03.4381209Z shell: /usr/bin/bash -e {0}
2026-10-05T20:28:03.4381470Z env:
2026-10-05T20:28:03.4381731Z   PNPM_HOME: /home/runner/setup-pnpm/node_modules/.bin
2026-10-05T20:28:03.4382052Z ##[endgroup]
2026-10-05T20:28:03.5005604Z [
2026-10-05T20:28:03.5006005Z   {
2026-10-05T20:28:03.5006735Z     "workbook": "work/qa/unknown-blank-credit-ordinary-invoice-direct.xlsx",
2026-10-05T20:28:03.5007511Z     "verified": true,
2026-10-05T20:28:03.5008026Z     "id": "blank-credit-ordinary-invoice",
2026-10-05T20:28:03.5008574Z     "format": "xlsx",
2026-10-05T20:28:03.5008981Z     "approved": 1,
2026-10-05T20:28:03.5009446Z     "engine": "0.3.26-experimental"
2026-10-05T20:28:03.5009906Z   },
2026-10-05T20:28:03.5010233Z   {
2026-10-05T20:28:03.5011247Z     "workbook": "work/qa/unknown-blank-credit-ordinary-invoice-restored.xlsx",
2026-10-05T20:28:03.5012022Z     "verified": true,
2026-10-05T20:28:03.5012535Z     "id": "blank-credit-ordinary-invoice",
2026-10-05T20:28:03.5013060Z     "format": "xlsx",
2026-10-05T20:28:03.5013466Z     "approved": 1,
2026-10-05T20:28:03.5013907Z     "engine": "0.3.26-experimental"
2026-10-05T20:28:03.5014361Z   },
2026-10-05T20:28:03.5014685Z   {
2026-10-05T20:28:03.5015283Z     "workbook": "work/qa/unknown-different-untyped-credit-direct.xlsx",
2026-10-05T20:28:03.5015960Z     "verified": true,
2026-10-05T20:28:03.5016419Z     "id": "different-untyped-credit",
2026-10-05T20:28:03.5016894Z     "format": "xlsx",
2026-10-05T20:28:03.5017243Z     "approved": 0,
2026-10-05T20:28:03.5017612Z     "engine": "0.3.26-experimental"
2026-10-05T20:28:03.5018019Z   },
2026-10-05T20:28:03.5018349Z   {
2026-10-05T20:28:03.5018991Z     "workbook": "work/qa/unknown-different-untyped-credit-restored.xlsx",
2026-10-05T20:28:03.5019690Z     "verified": true,
2026-10-05T20:28:03.5020315Z     "id": "different-untyped-credit",
2026-10-05T20:28:03.5021246Z     "format": "xlsx",
2026-10-05T20:28:03.5021947Z     "approved": 0,
2026-10-05T20:28:03.5022562Z     "engine": "0.3.26-experimental"
2026-10-05T20:28:03.5023228Z   }
2026-10-05T20:28:03.5023791Z ]
2026-10-05T20:28:03.5098334Z ##[group]Run python3 audit/assistant-evidence/check_export.py work/qa/p5-*.xlsx --browser work/qa/p5-browser.json
2026-10-05T20:28:03.5099314Z [36;1mpython3 audit/assistant-evidence/check_export.py work/qa/p5-*.xlsx --browser work/qa/p5-browser.json[0m
2026-10-05T20:28:03.5157028Z shell: /usr/bin/bash -e {0}
2026-10-05T20:28:03.5157452Z env:
2026-10-05T20:28:03.5157831Z   PNPM_HOME: /home/runner/setup-pnpm/node_modules/.bin
2026-10-05T20:28:03.5158314Z ##[endgroup]
2026-10-05T20:28:03.5873217Z {
2026-10-05T20:28:03.5874141Z   "workbooks": [
2026-10-05T20:28:03.5874658Z     {
2026-10-05T20:28:03.5875331Z       "workbook": "work/qa/p5-partial-source-direct.xlsx",
2026-10-05T20:28:03.5876293Z       "verified": true,
2026-10-05T20:28:03.5876814Z       "id": "partial-source",
2026-10-05T20:28:03.5877379Z       "approved": 1,
2026-10-05T20:28:03.5877809Z       "engine": "0.3.26-experimental"
2026-10-05T20:28:03.5878309Z     },
2026-10-05T20:28:03.5878634Z     {
2026-10-05T20:28:03.5879311Z       "workbook": "work/qa/p5-partial-source-restored.xlsx",
2026-10-05T20:28:03.5879841Z       "verified": true,
2026-10-05T20:28:03.5880313Z       "id": "partial-source",
2026-10-05T20:28:03.5881173Z       "approved": 1,
2026-10-05T20:28:03.5881661Z       "engine": "0.3.26-experimental"
2026-10-05T20:28:03.5882250Z     },
2026-10-05T20:28:03.5882574Z     {
2026-10-05T20:28:03.5883106Z       "workbook": "work/qa/p5-untyped-credit-direct.xlsx",
2026-10-05T20:28:03.5883611Z       "verified": true,
2026-10-05T20:28:03.5884105Z       "id": "untyped-credit",
2026-10-05T20:28:03.5884510Z       "approved": 0,
2026-10-05T20:28:03.5884975Z       "engine": "0.3.26-experimental"
2026-10-05T20:28:03.5885400Z     },
2026-10-05T20:28:03.5885749Z     {
2026-10-05T20:28:03.5886290Z       "workbook": "work/qa/p5-untyped-credit-restored.xlsx",
2026-10-05T20:28:03.5886800Z       "verified": true,
2026-10-05T20:28:03.5887270Z       "id": "untyped-credit",
2026-10-05T20:28:03.5887667Z       "approved": 0,
2026-10-05T20:28:03.5888136Z       "engine": "0.3.26-experimental"
2026-10-05T20:28:03.5888501Z     }
2026-10-05T20:28:03.5888795Z   ],
2026-10-05T20:28:03.5889143Z   "answers": null,
2026-10-05T20:28:03.5889488Z   "browser": {
2026-10-05T20:28:03.5889907Z     "browserAnswersVerified": 2,
2026-10-05T20:28:03.5890347Z     "engine": "0.3.26-experimental"
2026-10-05T20:28:03.5890898Z   }
2026-10-05T20:28:03.5891203Z }
2026-10-05T20:28:03.5978280Z ##[group]Run actions/upload-artifact@ea165f8d65b6e75b540449e92b4886f43607fa02
2026-10-05T20:28:03.5978703Z with:
2026-10-05T20:28:03.5978978Z   name: assistant-evidence
2026-10-05T20:28:03.5979329Z   path: work/p5-native
work/qa/p5-*.xlsx
work/qa/p5-browser.json

2026-10-05T20:28:03.5979714Z   if-no-files-found: ignore
2026-10-05T20:28:03.5979966Z   retention-days: 7
2026-10-05T20:28:03.5980186Z   compression-level: 6
2026-10-05T20:28:03.5980411Z   overwrite: false
2026-10-05T20:28:03.5981003Z   include-hidden-files: false
2026-10-05T20:28:03.5981300Z env:
2026-10-05T20:28:03.5981554Z   PNPM_HOME: /home/runner/setup-pnpm/node_modules/.bin
2026-10-05T20:28:03.5981878Z ##[endgroup]
2026-10-05T20:28:03.7669735Z (node:5233) [DEP0040] DeprecationWarning: The `punycode` module is deprecated. Please use a userland alternative instead.
2026-10-05T20:28:03.7670777Z (Use `node --trace-deprecation ...` to show where the warning was created)
2026-10-05T20:28:03.7800005Z Multiple search paths detected. Calculating the least common ancestor of all paths
2026-10-05T20:28:03.7802650Z The least common ancestor is /home/runner/work/accounting/accounting/work. This will be the root directory of the artifact
2026-10-05T20:28:03.7803878Z With the provided path, there will be 14 files uploaded
2026-10-05T20:28:03.7808940Z Artifact name is valid!
2026-10-05T20:28:03.7809800Z Root directory input is valid!
2026-10-05T20:28:04.1358585Z Beginning upload of artifact content to blob storage
2026-10-05T20:28:04.1833101Z (node:5233) [DEP0169] DeprecationWarning: `url.parse()` behavior is not standardized and prone to errors that have security implications. Use the WHATWG URL API instead. CVEs are not issued for `url.parse()` vulnerabilities.
2026-10-05T20:28:04.7561244Z Uploaded bytes 326625
2026-10-05T20:28:04.8349299Z Finished uploading artifact content to blob storage!
2026-10-05T20:28:04.8350845Z SHA256 digest of uploaded artifact zip is dc2e8ee7fd5379d329671304065fca3b15d4eebace756400994c076e707a1c20
2026-10-05T20:28:04.8352483Z Finalizing artifact upload
2026-10-05T20:28:05.1101692Z Artifact assistant-evidence.zip successfully finalized. Artifact ID 11369750734
2026-10-05T20:28:05.1103599Z Artifact assistant-evidence has been successfully uploaded! Final size is 326625 bytes. Artifact ID is 11369750734
2026-10-05T20:28:05.1111046Z Artifact download URL: https://github.com/mjodshamrani-ux/accounting/actions/runs/37369259397/artifacts/11369750734
2026-10-05T20:28:05.1274496Z ##[group]Run actions/upload-artifact@ea165f8d65b6e75b540449e92b4886f43607fa02
2026-10-05T20:28:05.1274944Z with:
2026-10-05T20:28:05.1275173Z   name: related-invoice-evidence
2026-10-05T20:28:05.1275844Z   path: work/f03-native
work/f03-pdf
work/unknown-role
work/qa/unknown-*.xlsx
work/qa/unknown-browser.json
work/qa/f03-*.xlsx
work/qa/f03-browser.json

2026-10-05T20:28:05.1276539Z   if-no-files-found: ignore
2026-10-05T20:28:05.1276794Z   retention-days: 7
2026-10-05T20:28:05.1277023Z   compression-level: 6
2026-10-05T20:28:05.1277256Z   overwrite: false
2026-10-05T20:28:05.1277488Z   include-hidden-files: false
2026-10-05T20:28:05.1277735Z env:
2026-10-05T20:28:05.1277990Z   PNPM_HOME: /home/runner/setup-pnpm/node_modules/.bin
2026-10-05T20:28:05.1278321Z ##[endgroup]
2026-10-05T20:28:05.2919695Z (node:5245) [DEP0040] DeprecationWarning: The `punycode` module is deprecated. Please use a userland alternative instead.
2026-10-05T20:28:05.2920792Z (Use `node --trace-deprecation ...` to show where the warning was created)
2026-10-05T20:28:05.3202544Z Multiple search paths detected. Calculating the least common ancestor of all paths
2026-10-05T20:28:05.3217856Z The least common ancestor is /home/runner/work/accounting/accounting/work. This will be the root directory of the artifact
2026-10-05T20:28:05.3219067Z With the provided path, there will be 63 files uploaded
2026-10-05T20:28:05.3219936Z Artifact name is valid!
2026-10-05T20:28:05.3220408Z Root directory input is valid!
2026-10-05T20:28:05.7098259Z Beginning upload of artifact content to blob storage
2026-10-05T20:28:05.8294137Z (node:5245) [DEP0169] DeprecationWarning: `url.parse()` behavior is not standardized and prone to errors that have security implications. Use the WHATWG URL API instead. CVEs are not issued for `url.parse()` vulnerabilities.
2026-10-05T20:28:06.5919293Z Uploaded bytes 1530500
2026-10-05T20:28:06.6684253Z Finished uploading artifact content to blob storage!
2026-10-05T20:28:06.6685706Z SHA256 digest of uploaded artifact zip is 541699e50798580f068116bb5d96e4d1d8b5cacdcce40fa8433a08b5fb63cbb6
2026-10-05T20:28:06.6687280Z Finalizing artifact upload
2026-10-05T20:28:06.9721049Z Artifact related-invoice-evidence.zip successfully finalized. Artifact ID 11369650844
2026-10-05T20:28:06.9722772Z Artifact related-invoice-evidence has been successfully uploaded! Final size is 1530500 bytes. Artifact ID is 11369650844
2026-10-05T20:28:06.9728824Z Artifact download URL: https://github.com/mjodshamrani-ux/accounting/actions/runs/37369259397/artifacts/11369650844
2026-10-05T20:28:06.9861264Z ##[group]Run python3 audit/layered-statement/check_export.py work/qa/layered-0-direct.xlsx work/qa/layered-0-restored.xlsx work/qa/layered-1-direct.xlsx work/qa/layered-1-restored.xlsx
2026-10-05T20:28:06.9862632Z [36;1mpython3 audit/layered-statement/check_export.py work/qa/layered-0-direct.xlsx work/qa/layered-0-restored.xlsx work/qa/layered-1-direct.xlsx work/qa/layered-1-restored.xlsx[0m
2026-10-05T20:28:06.9925884Z shell: /usr/bin/bash -e {0}
2026-10-05T20:28:06.9926167Z env:
2026-10-05T20:28:06.9926444Z   PNPM_HOME: /home/runner/setup-pnpm/node_modules/.bin
2026-10-05T20:28:06.9926779Z ##[endgroup]
2026-10-05T20:28:07.0590537Z [
2026-10-05T20:28:07.0591349Z   {
2026-10-05T20:28:07.0591877Z     "workbook": "work/qa/layered-0-direct.xlsx",
2026-10-05T20:28:07.0592461Z     "verified": true,
2026-10-05T20:28:07.0592974Z     "source": "supplier-layered-proven.xlsx",
2026-10-05T20:28:07.0593883Z     "sourceHash": "ed920ea60d9c302e2d319f76920f048227366fc5b01fdbb5229bab584fc93e8a",
2026-10-05T20:28:07.0594651Z     "movements": 4,
2026-10-05T20:28:07.0595040Z     "rowFates": 10,
2026-10-05T20:28:07.0595476Z     "approvedSupplierRows": [
2026-10-05T20:28:07.0595952Z       8
2026-10-05T20:28:07.0596299Z     ],
2026-10-05T20:28:07.0596668Z     "headerBand": [
2026-10-05T20:28:07.0597063Z       3,
2026-10-05T20:28:07.0597767Z       4
2026-10-05T20:28:07.0598108Z     ],
2026-10-05T20:28:07.0598528Z     "fullReconciliation": false
2026-10-05T20:28:07.0599004Z   },
2026-10-05T20:28:07.0599336Z   {
2026-10-05T20:28:07.0599826Z     "workbook": "work/qa/layered-0-restored.xlsx",
2026-10-05T20:28:07.0600422Z     "verified": true,
2026-10-05T20:28:07.0601209Z     "source": "supplier-layered-proven.xlsx",
2026-10-05T20:28:07.0602094Z     "sourceHash": "ed920ea60d9c302e2d319f76920f048227366fc5b01fdbb5229bab584fc93e8a",
2026-10-05T20:28:07.0602861Z     "movements": 4,
2026-10-05T20:28:07.0603251Z     "rowFates": 10,
2026-10-05T20:28:07.0603663Z     "approvedSupplierRows": [
2026-10-05T20:28:07.0604077Z       8
2026-10-05T20:28:07.0604364Z     ],
2026-10-05T20:28:07.0604688Z     "headerBand": [
2026-10-05T20:28:07.0605066Z       3,
2026-10-05T20:28:07.0605408Z       4
2026-10-05T20:28:07.0605730Z     ],
2026-10-05T20:28:07.0606130Z     "fullReconciliation": false
2026-10-05T20:28:07.0606585Z   },
2026-10-05T20:28:07.0606901Z   {
2026-10-05T20:28:07.0607376Z     "workbook": "work/qa/layered-1-direct.xlsx",
2026-10-05T20:28:07.0607943Z     "verified": true,
2026-10-05T20:28:07.0608496Z     "source": "supplier-layered-conflict.xlsx",
2026-10-05T20:28:07.0609432Z     "sourceHash": "9d4133c437598504fc8284d61f993e6977cf9bf699c44e3bb6fb499f85f859b4",
2026-10-05T20:28:07.0610227Z     "movements": 4,
2026-10-05T20:28:07.0610851Z     "rowFates": 10,
2026-10-05T20:28:07.0611304Z     "approvedSupplierRows": [
2026-10-05T20:28:07.0611772Z       8
2026-10-05T20:28:07.0612123Z     ],
2026-10-05T20:28:07.0612485Z     "headerBand": [
2026-10-05T20:28:07.0612853Z       3,
2026-10-05T20:28:07.0613191Z       4
2026-10-05T20:28:07.0613521Z     ],
2026-10-05T20:28:07.0613952Z     "fullReconciliation": false
2026-10-05T20:28:07.0614415Z   },
2026-10-05T20:28:07.0614745Z   {
2026-10-05T20:28:07.0615214Z     "workbook": "work/qa/layered-1-restored.xlsx",
2026-10-05T20:28:07.0615762Z     "verified": true,
2026-10-05T20:28:07.0616227Z     "source": "supplier-layered-conflict.xlsx",
2026-10-05T20:28:07.0617123Z     "sourceHash": "9d4133c437598504fc8284d61f993e6977cf9bf699c44e3bb6fb499f85f859b4",
2026-10-05T20:28:07.0617890Z     "movements": 4,
2026-10-05T20:28:07.0618282Z     "rowFates": 10,
2026-10-05T20:28:07.0618722Z     "approvedSupplierRows": [
2026-10-05T20:28:07.0619191Z       8
2026-10-05T20:28:07.0619541Z     ],
2026-10-05T20:28:07.0619901Z     "headerBand": [
2026-10-05T20:28:07.0620272Z       3,
2026-10-05T20:28:07.0620771Z       4
2026-10-05T20:28:07.0621076Z     ],
2026-10-05T20:28:07.0621438Z     "fullReconciliation": false
2026-10-05T20:28:07.0621858Z   }
2026-10-05T20:28:07.0622191Z ]
2026-10-05T20:28:07.0688637Z ##[group]Run python3 audit/typed-document/check_export.py work/qa/typed-0-direct.xlsx work/qa/typed-0-restored.xlsx work/qa/typed-1-direct.xlsx work/qa/typed-1-restored.xlsx
2026-10-05T20:28:07.0689884Z [36;1mpython3 audit/typed-document/check_export.py work/qa/typed-0-direct.xlsx work/qa/typed-0-restored.xlsx work/qa/typed-1-direct.xlsx work/qa/typed-1-restored.xlsx[0m
2026-10-05T20:28:07.0691040Z [36;1mpython3 -m unittest discover -s audit/typed-document -p 'test_*.py' -v[0m
2026-10-05T20:28:07.0752624Z shell: /usr/bin/bash -e {0}
2026-10-05T20:28:07.0752900Z env:
2026-10-05T20:28:07.0753174Z   PNPM_HOME: /home/runner/setup-pnpm/node_modules/.bin
2026-10-05T20:28:07.0753514Z ##[endgroup]
2026-10-05T20:28:07.1461463Z [
2026-10-05T20:28:07.1462012Z   {
2026-10-05T20:28:07.1462523Z     "workbook": "work/qa/typed-0-direct.xlsx",
2026-10-05T20:28:07.1463035Z     "verified": true,
2026-10-05T20:28:07.1463491Z     "source": "supplier-typed-proven.xlsx",
2026-10-05T20:28:07.1464057Z     "engine": "0.3.26-experimental",
2026-10-05T20:28:07.1464490Z     "supplierMovements": 4,
2026-10-05T20:28:07.1464868Z     "supplierRowFates": 10,
2026-10-05T20:28:07.1465240Z     "approvedMemberSets": [
2026-10-05T20:28:07.1465589Z       {
2026-10-05T20:28:07.1465884Z         "supplierRows": [
2026-10-05T20:28:07.1466243Z           8
2026-10-05T20:28:07.1466516Z         ],
2026-10-05T20:28:07.1467103Z         "ledgerRows": [
2026-10-05T20:28:07.1467429Z           3
2026-10-05T20:28:07.1467700Z         ],
2026-10-05T20:28:07.1468008Z         "amountMinor": -35000
2026-10-05T20:28:07.1468374Z       },
2026-10-05T20:28:07.1468641Z       {
2026-10-05T20:28:07.1468978Z         "supplierRows": [
2026-10-05T20:28:07.1469313Z           9
2026-10-05T20:28:07.1469587Z         ],
2026-10-05T20:28:07.1469874Z         "ledgerRows": [
2026-10-05T20:28:07.1470194Z           4
2026-10-05T20:28:07.1470466Z         ],
2026-10-05T20:28:07.1471167Z         "amountMinor": -5000
2026-10-05T20:28:07.1471535Z       },
2026-10-05T20:28:07.1471816Z       {
2026-10-05T20:28:07.1472119Z         "supplierRows": [
2026-10-05T20:28:07.1472482Z           6,
2026-10-05T20:28:07.1472765Z           7
2026-10-05T20:28:07.1473046Z         ],
2026-10-05T20:28:07.1473338Z         "ledgerRows": [
2026-10-05T20:28:07.1473661Z           2
2026-10-05T20:28:07.1473933Z         ],
2026-10-05T20:28:07.1474170Z         "amountMinor": 100000
2026-10-05T20:28:07.1474453Z       }
2026-10-05T20:28:07.1474645Z     ],
2026-10-05T20:28:07.1474894Z     "fullReconciliation": false
2026-10-05T20:28:07.1475163Z   },
2026-10-05T20:28:07.1475353Z   {
2026-10-05T20:28:07.1475628Z     "workbook": "work/qa/typed-0-restored.xlsx",
2026-10-05T20:28:07.1475957Z     "verified": true,
2026-10-05T20:28:07.1476254Z     "source": "supplier-typed-proven.xlsx",
2026-10-05T20:28:07.1476594Z     "engine": "0.3.26-experimental",
2026-10-05T20:28:07.1476893Z     "supplierMovements": 4,
2026-10-05T20:28:07.1477163Z     "supplierRowFates": 10,
2026-10-05T20:28:07.1477434Z     "approvedMemberSets": [
2026-10-05T20:28:07.1477674Z       {
2026-10-05T20:28:07.1477891Z         "supplierRows": [
2026-10-05T20:28:07.1478142Z           8
2026-10-05T20:28:07.1478339Z         ],
2026-10-05T20:28:07.1478551Z         "ledgerRows": [
2026-10-05T20:28:07.1478784Z           3
2026-10-05T20:28:07.1478982Z         ],
2026-10-05T20:28:07.1479195Z         "amountMinor": -35000
2026-10-05T20:28:07.1479456Z       },
2026-10-05T20:28:07.1479655Z       {
2026-10-05T20:28:07.1479863Z         "supplierRows": [
2026-10-05T20:28:07.1480103Z           9
2026-10-05T20:28:07.1480299Z         ],
2026-10-05T20:28:07.1480506Z         "ledgerRows": [
2026-10-05T20:28:07.1480872Z           4
2026-10-05T20:28:07.1481073Z         ],
2026-10-05T20:28:07.1481288Z         "amountMinor": -5000
2026-10-05T20:28:07.1481535Z       },
2026-10-05T20:28:07.1481731Z       {
2026-10-05T20:28:07.1481945Z         "supplierRows": [
2026-10-05T20:28:07.1482191Z           6,
2026-10-05T20:28:07.1482390Z           7
2026-10-05T20:28:07.1482800Z         ],
2026-10-05T20:28:07.1483021Z         "ledgerRows": [
2026-10-05T20:28:07.1483248Z           2
2026-10-05T20:28:07.1483447Z         ],
2026-10-05T20:28:07.1483663Z         "amountMinor": 100000
2026-10-05T20:28:07.1483915Z       }
2026-10-05T20:28:07.1484108Z     ],
2026-10-05T20:28:07.1484347Z     "fullReconciliation": false
2026-10-05T20:28:07.1484606Z   },
2026-10-05T20:28:07.1484799Z   {
2026-10-05T20:28:07.1485061Z     "workbook": "work/qa/typed-1-direct.xlsx",
2026-10-05T20:28:07.1485373Z     "verified": true,
2026-10-05T20:28:07.1485672Z     "source": "supplier-typed-conflict.xlsx",
2026-10-05T20:28:07.1486011Z     "engine": "0.3.26-experimental",
2026-10-05T20:28:07.1486302Z     "supplierMovements": 4,
2026-10-05T20:28:07.1486565Z     "supplierRowFates": 10,
2026-10-05T20:28:07.1486824Z     "approvedMemberSets": [
2026-10-05T20:28:07.1487059Z       {
2026-10-05T20:28:07.1487269Z         "supplierRows": [
2026-10-05T20:28:07.1487505Z           8
2026-10-05T20:28:07.1487697Z         ],
2026-10-05T20:28:07.1487907Z         "ledgerRows": [
2026-10-05T20:28:07.1488135Z           3
2026-10-05T20:28:07.1488329Z         ],
2026-10-05T20:28:07.1488538Z         "amountMinor": -35000
2026-10-05T20:28:07.1488789Z       },
2026-10-05T20:28:07.1488990Z       {
2026-10-05T20:28:07.1489190Z         "supplierRows": [
2026-10-05T20:28:07.1489423Z           9
2026-10-05T20:28:07.1489748Z         ],
2026-10-05T20:28:07.1489954Z         "ledgerRows": [
2026-10-05T20:28:07.1490178Z           4
2026-10-05T20:28:07.1490372Z         ],
2026-10-05T20:28:07.1490715Z         "amountMinor": -5000
2026-10-05T20:28:07.1490966Z       }
2026-10-05T20:28:07.1491157Z     ],
2026-10-05T20:28:07.1491389Z     "fullReconciliation": false
2026-10-05T20:28:07.1491649Z   },
2026-10-05T20:28:07.1491840Z   {
2026-10-05T20:28:07.1492115Z     "workbook": "work/qa/typed-1-restored.xlsx",
2026-10-05T20:28:07.1492439Z     "verified": true,
2026-10-05T20:28:07.1492730Z     "source": "supplier-typed-conflict.xlsx",
2026-10-05T20:28:07.1493078Z     "engine": "0.3.26-experimental",
2026-10-05T20:28:07.1493370Z     "supplierMovements": 4,
2026-10-05T20:28:07.1493639Z     "supplierRowFates": 10,
2026-10-05T20:28:07.1493896Z     "approvedMemberSets": [
2026-10-05T20:28:07.1494142Z       {
2026-10-05T20:28:07.1494354Z         "supplierRows": [
2026-10-05T20:28:07.1494594Z           8
2026-10-05T20:28:07.1494792Z         ],
2026-10-05T20:28:07.1495005Z         "ledgerRows": [
2026-10-05T20:28:07.1495232Z           3
2026-10-05T20:28:07.1495424Z         ],
2026-10-05T20:28:07.1495638Z         "amountMinor": -35000
2026-10-05T20:28:07.1495885Z       },
2026-10-05T20:28:07.1496079Z       {
2026-10-05T20:28:07.1496280Z         "supplierRows": [
2026-10-05T20:28:07.1496512Z           9
2026-10-05T20:28:07.1496706Z         ],
2026-10-05T20:28:07.1496911Z         "ledgerRows": [
2026-10-05T20:28:07.1497135Z           4
2026-10-05T20:28:07.1497330Z         ],
2026-10-05T20:28:07.1497539Z         "amountMinor": -5000
2026-10-05T20:28:07.1497780Z       }
2026-10-05T20:28:07.1497975Z     ],
2026-10-05T20:28:07.1498213Z     "fullReconciliation": false
2026-10-05T20:28:07.1498463Z   }
2026-10-05T20:28:07.1498657Z ]
2026-10-05T20:28:07.2311605Z test_all_native_and_restored_workbooks (test_check_export.TypedExportOracle.test_all_native_and_restored_workbooks) ... ok
2026-10-05T20:28:07.3077443Z test_deliberate_financial_and_source_tampering_is_rejected (test_check_export.TypedExportOracle.test_deliberate_financial_and_source_tampering_is_rejected) ... ok
2026-10-05T20:28:07.3078307Z 
2026-10-05T20:28:07.3078623Z ----------------------------------------------------------------------
2026-10-05T20:28:07.3079121Z Ran 2 tests in 0.101s
2026-10-05T20:28:07.3079321Z 
2026-10-05T20:28:07.3079440Z OK
2026-10-05T20:28:07.3189853Z ##[group]Run node audit/partial-input/browser/run.mjs ci-partial isolated
2026-10-05T20:28:07.3190437Z [36;1mnode audit/partial-input/browser/run.mjs ci-partial isolated[0m
2026-10-05T20:28:07.3192093Z [36;1mpython3 audit/partial-reconciliation/check_openxml.py --xlsx audit/partial-input/browser/ci-partial/partial.xlsx --out audit/partial-input/browser/ci-partial/openxml.json --browser-oracle audit/partial-input/browser/fixtures-isolated/oracle.json --require-reviewed --expected-engine 0.3.26-experimental[0m
2026-10-05T20:28:07.3193477Z [36;1mnode audit/partial-input/browser/run.mjs ci-partial-original original[0m
2026-10-05T20:28:07.3194884Z [36;1mpython3 audit/partial-reconciliation/check_openxml.py --xlsx audit/partial-input/browser/ci-partial-original/partial.xlsx --out audit/partial-input/browser/ci-partial-original/openxml.json --browser-oracle audit/partial-input/browser/fixtures/oracle.json --require-reviewed --expected-engine 0.3.26-experimental[0m
2026-10-05T20:28:07.3257911Z shell: /usr/bin/bash -e {0}
2026-10-05T20:28:07.3258189Z env:
2026-10-05T20:28:07.3258469Z   PNPM_HOME: /home/runner/setup-pnpm/node_modules/.bin
2026-10-05T20:28:07.3258807Z ##[endgroup]
2026-10-05T20:28:12.7182103Z {"passed":true,"stage":"final-integrity","result":"/home/runner/work/accounting/accounting/audit/partial-input/browser/ci-partial/result.json"}
2026-10-05T20:28:12.8051188Z {"checkerSha256": "6475352b77f71a35c0ecf8ccfa51ec71630c5f8e80eacde37514e1c873014bdf", "observedAtUtc": "2026-10-05T20:28:12.780890+00:00", "passed": true, "frozenBefore": "0b10b982659d984e9298082c0a76bb183fcd6d30abb8c34a5be520fed9a57e7e", "workbookSha256": "cc4711f61d3f64a2176466c216f0644da159518b002d555a92ef5d037edcd278", "observations": {"originalSourcePreservation": {"passed": true, "readableRows": 4, "readingIssues": [{"sourceRowId": "supplier:0:3", "reason": "المبلغ غير صالح أو يتجاوز عدد المنازل العشرية للعملة", "originalAmount": "unread"}, {"sourceRowId": "supplier:0:4", "reason": "المبلغ غير صالح أو يتجاوز عدد المنازل العشرية للعملة", "originalAmount": "unread"}, {"sourceRowId": "supplier:0:5", "reason": "المبلغ غير صالح أو يتجاوز عدد المنازل العشرية للعملة", "originalAmount": "unread"}, {"sourceRowId": "supplier:0:6", "reason": "المبلغ غير صالح أو يتجاوز عدد المنازل العشرية للعملة", "originalAmount": "unread"}, {"sourceRowId": "supplier:0:7", "reason": "المبلغ غير صالح أو يتجاوز عدد المنازل العشرية للعملة", "originalAmount": "unread"}, {"sourceRowId": "supplier:0:8", "reason": "المبلغ غير صالح أو يتجاوز عدد المنازل العشرية للعملة", "originalAmount": "unread"}, {"sourceRowId": "supplier:0:9", "reason": "المبلغ غير صالح أو يتجاوز عدد المنازل العشرية للعملة", "originalAmount": "unread"}, {"sourceRowId": "supplier:0:10", "reason": "المبلغ غير صالح أو يتجاوز عدد المنازل العشرية للعملة", "originalAmount": "unread"}, {"sourceRowId": "supplier:0:11", "reason": "المبلغ غير صالح أو يتجاوز عدد المنازل العشرية للعملة", "originalAmount": "unread"}, {"sourceRowId": "supplier:0:12", "reason": "المبلغ غير صالح أو يتجاوز عدد المنازل العشرية للعملة", "originalAmount": "unread"}, {"sourceRowId": "supplier:0:13", "reason": "المبلغ غير صالح أو يتجاوز عدد المنازل العشرية للعملة", "originalAmount": "unread"}, {"sourceRowId": "supplier:0:14", "reason": "المبلغ غير صالح أو يتجاوز عدد المنازل العشرية للعملة", "originalAmount": "unread"}, {"sourceRowId": "supplier:0:15", "reason": "المبلغ غير صالح أو يتجاوز عدد المنازل العشرية للعملة", "originalAmount": "unread"}], "issueTraceEncoding": "Source File + Side + Source Sheet CSV + Source Row; contract IDs reconstructed for selected sheet 0"}, "partialSummaryAndReview": {"passed": true, "processedTotalsMinor": {"supplier": 35000, "ledger": 35000}, "processedTotalFields": {"supplier": "Supplier Processed Transaction Total", "ledger": "Ledger Processed Transaction Total"}, "partialSummaryFields": {"Reading Status": "Partial — reading issues remain open", "Workbook Mode": "Partial transaction snapshot for review. Reading issues remain open; totals cover processed transactions only. Not a complete reconciliation."}, "bridgeStatus": "Balance bridge prerequisites incomplete", "reviewCompleted": "Review recorded; reading issues remain open", "reviewApproval": "Not approved — review completion is not an approval declaration"}, "originalSourceHashBinding": {"passed": true, "sourceProvenance": {"oracleSha256": "c2d5a00ade4e27354e3e9a24bc8136b371ef1728c2516253dc55630a1adf2ac3", "sourceSha256": {"supplier": "66db9ee7c99881d80cf0818553d8c01e4407c1e810de562e0b8095a4354ebe01", "ledger": "3298df6aa51c4b1ea3f34f0bd197f90ef458eb5c956f830eced1100d39db9007"}, "contractScope": "Separately authored plain-unread positive contract. Passing this contract does not satisfy the original unread-1..13 contract.", "originalCompletionMiss": "audit/partial-input/browser/original-contract-miss.json"}}, "requiredCompletion": {"requiredPairs": 2, "actualMatchedCases": 2, "requiredMemberSets": [{"supplierRows": [2], "ledgerRows": [2]}, {"supplierRows": [16], "ledgerRows": [3]}]}}, "contract": "browser-isolated-amount", "requiredPairs": 2, "requiredPairsSatisfied": 2, "falseApprovedPairs": 0, "matchedSourceRows": 4, "readableSourceRows": 4, "invalidRowsRetained": [{"sourceRowId": "supplier:0:3", "reason": "المبلغ غير صالح أو يتجاوز عدد المنازل العشرية للعملة", "originalAmount": "unread"}, {"sourceRowId": "supplier:0:4", "reason": "المبلغ غير صالح أو يتجاوز عدد المنازل العشرية للعملة", "originalAmount": "unread"}, {"sourceRowId": "supplier:0:5", "reason": "المبلغ غير صالح أو يتجاوز عدد المنازل العشرية للعملة", "originalAmount": "unread"}, {"sourceRowId": "supplier:0:6", "reason": "المبلغ غير صالح أو يتجاوز عدد المنازل العشرية للعملة", "originalAmount": "unread"}, {"sourceRowId": "supplier:0:7", "reason": "المبلغ غير صالح أو يتجاوز عدد المنازل العشرية للعملة", "originalAmount": "unread"}, {"sourceRowId": "supplier:0:8", "reason": "المبلغ غير صالح أو يتجاوز عدد المنازل العشرية للعملة", "originalAmount": "unread"}, {"sourceRowId": "supplier:0:9", "reason": "المبلغ غير صالح أو يتجاوز عدد المنازل العشرية للعملة", "originalAmount": "unread"}, {"sourceRowId": "supplier:0:10", "reason": "المبلغ غير صالح أو يتجاوز عدد المنازل العشرية للعملة", "originalAmount": "unread"}, {"sourceRowId": "supplier:0:11", "reason": "المبلغ غير صالح أو يتجاوز عدد المنازل العشرية للعملة", "originalAmount": "unread"}, {"sourceRowId": "supplier:0:12", "reason": "المبلغ غير صالح أو يتجاوز عدد المنازل العشرية للعملة", "originalAmount": "unread"}, {"sourceRowId": "supplier:0:13", "reason": "المبلغ غير صالح أو يتجاوز عدد المنازل العشرية للعملة", "originalAmount": "unread"}, {"sourceRowId": "supplier:0:14", "reason": "المبلغ غير صالح أو يتجاوز عدد المنازل العشرية للعملة", "originalAmount": "unread"}, {"sourceRowId": "supplier:0:15", "reason": "المبلغ غير صالح أو يتجاوز عدد المنازل العشرية للعملة", "originalAmount": "unread"}], "processedTotalsMinor": {"supplier": 35000, "ledger": 35000}, "processedTotalFields": {"supplier": "Supplier Processed Transaction Total", "ledger": "Ledger Processed Transaction Total"}, "partialSummaryFields": {"Reading Status": "Partial — reading issues remain open", "Workbook Mode": "Partial transaction snapshot for review. Reading issues remain open; totals cover processed transactions only. Not a complete reconciliation."}, "bridgeStatus": "Balance bridge prerequisites incomplete", "reviewCompleted": "Review recorded; reading issues remain open", "reviewApproval": "Not approved — review completion is not an approval declaration", "xmlPartsParsed": 31, "sourceProvenance": {"oracleSha256": "c2d5a00ade4e27354e3e9a24bc8136b371ef1728c2516253dc55630a1adf2ac3", "sourceSha256": {"supplier": "66db9ee7c99881d80cf0818553d8c01e4407c1e810de562e0b8095a4354ebe01", "ledger": "3298df6aa51c4b1ea3f34f0bd197f90ef458eb5c956f830eced1100d39db9007"}, "contractScope": "Separately authored plain-unread positive contract. Passing this contract does not satisfy the original unread-1..13 contract.", "originalCompletionMiss": "audit/partial-input/browser/original-contract-miss.json"}, "scope": "Independent synthetic literal sources, error preservation and financial member sets. No engine/ExcelJS imports or formula recalculation.", "frozenAfter": "0b10b982659d984e9298082c0a76bb183fcd6d30abb8c34a5be520fed9a57e7e"}
2026-10-05T20:28:18.1437107Z {"passed":true,"stage":"final-integrity","result":"/home/runner/work/accounting/accounting/audit/partial-input/browser/ci-partial-original/result.json"}
2026-10-05T20:28:18.2327910Z {"checkerSha256": "6475352b77f71a35c0ecf8ccfa51ec71630c5f8e80eacde37514e1c873014bdf", "observedAtUtc": "2026-10-05T20:28:18.208400+00:00", "passed": true, "frozenBefore": "0b10b982659d984e9298082c0a76bb183fcd6d30abb8c34a5be520fed9a57e7e", "workbookSha256": "c5c869482f6e356e95a12f332c626a013fb123ff3f071628a302fcbd84497edc", "observations": {"originalSourcePreservation": {"passed": true, "readableRows": 4, "readingIssues": [{"sourceRowId": "supplier:0:3", "reason": "المبلغ غير صالح أو يتجاوز عدد المنازل العشرية للعملة", "originalAmount": "unread-1"}, {"sourceRowId": "supplier:0:4", "reason": "المبلغ غير صالح أو يتجاوز عدد المنازل العشرية للعملة", "originalAmount": "unread-2"}, {"sourceRowId": "supplier:0:5", "reason": "المبلغ غير صالح أو يتجاوز عدد المنازل العشرية للعملة", "originalAmount": "unread-3"}, {"sourceRowId": "supplier:0:6", "reason": "المبلغ غير صالح أو يتجاوز عدد المنازل العشرية للعملة", "originalAmount": "unread-4"}, {"sourceRowId": "supplier:0:7", "reason": "المبلغ غير صالح أو يتجاوز عدد المنازل العشرية للعملة", "originalAmount": "unread-5"}, {"sourceRowId": "supplier:0:8", "reason": "المبلغ غير صالح أو يتجاوز عدد المنازل العشرية للعملة", "originalAmount": "unread-6"}, {"sourceRowId": "supplier:0:9", "reason": "المبلغ غير صالح أو يتجاوز عدد المنازل العشرية للعملة", "originalAmount": "unread-7"}, {"sourceRowId": "supplier:0:10", "reason": "المبلغ غير صالح أو يتجاوز عدد المنازل العشرية للعملة", "originalAmount": "unread-8"}, {"sourceRowId": "supplier:0:11", "reason": "المبلغ غير صالح أو يتجاوز عدد المنازل العشرية للعملة", "originalAmount": "unread-9"}, {"sourceRowId": "supplier:0:12", "reason": "المبلغ غير صالح أو يتجاوز عدد المنازل العشرية للعملة", "originalAmount": "unread-10"}, {"sourceRowId": "supplier:0:13", "reason": "المبلغ غير صالح أو يتجاوز عدد المنازل العشرية للعملة", "originalAmount": "unread-11"}, {"sourceRowId": "supplier:0:14", "reason": "المبلغ غير صالح أو يتجاوز عدد المنازل العشرية للعملة", "originalAmount": "unread-12"}, {"sourceRowId": "supplier:0:15", "reason": "المبلغ غير صالح أو يتجاوز عدد المنازل العشرية للعملة", "originalAmount": "unread-13"}], "issueTraceEncoding": "Source File + Side + Source Sheet CSV + Source Row; contract IDs reconstructed for selected sheet 0"}, "partialSummaryAndReview": {"passed": true, "processedTotalsMinor": {"supplier": 35000, "ledger": 35000}, "processedTotalFields": {"supplier": "Supplier Processed Transaction Total", "ledger": "Ledger Processed Transaction Total"}, "partialSummaryFields": {"Reading Status": "Partial — reading issues remain open", "Workbook Mode": "Partial transaction snapshot for review. Reading issues remain open; totals cover processed transactions only. Not a complete reconciliation."}, "bridgeStatus": "Balance bridge prerequisites incomplete", "reviewCompleted": "Review recorded; reading issues remain open", "reviewApproval": "Not approved — review completion is not an approval declaration"}, "originalSourceHashBinding": {"passed": true, "sourceProvenance": {"oracleSha256": "892a5d52634752a1b976cfb25836381ae054c4c72fb706d9e6df8234f983cbc6", "sourceSha256": {"supplier": "e8f5e8d6f28f3ab613302cf6e28ef466f04cc49713f6281cce0ebc87d6b59b82", "ledger": "3298df6aa51c4b1ea3f34f0bd197f90ef458eb5c956f830eced1100d39db9007"}, "contractScope": "Original unread-1..13 completion contract. Still requires both positive pairs; its recorded completion miss is not reclassified as a pass.", "originalCompletionMiss": "audit/partial-input/browser/original-contract-miss.json"}}, "requiredCompletion": {"requiredPairs": 2, "actualMatchedCases": 2, "requiredMemberSets": [{"supplierRows": [2], "ledgerRows": [2]}, {"supplierRows": [16], "ledgerRows": [3]}]}}, "contract": "browser-original-displaced-amount", "requiredPairs": 2, "requiredPairsSatisfied": 2, "falseApprovedPairs": 0, "matchedSourceRows": 4, "readableSourceRows": 4, "invalidRowsRetained": [{"sourceRowId": "supplier:0:3", "reason": "المبلغ غير صالح أو يتجاوز عدد المنازل العشرية للعملة", "originalAmount": "unread-1"}, {"sourceRowId": "supplier:0:4", "reason": "المبلغ غير صالح أو يتجاوز عدد المنازل العشرية للعملة", "originalAmount": "unread-2"}, {"sourceRowId": "supplier:0:5", "reason": "المبلغ غير صالح أو يتجاوز عدد المنازل العشرية للعملة", "originalAmount": "unread-3"}, {"sourceRowId": "supplier:0:6", "reason": "المبلغ غير صالح أو يتجاوز عدد المنازل العشرية للعملة", "originalAmount": "unread-4"}, {"sourceRowId": "supplier:0:7", "reason": "المبلغ غير صالح أو يتجاوز عدد المنازل العشرية للعملة", "originalAmount": "unread-5"}, {"sourceRowId": "supplier:0:8", "reason": "المبلغ غير صالح أو يتجاوز عدد المنازل العشرية للعملة", "originalAmount": "unread-6"}, {"sourceRowId": "supplier:0:9", "reason": "المبلغ غير صالح أو يتجاوز عدد المنازل العشرية للعملة", "originalAmount": "unread-7"}, {"sourceRowId": "supplier:0:10", "reason": "المبلغ غير صالح أو يتجاوز عدد المنازل العشرية للعملة", "originalAmount": "unread-8"}, {"sourceRowId": "supplier:0:11", "reason": "المبلغ غير صالح أو يتجاوز عدد المنازل العشرية للعملة", "originalAmount": "unread-9"}, {"sourceRowId": "supplier:0:12", "reason": "المبلغ غير صالح أو يتجاوز عدد المنازل العشرية للعملة", "originalAmount": "unread-10"}, {"sourceRowId": "supplier:0:13", "reason": "المبلغ غير صالح أو يتجاوز عدد المنازل العشرية للعملة", "originalAmount": "unread-11"}, {"sourceRowId": "supplier:0:14", "reason": "المبلغ غير صالح أو يتجاوز عدد المنازل العشرية للعملة", "originalAmount": "unread-12"}, {"sourceRowId": "supplier:0:15", "reason": "المبلغ غير صالح أو يتجاوز عدد المنازل العشرية للعملة", "originalAmount": "unread-13"}], "processedTotalsMinor": {"supplier": 35000, "ledger": 35000}, "processedTotalFields": {"supplier": "Supplier Processed Transaction Total", "ledger": "Ledger Processed Transaction Total"}, "partialSummaryFields": {"Reading Status": "Partial — reading issues remain open", "Workbook Mode": "Partial transaction snapshot for review. Reading issues remain open; totals cover processed transactions only. Not a complete reconciliation."}, "bridgeStatus": "Balance bridge prerequisites incomplete", "reviewCompleted": "Review recorded; reading issues remain open", "reviewApproval": "Not approved — review completion is not an approval declaration", "xmlPartsParsed": 31, "sourceProvenance": {"oracleSha256": "892a5d52634752a1b976cfb25836381ae054c4c72fb706d9e6df8234f983cbc6", "sourceSha256": {"supplier": "e8f5e8d6f28f3ab613302cf6e28ef466f04cc49713f6281cce0ebc87d6b59b82", "ledger": "3298df6aa51c4b1ea3f34f0bd197f90ef458eb5c956f830eced1100d39db9007"}, "contractScope": "Original unread-1..13 completion contract. Still requires both positive pairs; its recorded completion miss is not reclassified as a pass.", "originalCompletionMiss": "audit/partial-input/browser/original-contract-miss.json"}, "scope": "Independent synthetic literal sources, error preservation and financial member sets. No engine/ExcelJS imports or formula recalculation.", "frozenAfter": "0b10b982659d984e9298082c0a76bb183fcd6d30abb8c34a5be520fed9a57e7e"}
2026-10-05T20:28:18.2411439Z ##[group]Run actions/upload-artifact@ea165f8d65b6e75b540449e92b4886f43607fa02
2026-10-05T20:28:18.2411909Z with:
2026-10-05T20:28:18.2412151Z   name: partial-reconciliation-evidence
2026-10-05T20:28:18.2412763Z   path: audit/partial-input/browser/ci-partial
audit/partial-input/browser/ci-partial-original
work/partial-regression

2026-10-05T20:28:18.2413348Z   if-no-files-found: ignore
2026-10-05T20:28:18.2413612Z   retention-days: 7
2026-10-05T20:28:18.2413844Z   compression-level: 6
2026-10-05T20:28:18.2414098Z   overwrite: false
2026-10-05T20:28:18.2414328Z   include-hidden-files: false
2026-10-05T20:28:18.2414586Z env:
2026-10-05T20:28:18.2414852Z   PNPM_HOME: /home/runner/setup-pnpm/node_modules/.bin
2026-10-05T20:28:18.2415179Z ##[endgroup]
2026-10-05T20:28:18.4069769Z (node:5463) [DEP0040] DeprecationWarning: The `punycode` module is deprecated. Please use a userland alternative instead.
2026-10-05T20:28:18.4070937Z (Use `node --trace-deprecation ...` to show where the warning was created)
2026-10-05T20:28:18.4200823Z Multiple search paths detected. Calculating the least common ancestor of all paths
2026-10-05T20:28:18.4204433Z The least common ancestor is /home/runner/work/accounting/accounting. This will be the root directory of the artifact
2026-10-05T20:28:18.4205648Z With the provided path, there will be 24 files uploaded
2026-10-05T20:28:18.4211162Z Artifact name is valid!
2026-10-05T20:28:18.4212285Z Root directory input is valid!
2026-10-05T20:28:18.8118709Z Beginning upload of artifact content to blob storage
2026-10-05T20:28:18.9071498Z (node:5463) [DEP0169] DeprecationWarning: `url.parse()` behavior is not standardized and prone to errors that have security implications. Use the WHATWG URL API instead. CVEs are not issued for `url.parse()` vulnerabilities.
2026-10-05T20:28:19.6279180Z Uploaded bytes 1321186
2026-10-05T20:28:19.7066804Z Finished uploading artifact content to blob storage!
2026-10-05T20:28:19.7068182Z SHA256 digest of uploaded artifact zip is 4cc1ec0217ce46f66b4acfe445e81640ddaba2c607656ccfddfa691ae0857487
2026-10-05T20:28:19.7069678Z Finalizing artifact upload
2026-10-05T20:28:19.9907439Z Artifact partial-reconciliation-evidence.zip successfully finalized. Artifact ID 11370045627
2026-10-05T20:28:19.9909300Z Artifact partial-reconciliation-evidence has been successfully uploaded! Final size is 1321186 bytes. Artifact ID is 11370045627
2026-10-05T20:28:19.9915566Z Artifact download URL: https://github.com/mjodshamrani-ux/accounting/actions/runs/37369259397/artifacts/11370045627
2026-10-05T20:28:20.0047269Z ##[group]Run node audit/large-statements/browser/run.mjs ci-large-native
2026-10-05T20:28:20.0047836Z [36;1mnode audit/large-statements/browser/run.mjs ci-large-native[0m
2026-10-05T20:28:20.0048877Z [36;1mpython3 audit/large-statements/check_openxml.py --browser-dir audit/large-statements/browser/ci-large-native --out audit/large-statements/browser/ci-large-native/openxml.json --expected-engine 0.3.26-experimental[0m
2026-10-05T20:28:20.0111940Z shell: /usr/bin/bash -e {0}
2026-10-05T20:28:20.0112223Z env:
2026-10-05T20:28:20.0112508Z   PNPM_HOME: /home/runner/setup-pnpm/node_modules/.bin
2026-10-05T20:28:20.0112854Z ##[endgroup]
2026-10-05T20:28:36.1692568Z {"passed":true,"stage":"final-integrity","result":"/home/runner/work/accounting/accounting/audit/large-statements/browser/ci-large-native/result.json"}
2026-10-05T20:28:38.4237487Z {"passed": true, "result": "audit/large-statements/browser/ci-large-native/openxml.json", "counts": {"supplierTransactions": 2240, "ledgerTransactions": 2240, "requiredPairs": 2240, "requiredPairsSatisfied": 2240, "falseApprovedPairs": 0, "missingPairs": 0, "exactEvidenceMembers": 4480, "parsedSupplierRows": 2450, "parsedLedgerRows": 2241, "pdfOrigins": 2450, "excludedSupplierRows": 210, "excludedLedgerRows": 1, "totalMinorEachSide": 40779520, "xmlPartsParsed": 30}, "error": null}
2026-10-05T20:28:38.4382204Z ##[group]Run actions/upload-artifact@ea165f8d65b6e75b540449e92b4886f43607fa02
2026-10-05T20:28:38.4382698Z with:
2026-10-05T20:28:38.4382955Z   name: large-statement-browser-evidence
2026-10-05T20:28:38.4383339Z   path: audit/large-statements/browser/ci-large-native
2026-10-05T20:28:38.4383688Z   if-no-files-found: ignore
2026-10-05T20:28:38.4383959Z   retention-days: 7
2026-10-05T20:28:38.4384203Z   compression-level: 6
2026-10-05T20:28:38.4384450Z   overwrite: false
2026-10-05T20:28:38.4384693Z   include-hidden-files: false
2026-10-05T20:28:38.4384957Z env:
2026-10-05T20:28:38.4385228Z   PNPM_HOME: /home/runner/setup-pnpm/node_modules/.bin
2026-10-05T20:28:38.4385581Z ##[endgroup]
2026-10-05T20:28:38.6010172Z (node:5583) [DEP0040] DeprecationWarning: The `punycode` module is deprecated. Please use a userland alternative instead.
2026-10-05T20:28:38.6011995Z (Use `node --trace-deprecation ...` to show where the warning was created)
2026-10-05T20:28:38.6086927Z With the provided path, there will be 12 files uploaded
2026-10-05T20:28:38.6093290Z Artifact name is valid!
2026-10-05T20:28:38.6094197Z Root directory input is valid!
2026-10-05T20:28:38.9631525Z Beginning upload of artifact content to blob storage
2026-10-05T20:28:39.0774080Z (node:5583) [DEP0169] DeprecationWarning: `url.parse()` behavior is not standardized and prone to errors that have security implications. Use the WHATWG URL API instead. CVEs are not issued for `url.parse()` vulnerabilities.
2026-10-05T20:28:39.8384501Z Uploaded bytes 1813050
2026-10-05T20:28:39.9151579Z Finished uploading artifact content to blob storage!
2026-10-05T20:28:39.9153039Z SHA256 digest of uploaded artifact zip is 5205a06592756cd87ef88370dfc550c4fab63e649de58103021fbefaedc6ddf4
2026-10-05T20:28:39.9154327Z Finalizing artifact upload
2026-10-05T20:28:40.2166837Z Artifact large-statement-browser-evidence.zip successfully finalized. Artifact ID 11369890716
2026-10-05T20:28:40.2168893Z Artifact large-statement-browser-evidence has been successfully uploaded! Final size is 1813050 bytes. Artifact ID is 11369890716
2026-10-05T20:28:40.2175799Z Artifact download URL: https://github.com/mjodshamrani-ux/accounting/actions/runs/37369259397/artifacts/11369890716
2026-10-05T20:28:40.2358157Z ##[group]Run actions/upload-pages-artifact@56afc609e74202658d3ffba0e8f6dda462b719fa
2026-10-05T20:28:40.2358643Z with:
2026-10-05T20:28:40.2358863Z   path: dist
2026-10-05T20:28:40.2359087Z   name: github-pages
2026-10-05T20:28:40.2359338Z   retention-days: 1
2026-10-05T20:28:40.2359569Z env:
2026-10-05T20:28:40.2359836Z   PNPM_HOME: /home/runner/setup-pnpm/node_modules/.bin
2026-10-05T20:28:40.2360188Z ##[endgroup]
2026-10-05T20:28:40.2420259Z ##[start-action display=Archive artifact;id=__actions_upload-pages-artifact.__run]
2026-10-05T20:28:40.2446948Z ##[group]Run echo ::group::Archive artifact
2026-10-05T20:28:40.2447304Z [36;1mecho ::group::Archive artifact[0m
2026-10-05T20:28:40.2447605Z [36;1mtar \[0m
2026-10-05T20:28:40.2447882Z [36;1m  --dereference --hard-dereference \[0m
2026-10-05T20:28:40.2448238Z [36;1m  --directory "$INPUT_PATH" \[0m
2026-10-05T20:28:40.2448575Z [36;1m  -cvf "$RUNNER_TEMP/artifact.tar" \[0m
2026-10-05T20:28:40.2448927Z [36;1m  --exclude=.git \[0m
2026-10-05T20:28:40.2449211Z [36;1m  --exclude=.github \[0m
2026-10-05T20:28:40.2449480Z [36;1m  .[0m
2026-10-05T20:28:40.2449706Z [36;1mecho ::endgroup::[0m
2026-10-05T20:28:40.2476064Z shell: /usr/bin/sh -e {0}
2026-10-05T20:28:40.2476344Z env:
2026-10-05T20:28:40.2476630Z   PNPM_HOME: /home/runner/setup-pnpm/node_modules/.bin
2026-10-05T20:28:40.2476981Z   INPUT_PATH: dist
2026-10-05T20:28:40.2477218Z ##[endgroup]
2026-10-05T20:28:40.2518295Z ##[group]Archive artifact
2026-10-05T20:28:40.2535370Z ./
2026-10-05T20:28:40.2535808Z ./favicon.svg
2026-10-05T20:28:40.2536229Z ./brand/
2026-10-05T20:28:40.2536664Z ./brand/favicon.svg
2026-10-05T20:28:40.2537164Z ./brand/tarasuf-mark.svg
2026-10-05T20:28:40.2537705Z ./brand/apple-touch-icon.png
2026-10-05T20:28:40.2538318Z ./brand/tarasuf-share-v048.png
2026-10-05T20:28:40.2538818Z ./ocr/
2026-10-05T20:28:40.2539300Z ./ocr/TESSERACT-JS-LICENSE.txt
2026-10-05T20:28:40.2539801Z ./ocr/worker.js
2026-10-05T20:28:40.2586981Z ./ocr/worker-vendor.js
2026-10-05T20:28:40.2588078Z ./ocr/TESSERACT-CORE-LICENSE.txt
2026-10-05T20:28:40.2603793Z ./ocr/tesseract-core-lstm.wasm.js
2026-10-05T20:28:40.2623444Z ./.nojekyll
2026-10-05T20:28:40.2623851Z ./assets/
2026-10-05T20:28:40.2624322Z ./assets/index-Cl-kqeCb.js
2026-10-05T20:28:40.2653422Z ./assets/visual-ocr-client-BhVKcJsu.js
2026-10-05T20:28:40.2654128Z ./assets/visual-renderer-UiLXkIpb.js
2026-10-05T20:28:40.2654773Z ./assets/visual-image-CaZsk65l.js
2026-10-05T20:28:40.2655374Z ./assets/index-CNGhaTo_.css
2026-10-05T20:28:40.2656413Z ./assets/pdfjs-BvlvQ5M7.js
2026-10-05T20:28:40.2669579Z ./index.html
2026-10-05T20:28:40.2670023Z ./favicon.png
2026-10-05T20:28:40.2670433Z ./fonts/
2026-10-05T20:28:40.2671201Z ./fonts/thmanyah-serif-display-bold.woff2
2026-10-05T20:28:40.2671899Z ./fonts/NotoSansArabic-OFL.txt
2026-10-05T20:28:40.2672511Z ./fonts/Thmanyah-PROVENANCE.txt
2026-10-05T20:28:40.2673045Z ./fonts/README.txt
2026-10-05T20:28:40.2673607Z ./fonts/noto-sans-arabic-variable.woff2
2026-10-05T20:28:40.2676026Z ./fonts/Thmanyah-LICENSE.txt
2026-10-05T20:28:40.2679608Z ##[endgroup]
2026-10-05T20:28:40.2693016Z ##[end-action id=__actions_upload-pages-artifact.__run;outcome=success;conclusion=success;duration_ms=27]
2026-10-05T20:28:40.2696780Z ##[start-action display=Archive artifact;id=__actions_upload-pages-artifact.__run_2]
2026-10-05T20:28:40.2702219Z ##[end-action id=__actions_upload-pages-artifact.__run_2;outcome=skipped;conclusion=skipped;duration_ms=0]
2026-10-05T20:28:40.2704811Z ##[start-action display=Archive artifact;id=__actions_upload-pages-artifact.__run_3]
2026-10-05T20:28:40.2708437Z ##[end-action id=__actions_upload-pages-artifact.__run_3;outcome=skipped;conclusion=skipped;duration_ms=0]
2026-10-05T20:28:40.2710366Z ##[start-action display=Upload artifact;id=__actions_upload-pages-artifact.upload-artifact]
2026-10-05T20:28:40.2761470Z ##[group]Run actions/upload-artifact@v4
2026-10-05T20:28:40.2761780Z with:
2026-10-05T20:28:40.2762004Z   name: github-pages
2026-10-05T20:28:40.2762478Z   path: /home/runner/work/_temp/artifact.tar
2026-10-05T20:28:40.2762812Z   retention-days: 1
2026-10-05T20:28:40.2763061Z   if-no-files-found: error
2026-10-05T20:28:40.2763327Z   compression-level: 6
2026-10-05T20:28:40.2763576Z   overwrite: false
2026-10-05T20:28:40.2763829Z   include-hidden-files: false
2026-10-05T20:28:40.2764100Z env:
2026-10-05T20:28:40.2764369Z   PNPM_HOME: /home/runner/setup-pnpm/node_modules/.bin
2026-10-05T20:28:40.2764708Z ##[endgroup]
2026-10-05T20:28:40.4451522Z (node:5597) [DEP0040] DeprecationWarning: The `punycode` module is deprecated. Please use a userland alternative instead.
2026-10-05T20:28:40.4453089Z (Use `node --trace-deprecation ...` to show where the warning was created)
2026-10-05T20:28:40.4522222Z With the provided path, there will be 1 file uploaded
2026-10-05T20:28:40.4527097Z Artifact name is valid!
2026-10-05T20:28:40.4527657Z Root directory input is valid!
2026-10-05T20:28:40.8221640Z Beginning upload of artifact content to blob storage
2026-10-05T20:28:41.3226472Z (node:5597) [DEP0169] DeprecationWarning: `url.parse()` behavior is not standardized and prone to errors that have security implications. Use the WHATWG URL API instead. CVEs are not issued for `url.parse()` vulnerabilities.
2026-10-05T20:28:42.3026864Z Uploaded bytes 8274552
2026-10-05T20:28:42.3814184Z Finished uploading artifact content to blob storage!
2026-10-05T20:28:42.3815486Z SHA256 digest of uploaded artifact zip is d3f46268caede82fa839c23d58270b4ecf39f385a3e66331388c93a4d35fa40e
2026-10-05T20:28:42.3817102Z Finalizing artifact upload
2026-10-05T20:28:42.7142540Z Artifact github-pages.zip successfully finalized. Artifact ID 11370015633
2026-10-05T20:28:42.7147050Z Artifact github-pages has been successfully uploaded! Final size is 8274552 bytes. Artifact ID is 11370015633
2026-10-05T20:28:42.7151140Z Artifact download URL: https://github.com/mjodshamrani-ux/accounting/actions/runs/37369259397/artifacts/11370015633
2026-10-05T20:28:42.7277176Z ##[end-action id=__actions_upload-pages-artifact.upload-artifact;outcome=success;conclusion=success;duration_ms=2456]
2026-10-05T20:28:42.7376307Z Post job cleanup.
2026-10-05T20:28:42.8600082Z (node:5611) [DEP0040] DeprecationWarning: The `punycode` module is deprecated. Please use a userland alternative instead.
2026-10-05T20:28:42.8601238Z (Use `node --trace-deprecation ...` to show where the warning was created)
2026-10-05T20:28:42.8605074Z Cache hit occurred on the primary key node-cache-Linux-x64-pnpm-970ff90c8c5b62d936b78a56179f81cdf02982feb14381f8bba791078d20d9fe, not saving cache.
2026-10-05T20:28:42.8706473Z Post job cleanup.
2026-10-05T20:28:43.0220086Z Pruning is unnecessary.
2026-10-05T20:28:43.0402886Z Post job cleanup.
2026-10-05T20:28:43.1316295Z [command]/usr/bin/git version
2026-10-05T20:28:43.1365418Z git version 2.55.0
2026-10-05T20:28:43.1411781Z Temporarily overriding HOME='/home/runner/work/_temp/373accf3-9f31-42ad-80a7-b64593df4837' before making global git config changes
2026-10-05T20:28:43.1413406Z Adding repository directory to the temporary git global config as a safe directory
2026-10-05T20:28:43.1418355Z [command]/usr/bin/git config --global --add safe.directory /home/runner/work/accounting/accounting
2026-10-05T20:28:43.1460416Z [command]/usr/bin/git config --local --name-only --get-regexp core\.sshCommand
2026-10-05T20:28:43.1496650Z [command]/usr/bin/git submodule foreach --recursive sh -c "git config --local --name-only --get-regexp 'core\.sshCommand' && git config --local --unset-all 'core.sshCommand' || :"
2026-10-05T20:28:43.1751706Z [command]/usr/bin/git config --local --name-only --get-regexp http\.https\:\/\/github\.com\/\.extraheader
2026-10-05T20:28:43.1785145Z http.https://github.com/.extraheader
2026-10-05T20:28:43.1800095Z [command]/usr/bin/git config --local --unset-all http.https://github.com/.extraheader
2026-10-05T20:28:43.1840936Z [command]/usr/bin/git submodule foreach --recursive sh -c "git config --local --name-only --get-regexp 'http\.https\:\/\/github\.com\/\.extraheader' && git config --local --unset-all 'http.https://github.com/.extraheader' || :"
2026-10-05T20:28:43.2097355Z [command]/usr/bin/git config --local --name-only --get-regexp ^includeIf\.gitdir:
2026-10-05T20:28:43.2149593Z [command]/usr/bin/git submodule foreach --recursive git config --local --show-origin --name-only --get-regexp remote.origin.url
2026-10-05T20:28:43.2559683Z Cleaning up orphan processes
2026-10-05T20:28:43.2876533Z ##[warning]Node.js 20 is deprecated. The following actions target Node.js 20 but are being forced to run on Node.js 24: actions/checkout@11d5960a326750d5838078e36cf38b85af677262, actions/setup-node@49933ea5288caeca8642d1e84afbd3f7d6820020, actions/upload-artifact@ea165f8d65b6e75b540449e92b4886f43607fa02, actions/upload-artifact@v4, pnpm/action-setup@b906affcce14559ad1aafd4ab0e942779e9f58b1. For more information see: https://github.blog/changelog/2025-09-19-deprecation-of-node-20-on-github-actions-runners/
