Already up to date
Done in 149ms using pnpm v11.19.0
$ node --experimental-strip-types --test tests/*.test.ts
✔ 047 a sound export passes the round (82.329625ms)
✔ 047 swapping two links fails even though the count is unchanged (9.2605ms)
✔ 047 a link the case forbids is caught (8.822708ms)
✔ 047 a dropped row on either side is caught (14.4765ms)
✔ 047 a changed amount is caught, and a blank one cannot slip through (30.815208ms)
✔ 047 an item that must stay for review or unmatched is checked (10.346041ms)
✔ 047 an unchecked export is not an accounting pass (0.289458ms)
✔ 047 a link count that disagrees with the declared links is not a pass (0.055166ms)
✔ 047 reaching the results screen is not the criterion for a stop case (0.199084ms)
✔ canonical source amounts yield facts only, with no state mutation or automatic approval (69.253125ms)
✔ case-only phantom IDs are rejected even if their invented amounts agree (2.154166ms)
✔ stale display copies cannot change amount, sign, reference, date, currency or provenance (8.689916ms)
✔ duplicate or missing canonical rows and foreign case ownership reject the whole proposal result (3.521708ms)
✔ every source trace must name its actual canonical member exactly once (1.638209ms)
✔ stale source totals, case totals, variance and bridge values are never reused (1.409625ms)
✔ unread source rows make uniqueness and proposal verification incomplete (0.267917ms)
✔ explicit currency, type, purchase order and unreadable reference conflicts are rejected (1.02825ms)
✔ invalid calendar dates, dates outside the window, zero and offsetting signs cannot prove a relationship (0.711125ms)
✔ a subset of an ambiguous duplicate-reference group is not a verified hypothesis (0.75175ms)
✔ matched rows stay unavailable even if a stale case is relabeled reviewable (0.428834ms)
✔ malformed current result structures fail closed without throwing (1.946625ms)
✔ untrusted description instructions never become commands, amounts, decisions or model authority (1.528083ms)
✔ 047 only the guard’s own refusal counts as protection (2.601917ms)
✔ 047 the answered ambiguity is accepted and produces the chosen values (5.293167ms)
✔ 047 the worker refuses an unanswered ambiguity on reconcile, compare and export, and completes once answered (136.436917ms)
✔ 047 session restore refuses an unanswered ambiguity with the same code (7.129334ms)
✔ AI cannot pick one row from a reference shared by several documents (73.489083ms)
✔ explicit row ID can disambiguate AI routing, but contradictory references cannot (4.091917ms)
✔ AI routing rejects irrelevant transaction fields and blank or oversized questions (5.822625ms)
✔ out-of-range hypothesis differences fail closed without crashing the assistant (2.49ms)
✔ hostile model proposals never acquire authority or alter any source evidence (8.591583ms)
✔ Arabic and aborted requests do not even query a model provider (3.084541ms)
✔ Arabic and English variance questions find a proved transaction difference without closing balances (34.654791ms)
✔ thousands separators and Arabic or Persian digits preserve the exact requested minor units (2.2035ms)
✔ all cases sharing a requested variance are cited without selecting one as the cause (2.757209ms)
✔ negative variance uses its signed value and the bridge effect has the opposite sign (2.07775ms)
✔ transaction variance and closing-balance delta remain explicitly separate (0.917542ms)
✔ missing requested amounts do not select a nearby case or repeat the user amount as a fact (1.209417ms)
✔ ambiguous numeric conventions, invalid notation and multiple amounts never select a case (5.313458ms)
✔ an explicit foreign currency or unknown invoice cannot be replaced by a same-number case (1.2965ms)
✔ stale numeric evidence and unreadable source rows cannot acquire a grounded variance explanation (1.353667ms)
✔ amount questions and hostile instructions never alter source values or turn cases into matches (0.884292ms)
✔ A02: native Excel 1.234 never matches native 1234 under comma locale (97.253583ms)
✔ native/text × dot/comma × 0/2/3 decimal matrix preserves expected minor units (358.016958ms)
✔ native percentages and excess precision block rather than reinterpret or round (72.895375ms)
✔ A01: references and row IDs must match whole tokens, never prefixes (11.883ms)
✔ model cannot route a question to an unrelated but existing document (1.424625ms)
✔ Arabic AI path declines before invoking unsupported model API (2.510208ms)
✔ original bytes and fingerprint survive import; reparsing blocks a corrupted numeric interpretation on export (185.404959ms)
✔ title merge and errors on unrelated worksheet do not contaminate selected clean data (22.158167ms)
✔ A04: actual decompressed bytes cannot exceed falsified declared size (2.193875ms)
✔ actual 33 MB expansion stops at 32 MB budget even when index underreports (417.45725ms)
✔ ZIP integrity rejects bad CRC and truncated index (0.840916ms)
✔ session roundtrip reparses originals and never restores reviewer approval (11.738709ms)
✔ session tampered fingerprint, unknown version and invalid decisions are rejected (10.419125ms)
✔ patched UUID dependency remains compatible with Excel conditional-formatting export (26.755291ms)
✔ 046 balance labels after the amount remain structural across column permutations and preserve complete payment groups (21.487375ms)
✔ 046 a dated invoice named Opening or Closing balance cannot disappear when its amount precedes its description (0.564125ms)
✔ 046 nonleading balance labels cannot conceal references, malformed dates or amounts, multiple labels or unrelated helper text (2.269959ms)
✔ 046 unsafe or hidden nonleading balance labels remain source errors and cannot establish complete groups (1.735083ms)
✔ 046 Arabic presentation forms normalize document categories without rewriting source, references or amounts (23.87875ms)
✔ 046 actual Arabic PDF balance labels establish arithmetic with original provenance, not coverage (108.26125ms)
✔ 046 balance category normalization never repairs monetary characters or erases dated documents and unsafe labels (1.228333ms)
✔ 046 shaped running balance labels retain exact sign proof and reject conflicting recurrences (0.550542ms)
✔ 046 rectangular PDF clipping cannot ignore nested exclusions, holes or a later opaque cover (52.041833ms)
✔ ambiguous column meanings are left unmapped instead of selecting the first header (6.550792ms)
✔ exact summation does not depend on ordering of large offsetting entries (0.2165ms)
✔ truthy non-boolean confirmations cannot create verified balance evidence (0.156792ms)
✔ unknown and out-of-range exclusions cannot silently masquerade as reviewed rows (0.219375ms)
✔ decimal money: no floating arithmetic, Arabic digits and parentheses (0.613667ms)
✔ reject ambiguous grouping, excessive precision, missing and exponent amounts (0.1535ms)
✔ dates require explicit format and real calendar dates (0.203417ms)
✔ reference normalization preserves year and leading zero distinctions (0.07775ms)
✔ demo retains duplicate ambiguity and produces 2 strict automatic pairs (20.459458ms)
✔ zero bridge residual never deletes opposite exceptions (1.125375ms)
✔ duplicate equality is not resolved by order or date (1.807708ms)
✔ numeric-only weak reference does not auto match (4.907333ms)
✔ direction must be explicit and sign disagreement cannot auto match (1.92725ms)
✔ cutoff exclusions retained and blank/header rows accounted for (0.908375ms)
✔ a formula row blocks, a total row is classified, and no row is skipped silently (0.568292ms)
✔ manual exclusions require reason and preserve source contents (0.188333ms)
✔ currency mismatch blocks source (0.76075ms)
✔ reused column mapping is rejected (0.053834ms)
✔ arithmetic bridge stays separate from user coverage and invalid balances block it (2.149292ms)
✔ opening adjustment remains separate and unexplained (0.606791ms)
✔ open items include old unpaid documents; sum must match closing (33.020125ms)
✔ mixed report types rejected (5.29225ms)
✔ manual pair cannot consume a transaction twice or conceal amount discrepancy (0.855125ms)
✔ rejected automatic match stays a rejected case until a new explicit decision (1.457167ms)
✔ inference suggests only column indices, no invented scope or balance (1.46575ms)
✔ 20k rows compare without quadratic candidate search (1934.800709ms)
✔ generic word reference does not auto match (0.356375ms)
✔ extra CSV fields cannot silently shift or truncate amount (0.110958ms)
✔ unused percentage, hidden-sign format, formulas, errors and merged notes do not invalidate mapped transactions (325.847709ms)
✔ formula in mapped amount still blocks cached values and names its exact cell (44.718708ms)
✔ uncached formulas cannot disappear as an empty data row (17.611167ms)
✔ displayed numeric references cannot silently collapse to a different raw identifier (222.899958ms)
✔ text formats hiding a mapped reference require review; unrelated text formats remain usable (105.057416ms)
✔ conditional numeric formats are checked only in their affected ranges and selected columns (232.123417ms)
✔ ordinary conditional accounting formats retain values without evaluating Excel expressions (24.836625ms)
✔ multisheet workbooks are admitted through the declared sheet limit and fail beyond it (206.602416ms)
✔ namespaced original-shaped Excel pair reaches exact comparison, audit workbook and restorable session (677.535833ms)
✔ export and session restore reject stale claimed direction proof even when arithmetic result was otherwise unchanged (658.3945ms)
✔ export and saved sessions replace arbitrary direction explanation text with freshly computed evidence (348.61075ms)
✔ manual exclusions retain a safe literal envelope before bad amount or date parsing on either side (16.549958ms)
✔ literal and normalized manual exclusion collisions block only the affected pair on both sides (8.008959ms)
✔ every excluded secondary identity blocks matching across reference roles without supplying positive authority (19.68275ms)
✔ a displaced identity in the manually excluded date or amount remains negative evidence on either side (4.716667ms)
✔ an excluded unknown or unsafe reference envelope is a wildcard even when the visible document is disjoint (7.078334ms)
✔ parsed manual exclusions with a missing or empty isolation envelope cannot recover automatic matches (1.001292ms)
✔ unsafe blank manual exclusions remain wildcard blockers and cannot establish complete balance coverage (2.688166ms)
✔ excluded cross-role normalized taint follows original transitive memberships after manual acceptance or rejection (4.736417ms)
✔ outside-period literal or normalized collisions cannot manufacture uniqueness through date filtering (7.313708ms)
✔ a safely disjoint outside-period movement leaves the in-period pair automatic (2.7005ms)
✔ confirmed headers, blank rows, summaries, repeated headers and independent footers are non-movements (0.878875ms)
✔ legacy exclusions use all nonempty raw cells as negative keys regardless of their reason text (2.563958ms)
✔ legacy exclusions with disjoint raw identities preserve independent automatic pairs (0.514167ms)
✔ a legacy isolation certificate cannot omit a competing identity still present in a raw cell (1.424334ms)
✔ explicit manual acceptance remains manual when an excluded possible competitor blocks automatic authority (0.689375ms)
✔ AI hypotheses reject excluded identity memberships without mutation and leave disjoint proposals for review (1.936042ms)
✔ offsetting manually excluded movements prevent complete balance reconciliation despite exact arithmetic (3.704917ms)
✔ manual excluded competitors block complete invoice and payment group proofs while disjoint groups survive (4.499917ms)
✔ malformed exclusion state rejects an AI proposal without throwing or mutating (0.757166ms)
✔ P5 native evidence lookup and restored explanation: untyped-credit (65.69825ms)
✔ P5 native evidence lookup and restored explanation: unselected-reference (15.806083ms)
✔ P5 native evidence lookup and restored explanation: balanced-variance (10.352708ms)
✔ P5 native evidence lookup and restored explanation: partial-source (10.821583ms)
✔ P5 inconsistent case total cannot become a chat figure or model context (2.879833ms)
✔ P5 inconsistent case variance cannot become a chat figure or model context (2.19975ms)
✔ P5 inconsistent case bridge effect cannot become a chat figure or model context (2.502542ms)
✔ P5 inconsistent display member cannot become a chat figure or model context (4.633667ms)
✔ P5 inconsistent source trace cannot become a chat figure or model context (2.387625ms)
✔ P5 inconsistent counter cannot become a chat figure or model context (2.6445ms)
✔ P5 inconsistent bridge delta cannot become a chat figure or model context (1.865583ms)
✔ P5 inconsistent bridge adjustment cannot become a chat figure or model context (1.443959ms)
✔ P5 inconsistent closing source drift cannot become a chat figure or model context (1.714791ms)
✔ P5 inconsistent bridge arithmetic status cannot become a chat figure or model context (1.678792ms)
✔ P5 inconsistent false full reconciliation cannot become a chat figure or model context (1.471042ms)
✔ P5 inconsistent missing case cannot become a chat figure or model context (1.466ms)
✔ P5 audit-only lookups keep exact spelling, ambiguity and unknown identifiers (1.476625ms)
✔ P5 source-only views and retained evidence cannot drift from canonical rows (1.595209ms)
✔ P5 complete model windows carry canonical native cues and complete case membership (2.969ms)
✔ P5 an over-budget UTF-8 window declines without truncating evidence or querying a model (3.588292ms)
✔ P5 exact identifier lookup keeps punctuation and Unicode boundaries during literal screening (0.6405ms)
✔ Excel formats that conceal or alter displayed values block the row (318.923875ms)
✔ ordinary numeric, negative and accounting formats retain native exact amounts (381.921ms)
✔ conditional numeric formatting cannot silently override the displayed sign (29.592625ms)
✔ 047 an ambiguous amount format needs a recorded choice, not a value in the mapping (2.992208ms)
✔ 047 a recorded choice does not travel to another document or another reading (0.44625ms)
✔ 047 a choice made at another currency precision is not reused (0.1365ms)
✔ 047 a column template never carries a document-specific choice (0.205916ms)
✔ 047 formatChoiceColumns follows the mapped amount columns in either mode (0.060542ms)
✔ 047 a saved session is re-checked on restore and cannot assert its own approval (56.260417ms)
✔ 047 changing PDF extraction boundaries does not change the file hash (74.214792ms)
✔ 047 a choice made under one set of extraction boundaries is not reused under another (0.391209ms)
✔ 047 excluding a row, or typing a balance, asks the format question again (0.24475ms)
✔ 047 a change that does not touch the values keeps the answer (0.262ms)
✔ ISO dates, explicit month names and whole numbers need no locale question (2.157167ms)
✔ calendar ambiguity remains visible until a whole-column interpretation is unique (0.507ms)
✔ impossible dates, short years and mutually incompatible date orders are invalid (0.300958ms)
✔ number format inference obeys grouping, decimal precision and Arabic separators (2.851375ms)
✔ three-decimal currencies never guess between decimal and thousands separators (0.408667ms)
✔ native Excel numeric cells are locale independent, while text cells still constrain format (0.450584ms)
✔ mapped parser defects and percentage cells cannot become format proof (0.420209ms)
✔ inference ignores explicit exclusions, preheaders and clear balance rows without changing them (0.552458ms)
✔ split amounts allow a blank side but not an entirely missing movement value (0.358208ms)
✔ no sample cutoff hides a late incompatible value or an oversized source (42.014542ms)
✔ existing entered balances participate in proof and missing mappings stay unavailable (0.182667ms)
✔ evaluator: the untouched engine passes the cases used below (38.702666ms)
✔ evaluator: losing a required piece of evidence fails the case (2.1995ms)
✔ evaluator: the value in a field of another role does not count as kept (21.118083ms)
✔ evaluator: exact generic reference text and header count as retained under either supported representation (2.774542ms)
✔ evaluator: an unselected reference needs its exact retained role, header and value (5.242ms)
✔ evaluator: retained reference evidence from another source or row does not count (1.305083ms)
✔ evaluator: preserving unselected references never licenses an automatic match (0.6785ms)
✔ evaluator: an unexpected internal error is not a successful refusal (4.1595ms)
✔ evaluator: every invalid case names its own rejection, and another reason fails (17.094125ms)
✔ evaluator: Needs Review passes as Unmatched only where the contract allows both (5.029791ms)
✔ evaluator: a required diagnostic is part of the verdict (1.274709ms)
✔ evaluator: a reference warning does not hide a wrong amount or date (2.089583ms)
✔ evaluator: a row read under its own document number is not a misread, any other value is (2.264ms)
✔ evaluator: unaided and declared runs record assistance separately (6.220459ms)
✔ T01: documented invoice labels are read as invoices and match (44.644916ms)
✔ T01 reverse: labels that name another role or no role are not guessed (14.119667ms)
✔ T01 reverse: a recognised synonym still conflicts with another role (5.867333ms)
✔ G08: parts of one payment on neighbouring days match through an explicit bank identity (7.575917ms)
✔ G08 reverse: a spread group without full, unique, in-window identity stays for review (18.045834ms)
✔ G08 reverse: invoice groups still need one date (2.464542ms)
✔ R01: each book numbers its own vouchers; the chosen reference still names the invoice (1.093084ms)
✔ R01 reverse: the chosen reference must itself prove the document (4.18125ms)
✔ R02: batch, chosen reference and type label are kept with their headers, never as proof (3.699667ms)
✔ R02: retained evidence survives session restore and is exported beside the row (167.748375ms)
✔ S01: sources, readings and roles that do not correspond are refused, never dropped (0.802ms)
✔ S06: formula-like and long references are exported as the text they are (88.792792ms)
✔ S06: an export whose retained evidence was changed after comparing is refused (3.115833ms)
✔ S08: the same file under another name, or overlapping exports, are not consumed twice (3.169417ms)
✔ compatibility: a session saved by the previous engine is refused, not silently re-decided (5.138917ms)
✔ English has exactly the Arabic keys, lists and message parameters (8.547875ms)
✔ English interface copy contains no Arabic (0.854209ms)
✔ Arabic interface copy has no stray English words (0.566917ms)
✔ the interface source has no Arabic outside the catalogues (86.256042ms)
✔ every engine message has English, and every entry is still used (131.668667ms)
✔ every catalogue entry uses each of its slots, and only those (2.723125ms)
✔ each engine message is recognised and presented with its own values (15.819084ms)
✔ every user-data slot keeps Arabic data verbatim, even engine words (2.69275ms)
✔ user data inside an engine message is never translated (0.071875ms)
✔ Arabic engine text is shown exactly as the engine wrote it (0.110458ms)
✔ the assistant gives the same answer to the Arabic and English presets (20.403292ms)
✔ real engine output reads fully in English apart from user data (5.343041ms)
✔ mapping suggestions contain only source-bound pending roles and reproducible cell evidence (1.520167ms)
✔ strict schema forbids model numbers, approvals, rewriting, exclusions, mode and inherited authority (1.309709ms)
✔ source hash, worksheet, header, every current mapping setting and PDF recuts invalidate pending suggestions (1.612333ms)
✔ equivalent mapping property order produces the same local revision without relaxing source identity (0.150917ms)
✔ already assigned roles and duplicate roles cannot be replaced or repurposed (0.329959ms)
✔ numeric Quantity versus Amount and two valid date meanings never become proven semantics (1.11175ms)
✔ untrusted source instructions are only quoted, bounded cell evidence (0.306291ms)
✔ unsafe header cells reject only affected proposals while hidden or unreliable header rows block the context (0.556625ms)
✔ hidden source transactions need manual mapping; a human exclusion is preserved and bound (0.443333ms)
✔ late unsafe cells are retained beyond the model samples and remain rejected by the engine (11.710667ms)
✔ all reader issues remain counted even when preview is compact; blank formula cells stay visible (0.623041ms)
✔ PDF mapping suggestions never restore image review or advance reconciliation state (0.193209ms)
✔ large hidden/formula metadata is scanned linearly while all source issues remain counted (25.508083ms)
✔ upload chooses the only recognizable table after an instructions sheet and normalization preserves exact totals (131.684083ms)
✔ two plausible source tables require explicit sheet selection instead of defaulting to either (54.306042ms)
✔ unknown multisheet layouts require sheet choice while unknown single-sheet files remain configurable (55.344958ms)
✔ a unique debit-credit table is suggested without inferring the debt direction or confirmed balances (41.206584ms)
✔ a PDF awaiting column boundaries remains accessible without gaining extraction approval (0.359959ms)
✔ a real synthetic export reimports the appropriate source copy and does not restore old approvals or decisions (180.38725ms)
✔ familiar workpaper sheet names without the export signatures do not auto-select a side (59.336208ms)
✔ early review lists only selected cells on included data rows, retaining row-level geometry issues (0.4455ms)
✔ early review exposes uncached formulas even when the row appears empty (34.234416ms)
✔ 046 invalid PDF layout cannot use a default locale to emit a silently scaled KWD row even after confirmation (137.93025ms)
✔ 046 input readiness preserves native Excel value semantics and legitimate empty-period balances (2.001541ms)
✔ 046 an explicit choice for ambiguous valid formats remains valid but impossible dates do not (0.638333ms)
✔ 046 real worker entry rejects invalid formats for reconcile, compare and export before returning financial values (22.187875ms)
✔ CSV quoted comma/newline, escaped quote, semicolon and BOM (0.752ms)
✔ broken CSV, invalid encoding, wrong extension rejected (3.224125ms)
✔ non-ZIP input is rejected by the preliminary archive check (0.121125ms)
✔ XLSX preserves formatted reference zeros and flags formula rows (95.484167ms)
✔ Excel export roundtrip retains controls/source and never turns input into formula (130.578917ms)
✔ July acceptance 1: Excel and PDF have identical accounting cases and bridge (333.914958ms)
✔ July acceptance 2: every one of the 23 original rows occurs in exactly one case (0.274375ms)
✔ July acceptance 3: exactly six original one-to-one matches are automatic (0.080583ms)
✔ July acceptance 4: INV-260729 is one proven 1:M case, never duplicate or unmatched (11.141375ms)
✔ July acceptance 5: INV-260710 is one amount-variance review with minus 180 SAR effect (0.097334ms)
✔ July acceptance 6: the unique 15000 SAR payment remains a zero-net review candidate (8.130917ms)
✔ July acceptance 7: only the three genuinely one-sided documents are unmatched (0.079708ms)
✔ July acceptance 8: source balance arithmetic, period and account metadata stay distinct from coverage approval (0.058792ms)
✔ July acceptance 9: the source-to-ledger bridge explains exactly 6160 SAR (0.067208ms)
✔ July acceptance 10: case counts and source-member counts are both exact (0.073084ms)
✔ July acceptance 11: exported workbooks have six visible case sheets and native numeric/date cells (438.801791ms)
✔ July acceptance 12: diagnostics name the actual group, variance and payment states (0.333875ms)
✔ large native PDF L01: positive (990.603458ms)
✔ large native PDF L02: positive (6263.242416ms)
✔ large native PDF L03: limit-rejection (9.600208ms)
✔ large native PDF L04: empty-page (169.351125ms)
✔ large native PDF L05: covered-page (134.862625ms)
✔ large native PDF L06: geometry-drift (389.095459ms)
✔ large native PDF L07: stream-rejection (174.416667ms)
✔ group rejection preserves late edges and literal row IDs containing separators (11.025625ms)
✔ 20,000 by 20,000 oversized payment group retains every row and the last rejected edge (3562.801875ms)
✔ 20,000 interleaved approved, review and unmatched rows preserve ordered ambiguity and ledger diagnostics (2492.959541ms)
✔ F02-R01/R15: frozen bytes auto-read; preserve every row, signs and conservative matching (89.479458ms)
✔ F02-R02: permute all columns and rename sheets without coordinate/name assumptions (79.809959ms)
✔ F02-R03: explicit bilingual labels and consistent parent currency (40.722208ms)
✔ F02-R09: NFKC currency tags cannot hide a parent/child conflict (41.472292ms)
✔ F02-R03/R14: NFKC parent currency is inherited and checked against scope (89.372584ms)
✔ F02-R14: explicit NFKC child currencies remain visible to scope checks (29.372709ms)
✔ F02-R04 extends into opening/data: keep file and refuse layered inference (66.177542ms)
✔ F02-R04 extends into first movement: keep file and refuse layered inference (45.884166ms)
✔ F02-R05 horizontal Date/Ref: keep file and refuse layered inference (22.626458ms)
✔ F02-R06 missing native vertical geometry: keep file and refuse layered inference (15.639125ms)
✔ F02-R07 hidden first row: keep file and refuse layered inference (16.81125ms)
✔ F02-R07 hidden second row: keep file and refuse layered inference (43.205833ms)
✔ F02-R07 hidden reference column: keep file and refuse layered inference (18.003833ms)
✔ F02-R08 formula anchor: keep file and refuse layered inference (17.425834ms)
✔ F02-R08 error anchor: keep file and refuse layered inference (24.806791ms)
✔ F02-R08 invisible anchor format: keep file and refuse layered inference (44.632916ms)
✔ F02-R09 unrelated parent: keep file and refuse layered inference (34.493834ms)
✔ F02-R09 conflicting currencies: keep file and refuse layered inference (22.24875ms)
✔ F02-R10 duplicate debit children: keep file and refuse layered inference (23.917292ms)
✔ F02-R10 missing credit child: keep file and refuse layered inference (15.211ms)
✔ F02-R10 competing amount role: keep file and refuse layered inference (28.698791ms)
✔ F02-R11: do not skip an earlier unresolved table or choose between two plausible sheets (75.734916ms)
✔ F02-R12: frozen different identity never approves the equal-sum invoice group (15.889167ms)
✔ F02-R13: erroneous competing payment remains a completeness barrier (45.404583ms)
✔ F02-R14: native header proof never repairs signs or a broken balance (42.943833ms)
✔ F02-R04: header exception never exempts merged transaction cells (41.064834ms)
✔ F02-R13 excluded competitor: excluding a rival must not manufacture uniqueness (213.48825ms)
✔ native layered-header reading preserves 5,004 movements without reparsing per row (1530.256416ms)
✔ F02-R16: cloned/forged provenance is not source authority; replay uses actual bytes (64.417166ms)
✔ F02-R16/export: session replay and original-based export retain source provenance and row fates (235.783417ms)
✔ a richer later header cannot silently erase an earlier transaction table (11.354416ms)
✔ explicit multiline and bilingual labels map consistently without changing source text (1.3055ms)
✔ long cover text does not prevent locating the first explicit table (0.9095ms)
✔ conflicting bilingual money labels and duplicate amount columns stay unresolved (0.228ms)
✔ explicit bilingual currency tags prefill the actual currency (2.552042ms)
✔ currency inference ignores safe repeated headers and summary rows without hiding mixed currencies (5.528833ms)
✔ 384 independent CSV/XLSX layouts infer columns and retain the same signed economic records (5150.698667ms)
✔ a model cannot append unrelated proposal IDs to a specific document explanation (15.640708ms)
✔ a valid source ID still cannot be invented outside the model evidence window (5.884458ms)
✔ local model receives canonical review cases, including the document asked about (6.217875ms)
✔ in-place changes to current accounting result invalidate an outstanding model reply (3.086542ms)
✔ blank prompts never query a local model (2.01275ms)
✔ large review contexts reserve ten canonical rows per side instead of starving ledger evidence (7.962291ms)
✔ an explicitly requested late ledger row is prioritized with the same balanced budget (6.091625ms)
✔ a referenced ambiguous group is admitted whole and remaining capacity stays bounded on both sides (9.622375ms)
✔ an inconsistent ambiguous display group is refused before model routing (3.70375ms)
✔ oversized referenced cases fall back before invoking a model and are never truncated (8.484333ms)
✔ unavailable or downloadable models never create a session or start download (5.122459ms)
✔ ready model uses same languages, structured output and destroys session (2.240083ms)
✔ model cannot supply financial facts, approval, prose or nonexistent IDs (0.479166ms)
✔ model-generated proposal is rechecked without becoming a match (2.646667ms)
✔ abort and model errors fall back without output or retained session (1.140791ms)
✔ local import advice can complete unfamiliar mapping only after explicit application and engine checks (13.213917ms)
✔ download states, absent model and unsupported Arabic never start model creation (0.722042ms)
✔ model cannot rewrite values, choose inactive fields, change source or grant approval (0.963084ms)
✔ stale mapping, recut PDF, and even edits beyond the sample invalidate outstanding advice (0.720459ms)
✔ abort before creation or during prompting discards advice and destroys the session (1.222416ms)
✔ unparseable, oversized, thrown and unavailable responses fall back without changing the source (0.471917ms)
✔ numeric plausibility does not promote Quantity-as-Amount into verified semantics (0.299291ms)
✔ real-model experiment binding keeps bilingual proposals advisory and native source evidence unchanged (20.196125ms)
✔ local model cannot supply invented numbers, signs, exclusions, approvals or uncited roles (2.094167ms)
✔ late model proposals are invalidated by unsampled source rows and reading settings (0.573375ms)
✔ a correct citation does not prove that Quantity is Amount or confer financial authority (0.252667ms)
✔ explicit human review of a correct role preserves malformed amounts as native read errors (3.943875ms)
✔ empty model advice abstains and UTF-8 limits do not silently truncate native evidence (0.684ms)
✔ safe unrelated bad amounts and dates preserve proven pairs and every erroneous source row (10.163542ms)
✔ an unread same-reference or normalized-collision row blocks that bucket without blocking a disjoint pair (1.399042ms)
✔ a displaced reference in a financial cell blocks its original competitor and preserves a disjoint pair (1.133792ms)
✔ a mixed alphanumeric bad amount is isolated by source evidence and blocks only when its literal token is a competing identity (3.694459ms)
✔ unparsed literal cells are negative competitor evidence for alphabetic payment references, never repaired transaction facts (3.526958ms)
✔ every supported secondary reference is blocking evidence even when the bad row has a different primary document (3.981459ms)
✔ unselected stated references and selected helper values both propagate taint without acquiring positive authority (1.434375ms)
✔ taint follows transitive original memberships even after a bridge row is manually used or rejected (3.268458ms)
✔ unknown, structurally damaged, hidden or unsafe reference envelopes remain wildcard blockers (5.931167ms)
✔ a selected generic helper alone cannot isolate a failed row, while a precise amount-cell issue can (1.024792ms)
✔ bad-money rows cannot hide a second supplier, entity, currency or generic account (1.156083ms)
✔ invalid entered balances block arithmetic but preserve independent automatic and documented manual pairs (0.41175ms)
✔ disjoint invoice groups and repeated-document pairs remain provable, but a failed bucket member blocks its whole proof (1.321209ms)
✔ whole payment groups remain complete only outside failed-row bank/receipt memberships (1.496292ms)
✔ legacy direct-source errors without a valid envelope remain conservative (0.335583ms)
✔ duplicate direct-source IDs are refused even when their identity components have different taint (0.418167ms)
✔ known contradictory document types never auto-match equal signed amounts and exact references (15.697958ms)
✔ contradictory explicit PO evidence blocks auto-match while ordinary internal voucher differences do not (11.359875ms)
✔ a mapped invoice reference is not replaced by an unrelated common PO (1.066208ms)
✔ PO-only identity remains visible but cannot certify one invoice or a group of invoices (0.751667ms)
✔ identical repeated posting lines cannot be proved distinct by their sum (2.461125ms)
✔ F03 preserves historical group sources: Invoice No proves an invoice group but not a credit-note group (1.22075ms)
✔ one-to-many proof fails with altered amount, date, type, PO, voucher or unreadable identity (3.033833ms)
✔ mixed signs, competing whole groups and subset coincidences never produce a group match (0.848542ms)
✔ currency from another normalized scope cannot be compared, including manual decisions (5.200917ms)
✔ date boundaries, signed zero and reference punctuation do not silently broaden identity (1.04275ms)
✔ unique payment amount with different references remains review-only under every row permutation (1.834625ms)
✔ classification and row conservation are invariant under 864 independent source permutations (510.438541ms)
✔ exact minor units remain conserved for all supported scales and arithmetic limits reject overflow (15.986459ms)
✔ repeated headers with formula, hidden or unreadable cells cannot silently leave the transaction population (8.1235ms)
✔ overlapping rejected edges never choose arbitrary partners under source or decision permutations (14.505833ms)
✔ an ordinary vendor statement imports and compares without manual row surgery (118.042417ms)
✔ the dropped time is reported as a note, never as a silent change (55.301208ms)
✔ a formula inside a total row does not resurrect it as an error (46.4805ms)
✔ one unreadable row reports itself instead of rejecting both files (1.622334ms)
✔ the cut-off default is the latest date present, so it excludes nothing (23.949917ms)
✔ a PDF with unfamiliar headers gets its columns from geometry (54.302334ms)
✔ geometry detection is independent of the header wording (7.507292ms)
✔ a reviewed PDF reconciles with no boundary typed by hand (4.474291ms)
✔ geometry refuses to invent columns when the layout proves none (4.563084ms)
✔ a cell overflowing a boundary is flagged, never merged quietly (3.272083ms)
✔ P2 original CSV bank and receipt identities survive normalisation, session restore and N:M export with all source members (302.554292ms)
✔ P2 group explanation cites every member and distinguishes group totals from individual pairings in both languages (10.611208ms)
✔ P2 rejecting any member pair atomically unmatches the whole group and restore preserves that rejection (102.919334ms)
✔ P2 assistant rejects a case-member copy with forged explicit payment identity provenance (3.970125ms)
✔ P2 changed source bytes invalidate the old group and cannot be exported or restored as its old proof (20.717875ms)
✔ partial formats isolate malformed dates and amounts without losing original rows or choosing a default (7.421625ms)
✔ partial formats cannot cherry-pick contradictory but valid conventions (0.346625ms)
✔ unsafe comma evidence never scales the remaining ambiguous KWD amount (0.805667ms)
✔ partial formats do not allow a stale chosen convention to bypass proven evidence (0.287167ms)
✔ native numeric cells remain independent of display format while formula or percentage cells remain errors (0.98625ms)
✔ no readable date or amount evidence remains an explicit unresolved source, not a default (0.160042ms)
✔ malformed companion rows cannot answer genuine date ambiguity or transfer a choice to different evidence (0.432083ms)
✔ partial source rows remain explicit through Excel and original-source session restoration (160.536083ms)
✔ partial assistant answers disclose incompleteness, prioritize row errors and reject model approval (7.643875ms)
✔ balance-only issues have no invented row or page and preserve the entered text (2.820833ms)
✔ clean export and assistant keep their existing status without a partial claim (48.96525ms)
✔ reference-shaped invalid amounts retain negative collision evidence while disjoint pairs continue (2.976791ms)
✔ P2 overlapping bank and receipt alternatives are reviewed before any row is consumed (8.984833ms)
✔ P2 complete N:M payment groups are equivalent groups, never individual pairings (3.043792ms)
✔ P2 invoice certified subgroups coexist with exact sibling pairs without amount-driven subsets (2.93525ms)
✔ P2 unbalanced, unsafe and manually consumed competitors never disappear from identity membership (4.032ms)
✔ P2 a primary-only unknown member and normalized collisions cannot be dropped from bank groups (2.433875ms)
✔ P2 an exact payment pair cannot consume a member before overlapping receipts are examined (0.813083ms)
✔ P2 identical bank and receipt memberships corroborate one group, while one-sided annotations need no guessing (1.616583ms)
✔ P2 N:M rejects duplicates on either side, sign offsets, wrong dates and incomplete or conflicting evidence (4.192167ms)
✔ P2 N:M group limit retains every row and never approves a truncated group (8.996459ms)
✔ P2 unknown document discriminators block invoice subgroups and do not fabricate uniqueness after manual use (1.789ms)
✔ P2 an unknown-type original bank member prevents a smaller exact payment pair (0.419875ms)
✔ P2 invalid calendar dates and direct same-source comparisons cannot become approved groups (1.14625ms)
✔ P2 explicit numeric receipt identities retain leading zeros across separate N:M and N:1 groups (1.090542ms)
✔ P2 numeric support never promotes zero, placeholder or formula-like payment identities (5.326667ms)
✔ P2 certified document identity and shared PO permit different local voucher numbers without weakening whole-document proof (6.110458ms)
✔ PDF cannot read covered amount text through an opaque vector rectangle (92.75725ms)
✔ PDF black background cannot silently conceal black transaction text (3.710292ms)
✔ ordinary white backgrounds and disjoint table lines preserve actual text (9.782708ms)
✔ bordered supplier tables paint edges, not a solid rectangle over every amount (24.727042ms)
✔ separate underlines do not connect into an imaginary painted area (4.082333ms)
✔ stroke width and actual crossing lines still reject covered transaction text (14.576458ms)
✔ thin filled rectangles used as supplier table borders stay separate (38.843708ms)
✔ implicit close strokes and curved paths cannot conceal an amount (4.500334ms)
✔ 100-page native import retains the last page and reports progress without replacing the final source (177.961042ms)
✔ failure on page 70 does not emit layout or return a usable prefix and the next import is clean (57.2425ms)
✔ only one explicit complete header and consistent gaps produce PDF suggestions (1.832709ms)
✔ overlapping, incompatible multi-page or floating tokens cancel automatic suggestions (0.598708ms)
✔ partial rows tighten a gap without splitting an extended reference (0.111ms)
✔ carried-forward lines between pages are structure, not dates or transactions (124.487167ms)
✔ a table rule at a page break does not make black text count as hidden (55.7655ms)
✔ PDF diversity: 64 seeded valid layouts preserve independent values under column, font and paint-order changes (611.335208ms)
✔ PDF diversity: 2 to 6 pages retain repeated headers, source pages and every unique transaction (17.357834ms)
✔ PDF diversity requires review: a second-page column reorder cannot silently reuse the first mapping (10.831583ms)
✔ PDF diversity: a reference displaced into an amount cell cannot hide a competing original row (12.514ms)
✔ PDF diversity requires review: wrapped transaction descriptions remain separate source rows, never invented joins (5.877583ms)
✔ PDF diversity requires review: complete rows drawn across one another are not trustworthy transactions (10.868833ms)
✔ PDF diversity: close but visibly disjoint rows and staggered side-by-side cells remain accepted (11.164083ms)
✔ PDF diversity unsupported: partially clipped glyphs at the page edge cannot be accepted as fully visible (3.604833ms)
✔ PDF diversity unsupported: later covers and hidden text remain rejected while styled table backgrounds are safe (8.622709ms)
✔ PDF diversity requires review: partial tokens cannot cross the final shared multipage column boundary (0.280709ms)
✔ PDF diversity: RTL-adjacent Arabic descriptions and Arabic numbers keep exact text without reversing identifiers (0.100208ms)
✔ two dates and a vertically split AP balance header produce all ten columns with exact line evidence (2.775375ms)
✔ geometric header evidence remains stable for independent amounts, pages, and wrapped versus unwrapped labels (7.519375ms)
✔ unknown or misaligned fragments cannot be converted to a known balance heading (0.792125ms)
✔ a different second-page table, duplicate header or transaction crossing a candidate gap cancels the strict proposal (1.081791ms)
✔ the existing vocabulary-free geometry fallback remains available without claiming header identity (0.53925ms)
✔ close split header words have one exact supported interpretation, while wide gaps remain separate (1.058292ms)
✔ PDF diagnosis: blank and vector-only pages report no extractable text without claiming a scan (51.560292ms)
✔ PDF diagnosis: image-only bytes report factual image presence with the legacy no-text message (2.066167ms)
✔ PDF diagnosis: both small and large images mixed with native text retain the original rejection (12.151ms)
✔ PDF diagnosis: image-paint counts count occurrences without inferring image content (4.997875ms)
✔ PDF diagnosis: first blocking page is explicit and never claims the remaining pages were inspected (3.468709ms)
✔ PDF diagnosis: clean native-text PDFs retain the same exact extracted rows (2.70125ms)
✔ PDF diagnosis: earlier occlusion and hidden-text failures retain precedence over a later image (13.615875ms)
✔ PDF diagnosis schema: exact bounded worker round-trip is accepted (0.257709ms)
✔ PDF diagnosis schema: malformed, contradictory and extended payloads are rejected (0.369792ms)
✔ PDF diagnosis schema: rejects accessors without reading them and tolerates hostile objects (0.152334ms)
✔ PDF diagnosis error: immutable validated copy prevents later diagnostic mutation (0.28975ms)
✔ 046 a repeated page banner no longer blocks the format proof (C01436) (4.068042ms)
✔ 046 inference and the normalizer classify the same banner rows (7.882334ms)
✔ 046 no movement is deleted while the banner and footer are cleaned (0.861458ms)
✔ 046 a banner-shaped row carrying a movement stays a movement (0.895041ms)
✔ 046 a banner that is not repeated verbatim is not treated as one (0.1175ms)
✔ 046 without a repeated table header the page prefix is not structural (6.936792ms)
✔ 046 a damaged banner row remains visible and blocks matching despite readable format evidence (6.477584ms)
✔ 046 an amount landing in the neighbouring reference keeps the source in review (1.261083ms)
✔ 046 a thousand-fold separator reading is never proven silently (0.233ms)
✔ 046 a balance line is recognised before the number format is known (1.408125ms)
✔ 046 a malformed balance amount is not excused by trying other readings (1.253208ms)
✔ 046 a dated, referenced movement is never taken for a balance line (1.66325ms)
✔ exact glyph binding records when text was painted, including split and merged runs (0.941167ms)
✔ white text requires an opaque dark background covering its entire box (0.171709ms)
✔ colored statement headers and pale backgrounds drawn after a title load without hiding data (66.870458ms)
✔ a later opaque rectangle covering transaction text still prevents import (2.606083ms)
✔ a hairline table rule grazing black text is not a background, but covers and stripes still are (0.127625ms)
✔ Helvetica: real PDF bytes with a three-line AP header retain all ten columns and every movement (67.695209ms)
✔ Helvetica: explicit-cut re-read used during export exactly reproduces automatic PDF extraction and accounting provenance (13.066084ms)
✔ Helvetica: multiple PDF pages keep their repeated logical headers, original fragments and exact movement page lineage (17.340208ms)
✔ Courier: real PDF bytes with a three-line AP header retain all ten columns and every movement (21.750916ms)
✔ Courier: explicit-cut re-read used during export exactly reproduces automatic PDF extraction and accounting provenance (7.177459ms)
✔ Courier: multiple PDF pages keep their repeated logical headers, original fragments and exact movement page lineage (18.046916ms)
✔ Helvetica: export and session restoration re-prove wrapped-header cells and page provenance from original PDF bytes (258.389542ms)
✔ Courier: export and session restoration re-prove wrapped-header cells and page provenance from original PDF bytes (229.15475ms)
✔ manual PDF page-title exclusion cannot disguise an unproved page counter (4.624083ms)
✔ PDF stream integrity: a late malformed shading cannot leave a silently accepted financial prefix (82.189ms)
✔ PDF stream integrity: early parser errors reject single-page and multipage imports (15.097708ms)
✔ PDF stream integrity: actual PDF.js prefix resolution cannot bypass the document-local guard (12.918167ms)
✔ PDF stream integrity: unsupported internals and a changed PDF.js version fail closed (0.189208ms)
✔ PDF stream integrity: successful stream must deliver its final chunk and close (0.230041ms)
✔ PDF stream integrity: an error after the apparent final chunk is still fatal (0.204375ms)
✔ PDF stream integrity: truncated, cancelled and malformed stream contracts fail closed (0.422458ms)
✔ PDF stream integrity: unrelated text streams are untouched and a restored document does not affect another (0.119625ms)
✔ native visible PDF transaction text retains signs and exact cells (55.500584ms)
✔ actual PDF rejects transparent and partially transparent fill/stroke text (34.973708ms)
✔ actual PDF rejects white text in RGB, gray and CMYK color spaces (21.321583ms)
✔ restoring or explicitly resetting color and alpha permits subsequent visible text (11.232833ms)
✔ actual PDF rejects clipped transaction text and text clipping modes (17.603917ms)
✔ clipping restored before transaction text does not reject visible data (2.555625ms)
✔ actual PDF soft masks reject text rather than trusting an invisible text layer (2.503417ms)
✔ a disabled soft mask no longer marks later plain text as masked (8.565291ms)
✔ unsupported blending rejects active text but a restored blend does not leak (6.997333ms)
✔ actual inline raster images reject regardless of area or neighboring native text (10.591625ms)
✔ actual image XObjects and solid image masks cannot bypass the raster guard (8.610541ms)
✔ unsupported Form XObject clipping rejects extracted text with an explicit error (18.257125ms)
Warning: Indexing all PDF objects
✔ oversized PDF cells reject before reaching Excel and malformed PDFs do not poison later reads (65.355209ms)
✔ OCR invisible text and large raster backgrounds cannot pass as native PDF text (0.232959ms)
✔ PDF actual bytes preserve columns, signs, row provenance and original bytes (5.989792ms)
✔ PDF cannot reconcile without explicit extraction review (3.536708ms)
✔ multi-page PDF keeps repeated headers and page lineage instead of silently deleting rows (5.424125ms)
✔ blank/scanned page rejects the entire PDF including text/image mixed documents (3.527167ms)
✔ fake PDF and more than 100 pages fail closed (2.201291ms)
✔ column boundary crossings and duplicate overlay glyphs produce blocking row issues (0.222416ms)
✔ invalid column cuts, coordinates and replacement characters fail closed (0.105583ms)
✔ Arabic glyph text is preserved without reversing references or guessing numbers (0.06425ms)
✔ PDF export re-extracts original bytes and session restoration keeps the same result (211.571625ms)
✔ bounded performance export verifier accepts native dates, negative credits and explicit payment bank identity (102.40125ms)
✔ bounded performance export verifier detects a reversed amount sign (24.354125ms)
✔ bounded performance export verifier detects a forged reference despite unchanged financial totals (15.73525ms)
✔ bounded performance export verifier detects a native Excel date shifted by one day (15.490459ms)
✔ bounded performance export verifier detects a missing exported row (21.414458ms)
✔ bounded performance export verifier rejects a formula even with its original correct cached amount (12.198583ms)
✔ RSS sums every requested process independent of ps ordering (0.801458ms)
✔ an incomplete process snapshot cannot masquerade as lower memory use (0.250584ms)
✔ RSS rejects invalid counters and process identifiers (0.194959ms)
✔ a hung memory sample fails within a deadline so browser cleanup can run (22.562625ms)
✔ transaction comparison needs verified scope but not optional descriptive names (107.820375ms)
✔ known currency precision is explicit and unknown currencies are not assigned two decimals (0.239292ms)
✔ currency precision changes the ambiguity assessment, not the transaction value (1.724458ms)
✔ PDF automatic column suggestions retain required human review and original row provenance (98.691042ms)
✔ transaction column spans do not invalidate intact labeled PDF metadata; other parsing issues do (1.367833ms)
✔ partial date case must preserve its one independently valid pair and both invalid rows (4.321458ms)
✔ every recompute path gives the core result: ordinary match, amount variance, balances (demo) (295.473667ms)
✔ every recompute path gives the core result: manual decision and rejected link (demo) (109.113791ms)
✔ every recompute path gives the core result: proven one-to-many group (98.041166ms)
✔ every recompute path gives the core result: the same ambiguity, answered (174.90925ms)
✔ every recompute path gives the core result: split columns with proven direction (123.405167ms)
✔ every recompute path gives the core result: partial result with an impossible companion date (71.339ms)
✔ the cases hold what they are named for (4.52075ms)
✔ every path refuses FORMAT_AMBIGUOUS_UNRESOLVED: unresolved number-format ambiguity (2.877875ms)
✔ exportWorkbook itself refuses an unanswered format ambiguity (34.563042ms)
✔ a result changed after comparing is not exported (32.359333ms)
✔ a saved format choice that no longer fits is refused (6.490625ms)
✔ a debit/credit direction claim the source does not prove (7.943375ms)
✔ compare re-proves a claimed debit/credit direction before showing a result (2.287708ms)
✔ a direction claim whose facts hold but whose explanation was edited (14.332208ms)
✔ two faults at once: the format guard, then the direction proof (1.398916ms)
✔ the shared recompute reports its stages in order (1.759041ms)
✔ the recompute paths share one entry point; the verifier does not (0.592834ms)
✔ an explicit document number cannot outvote the references the accountant chose (13.036458ms)
✔ identities equal only after normalisation are never approved where no chosen reference can differ (6.6715ms)
✔ a batch, an account or an order chosen as the reference does not prove a document (3.970041ms)
✔ one value in two fields of different roles does not prove the invoice (3.703875ms)
✔ matching amount and reference with conflicting document types stay for review (8.355833ms)
✔ Type = Invoice with a description opening with another documented role is a conflict (19.805375ms)
✔ an unknown or party-specific code stays unknown, is not guessed, and the pair is shown for review (10.670208ms)
✔ with no reference column chosen, nothing is approved, as the interface says (8.860334ms)
✔ an unchosen voucher cannot prove a document even when the unselected references agree or are blank (5.444ms)
✔ the accountant can still confirm by hand rows whose chosen references differ (5.6865ms)
✔ invoice lines naming different purchase orders are shown for review with that reason (1.146459ms)
✔ P1 proves repeated-document pairs with explicit selected reference provenance and honest evidence (25.8785ms)
✔ P1 preserves leading zeros, punctuation and case instead of matching normalized lookalikes (7.306458ms)
✔ P1 requires literal document identity even when normalization collides (13.509125ms)
✔ P1 does not use unselected references or selected local voucher/order columns as positive identity (14.693417ms)
✔ P1 counts all discriminator occurrences before amount, date or consumption filtering (7.857458ms)
✔ P1 missing, placeholder and unsafe discriminators leave the entire document bucket unresolved (45.253083ms)
✔ P1 contextual discriminator accepts literal numeric and alphabetic references in either language (8.441ms)
✔ P1 contextual references are unique within a document, not across unrelated documents (3.379958ms)
✔ P1 formula-like and error references remain literal, visible and unapproved in every automatic path (27.689209ms)
✔ P1 direct-source comparisons cannot omit issue flags to bypass unsafe-reference checks (6.217ms)
✔ P1 assistant proposal verification rejects a case copy with altered discriminator evidence (26.801792ms)
✔ P1 keeps amount, sign, date, type, PO conflict and source-reading guards (36.213292ms)
✔ P1 excluded same-document evidence blocks uniqueness while an unrelated total does not (3.746291ms)
✔ P1 rejects an invalid source date even when compare is called directly (2.191625ms)
✔ P1 honors rejection, manual decisions and self-comparison without losing rows (2.586833ms)
✔ P1 case identity follows the discriminator when identical-amount/date rows are reordered (9.255459ms)
✔ P1 preserves genuine whole-document groups instead of splitting duplicate discriminators (2.039125ms)
✔ P1 missing Type is allowed but numeric document roles must be explicit on both sources (4.64525ms)
✔ P1 restore and verified Excel export preserve pairs and reject altered provenance (105.921417ms)
✔ F03 native own/related roles: different-credit-notes (263.876916ms)
✔ F03 native own/related roles: own-credit-note (78.430625ms)
✔ F03 native own/related roles: generic-own-and-invoice (120.8325ms)
✔ F03 native own/related roles: short-own-credit-note (64.181666ms)
✔ F03 native own/related roles: conflicting-related-invoice (136.26775ms)
✔ F03 native own/related roles: credit-note-invoice-only (81.841209ms)
✔ F03 native own/related roles: payment-invoice-only (111.131666ms)
✔ F03 native own/related roles: journal-invoice-only (173.247916ms)
✔ F03 native own/related roles: ordinary-invoice (76.05575ms)
✔ F03 native own/related roles: payment-bank-identity (79.4665ms)
✔ F03 native own/related roles: whole-credit-note-group (121.08ms)
✔ F03 selected related-invoice column supplies neither own identity nor discriminator authority (1.503417ms)
✔ F03 different selected roles permit the same proven short credit note (0.278291ms)
✔ F03 column permutation and explicit Arabic headers preserve roles (0.935291ms)
✔ F03 keeps ambiguous evidence for review: duplicate own headers (0.332917ms)
✔ F03 keeps ambiguous evidence for review: duplicate related headers (0.256708ms)
✔ F03 keeps ambiguous evidence for review: hidden own cell (0.205167ms)
✔ F03 keeps ambiguous evidence for review: unsafe related cell (0.18525ms)
✔ F03 keeps ambiguous evidence for review: different chosen generic reference (0.222458ms)
✔ F03 an own-number competitor remains after excluded (0.977041ms)
✔ F03 an own-number competitor remains after outside-period (0.347ms)
✔ F03 an own-number competitor remains after failed amount (0.391834ms)
✔ F03 chat cites the original invoice without substituting it for a credit-note identity (4.570125ms)
✔ F03 AI cannot resolve a related-invoice contradiction or forge its provenance (0.597208ms)
✔ F03 native PDF uses own credit-note number: own-credit-note (60.023541ms)
✔ F03 native PDF uses own credit-note number: short-own-credit-note (6.7375ms)
✔ F03 native PDF uses own credit-note number: different-credit-notes (11.999583ms)
✔ F03 original invoice cannot partition repeated credit-note numbers (1.216833ms)
✔ F03 local model context keeps own/related roles and their canonical source columns (1.666958ms)
✔ F03 an exact candidate with unverified type stays one review case with both source rows (0.342625ms)
✔ F03 a shared native Document No cannot erase contradictory document types (0.584458ms)
✔ F03 bank/receipt roles cannot authorize a voucher-only credit note or journal (5.396791ms)
✔ 046 Arabic text PDF reportlab-arabic-balances: actual fields, provenance, matches and independent Excel values (197.477125ms)
✔ 046 Arabic text PDF reportlab-rtl: actual fields, provenance, matches and independent Excel values (61.592958ms)
✔ 046 Arabic text PDF reportlab-permuted: actual fields, provenance, matches and independent Excel values (76.593709ms)
✔ 046 Arabic text PDF reportlab-wrapped-header: actual fields, provenance, matches and independent Excel values (45.648416ms)
✔ 046 Arabic text PDF reportlab-multipage: actual fields, provenance, matches and independent Excel values (87.986042ms)
✔ 046 Arabic text PDF libreoffice-arabic: actual fields, provenance, matches and independent Excel values (68.262292ms)
✔ 046 Arabic text PDF libreoffice-mixed: actual fields, provenance, matches and independent Excel values (50.303167ms)
✔ 046 Arabic continuation and second account table remain visible and cannot claim complete reading (15.977917ms)
✔ 046 glyph provenance uses pinned bidi ordering without mutating Latin references or numeric signs (0.497834ms)
✔ 046 source geometry may attach adjacent sign fragments but never guesses separated digits (0.138625ms)
✔ 046 Arabic word fragments follow RTL geometry while financial fragments retain their source sequence (0.628041ms)
✔ 046 full-page rectangular clips accept visible statements but partial and unknown clips reject (4.216167ms)
✔ 046 native Arabic source followed by an unreadable page cannot return partial accounting data (10.472333ms)
✔ 045 original document value cannot be compared as open-item outstanding even when numbers coincide (10.188ms)
✔ 045 running balance, paid amount and aging buckets cannot masquerade as movement values (2.811875ms)
✔ 045 explicit remaining values require an open-items report and never become period movements (1.819958ms)
✔ 045 supported original transaction values and remaining open items continue to auto-match (3.153583ms)
✔ 045 supplier and legal entity conflicts in explicit same-role metadata block automatic and manual comparison (1.701292ms)
✔ 045 different account roles are not falsely equated across supplier and AP systems (0.261834ms)
✔ 045 mixed supplier, entity or account columns stop the affected comparison without dropping either row (3.03425ms)
✔ 045 explicit single-role row identity must agree between the two sources (0.531792ms)
✔ 045 explicit currency column cannot be ignored by leaving it unmapped (0.343584ms)
✔ 045 open-item snapshots dated after the requested cutoff cannot reconstruct historical outstanding (0.386ms)
✔ 045 a malformed or contradictory declared period cannot certify the arithmetic bridge (3.586916ms)
✔ 045 a clean declared snapshot at cutoff remains supported (0.876208ms)
✔ 045 a systemic parsing/semantic failure cannot be bypassed by a manual match (0.2345ms)
✔ 045 declared transaction period constrains inclusion before the balance equation is checked (1.665ms)
✔ 045 an opening balance from a different declared period cannot be certified by coincidental equality (0.221583ms)
✔ F03 preserves old numeric Invoice No inputs: an invoice can match, its credit note cannot borrow that identity (1.11525ms)
✔ 045 numeric general references, unknown types, payments, shortened IDs and numeric groups stay unapproved (0.989125ms)
✔ 045 an explicit as-of snapshot is checked against cutoff without treating a preparation date as snapshot evidence (1.309166ms)
✔ 045 manually entering a closing balance cannot hide a conflicting balance currency (0.436125ms)
✔ 045 bounded whole-reference groups retain all source rows for review beyond the automatic limit (31.809583ms)
✔ 045 explicit conflicting document labels in descriptions veto a match but never certify one (1.137917ms)
✔ R045 independent exported workbook oracle accepts signed amounts, empty references, Arabic and an opening difference (95.833459ms)
✔ R045 independent verifier rejects amount, sign, visible reference, row count and cached formula mutations (681.004791ms)
✔ R045 independent decimal oracle rejects lost minor precision rather than rounding (0.321ms)
✔ R045 independent verifier covers transaction-only, zero-effect rejected cases, manual decisions and currency precision (111.763417ms)
✔ R045 versioned partial output contract preserves every reading issue and rejects corrupted disclosure (1125.662959ms)
✔ independent corpus manifest has 5000 cases in declared categories and disjoint layout holdout (8.11525ms)
✔ all forty hand-calculated anchors independently agree with generated balances and explicit pairs (5.510334ms)
✔ truth and observable approval are separate for an unreferenced payment allocation (3.005125ms)
✔ equal balances do not hide countervailing invoice errors (2.828042ms)
✔ cutoff exclusions are explicit and do not disappear from source observations (1.422792ms)
✔ integer minor formatting preserves zero and three decimals without production money helpers (0.209ms)
✔ development scenarios are reproducible and contain economic diversity beyond labels and layout (414.295125ms)
✔ forty foundation source pairs are real files and never embed hidden lineage or oracle keys (427.90125ms)
✔ generator, manifest and renderers cannot import production reconciliation code (1.858375ms)
✔ a wrong closing balance blocks balance verification without banning independently proved movement matches (2.579625ms)
✔ invalid source values affect their rows while scope conflicts stop the affected comparison (1.526958ms)
✔ numeric invoice identity is explicit while an equally long generic reference needs review (3.069208ms)
✔ file-specific scenarios really contain their named structures (37.15825ms)
✔ revision 1.0.1 keeps allocation lineage shared while physical row identities remain distinct (4.45675ms)
✔ ambiguous decimal case exposes two defensible interpretations and requires format confirmation before normalization (1.236458ms)
✔ PDF monetary banners use the same decimal convention as transaction cells (11.645708ms)
✔ 046 explicit shared bank identity proves a whole payment in either 1:N direction (12.536459ms)
✔ 046 explicit receipt identity supports payment groups without a bank column value (3.486ms)
✔ 046 generic shared payment references and unique amount subsets remain review, not proof (2.834708ms)
✔ 046 payment identity cannot allocate invoices or override document, amount, sign, date or receipt conflicts (7.307542ms)
✔ 046 bank-reference groups never search a matching subset or ignore a competing same-identity row (3.355875ms)
✔ 046 a duplicate component cannot be disguised by changing its description (2.497792ms)
✔ 046 explicit original invoice lines retain the existing 6750 = 2500 + 2250 + 2000 capability (0.412708ms)
✔ 046 explicit source errors, hidden evidence and excluded same-payment rows prevent complete-group approval (1.801ms)
✔ 046 currency and amount-basis conflicts are not group evidence even after user confirmation (1.029959ms)
✔ 046 row-level amount basis cannot mix original and remaining values under a generic amount header (2.337042ms)
✔ 046 payment group rejection is preserved and source ordering never selects a subset (0.614083ms)
✔ 046 a search limit is exposed with all group rows retained (5.375167ms)
✔ 046 a manual decision cannot override explicit document identity or PO conflicts (0.600125ms)
✔ 046 payment proof is re-read from original bytes for export and sessions, never trusted from an annotated result (80.877667ms)
✔ a completed-balance flag cannot replace a missing verified bridge (30.673333ms)
✔ independent evaluator accepts healthy exact matches and a controlled invalid-source rejection (123.427666ms)
✔ evaluator independently checks source totals against source transactions (5.704166ms)
✔ evaluator rejects disagreement between accepted cases and the public match list (3.670291ms)
✔ evaluator does not reward abstaining from every provable automatic match (60.127834ms)
✔ runtime errors and cancellation on corrupt input are failures rather than valid rejections (10.603083ms)
✔ equal-valued invoices with swapped counterparties are false matches even when counts and arithmetic agree (56.350042ms)
✔ P2 capability requires nine proved groups across the 20 existing focused files with independent workbook verification (2066.105041ms)
✔ P2 oracle migration keeps the default 046 N:M rejection and the same visible source facts (110.344125ms)
✔ P2 N:M permission requires visible complete identity and does not reward abstention or equal totals alone (41.932083ms)
✔ disabling every group fails required completion and cannot be counted as success (41.333ms)
✔ forcing a group on equal sums without bank or receipt proof is a false match (32.319ms)
✔ hidden metadata changes after rendering cannot change any engine input (51.923541ms)
✔ ambiguous decimal convention stays unresolved without outside information and is labelled external when provided (9.526208ms)
✔ the workbook verifier rejects accepted groups outside an independently supplied permission set (125.0895ms)
✔ a diagnostic result with source errors is never labelled a completed comparison (36.167583ms)
✔ invalid format inference records an unproven implicit default even when downstream parsing returns values (20.896334ms)
✔ R045 XML second sheetData cannot replace earlier financial rows (58.458916ms)
✔ R045 mixed cell payloads cannot concatenate into a different amount (80.620834ms)
✔ R045 invalid row coordinates cannot silently discard a movement (45.081167ms)
✔ R045 valid reordered columns, inline text and long references remain exact (34.856875ms)
✔ R045 closing balance currency is evidence, not disposable footer text (34.451458ms)
✔ R045 native formula cache validation does not reinterpret decimal point as grouping (15.034292ms)
✔ R045 duplicate workbook containers and worksheet IDs cannot discard a complete sheet (16.858ms)
✔ R045 explicit as-of metadata is retained independently of prepared date (183.076542ms)
✔ R045 duplicate date systems or style definitions cannot change dates or erase reference zeros (26.552875ms)
✔ R045 missing or aliased worksheet parts cannot silently remove or relabel source data (37.470708ms)
✔ R045 balance metadata rejects a wrong formula cache and retains a matching currency (105.149ms)
✔ R045 conflicting or ambiguous snapshot metadata cannot produce a verified date (58.265667ms)
✔ R045 an uncached transaction formula remains an explicit issue rather than zero or a deleted row (15.548708ms)
✔ R045 standard 1904 dates, sparse rows and deterministic omitted subsequent cell coordinates remain supported (25.294958ms)
✔ R045 running balance column currency cannot be borrowed from a different currency scope (12.937125ms)
✔ 045 PDF foundation 3: real files preserve metadata, balances, footer and all movements (143.646417ms)
✔ 045 PDF foundation 4: real files preserve metadata, balances, footer and all movements (14.315333ms)
✔ 045 PDF foundation 19: real files preserve metadata, balances, footer and all movements (48.955167ms)
✔ 045 PDF reordered multi-page source C01436 retains every movement and excludes only repeated page metadata (26.513583ms)
✔ 045 PDF reordered multi-page source C03754 retains every movement and excludes only repeated page metadata (35.601917ms)
✔ 045 a later-page changed identity or a transaction before the repeated header is never excluded as metadata (0.969916ms)
✔ 045 only an isolated exact page-number footer is excluded (1.3425ms)
✔ 045 inline closing balances retain amount and source evidence without erasing a dated invoice (0.436833ms)
✔ 045 PDF metadata outside table columns can span cuts without concatenating financial values (5.841792ms)
✔ 045 all 24 supported four-column PDF orders preserve the same financial fields (82.859459ms)
✔ metamorphic real CSV files preserve decisions after reordering columns and plain transaction rows (22.813667ms)
✔ Arabic money digits, decimal comma and alternate explicit date formats preserve economic meaning (6.990375ms)
✔ determinism includes complete decisions, evidence, bridge and source row identities (7.074ms)
✔ a currency conflict cannot cross into automatic matches or a proven balance bridge (6.256667ms)
✔ reference normalization collisions do not become identities merely because amounts agree (3.692083ms)
✔ independent invariant probes detect deliberate source reuse, numeric alteration and sign inversion (5.055666ms)
✔ published file-size and parsed-row limits reject at import rather than returning partial success (48.450417ms)
✔ 046 stopping every clear case cannot be reported as accurate work (1.346875ms)
✔ 046 a false match is never absorbed into the correct-match total (0.580917ms)
✔ 046 amounts of different currencies are never summed together (0.1125ms)
✔ 046 confirmations are counted per kind so an oracle-fed format is visible (0.083833ms)
✔ declared aging cannot be accepted by choosing the transactions default (26.406291ms)
✔ generic accounts cannot be merged merely because reference and amount agree (6.254167ms)
✔ source-level currency conflicts never relabel a foreign transaction as the scope currency (1.539875ms)
✔ an explicitly balanced empty period can be compared but an unproven empty file cannot (1.721875ms)
✔ same input yields byte-identical engine evidence across 20 runs (35.558708ms)
✔ punctuation normalization is suggestion-only; never proves reference equality (0.594458ms)
✔ reference reused with different amounts prevents both automatic matches (0.525125ms)
✔ sign conflict is explicit and does not change balances or signed values (0.557542ms)
✔ invalid mappings and multipliers fail at engine boundary (0.203833ms)
✔ safe sums reject invalid operands even if they cancel (0.070042ms)
✔ ambiguous CSV delimiter is rejected instead of guessed (0.253792ms)
✔ Excel merged data rows block normalization without rejecting unrelated sheets (91.401958ms)
✔ Excel cell errors and overprecision numeric references block selected data rows (92.688ms)
✔ an Excel timestamp reads as its day and the dropped time is reported (27.539417ms)
✔ all matched transactions have exact amounts, original reference equality, uniqueness and evidence (0.968542ms)
✔ 500 seeded exact money roundtrips and signed sums (1.228625ms)
✔ assistant reports actual delta and never adopts number or instructions in question (3.723542ms)
✔ assistant declines unknown question, missing transaction and unsupported balance (2.090334ms)
✔ transaction explanations cite existing rows and expose reference variant (1.408709ms)
✔ assistant and hypotheses cannot mutate engine state (1.19625ms)
✔ hypothesis rejects invented amounts, unknown IDs, duplicates, used rows and rejected pairs (1.415083ms)
✔ equal totals and different totals both stay unconfirmed hypotheses (1.839792ms)
✔ export includes structured match evidence and diagnostics (77.943875ms)
✔ export rechecks sources and refuses altered balance, match and source (7.930084ms)
✔ the same file on both sides is a labelled diagnostic, never approved (8.998334ms)
✔ a copy under another name is still the same source (3.477125ms)
✔ the same file read with its columns listed or chosen differently is still the same source (2.116125ms)
✔ similar names on two different sources are two sources (1.321708ms)
✔ two different sheets of one workbook are two sources (75.879875ms)
✔ restoring, comparing again and exporting keep the self-comparison unapproved (82.3615ms)
✔ explicit metadata from a nine-column supplier layout retains source evidence and uses period end (2.868833ms)
✔ Arabic labels and explicit inline metadata work before a PDF table without column cuts (1.14725ms)
✔ PDF inline labels separated only by spaces remain anchored and preserve role across both sides (0.71775ms)
✔ different explicit dates, entities, accounts and currencies remain conflicts without a chosen value (0.618875ms)
✔ nothing comes from filename, company title, generic account, statement date, transaction extrema or other sheets (0.394625ms)
✔ a complete mapped currency column provides one currency with auditable rows; unmapped helpers do not (1.080625ms)
✔ incomplete currency columns block prefill and mixed currencies are exposed even when a row is blank (0.526584ms)
✔ only selected amount headers are currency evidence and their contradictions prevent prefill (0.219792ms)
✔ invalid explicit metadata cannot be overridden by another valid label or a header (0.499291ms)
✔ ambiguous numeric metadata is not filled even when transaction date order is configured (0.639917ms)
✔ hidden, formula, and parser-flagged metadata cannot become suggestions (0.228583ms)
✔ suggestions are deterministic, do not mutate source/mappings and never supply approvals or balance evidence (0.191083ms)
✔ a valid transaction stays a transaction when its entire description is a summary word (5.619083ms)
✔ a summary word in an unused helper cannot remove a real transaction (0.205208ms)
✔ a duplicate with description Total remains visible and prevents an automatic match (3.04725ms)
✔ unreadable potential duplicates leave readable data available but cannot prove any automatic match (3.996459ms)
✔ summary wording cannot bypass a mapped parsing or formula defect in a transaction (0.297292ms)
✔ a decimal quantity is not inferred as a monetary amount (0.668875ms)
✔ a due date is not inferred as the transaction date merely because it parses (0.108333ms)
✔ an unknown identifier column does not become an invoice reference through uniqueness (0.354084ms)
✔ two explicit reference headers cannot be resolved by preferring the column without duplicates (0.38225ms)
✔ structural opening and total lines remain accounted for without manual exclusions (0.597958ms)
✔ reordered columns cannot turn a dated transaction with a numeric reference into a total (0.234916ms)
✔ missing or malformed dates with numeric document references remain reviewable rows (1.038166ms)
✔ dated opening and closing records need dedicated balance identities, never invoice numbers (0.381167ms)
✔ one source: a guarded reading becomes a normalised source (4.619625ms)
✔ two sources: the same boundary the supplier recompute uses (7.378209ms)
✔ an edited explanation of a proven direction comes back canonical (1.459792ms)
✔ first refusal on every path: ok | ok → ok (93.820208ms)
✔ first refusal on every path: ok | format → FORMAT_AMBIGUOUS_UNRESOLVED (5.317833ms)
✔ first refusal on every path: ok | direction → direction (5.356167ms)
✔ first refusal on every path: ok | format+direction → FORMAT_AMBIGUOUS_UNRESOLVED (7.619167ms)
✔ first refusal on every path: format | ok → FORMAT_AMBIGUOUS_UNRESOLVED (3.935875ms)
✔ first refusal on every path: format | format → FORMAT_AMBIGUOUS_UNRESOLVED (6.097ms)
✔ first refusal on every path: format | direction → FORMAT_AMBIGUOUS_UNRESOLVED (4.30425ms)
✔ first refusal on every path: format | format+direction → FORMAT_AMBIGUOUS_UNRESOLVED (2.901458ms)
✔ first refusal on every path: direction | ok → direction (3.926333ms)
✔ first refusal on every path: direction | format → FORMAT_AMBIGUOUS_UNRESOLVED (3.606541ms)
✔ first refusal on every path: direction | direction → direction (8.91175ms)
✔ first refusal on every path: direction | format+direction → FORMAT_AMBIGUOUS_UNRESOLVED (4.236041ms)
✔ first refusal on every path: format+direction | ok → FORMAT_AMBIGUOUS_UNRESOLVED (3.113667ms)
✔ first refusal on every path: format+direction | format → FORMAT_AMBIGUOUS_UNRESOLVED (3.131917ms)
✔ first refusal on every path: format+direction | direction → FORMAT_AMBIGUOUS_UNRESOLVED (3.13775ms)
✔ first refusal on every path: format+direction | format+direction → FORMAT_AMBIGUOUS_UNRESOLVED (3.810125ms)
✔ a reading that is not an object is named as such first (0.494041ms)
✔ after the gates, scope, currency and cutoff stay with normalisation (4.810125ms)
✔ an export of a proven direction with an edited explanation still succeeds (35.058042ms)
✔ the gates are assembled in one place (3.511875ms)
✔ both supplier and AP directions require exact running-balance recurrences (2.249ms)
✔ an explicit leading label can supply the baseline without invented zero opening (0.188125ms)
✔ no single recurrence or zero-only activity can establish direction (0.887208ms)
✔ any later inconsistency cancels earlier proof, including zero movements with balance changes (0.446209ms)
✔ malformed or omitted movements cannot be skipped to recover a sign suggestion (0.640709ms)
✔ descending dates, negative split values and simultaneous debit/credit prevent proof (0.354083ms)
✔ only a unique explicit running-balance column qualifies (0.126875ms)
✔ native Excel numeric values are read independently of displayed locale (0.295208ms)
✔ currency precision and Arabic numeric notation use exact engine parsing (0.604625ms)
✔ selected-cell issues, unsafe opening identities and formula-only metadata cancel proof (1.84225ms)
✔ repeated headers and structural footers preserve the full recurrence chain (0.622625ms)
✔ a late opening record or transaction named Total cannot reset or evade the chain (0.166875ms)
✔ an independently aligned closing footer must have exactly one matching amount beside its currency (1.0135ms)
✔ explicit English month names are calendar-checked independently of numeric date order (0.763458ms)
✔ currency-tagged debit/credit headers select transaction values and preserve signs (3.9875ms)
✔ a header currency mismatch or duplicate debit column is never guessed away (0.304208ms)
✔ styled PDF flows through strict normalization with exact source rows and amounts (54.976792ms)
✔ 3000 seeded bilingual generated reconciliations agree with independent brute-force oracle (2147.229333ms)
✔ 10000 decimal format/sign/Arabic digit cases preserve exact integer units (30.8145ms)
✔ 1000 quoted multilingual CSV roundtrips preserve commas, newlines and quotes (8.015625ms)
✔ 20000 repeated references remain unpaired and bounded in time (776.887042ms)
✔ bilingual workbook export preserves source text, numbers and formula-looking content across all transaction sheets (44.98375ms)
✔ XML-incompatible control characters cannot silently change during CSV to Excel export (0.919959ms)
✔ 2000 prefix reference questions and model routing attacks never select existing shorter document (75.365083ms)
✔ 200 input permutations preserve economic matches and totals without relying on row position (244.941917ms)
✔ 5000-row XLSX import, reconciliation and export preserve every original numeric amount (5293.030917ms)
✔ invalid XML controls and unpaired surrogates are rejected while legitimate multilingual text survives (0.296083ms)
✔ malformed UTF-8 bytes cannot become replacement characters in imported references (0.413ms)
✔ date-window boundaries hold across leap days, year changes and either source order (42.784ms)
✔ supplier layout end-to-end oracle: csv/0/signed/dot/English (102.764791ms)
✔ supplier layout end-to-end oracle: csv/0/signed/dot/Arabic-reversed (43.342ms)
✔ supplier layout end-to-end oracle: csv/0/signed/comma/English (35.723875ms)
✔ supplier layout end-to-end oracle: csv/0/signed/comma/Arabic-reversed (49.272833ms)
✔ supplier layout end-to-end oracle: csv/0/split/dot/English (36.798917ms)
✔ supplier layout end-to-end oracle: csv/0/split/dot/Arabic-reversed (34.97375ms)
✔ supplier layout end-to-end oracle: csv/0/split/comma/English (47.313167ms)
✔ supplier layout end-to-end oracle: csv/0/split/comma/Arabic-reversed (85.066125ms)
✔ supplier layout end-to-end oracle: csv/2/signed/dot/English (54.99975ms)
✔ supplier layout end-to-end oracle: csv/2/signed/dot/Arabic-reversed (35.926209ms)
✔ supplier layout end-to-end oracle: csv/2/signed/comma/English (31.430208ms)
✔ supplier layout end-to-end oracle: csv/2/signed/comma/Arabic-reversed (92.92025ms)
✔ supplier layout end-to-end oracle: csv/2/split/dot/English (78.273666ms)
✔ supplier layout end-to-end oracle: csv/2/split/dot/Arabic-reversed (65.724208ms)
✔ supplier layout end-to-end oracle: csv/2/split/comma/English (49.735166ms)
✔ supplier layout end-to-end oracle: csv/2/split/comma/Arabic-reversed (33.742542ms)
✔ supplier layout end-to-end oracle: csv/3/signed/dot/English (51.204ms)
✔ supplier layout end-to-end oracle: csv/3/signed/dot/Arabic-reversed (33.843541ms)
✔ supplier layout end-to-end oracle: csv/3/signed/comma/English (36.543334ms)
✔ supplier layout end-to-end oracle: csv/3/signed/comma/Arabic-reversed (35.384292ms)
✔ supplier layout end-to-end oracle: csv/3/split/dot/English (101.66075ms)
✔ supplier layout end-to-end oracle: csv/3/split/dot/Arabic-reversed (32.733375ms)
✔ supplier layout end-to-end oracle: csv/3/split/comma/English (41.671084ms)
✔ supplier layout end-to-end oracle: csv/3/split/comma/Arabic-reversed (50.745625ms)
✔ supplier layout end-to-end oracle: xlsx/0/signed/dot/English (125.778792ms)
✔ supplier layout end-to-end oracle: xlsx/0/signed/dot/Arabic-reversed (71.575291ms)
✔ supplier layout end-to-end oracle: xlsx/0/signed/comma/English (61.702791ms)
✔ supplier layout end-to-end oracle: xlsx/0/signed/comma/Arabic-reversed (59.576875ms)
✔ supplier layout end-to-end oracle: xlsx/0/split/dot/English (72.463125ms)
✔ supplier layout end-to-end oracle: xlsx/0/split/dot/Arabic-reversed (60.445167ms)
✔ supplier layout end-to-end oracle: xlsx/0/split/comma/English (51.629416ms)
✔ supplier layout end-to-end oracle: xlsx/0/split/comma/Arabic-reversed (47.727625ms)
✔ supplier layout end-to-end oracle: xlsx/2/signed/dot/English (46.185916ms)
✔ supplier layout end-to-end oracle: xlsx/2/signed/dot/Arabic-reversed (48.086208ms)
✔ supplier layout end-to-end oracle: xlsx/2/signed/comma/English (46.384333ms)
✔ supplier layout end-to-end oracle: xlsx/2/signed/comma/Arabic-reversed (59.062083ms)
✔ supplier layout end-to-end oracle: xlsx/2/split/dot/English (50.094166ms)
✔ supplier layout end-to-end oracle: xlsx/2/split/dot/Arabic-reversed (51.849958ms)
✔ supplier layout end-to-end oracle: xlsx/2/split/comma/English (40.102958ms)
✔ supplier layout end-to-end oracle: xlsx/2/split/comma/Arabic-reversed (41.558083ms)
✔ supplier layout end-to-end oracle: xlsx/3/signed/dot/English (39.470458ms)
✔ supplier layout end-to-end oracle: xlsx/3/signed/dot/Arabic-reversed (39.147ms)
✔ supplier layout end-to-end oracle: xlsx/3/signed/comma/English (43.003375ms)
✔ supplier layout end-to-end oracle: xlsx/3/signed/comma/Arabic-reversed (43.028958ms)
✔ supplier layout end-to-end oracle: xlsx/3/split/dot/English (46.654208ms)
✔ supplier layout end-to-end oracle: xlsx/3/split/dot/Arabic-reversed (39.271375ms)
✔ supplier layout end-to-end oracle: xlsx/3/split/comma/English (42.929709ms)
✔ supplier layout end-to-end oracle: xlsx/3/split/comma/Arabic-reversed (49.493583ms)
✔ legacy templates lose source facts, sign conventions and format assumptions when migrated (0.727542ms)
✔ templates never recover financial values or proof even through forged v2 fields (0.247875ms)
✔ old-engine sessions cannot bypass reprocessing by carrying old approvals (0.593125ms)
✔ current sessions re-read originals and recompute; forged source and stale export cannot survive (24.677ms)
✔ typed short literal CN-3: native rows require a successful exact 1:1 proof (16.557167ms)
✔ typed short literal C3: native rows require a successful exact 1:1 proof (2.71625ms)
✔ typed short literal I1: native rows require a successful exact 1:1 proof (2.230292ms)
✔ typed short literal ف١: native rows require a successful exact 1:1 proof (1.609834ms)
✔ typed short safety: missing type in supplier (1.390625ms)
✔ typed short safety: missing type in ledger (0.923667ms)
✔ typed short safety: issuer-specific type code is not a type (1.251084ms)
✔ typed short safety: description cannot supply type (1.30975ms)
✔ typed short safety: different explicit types (2.024917ms)
✔ typed short safety: payment is not a short document (1.585416ms)
✔ typed short safety: journal is not a short document (0.915583ms)
✔ typed short safety: credit note with positive sign (0.899459ms)
✔ typed short safety: invoice with negative sign (0.889833ms)
✔ typed short safety: zero cannot be approved (0.842333ms)
✔ typed short safety: numeric-only short identifier stays outside this rule (1.008042ms)
✔ typed short safety: letter-only identifier stays outside this rule (1.045542ms)
✔ typed short safety: date gap of one day is too much for a short identifier (1.073292ms)
✔ typed short safety: different amount (0.8815ms)
✔ typed short safety: normalization cannot grant literal equality (1.040709ms)
✔ typed short safety: case normalization cannot grant literal equality (1.267917ms)
✔ typed short safety: Unicode normalization cannot grant literal equality (1.335542ms)
✔ typed short safety: conflicting order (1.486334ms)
✔ typed short safety: conflicting description (1.061875ms)
✔ typed short safety: generic chosen Reference is not an explicit document number (1.030208ms)
✔ typed short safety: voucher number is not an explicit document number (0.893833ms)
✔ typed short safety: repeated original short reference with a different amount (1.046541ms)
✔ typed short safety: invoice number on a credit note may identify the original invoice (0.843167ms)
✔ typed short safety: generic supplier reference is not a document number (0.984625ms)
✔ typed short safety: repeated normalized reference with different spelling (0.971167ms)
✔ typed short safety: manually excluded competitor (3.070291ms)
✔ typed short safety: unread competitor (1.598666ms)
✔ typed short safety: outside-period competitor still occupies the identity (0.743917ms)
✔ typed short safety: two short credit parts are not a certified group (1.038917ms)
✔ typed short safety: formula-like source text is never identity authority (3.097208ms)
✔ typed short safety: a conflicting selected reference is retained (1.061875ms)
✔ typed short safety: an unread row with no identity cannot be isolated (2.171166ms)
✔ typed short: an isolated unrelated bad amount does not disable a proven match (0.640916ms)
✔ typed short: Arabic and English type/header labels name the same explicit source role (10.270791ms)
✔ typed short: Invoice No supplies number authority for an invoice only (2.608792ms)
✔ typed short: row order and a disjoint decoy do not change approved membership (3.020875ms)
✔ typed short: original membership survives a manual decision consuming the rival (1.742375ms)
✔ typed short: a rejected pair cannot be recreated by the new rule (1.875375ms)
✔ typed short: chat resolves complete C3, refuses C30 and never manufactures approval (7.855917ms)
✔ F02-E: actual OOXML files give all required matches and keep the equal-sum conflict unapproved (51.9145ms)
✔ Unknown credit role native xlsx: different-untyped-credit (268.019541ms)
✔ Unknown credit role native xlsx: same-untyped-credit (155.206959ms)
✔ Unknown credit role native xlsx: arabic-untyped-credit (142.137458ms)
✔ Unknown credit role native xlsx: chosen-generic-untyped-credit (140.465625ms)
✔ Unknown credit role native xlsx: blank-credit-ordinary-invoice (125.473ms)
✔ Unknown credit role native csv: different-untyped-credit (56.576541ms)
✔ Unknown credit role native csv: same-untyped-credit (45.782125ms)
✔ Unknown credit role native csv: arabic-untyped-credit (31.986833ms)
✔ Unknown credit role native csv: chosen-generic-untyped-credit (35.6225ms)
✔ Unknown credit role native csv: blank-credit-ordinary-invoice (38.415ms)
✔ Unknown credit cue cannot bypass review: hidden cell (1.063666ms)
✔ Unknown credit cue cannot bypass review: unsafe value (0.472208ms)
✔ Unknown credit cue cannot bypass review: duplicate header (0.527041ms)
✔ Unknown credit cue remains negative even if the chosen reference is its credit number (0.470041ms)
✔ Explicit native credit type verifies roles while removing the type never does (1.123584ms)
✔ A mixed file keeps proved invoice work alongside untyped credit warnings (0.624625ms)
✔ AI cannot erase retained native credit cues from canonical case members (0.582875ms)
✔ unmapped reference conflicts veto a document match while agreeing and absent references still match (30.991042ms)
✔ choosing Document No does not discard a conflicting explicit Reference column (1.225625ms)
✔ a secondary reference is retained with its source header and never supplies positive matching evidence (1.398625ms)
✔ ambiguous or unsafe unselected reference evidence cannot be silently ignored (4.5235ms)
✔ reference conflicts in one invoice-group member veto the whole group (3.45525ms)
✔ payment and journal identities remain independent of per-book reference columns (3.238291ms)
✔ reference evidence survives restore and verified export, and permits an explicit accountant decision (119.860417ms)
✔ visual drafts cannot normalize even with plausible fabricated accounting sheets and approval flags (4.781416ms)
✔ workpaper export rejects a visual draft before original reread or no-original fallback on either side (84.01625ms)
✔ session save rejects visual drafts instead of laundering their sheets through demoBytes (8.607625ms)
✔ session restore does not discard a visual-draft marker and treat accompanying CSV bytes as native (4.096791ms)
✔ reviewed visual cells are evidence only: every accounting gate rejects the marker even with native CSV sheets (7.509ms)
✔ crop drag is direction-independent, bounded and rounds outwards to native pixels (0.664625ms)
✔ keyboard movement preserves size and image boundaries; resizing cannot invert or empty the crop (0.159875ms)
✔ visual factory preserves literal bilingual observations and never creates financial interpretation or approval (1.541083ms)
✔ zero, perfect and unknown confidence remain unverified and are never converted to authority (0.997834ms)
✔ source hash is required and bound independently; document values never enter validation errors (0.154084ms)
✔ fixed OCR engine identity and bounded asset hash inventory reject unsafe or invented configuration (0.196083ms)
✔ every declared page is required in order and empty OCR pages remain visible unverified pages (0.212583ms)
✔ word hierarchy must be present: omitted blocks output cannot masquerade as a successfully read blank page (0.233666ms)
✔ non-text words, invalid coordinates and accessors reject instead of being coerced (0.806625ms)
✔ only local bounded PNG previews with matching dimensions are accepted (0.224708ms)
✔ word and character limits apply across all pages, with a valid exact-limit draft retained (117.738834ms)
✔ stable IDs derive from page, word order and geometry; outputs share no mutable OCR objects (0.451ms)
✔ PNG dimensions are bounded before any image decoder is called (0.913291ms)
✔ JPEG dimensions are read from SOF; oversized, truncated and disguised images reject (0.124583ms)
✔ PNG chunk lengths and all image byte counts are bounded (0.07875ms)
✔ fixed same-origin bootstrap and exact vendor protocol load both languages without fetching (18.787292ms)
✔ only blocks leave recognition; caller PNG bytes are neither detached nor overwritten (1.224583ms)
✔ foreign, credentialed, query/hash and non-HTTP asset bases never construct a worker (1.371083ms)
✔ abort before and during every startup stage terminates immediately without an initialization handle (1.209375ms)
✔ abort during worker construction still revokes and terminates the owned handle (0.211292ms)
✔ one startup deadline covers all stages even if the worker keeps emitting progress (18.5025ms)
✔ page deadline hard-terminates a hung recognition and future pages cannot reuse the worker (17.372208ms)
✔ abort or destroy during recognition settles the page and releases every listener and Blob (0.409333ms)
✔ concurrent recognition is rejected without changing the active page or its input (0.157708ms)
✔ unknown, stale and cross-action replies never resolve the active page (0.307125ms)
✔ initialize failures are sanitized and late vendor resolve messages cannot resurrect the worker (0.103834ms)
✔ malformed recognition data, worker errors and decode errors are sanitized and release resources (0.231042ms)
✔ progress uses fixed status labels, rejects malformed status, and never exposes raw worker text (0.124708ms)
✔ invalid image input never reaches the worker and factory exceptions revoke the Blob (0.122625ms)
✔ PNG full decoding: 3 channels, filters 0, independent expected RGBA (19.542042ms)
✔ PNG full decoding: 3 channels, filters 1, independent expected RGBA (9.517125ms)
✔ PNG full decoding: 3 channels, filters 2, independent expected RGBA (7.959875ms)
✔ PNG full decoding: 3 channels, filters 3, independent expected RGBA (7.607584ms)
✔ PNG full decoding: 3 channels, filters 4, independent expected RGBA (6.220667ms)
✔ PNG full decoding: 3 channels, filters 0,1,2,3,4, independent expected RGBA (7.129375ms)
✔ PNG full decoding: 4 channels, filters 0, independent expected RGBA (7.343083ms)
✔ PNG full decoding: 4 channels, filters 1, independent expected RGBA (6.916125ms)
✔ PNG full decoding: 4 channels, filters 2, independent expected RGBA (5.419375ms)
✔ PNG full decoding: 4 channels, filters 3, independent expected RGBA (4.826375ms)
✔ PNG full decoding: 4 channels, filters 4, independent expected RGBA (3.940125ms)
✔ PNG full decoding: 4 channels, filters 0,1,2,3,4, independent expected RGBA (9.924166ms)
✔ PNG rejects CRC damage, missing end, trailing data and ambiguous colour/orientation/animation chunks (20.934333ms)
✔ PNG bounds decompressed data and rejects wrong filters, short scanlines and nonopaque RGBA (33.068583ms)
✔ PNG dimensions, byte budget and canonical base64 are bounded before large allocation (4.184541ms)
✔ valid chunk CRC cannot hide a corrupt, truncated or trailing zlib stream (8.521541ms)
✔ manual source crop records an omitted Arabic literal even when OCR finds no words; v2 replays without financial promotion (44.90825ms)
✔ all intersecting observations and partial words are retained; neighboring words outside the crop cannot leak in (31.64575ms)
✔ literal sign, role and crop edits revoke only the affected region review, including after restoration (56.219125ms)
✔ v1 records and word receipts remain compatible when manually selected regions are added and removed (57.571791ms)
✔ restore rejects changed crop, sign, raw observations, origin, timestamp, fingerprint, duplicate ID and schema downgrade (89.908ms)
✔ manual crops reject non-integral, empty, reversed, out-of-image and accessor geometry without invoking document code (8.34275ms)
✔ region evidence cannot duplicate a whole page of words or oversized observations into every cell (15.471792ms)
✔ visual PDF renderer: sequential complete pages provide exact geometry and await consumers before releasing canvases (3.713084ms)
✔ visual PDF renderer: source bytes are copied and resource/network fallbacks are disabled (0.307333ms)
✔ visual PDF renderer: missing fonts, missing resources and null decoded images never reach OCR (1.071834ms)
✔ visual PDF renderer: a swallowed render stream failure cannot deliver a plausible PNG (0.2245ms)
✔ visual PDF renderer: page, byte, pixel, edge and geometry limits reject before drawing (0.716458ms)
✔ visual PDF renderer: protected, layered and interactive sources require a flattened supported source (0.22525ms)
✔ visual PDF renderer: cancellation and PNG failure release resources without any handoff (0.3825ms)
✔ visual PDF renderer: later-page failure invalidates the document and consumer errors stop subsequent processing (0.317125ms)
✔ visual PDF renderer: rotated pages retain their actual viewport transform instead of rewriting coordinates (0.167792ms)
✔ cell evidence is immutable, source/pixel bound, locally saved and fully replayed; it is never financial approval (57.316917ms)
✔ each literal correction, role or crop edit invalidates that cell only and requires a new review (44.871333ms)
✔ a matching written SHA is insufficient when displayed PNG pixels were substituted (11.148375ms)
✔ draft and original are snapshotted before awaits; edits to caller data cannot rewrite review evidence (10.078625ms)
✔ malformed records and accessors are rejected without invoking document code (16.502667ms)
✔ restore rejects every changed proof member, OCR observation, source, revision, engine, duplicate ID and financial status (130.685667ms)
✔ plain JSON cannot bypass registered evidence or crop, literal, role and timestamp validation (9.595959ms)
✔ complete row inventory retains unreadable rows and separates movement amounts from running balances (44.072958ms)
✔ missing cells and untouched rows cannot be mistaken for complete values (20.375042ms)
✔ geometry covers every vertical and horizontal band exactly once and rejects gaps, zero bands and limits (9.92175ms)
✔ amount-vs-balance swaps, wrong row, wrong role, unknown or unreviewed region and double assignment are rejected (11.09125ms)
✔ a crop reaching into another column or another row cannot be assigned even if its literal was reviewed (8.622625ms)
✔ exclusions require a reason and their own source-bound review; unreadable rows cannot acquire exclusion proof (12.800917ms)
✔ row changes revoke inventory proof and the changed exclusion, while source or geometry changes create a fresh inventory (9.267292ms)
✔ restore rejects changed rows, grid, cells, source, raw observations, fingerprints, missing rows and added authority (155.97725ms)
✔ empty pending inventory is explicitly serializable without acquiring completeness or financial authority (16.664792ms)
✔ caller changes across an async create cannot rewrite the geometry; plain copied table objects are not registered (8.85925ms)
✔ getters and sparse arrays are rejected before execution and invalid receipts cannot use non-canonical dates (13.374333ms)
✔ typed PDF failure survives the worker without producing a partial source (1.241167ms)
✔ unvalidated or misplaced diagnosis remains a plain failure, never trusted metadata (0.121042ms)
✔ worker wire protocol ignores library messages and stale ids instead of resolving undefined (0.103875ms)
✔ empty error messages always reject, and the next import gets a clean worker (0.084625ms)
✔ missing value, malformed sheets, wrong source and wrong action cannot reach the UI (0.210917ms)
✔ abort, worker errors, message errors and timeout recover without poisoning subsequent requests (12.493125ms)
✔ readiness checks engine version and concurrent calls cannot steal another response (0.204875ms)
✔ worker dispatcher only accepts explicitly namespaced accounting requests (0.063209ms)
✔ verified PDF progress is bounded metadata and never resolves the source request (0.25125ms)
✔ progress cannot bypass final source validation or typed late-page failure (0.164875ms)
✔ malformed or misplaced current-request progress fails closed (0.307ms)
✔ PDF progress rejects regressions, changed totals and premature or reversed stages (0.136417ms)
✔ library and stale progress are ignored; abort clears the sequence for the next worker (0.111875ms)
✔ PDF deadlines cover the request; progress never extends the fixed deadline (0.304791ms)
✔ longer deadlines apply only to PDF import or original-source session/export checks (0.05625ms)
✔ numeric XML must be a whole valid number, never a parseFloat prefix (86.858917ms)
✔ equivalent valid numeric spellings are retained exactly without locale guesses (84.789875ms)
✔ duplicate cells, duplicate rows and coordinate conflicts cannot overwrite source transactions (30.177084ms)
✔ precision lost by Number conversion becomes a cell issue, never an apparently exact financial amount (40.000375ms)
✔ precision observations use workbook relationships and only block selected cells (11.11625ms)
✔ rich text and hyperlink display text obey the same mapped-cell visibility rules as plain strings (99.030625ms)
✔ ordinary rich text, hyperlinks, currency and accounting formats retain exact source values (63.867125ms)
✔ seeded independent minor-unit oracle survives both Excel date epochs and all supported precisions (96.170875ms)
✔ repeated safe page headers do not make proven Excel formats ambiguous or invalid (10.028667ms)
✔ untrusted or hidden repeated headers cannot be used to prove input formats (32.896458ms)
✔ shared-string indices cannot be truncated into another source value (10.408708ms)
✔ implicit next-column addresses remain supported but cannot conceal a duplicate cell (9.003541ms)
✔ native ISO date cells retain their lexical dates and can never become year-sized amounts (20.350416ms)
✔ prefixed SpreadsheetML workbook, styles, shared strings, worksheets and relationship parts are accepted without changing values (94.35175ms)
✔ ordinary canonical workbook is passed through without repacking (10.4875ms)
✔ namespace conversion retains formulas and dangerous sign formats as review blockers (45.931291ms)
✔ foreign namespace lookalikes are rejected instead of stripped into accounting fields (35.005ms)
✔ undeclared XML prefixes and DTDs fail explicitly without accepting incomplete worksheets (25.558541ms)
✔ namespaced and canonical Excel reads are independent in either order and after an invalid file (47.753375ms)
✔ 046 valid openpyxl ar: merged preamble, native dates, long/zero-prefixed references and hidden row retained once (47.296208ms)
✔ 046 valid openpyxl en: merged preamble, native dates, long/zero-prefixed references and hidden row retained once (27.510875ms)
✔ 046 valid xlsxwriter ar: merged preamble, native dates, long/zero-prefixed references and hidden row retained once (15.705834ms)
✔ 046 valid xlsxwriter en: merged preamble, native dates, long/zero-prefixed references and hidden row retained once (17.738584ms)
ℹ tests 1066
ℹ suites 0
ℹ pass 1066
ℹ fail 0
ℹ cancelled 0
ℹ skipped 0
ℹ todo 0
ℹ duration_ms 15253.335958
