2026-10-04T00:06:03.6490225Z Current runner version: '2.337.0'
2026-10-04T00:06:03.6511004Z ##[group]Runner Image Provisioner
2026-10-04T00:06:03.6511710Z Hosted Compute Agent
2026-10-04T00:06:03.6512113Z Version: 20260901.588
2026-10-04T00:06:03.6512542Z Commit: f88ec8081b781fac6c440065ac7ff9e710ce3d0b
2026-10-04T00:06:03.6513050Z Build Date: 2026-09-01T19:56:44Z
2026-10-04T00:06:03.6513547Z Worker ID: {cc8bf98d-5a18-40ea-b43a-e58061da2ac5}
2026-10-04T00:06:03.6514055Z Azure Region: centralus
2026-10-04T00:06:03.6514466Z ##[endgroup]
2026-10-04T00:06:03.6515319Z ##[group]Operating System
2026-10-04T00:06:03.6515802Z Ubuntu
2026-10-04T00:06:03.6516176Z 24.04.5
2026-10-04T00:06:03.6516552Z LTS
2026-10-04T00:06:03.6516950Z ##[endgroup]
2026-10-04T00:06:03.6517536Z ##[group]Runner Image
2026-10-04T00:06:03.6518001Z Image: ubuntu-24.04
2026-10-04T00:06:03.6518369Z Version: 20260927.320.1
2026-10-04T00:06:03.6519253Z Included Software: https://github.com/actions/runner-images/blob/ubuntu24/20260927.320/images/ubuntu/Ubuntu2404-Readme.md
2026-10-04T00:06:03.6520208Z Image Release: https://github.com/actions/runner-images/releases/tag/ubuntu24%2F20260927.320
2026-10-04T00:06:03.6520886Z ##[endgroup]
2026-10-04T00:06:03.6521578Z ##[group]GITHUB_TOKEN Permissions
2026-10-04T00:06:03.6523024Z Contents: read
2026-10-04T00:06:03.6523391Z Metadata: read
2026-10-04T00:06:03.6523821Z ##[endgroup]
2026-10-04T00:06:03.6525395Z Secret source: Actions
2026-10-04T00:06:03.6526040Z Cache mode: write
2026-10-04T00:06:03.6526515Z Prepare workflow directory
2026-10-04T00:06:03.6814252Z Prepare all required actions
2026-10-04T00:06:03.6852190Z Getting action download info
2026-10-04T00:06:03.9382558Z Download action repository 'actions/checkout@11d5960a326750d5838078e36cf38b85af677262' (SHA:11d5960a326750d5838078e36cf38b85af677262)
2026-10-04T00:06:04.0262631Z Download action repository 'pnpm/action-setup@b906affcce14559ad1aafd4ab0e942779e9f58b1' (SHA:b906affcce14559ad1aafd4ab0e942779e9f58b1)
2026-10-04T00:06:04.5776749Z Download action repository 'actions/setup-node@49933ea5288caeca8642d1e84afbd3f7d6820020' (SHA:49933ea5288caeca8642d1e84afbd3f7d6820020)
2026-10-04T00:06:04.7033712Z Download action repository 'actions/upload-artifact@ea165f8d65b6e75b540449e92b4886f43607fa02' (SHA:ea165f8d65b6e75b540449e92b4886f43607fa02)
2026-10-04T00:06:04.8763178Z Download action repository 'actions/upload-pages-artifact@56afc609e74202658d3ffba0e8f6dda462b719fa' (SHA:56afc609e74202658d3ffba0e8f6dda462b719fa)
2026-10-04T00:06:05.1413418Z Getting action download info
2026-10-04T00:06:05.2456764Z Download action repository 'actions/upload-artifact@v4' (SHA:ea165f8d65b6e75b540449e92b4886f43607fa02)
2026-10-04T00:06:05.4050382Z Complete job name: build
2026-10-04T00:06:05.4849586Z ##[group]Run actions/checkout@11d5960a326750d5838078e36cf38b85af677262
2026-10-04T00:06:05.4850627Z with:
2026-10-04T00:06:05.4851182Z   repository: mjodshamrani-ux/accounting
2026-10-04T00:06:05.4856309Z   token: ***
2026-10-04T00:06:05.4856802Z   ssh-strict: true
2026-10-04T00:06:05.4857419Z   ssh-user: git
2026-10-04T00:06:05.4857979Z   persist-credentials: true
2026-10-04T00:06:05.4858542Z   clean: true
2026-10-04T00:06:05.4859086Z   sparse-checkout-cone-mode: true
2026-10-04T00:06:05.4859710Z   fetch-depth: 1
2026-10-04T00:06:05.4860230Z   fetch-tags: false
2026-10-04T00:06:05.4860765Z   show-progress: true
2026-10-04T00:06:05.4861286Z   lfs: false
2026-10-04T00:06:05.4861783Z   submodules: false
2026-10-04T00:06:05.4862317Z   set-safe-directory: true
2026-10-04T00:06:05.4862938Z   allow-unsafe-pr-checkout: false
2026-10-04T00:06:05.4863637Z ##[endgroup]
2026-10-04T00:06:05.5619299Z Syncing repository: mjodshamrani-ux/accounting
2026-10-04T00:06:05.5621742Z ##[group]Getting Git version info
2026-10-04T00:06:05.5622606Z Working directory is '/home/runner/work/accounting/accounting'
2026-10-04T00:06:05.5624242Z [command]/usr/bin/git version
2026-10-04T00:06:05.5701381Z git version 2.55.0
2026-10-04T00:06:05.5718833Z ##[endgroup]
2026-10-04T00:06:05.5732297Z Temporarily overriding HOME='/home/runner/work/_temp/f1e21f2f-34f5-47b1-b409-1e3ce1243e8d' before making global git config changes
2026-10-04T00:06:05.5734888Z Adding repository directory to the temporary git global config as a safe directory
2026-10-04T00:06:05.5736497Z [command]/usr/bin/git config --global --add safe.directory /home/runner/work/accounting/accounting
2026-10-04T00:06:05.5791090Z Deleting the contents of '/home/runner/work/accounting/accounting'
2026-10-04T00:06:05.5796274Z ##[group]Initializing the repository
2026-10-04T00:06:05.5800507Z [command]/usr/bin/git init /home/runner/work/accounting/accounting
2026-10-04T00:06:05.5921156Z hint: Using 'master' as the name for the initial branch. This default branch name
2026-10-04T00:06:05.5922876Z hint: will change to "main" in Git 3.0. To configure the initial branch name
2026-10-04T00:06:05.5924676Z hint: to use in all of your new repositories, which will suppress this warning,
2026-10-04T00:06:05.5926148Z hint: call:
2026-10-04T00:06:05.5926742Z hint:
2026-10-04T00:06:05.5927679Z hint: 	git config --global init.defaultBranch <name>
2026-10-04T00:06:05.5928517Z hint:
2026-10-04T00:06:05.5929338Z hint: Names commonly chosen instead of 'master' are 'main', 'trunk' and
2026-10-04T00:06:05.5930548Z hint: 'development'. The just-created branch can be renamed via this command:
2026-10-04T00:06:05.5931611Z hint:
2026-10-04T00:06:05.5932306Z hint: 	git branch -m <name>
2026-10-04T00:06:05.5933065Z hint:
2026-10-04T00:06:05.5933940Z hint: Disable this message with "git config set advice.defaultBranchName false"
2026-10-04T00:06:05.5935542Z Initialized empty Git repository in /home/runner/work/accounting/accounting/.git/
2026-10-04T00:06:05.5938437Z [command]/usr/bin/git remote add origin https://github.com/mjodshamrani-ux/accounting
2026-10-04T00:06:05.5997166Z ##[endgroup]
2026-10-04T00:06:05.5998185Z ##[group]Disabling automatic garbage collection
2026-10-04T00:06:05.6001463Z [command]/usr/bin/git config --local gc.auto 0
2026-10-04T00:06:05.6040516Z ##[endgroup]
2026-10-04T00:06:05.6041499Z ##[group]Setting up auth
2026-10-04T00:06:05.6049108Z [command]/usr/bin/git config --local --name-only --get-regexp core\.sshCommand
2026-10-04T00:06:05.6090037Z [command]/usr/bin/git submodule foreach --recursive sh -c "git config --local --name-only --get-regexp 'core\.sshCommand' && git config --local --unset-all 'core.sshCommand' || :"
2026-10-04T00:06:05.6433736Z [command]/usr/bin/git config --local --name-only --get-regexp http\.https\:\/\/github\.com\/\.extraheader
2026-10-04T00:06:05.6470456Z [command]/usr/bin/git submodule foreach --recursive sh -c "git config --local --name-only --get-regexp 'http\.https\:\/\/github\.com\/\.extraheader' && git config --local --unset-all 'http.https://github.com/.extraheader' || :"
2026-10-04T00:06:05.6683698Z [command]/usr/bin/git config --local --name-only --get-regexp ^includeIf\.gitdir:
2026-10-04T00:06:05.6719674Z [command]/usr/bin/git submodule foreach --recursive git config --local --show-origin --name-only --get-regexp remote.origin.url
2026-10-04T00:06:05.6944458Z [command]/usr/bin/git config --local http.https://github.com/.extraheader AUTHORIZATION: basic ***
2026-10-04T00:06:05.6991199Z ##[endgroup]
2026-10-04T00:06:05.6992140Z ##[group]Fetching the repository
2026-10-04T00:06:05.7001569Z [command]/usr/bin/git -c protocol.version=2 fetch --no-tags --prune --no-recurse-submodules --depth=1 origin +57d5fedfeb1092c38367eb49e38441c3e96688a7:refs/remotes/origin/main
2026-10-04T00:06:12.3706196Z From https://github.com/mjodshamrani-ux/accounting
2026-10-04T00:06:12.3706652Z  * [new ref]         57d5fedfeb1092c38367eb49e38441c3e96688a7 -> origin/main
2026-10-04T00:06:12.3709139Z ##[endgroup]
2026-10-04T00:06:12.3709661Z ##[group]Determining the checkout info
2026-10-04T00:06:12.3719206Z ##[endgroup]
2026-10-04T00:06:12.3719613Z [command]/usr/bin/git sparse-checkout disable
2026-10-04T00:06:12.3773139Z [command]/usr/bin/git config --local --unset-all extensions.worktreeConfig
2026-10-04T00:06:12.3804679Z ##[group]Checking out the ref
2026-10-04T00:06:12.3810117Z [command]/usr/bin/git checkout --progress --force -B main refs/remotes/origin/main
2026-10-04T00:06:12.6684538Z Switched to a new branch 'main'
2026-10-04T00:06:12.6687336Z branch 'main' set up to track 'origin/main'.
2026-10-04T00:06:12.6728390Z ##[endgroup]
2026-10-04T00:06:12.6761294Z [command]/usr/bin/git log -1 --format=%H
2026-10-04T00:06:12.6789003Z 57d5fedfeb1092c38367eb49e38441c3e96688a7
2026-10-04T00:06:12.7012183Z ##[group]Run pnpm/action-setup@b906affcce14559ad1aafd4ab0e942779e9f58b1
2026-10-04T00:06:12.7012457Z with:
2026-10-04T00:06:12.7012576Z   version: 11.19.0
2026-10-04T00:06:12.7012701Z   dest: ~/setup-pnpm
2026-10-04T00:06:12.7012825Z   run_install: null
2026-10-04T00:06:12.7012955Z   cache: false
2026-10-04T00:06:12.7013090Z   cache_dependency_path: pnpm-lock.yaml
2026-10-04T00:06:12.7013262Z   package_json_file: package.json
2026-10-04T00:06:12.7013419Z   standalone: false
2026-10-04T00:06:12.7013543Z ##[endgroup]
2026-10-04T00:06:12.7996010Z ##[group]Running self-installer...
2026-10-04T00:06:13.0682156Z (node:2139) [DEP0169] DeprecationWarning: `url.parse()` behavior is not standardized and prone to errors that have security implications. Use the WHATWG URL API instead. CVEs are not issued for `url.parse()` vulnerabilities.
2026-10-04T00:06:13.0683212Z (Use `node --trace-deprecation ...` to show where the warning was created)
2026-10-04T00:06:13.2709096Z Progress: resolved 1, reused 0, downloaded 0, added 0
2026-10-04T00:06:13.2779302Z Packages: +1
2026-10-04T00:06:13.2779876Z +
2026-10-04T00:06:13.6304673Z Progress: resolved 1, reused 0, downloaded 1, added 1, done
2026-10-04T00:06:13.6541372Z 
2026-10-04T00:06:13.6541834Z dependencies:
2026-10-04T00:06:13.6542156Z + pnpm 11.19.0 (12.9.1 is available)
2026-10-04T00:06:13.6542311Z 
2026-10-04T00:06:13.6563913Z Done in 736ms
2026-10-04T00:06:13.8749836Z ##[endgroup]
2026-10-04T00:06:13.8750112Z Installation Completed!
2026-10-04T00:06:13.8886575Z ##[group]Run actions/setup-node@49933ea5288caeca8642d1e84afbd3f7d6820020
2026-10-04T00:06:13.8886800Z with:
2026-10-04T00:06:13.8886935Z   node-version: 24
2026-10-04T00:06:13.8887286Z   cache: pnpm
2026-10-04T00:06:13.8887399Z   always-auth: false
2026-10-04T00:06:13.8887521Z   check-latest: false
2026-10-04T00:06:13.8888870Z   token: ***
2026-10-04T00:06:13.8888980Z env:
2026-10-04T00:06:13.8889119Z   PNPM_HOME: /home/runner/setup-pnpm/node_modules/.bin
2026-10-04T00:06:13.8889292Z ##[endgroup]
2026-10-04T00:06:14.0069684Z Found in cache @ /opt/hostedtoolcache/node/24.21.0/x64
2026-10-04T00:06:14.0074141Z (node:2153) [DEP0040] DeprecationWarning: The `punycode` module is deprecated. Please use a userland alternative instead.
2026-10-04T00:06:14.0074728Z (Use `node --trace-deprecation ...` to show where the warning was created)
2026-10-04T00:06:14.0076143Z ##[group]Environment details
2026-10-04T00:06:16.4254341Z node: v24.21.0
2026-10-04T00:06:16.4254627Z npm: 11.19.0
2026-10-04T00:06:16.4254891Z yarn: 1.22.22
2026-10-04T00:06:16.4255893Z ##[endgroup]
2026-10-04T00:06:16.4285704Z [command]/home/runner/setup-pnpm/node_modules/.bin/pnpm store path --silent
2026-10-04T00:06:17.0896645Z /home/runner/setup-pnpm/node_modules/.bin/store/v11
2026-10-04T00:06:17.2521478Z Cache hit for: node-cache-Linux-x64-pnpm-970ff90c8c5b62d936b78a56179f81cdf02982feb14381f8bba791078d20d9fe
2026-10-04T00:06:17.2592819Z (node:2153) [DEP0169] DeprecationWarning: `url.parse()` behavior is not standardized and prone to errors that have security implications. Use the WHATWG URL API instead. CVEs are not issued for `url.parse()` vulnerabilities.
2026-10-04T00:06:18.3856958Z Received 118816928 of 118816928 (100.0%), 113.9 MBs/sec
2026-10-04T00:06:18.3857684Z Cache Size: ~113 MB (118816928 B)
2026-10-04T00:06:18.3880192Z [command]/usr/bin/tar -xf /home/runner/work/_temp/2f06d87d-3c71-4b1b-9d5d-906453fde8c8/cache.tzst -P -C /home/runner/work/accounting/accounting --use-compress-program unzstd
2026-10-04T00:06:19.2837917Z Cache restored successfully
2026-10-04T00:06:19.2895090Z Cache restored from key: node-cache-Linux-x64-pnpm-970ff90c8c5b62d936b78a56179f81cdf02982feb14381f8bba791078d20d9fe
2026-10-04T00:06:19.3061937Z ##[group]Run pnpm install --frozen-lockfile
2026-10-04T00:06:19.3062221Z [36;1mpnpm install --frozen-lockfile[0m
2026-10-04T00:06:19.3343708Z shell: /usr/bin/bash -e {0}
2026-10-04T00:06:19.3343913Z env:
2026-10-04T00:06:19.3344088Z   PNPM_HOME: /home/runner/setup-pnpm/node_modules/.bin
2026-10-04T00:06:19.3344282Z ##[endgroup]
2026-10-04T00:06:19.7682497Z ? Verifying lockfile against supply-chain policies (367 entries)...
2026-10-04T00:06:19.7733188Z Lockfile is up to date, resolution step is skipped
2026-10-04T00:06:19.8653583Z Progress: resolved 1, reused 0, downloaded 0, added 0
2026-10-04T00:06:19.8994848Z Packages: +249
2026-10-04T00:06:19.8996614Z ++++++++++++++++++++++++++++++++++++++++++++++++++++++++++++++++++++++++++++++++
2026-10-04T00:06:20.5134138Z Packages are hard linked from the content-addressable store to the virtual store.
2026-10-04T00:06:20.5134825Z   Content-addressable store is at: /home/runner/setup-pnpm/node_modules/.bin/store/v11
2026-10-04T00:06:20.5135407Z   Virtual store is at:             node_modules/.pnpm
2026-10-04T00:06:20.8864201Z Progress: resolved 249, reused 249, downloaded 0, added 72
2026-10-04T00:06:21.2084095Z Progress: resolved 249, reused 249, downloaded 0, added 249, done
2026-10-04T00:06:22.1179070Z ✓ Lockfile passes supply-chain policies (367 entries in 2.3s)
2026-10-04T00:06:22.1947410Z 
2026-10-04T00:06:22.1948063Z dependencies:
2026-10-04T00:06:22.1948371Z + @base-ui/react 1.7.0
2026-10-04T00:06:22.1948600Z + @shadcn/react 0.3.0
2026-10-04T00:06:22.1948926Z + @tesseract.js-data/ara 1.0.0
2026-10-04T00:06:22.1949202Z + @tesseract.js-data/eng 1.0.0
2026-10-04T00:06:22.1949509Z + class-variance-authority 0.7.1
2026-10-04T00:06:22.1949766Z + clsx 2.1.1
2026-10-04T00:06:22.1949960Z + cmdk 1.1.1
2026-10-04T00:06:22.1950181Z + date-fns 4.1.0
2026-10-04T00:06:22.1950418Z + embla-carousel-react 8.5.2
2026-10-04T00:06:22.1950659Z + exceljs 4.4.0
2026-10-04T00:06:22.1950889Z + input-otp 1.4.2
2026-10-04T00:06:22.1951168Z + jszip 3.10.1
2026-10-04T00:06:22.1951419Z + lucide-react 1.31.0
2026-10-04T00:06:22.1951655Z + react 19.2.6
2026-10-04T00:06:22.1951901Z + react-day-picker 9.8.1
2026-10-04T00:06:22.1952161Z + react-dom 19.2.6
2026-10-04T00:06:22.1952444Z + react-resizable-panels 4.5.8
2026-10-04T00:06:22.1952719Z + recharts 3.8.0
2026-10-04T00:06:22.1952932Z + saxes 5.0.1
2026-10-04T00:06:22.1953148Z + tailwind-merge 3.6.0
2026-10-04T00:06:22.1953393Z + tesseract.js 7.0.0
2026-10-04T00:06:22.1953651Z + tw-animate-css 1.4.0
2026-10-04T00:06:22.1953975Z + unpdf 1.8.1
2026-10-04T00:06:22.1954061Z 
2026-10-04T00:06:22.1954129Z devDependencies:
2026-10-04T00:06:22.1954300Z + @tailwindcss/postcss 4.2.1
2026-10-04T00:06:22.1954595Z + @types/node 22.19.19
2026-10-04T00:06:22.1954826Z + @types/react 19.2.14
2026-10-04T00:06:22.1955058Z + @types/react-dom 19.2.3
2026-10-04T00:06:22.1955313Z + @vitejs/plugin-react 6.0.2
2026-10-04T00:06:22.1955458Z + oxfmt 0.61.0
2026-10-04T00:06:22.1955584Z + oxlint 1.76.0
2026-10-04T00:06:22.1955749Z + oxlint-tsgolint 7.0.2001
2026-10-04T00:06:22.1955927Z + playwright 1.62.1
2026-10-04T00:06:22.1956071Z + tailwindcss 4.2.1
2026-10-04T00:06:22.1956218Z + typescript 5.9.3
2026-10-04T00:06:22.1956347Z + vite 8.0.16
2026-10-04T00:06:22.1956420Z 
2026-10-04T00:06:22.2348552Z Done in 2.8s using pnpm v11.19.0
2026-10-04T00:06:22.2821101Z ##[group]Run pnpm audit --prod --audit-level=moderate
2026-10-04T00:06:22.2821517Z [36;1mpnpm audit --prod --audit-level=moderate[0m
2026-10-04T00:06:22.2879176Z shell: /usr/bin/bash -e {0}
2026-10-04T00:06:22.2879380Z env:
2026-10-04T00:06:22.2879554Z   PNPM_HOME: /home/runner/setup-pnpm/node_modules/.bin
2026-10-04T00:06:22.2879756Z ##[endgroup]
2026-10-04T00:06:22.7478268Z No known vulnerabilities found
2026-10-04T00:06:22.7625053Z ##[group]Run pnpm typecheck
2026-10-04T00:06:22.7625254Z [36;1mpnpm typecheck[0m
2026-10-04T00:06:22.7680062Z shell: /usr/bin/bash -e {0}
2026-10-04T00:06:22.7680239Z env:
2026-10-04T00:06:22.7680393Z   PNPM_HOME: /home/runner/setup-pnpm/node_modules/.bin
2026-10-04T00:06:22.7680754Z ##[endgroup]
2026-10-04T00:06:23.3561489Z Already up to date
2026-10-04T00:06:23.3566136Z Done in 271ms using pnpm v11.19.0
2026-10-04T00:06:23.3692839Z $ tsc --noEmit
2026-10-04T00:06:30.5562088Z ##[group]Run pnpm test
2026-10-04T00:06:30.5562284Z [36;1mpnpm test[0m
2026-10-04T00:06:30.5617794Z shell: /usr/bin/bash -e {0}
2026-10-04T00:06:30.5617991Z env:
2026-10-04T00:06:30.5618149Z   PNPM_HOME: /home/runner/setup-pnpm/node_modules/.bin
2026-10-04T00:06:30.5618336Z ##[endgroup]
2026-10-04T00:06:31.1793282Z Already up to date
2026-10-04T00:06:31.1798371Z Done in 272ms using pnpm v11.19.0
2026-10-04T00:06:31.1938388Z $ node --experimental-strip-types --test tests/*.test.ts
2026-10-04T00:06:31.4360080Z ✔ 047 a sound export passes the round (45.943266ms)
2026-10-04T00:06:31.4478831Z ✔ 047 swapping two links fails even though the count is unchanged (14.686862ms)
2026-10-04T00:06:31.4743529Z ✔ 047 a link the case forbids is caught (19.424132ms)
2026-10-04T00:06:31.4873676Z ✔ 047 a dropped row on either side is caught (19.120902ms)
2026-10-04T00:06:31.5145602Z ✔ 047 a changed amount is caught, and a blank one cannot slip through (24.376294ms)
2026-10-04T00:06:31.5179311Z ✔ 047 an item that must stay for review or unmatched is checked (5.338841ms)
2026-10-04T00:06:31.5201347Z ✔ 047 an unchecked export is not an accounting pass (0.394594ms)
2026-10-04T00:06:31.5228345Z ✔ 047 a link count that disagrees with the declared links is not a pass (0.109472ms)
2026-10-04T00:06:31.5248853Z ✔ 047 reaching the results screen is not the criterion for a stop case (0.204764ms)
2026-10-04T00:06:31.8359312Z ✔ canonical source amounts yield facts only, with no state mutation or automatic approval (17.697404ms)
2026-10-04T00:06:31.8407822Z ✔ case-only phantom IDs are rejected even if their invented amounts agree (3.615958ms)
2026-10-04T00:06:31.8441299Z ✔ stale display copies cannot change amount, sign, reference, date, currency or provenance (18.673504ms)
2026-10-04T00:06:31.8455253Z ✔ duplicate or missing canonical rows and foreign case ownership reject the whole proposal result (4.139313ms)
2026-10-04T00:06:31.8468575Z ✔ every source trace must name its actual canonical member exactly once (8.832888ms)
2026-10-04T00:06:31.8498703Z ✔ stale source totals, case totals, variance and bridge values are never reused (3.858257ms)
2026-10-04T00:06:31.8534633Z ✔ unread source rows make uniqueness and proposal verification incomplete (1.39727ms)
2026-10-04T00:06:31.8538202Z ✔ explicit currency, type, purchase order and unreadable reference conflicts are rejected (3.446577ms)
2026-10-04T00:06:31.8539392Z ✔ invalid calendar dates, dates outside the window, zero and offsetting signs cannot prove a relationship (3.022148ms)
2026-10-04T00:06:31.8540461Z ✔ a subset of an ambiguous duplicate-reference group is not a verified hypothesis (3.121204ms)
2026-10-04T00:06:31.8541296Z ✔ matched rows stay unavailable even if a stale case is relabeled reviewable (1.912544ms)
2026-10-04T00:06:31.8542061Z ✔ malformed current result structures fail closed without throwing (3.342443ms)
2026-10-04T00:06:31.8543221Z ✔ untrusted description instructions never become commands, amounts, decisions or model authority (1.207029ms)
2026-10-04T00:06:31.9064545Z ✔ 047 only the guard’s own refusal counts as protection (7.197475ms)
2026-10-04T00:06:31.9099190Z ✔ 047 the answered ambiguity is accepted and produces the chosen values (8.37545ms)
2026-10-04T00:06:31.9103305Z ✔ 047 the worker refuses an unanswered ambiguity on reconcile, compare and export, and completes once answered (117.574211ms)
2026-10-04T00:06:31.9244299Z ✔ 047 session restore refuses an unanswered ambiguity with the same code (18.865618ms)
2026-10-04T00:06:31.9443999Z ✔ AI cannot pick one row from a reference shared by several documents (26.116669ms)
2026-10-04T00:06:31.9459576Z ✔ explicit row ID can disambiguate AI routing, but contradictory references cannot (6.058637ms)
2026-10-04T00:06:31.9519249Z ✔ AI routing rejects irrelevant transaction fields and blank or oversized questions (4.655528ms)
2026-10-04T00:06:31.9582230Z ✔ out-of-range hypothesis differences fail closed without crashing the assistant (6.137555ms)
2026-10-04T00:06:31.9619654Z ✔ hostile model proposals never acquire authority or alter any source evidence (11.07477ms)
2026-10-04T00:06:31.9620786Z ✔ Arabic and aborted requests do not even query a model provider (4.520198ms)
2026-10-04T00:06:32.0806594Z ✔ Arabic and English variance questions find a proved transaction difference without closing balances (30.119849ms)
2026-10-04T00:06:32.0915865Z ✔ thousands separators and Arabic or Persian digits preserve the exact requested minor units (2.825703ms)
2026-10-04T00:06:32.0929169Z ✔ all cases sharing a requested variance are cited without selecting one as the cause (3.360254ms)
2026-10-04T00:06:32.1009439Z ✔ negative variance uses its signed value and the bridge effect has the opposite sign (5.227268ms)
2026-10-04T00:06:32.1086806Z ✔ transaction variance and closing-balance delta remain explicitly separate (1.574861ms)
2026-10-04T00:06:32.1099083Z ✔ missing requested amounts do not select a nearby case or repeat the user amount as a fact (5.138127ms)
2026-10-04T00:06:32.1128835Z ✔ ambiguous numeric conventions, invalid notation and multiple amounts never select a case (8.860718ms)
2026-10-04T00:06:32.1158508Z ✔ an explicit foreign currency or unknown invoice cannot be replaced by a same-number case (1.71544ms)
2026-10-04T00:06:32.1159725Z ✔ stale numeric evidence and unreadable source rows cannot acquire a grounded variance explanation (7.561143ms)
2026-10-04T00:06:32.1188388Z ✔ amount questions and hostile instructions never alter source values or turn cases into matches (2.791853ms)
2026-10-04T00:06:32.6279194Z ✔ A02: native Excel 1.234 never matches native 1234 under comma locale (183.627518ms)
2026-10-04T00:06:32.8654021Z ✔ native/text × dot/comma × 0/2/3 decimal matrix preserves expected minor units (243.726112ms)
2026-10-04T00:06:32.9375653Z ✔ native percentages and excess precision block rather than reinterpret or round (43.982241ms)
2026-10-04T00:06:32.9415356Z ✔ A01: references and row IDs must match whole tokens, never prefixes (12.907448ms)
2026-10-04T00:06:32.9448948Z ✔ model cannot route a question to an unrelated but existing document (4.511288ms)
2026-10-04T00:06:32.9482151Z ✔ Arabic AI path declines before invoking unsupported model API (4.213057ms)
2026-10-04T00:06:33.0190388Z ✔ original bytes and fingerprint survive import; reparsing blocks a corrupted numeric interpretation on export (82.996016ms)
2026-10-04T00:06:33.0559348Z ✔ title merge and errors on unrelated worksheet do not contaminate selected clean data (38.793349ms)
2026-10-04T00:06:33.1441904Z ✔ A04: actual decompressed bytes cannot exceed falsified declared size (5.031138ms)
2026-10-04T00:06:33.5059293Z ✔ actual 33 MB expansion stops at 32 MB budget even when index underreports (445.056577ms)
2026-10-04T00:06:33.5060617Z ✔ ZIP integrity rejects bad CRC and truncated index (2.160208ms)
2026-10-04T00:06:33.5125704Z ✔ session roundtrip reparses originals and never restores reviewer approval (7.466263ms)
2026-10-04T00:06:33.5274447Z ✔ session tampered fingerprint, unknown version and invalid decisions are rejected (12.641504ms)
2026-10-04T00:06:33.5383335Z ✔ patched UUID dependency remains compatible with Excel conditional-formatting export (11.61571ms)
2026-10-04T00:06:33.5677686Z ✔ 046 balance labels after the amount remain structural across column permutations and preserve complete payment groups (30.443428ms)
2026-10-04T00:06:33.5679031Z ✔ 046 a dated invoice named Opening or Closing balance cannot disappear when its amount precedes its description (5.59967ms)
2026-10-04T00:06:33.5708528Z ✔ 046 nonleading balance labels cannot conceal references, malformed dates or amounts, multiple labels or unrelated helper text (7.314348ms)
2026-10-04T00:06:33.5709606Z ✔ 046 unsafe or hidden nonleading balance labels remain source errors and cannot establish complete groups (5.501995ms)
2026-10-04T00:06:33.5710497Z ✔ 046 Arabic presentation forms normalize document categories without rewriting source, references or amounts (27.739906ms)
2026-10-04T00:06:33.5715275Z ✔ 046 actual Arabic PDF balance labels establish arithmetic with original provenance, not coverage (159.227246ms)
2026-10-04T00:06:33.5716203Z ✔ 046 balance category normalization never repairs monetary characters or erases dated documents and unsafe labels (1.490687ms)
2026-10-04T00:06:33.5717282Z ✔ 046 shaped running balance labels retain exact sign proof and reject conflicting recurrences (1.549003ms)
2026-10-04T00:06:33.5718105Z ✔ 046 rectangular PDF clipping cannot ignore nested exclusions, holes or a later opaque cover (24.654674ms)
2026-10-04T00:06:33.5718887Z ✔ ambiguous column meanings are left unmapped instead of selecting the first header (3.655352ms)
2026-10-04T00:06:33.5719583Z ✔ exact summation does not depend on ordering of large offsetting entries (0.312743ms)
2026-10-04T00:06:33.5720284Z ✔ truthy non-boolean confirmations cannot create verified balance evidence (0.440822ms)
2026-10-04T00:06:33.5721016Z ✔ unknown and out-of-range exclusions cannot silently masquerade as reviewed rows (0.335537ms)
2026-10-04T00:06:35.8389227Z ✔ decimal money: no floating arithmetic, Arabic digits and parentheses (2.10121ms)
2026-10-04T00:06:35.8418368Z ✔ reject ambiguous grouping, excessive precision, missing and exponent amounts (0.585306ms)
2026-10-04T00:06:35.8422944Z ✔ dates require explicit format and real calendar dates (0.671124ms)
2026-10-04T00:06:35.8424941Z ✔ reference normalization preserves year and leading zero distinctions (0.240656ms)
2026-10-04T00:06:35.8425690Z ✔ demo retains duplicate ambiguity and produces 2 strict automatic pairs (20.615819ms)
2026-10-04T00:06:35.8426349Z ✔ zero bridge residual never deletes opposite exceptions (2.439771ms)
2026-10-04T00:06:35.8426972Z ✔ duplicate equality is not resolved by order or date (12.322792ms)
2026-10-04T00:06:35.8427715Z ✔ numeric-only weak reference does not auto match (1.983246ms)
2026-10-04T00:06:35.8428376Z ✔ direction must be explicit and sign disagreement cannot auto match (2.098988ms)
2026-10-04T00:06:35.8429132Z ✔ cutoff exclusions retained and blank/header rows accounted for (3.318853ms)
2026-10-04T00:06:35.8429935Z ✔ a formula row blocks, a total row is classified, and no row is skipped silently (2.008303ms)
2026-10-04T00:06:35.8430686Z ✔ manual exclusions require reason and preserve source contents (1.53379ms)
2026-10-04T00:06:35.8431294Z ✔ currency mismatch blocks source (2.090534ms)
2026-10-04T00:06:35.8431804Z ✔ reused column mapping is rejected (0.26356ms)
2026-10-04T00:06:35.8432540Z ✔ arithmetic bridge stays separate from user coverage and invalid balances block it (6.08641ms)
2026-10-04T00:06:35.8459717Z ✔ opening adjustment remains separate and unexplained (3.821808ms)
2026-10-04T00:06:35.8487520Z ✔ open items include old unpaid documents; sum must match closing (1.059769ms)
2026-10-04T00:06:35.8491516Z ✔ mixed report types rejected (4.828077ms)
2026-10-04T00:06:35.8492369Z ✔ manual pair cannot consume a transaction twice or conceal amount discrepancy (3.496276ms)
2026-10-04T00:06:35.8493255Z ✔ rejected automatic match stays a rejected case until a new explicit decision (3.233447ms)
2026-10-04T00:06:35.8494104Z ✔ inference suggests only column indices, no invented scope or balance (1.501353ms)
2026-10-04T00:06:35.8494817Z ✔ 20k rows compare without quadratic candidate search (2818.809556ms)
2026-10-04T00:06:35.8495455Z ✔ generic word reference does not auto match (4.713849ms)
2026-10-04T00:06:35.8496098Z ✔ extra CSV fields cannot silently shift or truncate amount (0.403838ms)
2026-10-04T00:06:35.9131451Z ✔ unused percentage, hidden-sign format, formulas, errors and merged notes do not invalidate mapped transactions (253.203096ms)
2026-10-04T00:06:35.9132830Z ✔ formula in mapped amount still blocks cached values and names its exact cell (18.254459ms)
2026-10-04T00:06:35.9133746Z ✔ uncached formulas cannot disappear as an empty data row (21.085995ms)
2026-10-04T00:06:35.9134614Z ✔ displayed numeric references cannot silently collapse to a different raw identifier (110.315644ms)
2026-10-04T00:06:35.9136123Z ✔ text formats hiding a mapped reference require review; unrelated text formats remain usable (101.884933ms)
2026-10-04T00:06:35.9137772Z ✔ conditional numeric formats are checked only in their affected ranges and selected columns (174.958385ms)
2026-10-04T00:06:35.9138851Z ✔ ordinary conditional accounting formats retain values without evaluating Excel expressions (18.358938ms)
2026-10-04T00:06:35.9139826Z ✔ multisheet workbooks are admitted through the declared sheet limit and fail beyond it (120.934879ms)
2026-10-04T00:06:35.9140884Z ✔ namespaced original-shaped Excel pair reaches exact comparison, audit workbook and restorable session (549.107353ms)
2026-10-04T00:06:35.9142001Z ✔ export and session restore reject stale claimed direction proof even when arithmetic result was otherwise unchanged (502.110559ms)
2026-10-04T00:06:35.9143071Z ✔ export and saved sessions replace arbitrary direction explanation text with freshly computed evidence (322.182701ms)
2026-10-04T00:06:35.9144085Z ✔ manual exclusions retain a safe literal envelope before bad amount or date parsing on either side (32.741823ms)
2026-10-04T00:06:35.9145061Z ✔ literal and normalized manual exclusion collisions block only the affected pair on both sides (13.025358ms)
2026-10-04T00:06:35.9146056Z ✔ every excluded secondary identity blocks matching across reference roles without supplying positive authority (24.354607ms)
2026-10-04T00:06:35.9147176Z ✔ a displaced identity in the manually excluded date or amount remains negative evidence on either side (5.737804ms)
2026-10-04T00:06:35.9148129Z ✔ an excluded unknown or unsafe reference envelope is a wildcard even when the visible document is disjoint (21.662061ms)
2026-10-04T00:06:35.9149053Z ✔ parsed manual exclusions with a missing or empty isolation envelope cannot recover automatic matches (3.436568ms)
2026-10-04T00:06:35.9150091Z ✔ unsafe blank manual exclusions remain wildcard blockers and cannot establish complete balance coverage (5.279386ms)
2026-10-04T00:06:35.9158732Z ✔ excluded cross-role normalized taint follows original transitive memberships after manual acceptance or rejection (11.57068ms)
2026-10-04T00:06:35.9174509Z ✔ outside-period literal or normalized collisions cannot manufacture uniqueness through date filtering (14.331192ms)
2026-10-04T00:06:35.9177470Z ✔ a safely disjoint outside-period movement leaves the in-period pair automatic (2.360325ms)
2026-10-04T00:06:35.9178820Z ✔ confirmed headers, blank rows, summaries, repeated headers and independent footers are non-movements (3.234178ms)
2026-10-04T00:06:35.9179875Z ✔ legacy exclusions use all nonempty raw cells as negative keys regardless of their reason text (10.611625ms)
2026-10-04T00:06:35.9180801Z ✔ legacy exclusions with disjoint raw identities preserve independent automatic pairs (1.054892ms)
2026-10-04T00:06:35.9181740Z ✔ a legacy isolation certificate cannot omit a competing identity still present in a raw cell (1.517296ms)
2026-10-04T00:06:35.9182716Z ✔ explicit manual acceptance remains manual when an excluded possible competitor blocks automatic authority (1.601661ms)
2026-10-04T00:06:35.9183809Z ✔ AI hypotheses reject excluded identity memberships without mutation and leave disjoint proposals for review (4.969046ms)
2026-10-04T00:06:35.9185750Z ✔ offsetting manually excluded movements prevent complete balance reconciliation despite exact arithmetic (3.703563ms)
2026-10-04T00:06:35.9186754Z ✔ manual excluded competitors block complete invoice and payment group proofs while disjoint groups survive (4.024027ms)
2026-10-04T00:06:35.9187912Z ✔ malformed exclusion state rejects an AI proposal without throwing or mutating (1.17538ms)
2026-10-04T00:06:35.9191772Z ✔ P5 native evidence lookup and restored explanation: untyped-credit (39.987546ms)
2026-10-04T00:06:35.9192526Z ✔ P5 native evidence lookup and restored explanation: unselected-reference (11.174443ms)
2026-10-04T00:06:35.9193255Z ✔ P5 native evidence lookup and restored explanation: balanced-variance (27.51518ms)
2026-10-04T00:06:35.9194396Z ✔ P5 native evidence lookup and restored explanation: partial-source (16.690845ms)
2026-10-04T00:06:35.9196876Z ✔ P5 inconsistent case total cannot become a chat figure or model context (4.763953ms)
2026-10-04T00:06:35.9197990Z ✔ P5 inconsistent case variance cannot become a chat figure or model context (3.733828ms)
2026-10-04T00:06:35.9198804Z ✔ P5 inconsistent case bridge effect cannot become a chat figure or model context (3.2084ms)
2026-10-04T00:06:35.9199534Z ✔ P5 inconsistent display member cannot become a chat figure or model context (2.555303ms)
2026-10-04T00:06:35.9200271Z ✔ P5 inconsistent source trace cannot become a chat figure or model context (2.429597ms)
2026-10-04T00:06:35.9201016Z ✔ P5 inconsistent counter cannot become a chat figure or model context (2.470558ms)
2026-10-04T00:06:35.9201742Z ✔ P5 inconsistent bridge delta cannot become a chat figure or model context (4.281944ms)
2026-10-04T00:06:35.9202704Z ✔ P5 inconsistent bridge adjustment cannot become a chat figure or model context (1.919972ms)
2026-10-04T00:06:35.9203521Z ✔ P5 inconsistent closing source drift cannot become a chat figure or model context (1.886964ms)
2026-10-04T00:06:35.9204332Z ✔ P5 inconsistent bridge arithmetic status cannot become a chat figure or model context (1.809408ms)
2026-10-04T00:06:35.9205182Z ✔ P5 inconsistent false full reconciliation cannot become a chat figure or model context (1.957579ms)
2026-10-04T00:06:35.9205977Z ✔ P5 inconsistent missing case cannot become a chat figure or model context (1.6682ms)
2026-10-04T00:06:35.9206712Z ✔ P5 audit-only lookups keep exact spelling, ambiguity and unknown identifiers (1.47885ms)
2026-10-04T00:06:35.9207560Z ✔ P5 source-only views and retained evidence cannot drift from canonical rows (1.79016ms)
2026-10-04T00:06:35.9213523Z ✔ P5 complete model windows carry canonical native cues and complete case membership (4.704485ms)
2026-10-04T00:06:35.9214396Z ✔ P5 an over-budget UTF-8 window declines without truncating evidence or querying a model (2.236391ms)
2026-10-04T00:06:35.9215271Z ✔ P5 exact identifier lookup keeps punctuation and Unicode boundaries during literal screening (0.916858ms)
2026-10-04T00:06:35.9216078Z ✔ Excel formats that conceal or alter displayed values block the row (333.917745ms)
2026-10-04T00:06:36.2069233Z ✔ ordinary numeric, negative and accounting formats retain native exact amounts (286.5676ms)
2026-10-04T00:06:36.2480768Z ✔ conditional numeric formatting cannot silently override the displayed sign (47.74153ms)
2026-10-04T00:06:36.2668757Z ✔ 047 an ambiguous amount format needs a recorded choice, not a value in the mapping (5.467134ms)
2026-10-04T00:06:36.2688868Z ✔ 047 a recorded choice does not travel to another document or another reading (1.089002ms)
2026-10-04T00:06:36.2689853Z ✔ 047 a choice made at another currency precision is not reused (0.37863ms)
2026-10-04T00:06:36.2690538Z ✔ 047 a column template never carries a document-specific choice (0.493931ms)
2026-10-04T00:06:36.2691248Z ✔ 047 formatChoiceColumns follows the mapped amount columns in either mode (0.176721ms)
2026-10-04T00:06:36.2692125Z ✔ 047 a saved session is re-checked on restore and cannot assert its own approval (26.627301ms)
2026-10-04T00:06:36.2692881Z ✔ 047 changing PDF extraction boundaries does not change the file hash (100.564133ms)
2026-10-04T00:06:36.2693650Z ✔ 047 a choice made under one set of extraction boundaries is not reused under another (3.609724ms)
2026-10-04T00:06:36.2694412Z ✔ 047 excluding a row, or typing a balance, asks the format question again (0.784782ms)
2026-10-04T00:06:36.2695110Z ✔ 047 a change that does not touch the values keeps the answer (1.292333ms)
2026-10-04T00:06:36.2695912Z ✔ ISO dates, explicit month names and whole numbers need no locale question (4.49884ms)
2026-10-04T00:06:36.2696710Z ✔ calendar ambiguity remains visible until a whole-column interpretation is unique (1.090754ms)
2026-10-04T00:06:36.2697907Z ✔ impossible dates, short years and mutually incompatible date orders are invalid (1.744272ms)
2026-10-04T00:06:36.2699279Z ✔ number format inference obeys grouping, decimal precision and Arabic separators (0.676662ms)
2026-10-04T00:06:36.2700296Z ✔ three-decimal currencies never guess between decimal and thousands separators (1.38056ms)
2026-10-04T00:06:36.2701164Z ✔ native Excel numeric cells are locale independent, while text cells still constrain format (0.571987ms)
2026-10-04T00:06:36.2701947Z ✔ mapped parser defects and percentage cells cannot become format proof (0.565898ms)
2026-10-04T00:06:36.2702821Z ✔ inference ignores explicit exclusions, preheaders and clear balance rows without changing them (0.706926ms)
2026-10-04T00:06:36.2703692Z ✔ split amounts allow a blank side but not an entirely missing movement value (0.427673ms)
2026-10-04T00:06:36.2704473Z ✔ no sample cutoff hides a late incompatible value or an oversized source (118.510421ms)
2026-10-04T00:06:36.2705329Z ✔ existing entered balances participate in proof and missing mappings stay unavailable (0.454913ms)
2026-10-04T00:06:36.7721334Z ✔ evaluator: the untouched engine passes the cases used below (90.403384ms)
2026-10-04T00:06:36.7731268Z ✔ evaluator: losing a required piece of evidence fails the case (3.670214ms)
2026-10-04T00:06:36.7732272Z ✔ evaluator: the value in a field of another role does not count as kept (9.899476ms)
2026-10-04T00:06:36.7734585Z ✔ evaluator: exact generic reference text and header count as retained under either supported representation (4.044067ms)
2026-10-04T00:06:36.7736938Z ✔ evaluator: an unselected reference needs its exact retained role, header and value (6.708657ms)
2026-10-04T00:06:36.7739105Z ✔ evaluator: retained reference evidence from another source or row does not count (3.453563ms)
2026-10-04T00:06:36.7740014Z ✔ evaluator: preserving unselected references never licenses an automatic match (2.001302ms)
2026-10-04T00:06:36.7740824Z ✔ evaluator: an unexpected internal error is not a successful refusal (7.938933ms)
2026-10-04T00:06:36.7741618Z ✔ evaluator: every invalid case names its own rejection, and another reason fails (52.078671ms)
2026-10-04T00:06:36.7742494Z ✔ evaluator: Needs Review passes as Unmatched only where the contract allows both (7.726764ms)
2026-10-04T00:06:36.7743290Z ✔ evaluator: a required diagnostic is part of the verdict (3.820291ms)
2026-10-04T00:06:36.7744126Z ✔ evaluator: a reference warning does not hide a wrong amount or date (5.299336ms)
2026-10-04T00:06:36.7744972Z ✔ evaluator: a row read under its own document number is not a misread, any other value is (5.918152ms)
2026-10-04T00:06:36.7750513Z ✔ evaluator: unaided and declared runs record assistance separately (3.818844ms)
2026-10-04T00:06:36.8002472Z ✔ T01: documented invoice labels are read as invoices and match (56.442401ms)
2026-10-04T00:06:36.8021398Z ✔ T01 reverse: labels that name another role or no role are not guessed (9.738247ms)
2026-10-04T00:06:36.8040489Z ✔ T01 reverse: a recognised synonym still conflicts with another role (5.628313ms)
2026-10-04T00:06:36.8042267Z ✔ G08: parts of one payment on neighbouring days match through an explicit bank identity (5.600276ms)
2026-10-04T00:06:36.8043472Z ✔ G08 reverse: a spread group without full, unique, in-window identity stays for review (18.945728ms)
2026-10-04T00:06:36.8044381Z ✔ G08 reverse: invoice groups still need one date (2.455956ms)
2026-10-04T00:06:36.8045181Z ✔ R01: each book numbers its own vouchers; the chosen reference still names the invoice (1.751283ms)
2026-10-04T00:06:36.8202329Z ✔ R01 reverse: the chosen reference must itself prove the document (9.292057ms)
2026-10-04T00:06:36.8325591Z ✔ R02: batch, chosen reference and type label are kept with their headers, never as proof (10.298667ms)
2026-10-04T00:06:37.1290133Z ✔ R02: retained evidence survives session restore and is exported beside the row (304.247989ms)
2026-10-04T00:06:37.1396256Z ✔ S01: sources, readings and roles that do not correspond are refused, never dropped (5.750674ms)
2026-10-04T00:06:37.2459131Z ✔ S06: formula-like and long references are exported as the text they are (107.266945ms)
2026-10-04T00:06:37.2461117Z ✔ S06: an export whose retained evidence was changed after comparing is refused (3.041222ms)
2026-10-04T00:06:37.2489070Z ✔ S08: the same file under another name, or overlapping exports, are not consumed twice (3.076234ms)
2026-10-04T00:06:37.2549941Z ✔ compatibility: a session saved by the previous engine is refused, not silently re-decided (2.70143ms)
2026-10-04T00:06:37.4888352Z ✔ English has exactly the Arabic keys, lists and message parameters (16.149459ms)
2026-10-04T00:06:37.4912090Z ✔ English interface copy contains no Arabic (2.463217ms)
2026-10-04T00:06:37.4935888Z ✔ Arabic interface copy has no stray English words (1.439792ms)
2026-10-04T00:06:37.4942779Z ✔ the interface source has no Arabic outside the catalogues (357.267679ms)
2026-10-04T00:06:37.4968326Z ✔ every engine message has English, and every entry is still used (276.373222ms)
2026-10-04T00:06:37.4998398Z ✔ every catalogue entry uses each of its slots, and only those (7.229133ms)
2026-10-04T00:06:37.5025768Z ✔ each engine message is recognised and presented with its own values (11.047906ms)
2026-10-04T00:06:37.5038418Z ✔ every user-data slot keeps Arabic data verbatim, even engine words (2.037526ms)
2026-10-04T00:06:37.5058597Z ✔ user data inside an engine message is never translated (0.403137ms)
2026-10-04T00:06:37.5078625Z ✔ Arabic engine text is shown exactly as the engine wrote it (0.358401ms)
2026-10-04T00:06:37.5080106Z ✔ the assistant gives the same answer to the Arabic and English presets (41.299653ms)
2026-10-04T00:06:37.5081003Z ✔ real engine output reads fully in English apart from user data (23.339884ms)
2026-10-04T00:06:37.5434284Z ✔ mapping suggestions contain only source-bound pending roles and reproducible cell evidence (5.820967ms)
2026-10-04T00:06:37.5475513Z ✔ strict schema forbids model numbers, approvals, rewriting, exclusions, mode and inherited authority (6.831885ms)
2026-10-04T00:06:37.5509041Z ✔ source hash, worksheet, header, every current mapping setting and PDF recuts invalidate pending suggestions (1.264231ms)
2026-10-04T00:06:37.5510588Z ✔ equivalent mapping property order produces the same local revision without relaxing source identity (0.597434ms)
2026-10-04T00:06:37.5526620Z ✔ already assigned roles and duplicate roles cannot be replaced or repurposed (1.059078ms)
2026-10-04T00:06:37.5527777Z ✔ numeric Quantity versus Amount and two valid date meanings never become proven semantics (2.153178ms)
2026-10-04T00:06:37.5528644Z ✔ untrusted source instructions are only quoted, bounded cell evidence (0.386752ms)
2026-10-04T00:06:37.5529608Z ✔ unsafe header cells reject only affected proposals while hidden or unreliable header rows block the context (0.741567ms)
2026-10-04T00:06:37.5530601Z ✔ hidden source transactions need manual mapping; a human exclusion is preserved and bound (0.519389ms)
2026-10-04T00:06:37.5531531Z ✔ late unsafe cells are retained beyond the model samples and remain rejected by the engine (16.389825ms)
2026-10-04T00:06:37.5532475Z ✔ all reader issues remain counted even when preview is compact; blank formula cells stay visible (0.458279ms)
2026-10-04T00:06:37.5533432Z ✔ PDF mapping suggestions never restore image review or advance reconciliation state (0.254427ms)
2026-10-04T00:06:37.5534377Z ✔ large hidden/formula metadata is scanned linearly while all source issues remain counted (65.438785ms)
2026-10-04T00:06:37.7900804Z ✔ upload chooses the only recognizable table after an instructions sheet and normalization preserves exact totals (143.752551ms)
2026-10-04T00:06:37.8321650Z ✔ two plausible source tables require explicit sheet selection instead of defaulting to either (39.226945ms)
2026-10-04T00:06:37.8855989Z ✔ unknown multisheet layouts require sheet choice while unknown single-sheet files remain configurable (57.619854ms)
2026-10-04T00:06:37.9579150Z ✔ a unique debit-credit table is suggested without inferring the debt direction or confirmed balances (25.469827ms)
2026-10-04T00:06:37.9580091Z ✔ a PDF awaiting column boundaries remains accessible without gaining extraction approval (0.38526ms)
2026-10-04T00:06:38.1776085Z ✔ a real synthetic export reimports the appropriate source copy and does not restore old approvals or decisions (265.176946ms)
2026-10-04T00:06:38.2005692Z ✔ familiar workpaper sheet names without the export signatures do not auto-select a side (22.959801ms)
2026-10-04T00:06:38.2018702Z ✔ early review lists only selected cells on included data rows, retaining row-level geometry issues (0.886212ms)
2026-10-04T00:06:38.2199267Z ✔ early review exposes uncached formulas even when the row appears empty (16.764108ms)
2026-10-04T00:06:38.2409532Z ✔ 046 invalid PDF layout cannot use a default locale to emit a silently scaled KWD row even after confirmation (119.308022ms)
2026-10-04T00:06:38.2410528Z ✔ 046 input readiness preserves native Excel value semantics and legitimate empty-period balances (4.158716ms)
2026-10-04T00:06:38.2435735Z ✔ 046 an explicit choice for ambiguous valid formats remains valid but impossible dates do not (1.39812ms)
2026-10-04T00:06:38.2436899Z ✔ 046 real worker entry rejects invalid formats for reconcile, compare and export before returning financial values (24.184715ms)
2026-10-04T00:06:38.2477652Z ✔ CSV quoted comma/newline, escaped quote, semicolon and BOM (1.423418ms)
2026-10-04T00:06:38.2480110Z ✔ broken CSV, invalid encoding, wrong extension rejected (7.392835ms)
2026-10-04T00:06:38.2494093Z ✔ non-ZIP input is rejected by the preliminary archive check (0.355366ms)
2026-10-04T00:06:38.2494974Z ✔ XLSX preserves formatted reference zeros and flags formula rows (122.996618ms)
2026-10-04T00:06:38.2495781Z ✔ Excel export roundtrip retains controls/source and never turns input into formula (187.858634ms)
2026-10-04T00:06:38.3105908Z ﹣ July acceptance 1: Excel and PDF have identical accounting cases and bridge (0.843629ms) # Private July originals unavailable; set MIZAN_SAMPLE_DIR to run this acceptance suite.
2026-10-04T00:06:38.3144745Z ﹣ July acceptance 2: every one of the 23 original rows occurs in exactly one case (0.138886ms) # Private July originals unavailable; set MIZAN_SAMPLE_DIR to run this acceptance suite.
2026-10-04T00:06:38.3146584Z ﹣ July acceptance 3: exactly six original one-to-one matches are automatic (0.099597ms) # Private July originals unavailable; set MIZAN_SAMPLE_DIR to run this acceptance suite.
2026-10-04T00:06:38.3148245Z ﹣ July acceptance 4: INV-260729 is one proven 1:M case, never duplicate or unmatched (0.082793ms) # Private July originals unavailable; set MIZAN_SAMPLE_DIR to run this acceptance suite.
2026-10-04T00:06:38.3153264Z ﹣ July acceptance 5: INV-260710 is one amount-variance review with minus 180 SAR effect (0.100248ms) # Private July originals unavailable; set MIZAN_SAMPLE_DIR to run this acceptance suite.
2026-10-04T00:06:38.3178755Z ﹣ July acceptance 6: the unique 15000 SAR payment remains a zero-net review candidate (0.072848ms) # Private July originals unavailable; set MIZAN_SAMPLE_DIR to run this acceptance suite.
2026-10-04T00:06:38.3202379Z ﹣ July acceptance 7: only the three genuinely one-sided documents are unmatched (0.069042ms) # Private July originals unavailable; set MIZAN_SAMPLE_DIR to run this acceptance suite.
2026-10-04T00:06:38.3218943Z ﹣ July acceptance 8: source balance arithmetic, period and account metadata stay distinct from coverage approval (0.080759ms) # Private July originals unavailable; set MIZAN_SAMPLE_DIR to run this acceptance suite.
2026-10-04T00:06:38.3220723Z ﹣ July acceptance 9: the source-to-ledger bridge explains exactly 6160 SAR (0.102752ms) # Private July originals unavailable; set MIZAN_SAMPLE_DIR to run this acceptance suite.
2026-10-04T00:06:38.3222276Z ﹣ July acceptance 10: case counts and source-member counts are both exact (0.148931ms) # Private July originals unavailable; set MIZAN_SAMPLE_DIR to run this acceptance suite.
2026-10-04T00:06:38.3223905Z ﹣ July acceptance 11: exported workbooks have six visible case sheets and native numeric/date cells (0.085667ms) # Private July originals unavailable; set MIZAN_SAMPLE_DIR to run this acceptance suite.
2026-10-04T00:06:38.3226046Z ﹣ July acceptance 12: diagnostics name the actual group, variance and payment states (0.091826ms) # Private July originals unavailable; set MIZAN_SAMPLE_DIR to run this acceptance suite.
2026-10-04T00:06:39.8453237Z ✔ large native PDF L01: positive (1522.704606ms)
2026-10-04T00:06:49.0816841Z ✔ large native PDF L02: positive (9234.681205ms)
2026-10-04T00:06:49.0915656Z ✔ large native PDF L03: limit-rejection (10.89494ms)
2026-10-04T00:06:49.5202778Z ✔ large native PDF L04: empty-page (428.680765ms)
2026-10-04T00:06:49.8507809Z ✔ large native PDF L05: covered-page (330.7953ms)
2026-10-04T00:06:50.9573709Z ✔ large native PDF L06: geometry-drift (1104.534924ms)
2026-10-04T00:06:51.4939143Z ✔ large native PDF L07: stream-rejection (535.484654ms)
2026-10-04T00:06:51.6502659Z ✔ group rejection preserves late edges and literal row IDs containing separators (18.923105ms)
2026-10-04T00:06:51.6508669Z ✔ 20,000 by 20,000 oversized payment group retains every row and the last rejected edge (4843.750695ms)
2026-10-04T00:06:51.6509888Z ✔ 20,000 interleaved approved, review and unmatched rows preserve ordered ambiguity and ledger diagnostics (4092.389925ms)
2026-10-04T00:06:51.6510992Z ✔ F02-R01/R15: frozen bytes auto-read; preserve every row, signs and conservative matching (106.359367ms)
2026-10-04T00:06:51.6511903Z ✔ F02-R02: permute all columns and rename sheets without coordinate/name assumptions (80.932478ms)
2026-10-04T00:06:51.6512721Z ✔ F02-R03: explicit bilingual labels and consistent parent currency (40.661699ms)
2026-10-04T00:06:51.6513461Z ✔ F02-R09: NFKC currency tags cannot hide a parent/child conflict (33.59712ms)
2026-10-04T00:06:51.6514223Z ✔ F02-R03/R14: NFKC parent currency is inherited and checked against scope (69.169819ms)
2026-10-04T00:06:51.6515001Z ✔ F02-R14: explicit NFKC child currencies remain visible to scope checks (33.904929ms)
2026-10-04T00:06:51.6515735Z ✔ F02-R04 extends into opening/data: keep file and refuse layered inference (25.022811ms)
2026-10-04T00:06:51.6516519Z ✔ F02-R04 extends into first movement: keep file and refuse layered inference (16.503152ms)
2026-10-04T00:06:51.6517455Z ✔ F02-R05 horizontal Date/Ref: keep file and refuse layered inference (14.248875ms)
2026-10-04T00:06:51.6518291Z ✔ F02-R06 missing native vertical geometry: keep file and refuse layered inference (22.537356ms)
2026-10-04T00:06:51.6519066Z ✔ F02-R07 hidden first row: keep file and refuse layered inference (29.901593ms)
2026-10-04T00:06:51.6520066Z ✔ F02-R07 hidden second row: keep file and refuse layered inference (33.335678ms)
2026-10-04T00:06:51.6520819Z ✔ F02-R07 hidden reference column: keep file and refuse layered inference (18.918553ms)
2026-10-04T00:06:51.6521458Z ✔ F02-R08 formula anchor: keep file and refuse layered inference (23.541768ms)
2026-10-04T00:06:51.6522036Z ✔ F02-R08 error anchor: keep file and refuse layered inference (29.332541ms)
2026-10-04T00:06:51.6522656Z ✔ F02-R08 invisible anchor format: keep file and refuse layered inference (21.350529ms)
2026-10-04T00:06:51.6523303Z ✔ F02-R09 unrelated parent: keep file and refuse layered inference (22.602312ms)
2026-10-04T00:06:51.6523929Z ✔ F02-R09 conflicting currencies: keep file and refuse layered inference (33.416747ms)
2026-10-04T00:06:51.6524616Z ✔ F02-R10 duplicate debit children: keep file and refuse layered inference (24.123574ms)
2026-10-04T00:06:51.6525323Z ✔ F02-R10 missing credit child: keep file and refuse layered inference (19.09172ms)
2026-10-04T00:06:51.6526163Z ✔ F02-R10 competing amount role: keep file and refuse layered inference (21.495774ms)
2026-10-04T00:06:51.6526908Z ✔ F02-R11: do not skip an earlier unresolved table or choose between two plausible sheets (40.070599ms)
2026-10-04T00:06:51.6527822Z ✔ F02-R12: frozen different identity never approves the equal-sum invoice group (17.47468ms)
2026-10-04T00:06:51.6528511Z ✔ F02-R13: erroneous competing payment remains a completeness barrier (30.427918ms)
2026-10-04T00:06:51.6529145Z ✔ F02-R14: native header proof never repairs signs or a broken balance (34.784867ms)
2026-10-04T00:06:51.6530253Z ✔ F02-R04: header exception never exempts merged transaction cells (31.863022ms)
2026-10-04T00:06:51.6531178Z ✔ F02-R13 excluded competitor: excluding a rival must not manufacture uniqueness (217.753467ms)
2026-10-04T00:06:51.6531951Z ✔ native layered-header reading preserves 5,004 movements without reparsing per row (2053.939311ms)
2026-10-04T00:06:51.6532701Z ✔ F02-R16: cloned/forged provenance is not source authority; replay uses actual bytes (50.053392ms)
2026-10-04T00:06:51.6533522Z ✔ F02-R16/export: session replay and original-based export retain source provenance and row fates (222.329314ms)
2026-10-04T00:06:51.6534274Z ✔ a richer later header cannot silently erase an earlier transaction table (12.880945ms)
2026-10-04T00:06:51.6535026Z ✔ explicit multiline and bilingual labels map consistently without changing source text (1.785305ms)
2026-10-04T00:06:51.6535727Z ✔ long cover text does not prevent locating the first explicit table (0.590935ms)
2026-10-04T00:06:51.6536434Z ✔ conflicting bilingual money labels and duplicate amount columns stay unresolved (0.348957ms)
2026-10-04T00:06:51.6537263Z ✔ explicit bilingual currency tags prefill the actual currency (1.238645ms)
2026-10-04T00:06:51.6538056Z ✔ currency inference ignores safe repeated headers and summary rows without hiding mixed currencies (1.544128ms)
2026-10-04T00:06:51.6538918Z ✔ 384 independent CSV/XLSX layouts infer columns and retain the same signed economic records (3306.499361ms)
2026-10-04T00:06:51.6539695Z ✔ a model cannot append unrelated proposal IDs to a specific document explanation (27.944293ms)
2026-10-04T00:06:51.6540428Z ✔ a valid source ID still cannot be invented outside the model evidence window (5.587789ms)
2026-10-04T00:06:51.6541155Z ✔ local model receives canonical review cases, including the document asked about (6.726517ms)
2026-10-04T00:06:51.6541921Z ✔ in-place changes to current accounting result invalidate an outstanding model reply (5.111223ms)
2026-10-04T00:06:51.6542500Z ✔ blank prompts never query a local model (2.497ms)
2026-10-04T00:06:51.6543191Z ✔ large review contexts reserve ten canonical rows per side instead of starving ledger evidence (15.841571ms)
2026-10-04T00:06:51.6544013Z ✔ an explicitly requested late ledger row is prioritized with the same balanced budget (17.196939ms)
2026-10-04T00:06:51.6544869Z ✔ a referenced ambiguous group is admitted whole and remaining capacity stays bounded on both sides (20.830398ms)
2026-10-04T00:06:51.6545622Z ✔ an inconsistent ambiguous display group is refused before model routing (6.367113ms)
2026-10-04T00:06:51.6546382Z ✔ oversized referenced cases fall back before invoking a model and are never truncated (18.330008ms)
2026-10-04T00:06:51.6547741Z ✔ unavailable or downloadable models never create a session or start download (6.054771ms)
2026-10-04T00:06:51.6548414Z ✔ ready model uses same languages, structured output and destroys session (4.1235ms)
2026-10-04T00:06:51.6549048Z ✔ model cannot supply financial facts, approval, prose or nonexistent IDs (1.482036ms)
2026-10-04T00:06:51.6549664Z ✔ model-generated proposal is rechecked without becoming a match (2.048846ms)
2026-10-04T00:06:51.6550267Z ✔ abort and model errors fall back without output or retained session (0.77581ms)
2026-10-04T00:06:51.6551023Z ✔ local import advice can complete unfamiliar mapping only after explicit application and engine checks (29.917021ms)
2026-10-04T00:06:51.6551831Z ✔ download states, absent model and unsupported Arabic never start model creation (1.41016ms)
2026-10-04T00:06:51.6552571Z ✔ model cannot rewrite values, choose inactive fields, change source or grant approval (3.007546ms)
2026-10-04T00:06:51.6553348Z ✔ stale mapping, recut PDF, and even edits beyond the sample invalidate outstanding advice (1.452653ms)
2026-10-04T00:06:51.6554119Z ✔ abort before creation or during prompting discards advice and destroys the session (1.200388ms)
2026-10-04T00:06:51.6554932Z ✔ unparseable, oversized, thrown and unavailable responses fall back without changing the source (1.096444ms)
2026-10-04T00:06:51.6555987Z ✔ numeric plausibility does not promote Quantity-as-Amount into verified semantics (0.961445ms)
2026-10-04T00:06:51.6557185Z ✔ real-model experiment binding keeps bilingual proposals advisory and native source evidence unchanged (52.607405ms)
2026-10-04T00:06:51.6558062Z ✔ local model cannot supply invented numbers, signs, exclusions, approvals or uncited roles (8.321008ms)
2026-10-04T00:06:51.6559021Z ✔ late model proposals are invalidated by unsampled source rows and reading settings (7.243823ms)
2026-10-04T00:06:51.6559821Z ✔ a correct citation does not prove that Quantity is Amount or confer financial authority (5.061249ms)
2026-10-04T00:06:51.6560598Z ✔ explicit human review of a correct role preserves malformed amounts as native read errors (15.50997ms)
2026-10-04T00:06:51.6561390Z ✔ empty model advice abstains and UTF-8 limits do not silently truncate native evidence (1.662483ms)
2026-10-04T00:06:51.6562157Z ✔ safe unrelated bad amounts and dates preserve proven pairs and every erroneous source row (21.706396ms)
2026-10-04T00:06:51.6563031Z ✔ an unread same-reference or normalized-collision row blocks that bucket without blocking a disjoint pair (4.725221ms)
2026-10-04T00:06:51.6563955Z ✔ a displaced reference in a financial cell blocks its original competitor and preserves a disjoint pair (4.236236ms)
2026-10-04T00:06:51.6564947Z ✔ a mixed alphanumeric bad amount is isolated by source evidence and blocks only when its literal token is a competing identity (4.574608ms)
2026-10-04T00:06:51.6566073Z ✔ unparsed literal cells are negative competitor evidence for alphabetic payment references, never repaired transaction facts (4.226502ms)
2026-10-04T00:06:51.6568081Z ✔ every supported secondary reference is blocking evidence even when the bad row has a different primary document (5.985689ms)
2026-10-04T00:06:51.6569074Z ✔ unselected stated references and selected helper values both propagate taint without acquiring positive authority (1.787639ms)
2026-10-04T00:06:51.6569978Z ✔ taint follows transitive original memberships even after a bridge row is manually used or rejected (3.357885ms)
2026-10-04T00:06:51.6570804Z ✔ unknown, structurally damaged, hidden or unsafe reference envelopes remain wildcard blockers (8.015041ms)
2026-10-04T00:06:51.6571660Z ✔ a selected generic helper alone cannot isolate a failed row, while a precise amount-cell issue can (2.985714ms)
2026-10-04T00:06:51.6572450Z ✔ bad-money rows cannot hide a second supplier, entity, currency or generic account (3.570635ms)
2026-10-04T00:06:51.6573302Z ✔ invalid entered balances block arithmetic but preserve independent automatic and documented manual pairs (1.48525ms)
2026-10-04T00:06:51.6574298Z ✔ disjoint invoice groups and repeated-document pairs remain provable, but a failed bucket member blocks its whole proof (3.686602ms)
2026-10-04T00:06:51.6575197Z ✔ whole payment groups remain complete only outside failed-row bank/receipt memberships (17.022781ms)
2026-10-04T00:06:51.6575899Z ✔ legacy direct-source errors without a valid envelope remain conservative (3.137949ms)
2026-10-04T00:06:51.6576665Z ✔ duplicate direct-source IDs are refused even when their identity components have different taint (3.531312ms)
2026-10-04T00:06:51.6577711Z ✔ known contradictory document types never auto-match equal signed amounts and exact references (38.360056ms)
2026-10-04T00:06:51.6578568Z ✔ contradictory explicit PO evidence blocks auto-match while ordinary internal voucher differences do not (1.776442ms)
2026-10-04T00:06:51.6579311Z ✔ a mapped invoice reference is not replaced by an unrelated common PO (1.016676ms)
2026-10-04T00:06:51.6580053Z ✔ PO-only identity remains visible but cannot certify one invoice or a group of invoices (2.317384ms)
2026-10-04T00:06:51.6580845Z ✔ identical repeated posting lines cannot be proved distinct by their sum (2.582917ms)
2026-10-04T00:06:51.6581643Z ✔ F03 preserves historical group sources: Invoice No proves an invoice group but not a credit-note group (5.297619ms)
2026-10-04T00:06:51.6582749Z ✔ one-to-many proof fails with altered amount, date, type, PO, voucher or unreadable identity (5.752293ms)
2026-10-04T00:06:51.6583700Z ✔ mixed signs, competing whole groups and subset coincidences never produce a group match (5.519378ms)
2026-10-04T00:06:51.6584465Z ✔ currency from another normalized scope cannot be compared, including manual decisions (11.921388ms)
2026-10-04T00:06:51.6585237Z ✔ date boundaries, signed zero and reference punctuation do not silently broaden identity (8.126ms)
2026-10-04T00:06:51.6586102Z ✔ unique payment amount with different references remains review-only under every row permutation (5.456014ms)
2026-10-04T00:06:51.6587176Z ✔ classification and row conservation are invariant under 864 independent source permutations (752.977256ms)
2026-10-04T00:06:51.6588145Z ✔ exact minor units remain conserved for all supported scales and arithmetic limits reject overflow (5.013537ms)
2026-10-04T00:06:51.6589034Z ✔ repeated headers with formula, hidden or unreadable cells cannot silently leave the transaction population (14.330832ms)
2026-10-04T00:06:51.6589936Z ✔ overlapping rejected edges never choose arbitrary partners under source or decision permutations (27.030644ms)
2026-10-04T00:06:51.6590732Z ✔ an ordinary vendor statement imports and compares without manual row surgery (179.234791ms)
2026-10-04T00:06:51.6591391Z ✔ the dropped time is reported as a note, never as a silent change (30.803715ms)
2026-10-04T00:06:51.6591990Z ✔ a formula inside a total row does not resurrect it as an error (17.14247ms)
2026-10-04T00:06:51.6592603Z ✔ one unreadable row reports itself instead of rejecting both files (4.982106ms)
2026-10-04T00:06:51.6593226Z ✔ the cut-off default is the latest date present, so it excludes nothing (35.315956ms)
2026-10-04T00:06:51.6593833Z ✔ a PDF with unfamiliar headers gets its columns from geometry (90.294794ms)
2026-10-04T00:06:51.6594418Z ✔ geometry detection is independent of the header wording (18.567139ms)
2026-10-04T00:06:51.6594982Z ✔ a reviewed PDF reconciles with no boundary typed by hand (14.243298ms)
2026-10-04T00:06:51.6595602Z ✔ geometry refuses to invent columns when the layout proves none (9.663016ms)
2026-10-04T00:06:51.6596216Z ✔ a cell overflowing a boundary is flagged, never merged quietly (9.421819ms)
2026-10-04T00:06:51.6597220Z ✔ P2 original CSV bank and receipt identities survive normalisation, session restore and N:M export with all source members (433.390017ms)
2026-10-04T00:06:51.6598239Z ✔ P2 group explanation cites every member and distinguishes group totals from individual pairings in both languages (11.57713ms)
2026-10-04T00:06:51.6599186Z ✔ P2 rejecting any member pair atomically unmatches the whole group and restore preserves that rejection (58.114946ms)
2026-10-04T00:06:51.6600039Z ✔ P2 assistant rejects a case-member copy with forged explicit payment identity provenance (4.391136ms)
2026-10-04T00:06:51.6600860Z ✔ P2 changed source bytes invalidate the old group and cannot be exported or restored as its old proof (12.162607ms)
2026-10-04T00:06:51.6601732Z ✔ partial formats isolate malformed dates and amounts without losing original rows or choosing a default (9.748163ms)
2026-10-04T00:06:51.6602493Z ✔ partial formats cannot cherry-pick contradictory but valid conventions (0.549444ms)
2026-10-04T00:06:51.6603133Z ✔ unsafe comma evidence never scales the remaining ambiguous KWD amount (0.316338ms)
2026-10-04T00:06:51.6603811Z ✔ partial formats do not allow a stale chosen convention to bypass proven evidence (0.541662ms)
2026-10-04T00:06:51.6604630Z ✔ native numeric cells remain independent of display format while formula or percentage cells remain errors (1.342798ms)
2026-10-04T00:06:51.6605439Z ✔ no readable date or amount evidence remains an explicit unresolved source, not a default (0.300175ms)
2026-10-04T00:06:51.6606281Z ✔ malformed companion rows cannot answer genuine date ambiguity or transfer a choice to different evidence (0.777892ms)
2026-10-04T00:06:51.6618241Z ✔ partial source rows remain explicit through Excel and original-source session restoration (242.694078ms)
2026-10-04T00:06:51.6619641Z ✔ partial assistant answers disclose incompleteness, prioritize row errors and reject model approval (17.833903ms)
2026-10-04T00:06:51.6620618Z ✔ balance-only issues have no invented row or page and preserve the entered text (2.152798ms)
2026-10-04T00:06:51.6621342Z ✔ clean export and assistant keep their existing status without a partial claim (49.605071ms)
2026-10-04T00:06:51.6622153Z ✔ reference-shaped invalid amounts retain negative collision evidence while disjoint pairs continue (5.734741ms)
2026-10-04T00:06:51.6622979Z ✔ P2 overlapping bank and receipt alternatives are reviewed before any row is consumed (22.804507ms)
2026-10-04T00:06:51.6623697Z ✔ P2 complete N:M payment groups are equivalent groups, never individual pairings (8.473154ms)
2026-10-04T00:06:51.6624452Z ✔ P2 invoice certified subgroups coexist with exact sibling pairs without amount-driven subsets (7.858039ms)
2026-10-04T00:06:51.6625309Z ✔ P2 unbalanced, unsafe and manually consumed competitors never disappear from identity membership (9.563384ms)
2026-10-04T00:06:51.6626132Z ✔ P2 a primary-only unknown member and normalized collisions cannot be dropped from bank groups (3.075273ms)
2026-10-04T00:06:51.6626907Z ✔ P2 an exact payment pair cannot consume a member before overlapping receipts are examined (1.570425ms)
2026-10-04T00:06:51.6628088Z ✔ P2 identical bank and receipt memberships corroborate one group, while one-sided annotations need no guessing (2.056354ms)
2026-10-04T00:06:51.6630476Z ✔ P2 N:M rejects duplicates on either side, sign offsets, wrong dates and incomplete or conflicting evidence (12.698911ms)
2026-10-04T00:06:51.6631240Z ✔ P2 N:M group limit retains every row and never approves a truncated group (9.333719ms)
2026-10-04T00:06:51.6632045Z ✔ P2 unknown document discriminators block invoice subgroups and do not fabricate uniqueness after manual use (4.471815ms)
2026-10-04T00:06:51.6632577Z ✔ P2 an unknown-type original bank member prevents a smaller exact payment pair (1.251003ms)
2026-10-04T00:06:51.6633043Z ✔ P2 invalid calendar dates and direct same-source comparisons cannot become approved groups (2.655748ms)
2026-10-04T00:06:51.6633898Z ✔ P2 explicit numeric receipt identities retain leading zeros across separate N:M and N:1 groups (2.235971ms)
2026-10-04T00:06:51.6634710Z ✔ P2 numeric support never promotes zero, placeholder or formula-like payment identities (7.019197ms)
2026-10-04T00:06:51.6635740Z ✔ P2 certified document identity and shared PO permit different local voucher numbers without weakening whole-document proof (19.362737ms)
2026-10-04T00:06:51.6636566Z ✔ PDF cannot read covered amount text through an opaque vector rectangle (116.124157ms)
2026-10-04T00:06:51.6637523Z ✔ PDF black background cannot silently conceal black transaction text (5.688127ms)
2026-10-04T00:06:51.6638222Z ✔ ordinary white backgrounds and disjoint table lines preserve actual text (23.001024ms)
2026-10-04T00:06:51.6638931Z ✔ bordered supplier tables paint edges, not a solid rectangle over every amount (34.729608ms)
2026-10-04T00:06:51.6639575Z ✔ separate underlines do not connect into an imaginary painted area (5.002236ms)
2026-10-04T00:06:51.6640219Z ✔ stroke width and actual crossing lines still reject covered transaction text (15.446114ms)
2026-10-04T00:06:51.6640838Z ✔ thin filled rectangles used as supplier table borders stay separate (7.757335ms)
2026-10-04T00:06:51.6641433Z ✔ implicit close strokes and curved paths cannot conceal an amount (4.762211ms)
2026-10-04T00:06:51.6642172Z ✔ 100-page native import retains the last page and reports progress without replacing the final source (244.341977ms)
2026-10-04T00:06:51.6642964Z ✔ failure on page 70 does not emit layout or return a usable prefix and the next import is clean (91.759519ms)
2026-10-04T00:06:51.6643676Z ✔ only one explicit complete header and consistent gaps produce PDF suggestions (3.986312ms)
2026-10-04T00:06:51.6644391Z ✔ overlapping, incompatible multi-page or floating tokens cancel automatic suggestions (1.83074ms)
2026-10-04T00:06:51.6645310Z ✔ partial rows tighten a gap without splitting an extended reference (0.329097ms)
2026-10-04T00:06:51.6646177Z ✔ carried-forward lines between pages are structure, not dates or transactions (186.899602ms)
2026-10-04T00:06:51.6646840Z ✔ a table rule at a page break does not make black text count as hidden (95.242059ms)
2026-10-04T00:06:52.0640269Z ✔ PDF diversity: 64 seeded valid layouts preserve independent values under column, font and paint-order changes (928.516386ms)
2026-10-04T00:06:52.1148714Z ✔ PDF diversity: 2 to 6 pages retain repeated headers, source pages and every unique transaction (53.581679ms)
2026-10-04T00:06:52.1339018Z ✔ PDF diversity requires review: a second-page column reorder cannot silently reuse the first mapping (16.650111ms)
2026-10-04T00:06:52.1651287Z ✔ PDF diversity: a reference displaced into an amount cell cannot hide a competing original row (34.812461ms)
2026-10-04T00:06:52.1725706Z ✔ PDF diversity requires review: wrapped transaction descriptions remain separate source rows, never invented joins (7.49084ms)
2026-10-04T00:06:52.1949231Z ✔ PDF diversity requires review: complete rows drawn across one another are not trustworthy transactions (20.04ms)
2026-10-04T00:06:52.2064871Z ✔ PDF diversity: close but visibly disjoint rows and staggered side-by-side cells remain accepted (10.090099ms)
2026-10-04T00:06:52.2123110Z ✔ PDF diversity unsupported: partially clipped glyphs at the page edge cannot be accepted as fully visible (9.307981ms)
2026-10-04T00:06:52.2279146Z ✔ PDF diversity unsupported: later covers and hidden text remain rejected while styled table backgrounds are safe (14.167191ms)
2026-10-04T00:06:52.2293323Z ✔ PDF diversity requires review: partial tokens cannot cross the final shared multipage column boundary (0.693937ms)
2026-10-04T00:06:52.2294351Z ✔ PDF diversity: RTL-adjacent Arabic descriptions and Arabic numbers keep exact text without reversing identifiers (0.258813ms)
2026-10-04T00:06:52.2508983Z ✔ two dates and a vertically split AP balance header produce all ten columns with exact line evidence (8.357894ms)
2026-10-04T00:06:52.2510506Z ✔ geometric header evidence remains stable for independent amounts, pages, and wrapped versus unwrapped labels (26.47377ms)
2026-10-04T00:06:52.2511479Z ✔ unknown or misaligned fragments cannot be converted to a known balance heading (1.24967ms)
2026-10-04T00:06:52.2512444Z ✔ a different second-page table, duplicate header or transaction crossing a candidate gap cancels the strict proposal (7.08476ms)
2026-10-04T00:06:52.2513465Z ✔ the existing vocabulary-free geometry fallback remains available without claiming header identity (1.833525ms)
2026-10-04T00:06:52.2514392Z ✔ close split header words have one exact supported interpretation, while wide gaps remain separate (1.515174ms)
2026-10-04T00:06:52.2549364Z ✔ PDF diagnosis: blank and vector-only pages report no extractable text without claiming a scan (95.286479ms)
2026-10-04T00:06:52.2551445Z ✔ PDF diagnosis: image-only bytes report factual image presence with the legacy no-text message (10.359443ms)
2026-10-04T00:06:52.2768754Z ✔ PDF diagnosis: both small and large images mixed with native text retain the original rejection (23.730068ms)
2026-10-04T00:06:52.2858848Z ✔ PDF diagnosis: image-paint counts count occurrences without inferring image content (8.340759ms)
2026-10-04T00:06:52.3034908Z ✔ PDF diagnosis: first blocking page is explicit and never claims the remaining pages were inspected (16.56834ms)
2026-10-04T00:06:52.3115492Z ✔ PDF diagnosis: clean native-text PDFs retain the same exact extracted rows (9.406867ms)
2026-10-04T00:06:52.3329467Z ✔ PDF diagnosis: earlier occlusion and hidden-text failures retain precedence over a later image (14.214575ms)
2026-10-04T00:06:52.3358522Z ✔ PDF diagnosis schema: exact bounded worker round-trip is accepted (0.396618ms)
2026-10-04T00:06:52.3378194Z ✔ PDF diagnosis schema: malformed, contradictory and extended payloads are rejected (0.494712ms)
2026-10-04T00:06:52.3402892Z ✔ PDF diagnosis schema: rejects accessors without reading them and tolerates hostile objects (0.619668ms)
2026-10-04T00:06:52.3418078Z ✔ PDF diagnosis error: immutable validated copy prevents later diagnostic mutation (0.460271ms)
2026-10-04T00:06:52.3640026Z ✔ 046 a repeated page banner no longer blocks the format proof (C01436) (15.578014ms)
2026-10-04T00:06:52.3643247Z ✔ 046 inference and the normalizer classify the same banner rows (13.906399ms)
2026-10-04T00:06:52.3643905Z ✔ 046 no movement is deleted while the banner and footer are cleaned (2.619438ms)
2026-10-04T00:06:52.3644493Z ✔ 046 a banner-shaped row carrying a movement stays a movement (7.298906ms)
2026-10-04T00:06:52.3645078Z ✔ 046 a banner that is not repeated verbatim is not treated as one (0.474542ms)
2026-10-04T00:06:52.3645685Z ✔ 046 without a repeated table header the page prefix is not structural (10.609558ms)
2026-10-04T00:06:52.3646420Z ✔ 046 a damaged banner row remains visible and blocks matching despite readable format evidence (5.150836ms)
2026-10-04T00:06:52.3647289Z ✔ 046 an amount landing in the neighbouring reference keeps the source in review (3.119889ms)
2026-10-04T00:06:52.3647919Z ✔ 046 a thousand-fold separator reading is never proven silently (0.981894ms)
2026-10-04T00:06:52.3648650Z ✔ 046 a balance line is recognised before the number format is known (2.723442ms)
2026-10-04T00:06:52.3649367Z ✔ 046 a malformed balance amount is not excused by trying other readings (5.039601ms)
2026-10-04T00:06:52.3649966Z ✔ 046 a dated, referenced movement is never taken for a balance line (1.927104ms)
2026-10-04T00:06:52.4435999Z ✔ exact glyph binding records when text was painted, including split and merged runs (2.305213ms)
2026-10-04T00:06:52.4468536Z ✔ white text requires an opaque dark background covering its entire box (0.446752ms)
2026-10-04T00:06:52.4498662Z ✔ colored statement headers and pale backgrounds drawn after a title load without hiding data (111.353287ms)
2026-10-04T00:06:52.4552577Z ✔ a later opaque rectangle covering transaction text still prevents import (12.365362ms)
2026-10-04T00:06:52.4563268Z ✔ a hairline table rule grazing black text is not a background, but covers and stripes still are (0.460041ms)
2026-10-04T00:06:52.8123578Z ✔ Helvetica: real PDF bytes with a three-line AP header retain all ten columns and every movement (119.348495ms)
2026-10-04T00:06:52.8339182Z ✔ Helvetica: explicit-cut re-read used during export exactly reproduces automatic PDF extraction and accounting provenance (20.261392ms)
2026-10-04T00:06:52.8495192Z ✔ Helvetica: multiple PDF pages keep their repeated logical headers, original fragments and exact movement page lineage (17.574886ms)
2026-10-04T00:06:52.8558983Z ✔ Courier: real PDF bytes with a three-line AP header retain all ten columns and every movement (5.937315ms)
2026-10-04T00:06:52.8689000Z ✔ Courier: explicit-cut re-read used during export exactly reproduces automatic PDF extraction and accounting provenance (13.244258ms)
2026-10-04T00:06:52.8871846Z ✔ Courier: multiple PDF pages keep their repeated logical headers, original fragments and exact movement page lineage (16.94656ms)
2026-10-04T00:06:53.1939208Z ✔ Helvetica: export and session restoration re-prove wrapped-header cells and page provenance from original PDF bytes (306.671618ms)
2026-10-04T00:06:53.4198957Z ✔ Courier: export and session restoration re-prove wrapped-header cells and page provenance from original PDF bytes (226.528293ms)
2026-10-04T00:06:53.4309750Z ✔ manual PDF page-title exclusion cannot disguise an unproved page counter (9.438975ms)
2026-10-04T00:06:53.4508894Z ✔ PDF stream integrity: a late malformed shading cannot leave a silently accepted financial prefix (179.39125ms)
2026-10-04T00:06:53.4528074Z ✔ PDF stream integrity: early parser errors reject single-page and multipage imports (9.823234ms)
2026-10-04T00:06:53.4529247Z ✔ PDF stream integrity: actual PDF.js prefix resolution cannot bypass the document-local guard (19.538908ms)
2026-10-04T00:06:53.4530205Z ✔ PDF stream integrity: unsupported internals and a changed PDF.js version fail closed (2.18114ms)
2026-10-04T00:06:53.4535823Z ✔ PDF stream integrity: successful stream must deliver its final chunk and close (0.4523ms)
2026-10-04T00:06:53.4536985Z ✔ PDF stream integrity: an error after the apparent final chunk is still fatal (0.364629ms)
2026-10-04T00:06:53.4538034Z ✔ PDF stream integrity: truncated, cancelled and malformed stream contracts fail closed (0.590945ms)
2026-10-04T00:06:53.4539051Z ✔ PDF stream integrity: unrelated text streams are untouched and a restored document does not affect another (0.562333ms)
2026-10-04T00:06:53.4539945Z ✔ native visible PDF transaction text retains signs and exact cells (107.109956ms)
2026-10-04T00:06:53.4540766Z ✔ actual PDF rejects transparent and partially transparent fill/stroke text (62.206769ms)
2026-10-04T00:06:53.4541545Z ✔ actual PDF rejects white text in RGB, gray and CMYK color spaces (16.177376ms)
2026-10-04T00:06:53.4542374Z ✔ restoring or explicitly resetting color and alpha permits subsequent visible text (14.47387ms)
2026-10-04T00:06:53.4543215Z ✔ actual PDF rejects clipped transaction text and text clipping modes (18.159096ms)
2026-10-04T00:06:53.4544006Z ✔ clipping restored before transaction text does not reject visible data (2.073881ms)
2026-10-04T00:06:53.4544862Z ✔ actual PDF soft masks reject text rather than trusting an invisible text layer (3.460603ms)
2026-10-04T00:06:53.4545639Z ✔ a disabled soft mask no longer marks later plain text as masked (3.363029ms)
2026-10-04T00:06:53.4546432Z ✔ unsupported blending rejects active text but a restored blend does not leak (6.306893ms)
2026-10-04T00:06:53.4548147Z ✔ actual inline raster images reject regardless of area or neighboring native text (26.504666ms)
2026-10-04T00:06:53.4549008Z ✔ actual image XObjects and solid image masks cannot bypass the raster guard (6.922849ms)
2026-10-04T00:06:53.4549855Z ✔ unsupported Form XObject clipping rejects extracted text with an explicit error (5.934657ms)
2026-10-04T00:06:53.5508805Z Warning: Indexing all PDF objects
2026-10-04T00:06:53.5618301Z ✔ oversized PDF cells reject before reaching Excel and malformed PDFs do not poison later reads (115.074416ms)
2026-10-04T00:06:53.5663947Z ✔ OCR invisible text and large raster backgrounds cannot pass as native PDF text (1.371791ms)
2026-10-04T00:06:53.5802446Z ✔ PDF actual bytes preserve columns, signs, row provenance and original bytes (16.355155ms)
2026-10-04T00:06:53.5874037Z ✔ PDF cannot reconcile without explicit extraction review (8.468424ms)
2026-10-04T00:06:53.5947503Z ✔ multi-page PDF keeps repeated headers and page lineage instead of silently deleting rows (7.979244ms)
2026-10-04T00:06:53.6065147Z ✔ blank/scanned page rejects the entire PDF including text/image mixed documents (11.685561ms)
2026-10-04T00:06:53.6140103Z ✔ fake PDF and more than 100 pages fail closed (6.12261ms)
2026-10-04T00:06:53.6145419Z ✔ column boundary crossings and duplicate overlay glyphs produce blocking row issues (0.618285ms)
2026-10-04T00:06:53.6146383Z ✔ invalid column cuts, coordinates and replacement characters fail closed (0.280916ms)
2026-10-04T00:06:53.6147462Z ✔ Arabic glyph text is preserved without reversing references or guessing numbers (0.159646ms)
2026-10-04T00:06:53.9028824Z ✔ PDF export re-extracts original bytes and session restoration keeps the same result (285.105524ms)
2026-10-04T00:06:53.9335357Z ✔ bounded performance export verifier accepts native dates, negative credits and explicit payment bank identity (133.221183ms)
2026-10-04T00:06:53.9380822Z ✔ bounded performance export verifier detects a reversed amount sign (18.262473ms)
2026-10-04T00:06:53.9389053Z ✔ bounded performance export verifier detects a forged reference despite unchanged financial totals (17.300108ms)
2026-10-04T00:06:53.9390317Z ✔ bounded performance export verifier detects a native Excel date shifted by one day (15.54475ms)
2026-10-04T00:06:53.9391162Z ✔ bounded performance export verifier detects a missing exported row (26.714852ms)
2026-10-04T00:06:53.9392077Z ✔ bounded performance export verifier rejects a formula even with its original correct cached amount (18.000521ms)
2026-10-04T00:06:53.9393460Z ✔ RSS sums every requested process independent of ps ordering (1.026289ms)
2026-10-04T00:06:53.9394380Z ✔ an incomplete process snapshot cannot masquerade as lower memory use (0.339993ms)
2026-10-04T00:06:53.9404598Z ✔ RSS rejects invalid counters and process identifiers (0.255188ms)
2026-10-04T00:06:53.9405592Z ✔ a hung memory sample fails within a deadline so browser cleanup can run (22.813736ms)
2026-10-04T00:06:54.1745538Z ✔ transaction comparison needs verified scope but not optional descriptive names (167.151429ms)
2026-10-04T00:06:54.1752515Z ✔ known currency precision is explicit and unknown currencies are not assigned two decimals (0.329208ms)
2026-10-04T00:06:54.1753520Z ✔ currency precision changes the ambiguity assessment, not the transaction value (1.679376ms)
2026-10-04T00:06:54.2702982Z ✔ PDF automatic column suggestions retain required human review and original row provenance (93.752168ms)
2026-10-04T00:06:54.2724344Z ✔ transaction column spans do not invalidate intact labeled PDF metadata; other parsing issues do (4.345934ms)
2026-10-04T00:06:54.3048986Z ✔ partial date case must preserve its one independently valid pair and both invalid rows (4.744278ms)
2026-10-04T00:06:54.6035855Z ✔ every recompute path gives the core result: ordinary match, amount variance, balances (demo) (289.215503ms)
2026-10-04T00:06:54.7764224Z ✔ every recompute path gives the core result: manual decision and rejected link (demo) (191.93713ms)
2026-10-04T00:06:54.8564515Z ✔ every recompute path gives the core result: proven one-to-many group (81.108204ms)
2026-10-04T00:06:54.9250519Z ✔ every recompute path gives the core result: the same ambiguity, answered (64.965875ms)
2026-10-04T00:06:55.0019051Z ✔ every recompute path gives the core result: split columns with proven direction (75.964729ms)
2026-10-04T00:06:55.0764445Z ✔ every recompute path gives the core result: partial result with an impossible companion date (75.672786ms)
2026-10-04T00:06:55.0771156Z ✔ the cases hold what they are named for (5.691086ms)
2026-10-04T00:06:55.0829920Z ✔ every path refuses FORMAT_AMBIGUOUS_UNRESOLVED: unresolved number-format ambiguity (5.289476ms)
2026-10-04T00:06:55.1063022Z ✔ exportWorkbook itself refuses an unanswered format ambiguity (22.739701ms)
2026-10-04T00:06:55.1449445Z ✔ a result changed after comparing is not exported (38.666187ms)
2026-10-04T00:06:55.1541226Z ✔ a saved format choice that no longer fits is refused (10.022178ms)
2026-10-04T00:06:55.1787563Z ✔ a debit/credit direction claim the source does not prove (14.019586ms)
2026-10-04T00:06:55.1803083Z ✔ compare re-proves a claimed debit/credit direction before showing a result (6.108193ms)
2026-10-04T00:06:55.2104768Z ✔ a direction claim whose facts hold but whose explanation was edited (28.261498ms)
2026-10-04T00:06:55.2148603Z ✔ two faults at once: the format guard, then the direction proof (4.533652ms)
2026-10-04T00:06:55.2178402Z ✔ the shared recompute reports its stages in order (3.417049ms)
2026-10-04T00:06:55.2238293Z ✔ the recompute paths share one entry point; the verifier does not (0.542774ms)
2026-10-04T00:06:55.2569274Z ✔ an explicit document number cannot outvote the references the accountant chose (25.066192ms)
2026-10-04T00:06:55.2586930Z ✔ identities equal only after normalisation are never approved where no chosen reference can differ (10.026324ms)
2026-10-04T00:06:55.2588074Z ✔ a batch, an account or an order chosen as the reference does not prove a document (9.050725ms)
2026-10-04T00:06:55.2588841Z ✔ one value in two fields of different roles does not prove the invoice (1.987703ms)
2026-10-04T00:06:55.2589637Z ✔ matching amount and reference with conflicting document types stay for review (9.896382ms)
2026-10-04T00:06:55.2590537Z ✔ Type = Invoice with a description opening with another documented role is a conflict (18.019674ms)
2026-10-04T00:06:55.2591480Z ✔ an unknown or party-specific code stays unknown, is not guessed, and the pair is shown for review (17.558716ms)
2026-10-04T00:06:55.2592438Z ✔ with no reference column chosen, nothing is approved, as the interface says (8.466355ms)
2026-10-04T00:06:55.2593284Z ✔ an unchosen voucher cannot prove a document even when the unselected references agree or are blank (3.325754ms)
2026-10-04T00:06:55.2594119Z ✔ the accountant can still confirm by hand rows whose chosen references differ (2.418301ms)
2026-10-04T00:06:55.2594984Z ✔ invoice lines naming different purchase orders are shown for review with that reason (2.408967ms)
2026-10-04T00:06:55.2595938Z ✔ P1 proves repeated-document pairs with explicit selected reference provenance and honest evidence (27.482239ms)
2026-10-04T00:06:55.2596854Z ✔ P1 preserves leading zeros, punctuation and case instead of matching normalized lookalikes (9.619241ms)
2026-10-04T00:06:55.2626040Z ✔ P1 requires literal document identity even when normalization collides (6.691342ms)
2026-10-04T00:06:55.2645064Z ✔ P1 does not use unselected references or selected local voucher/order columns as positive identity (12.483452ms)
2026-10-04T00:06:55.2661131Z ✔ P1 counts all discriminator occurrences before amount, date or consumption filtering (8.590213ms)
2026-10-04T00:06:55.2688567Z ✔ P1 missing, placeholder and unsafe discriminators leave the entire document bucket unresolved (28.842998ms)
2026-10-04T00:06:55.2704089Z ✔ P1 contextual discriminator accepts literal numeric and alphabetic references in either language (6.274289ms)
2026-10-04T00:06:55.2705116Z ✔ P1 contextual references are unique within a document, not across unrelated documents (2.011398ms)
2026-10-04T00:06:55.2706099Z ✔ P1 formula-like and error references remain literal, visible and unapproved in every automatic path (25.45051ms)
2026-10-04T00:06:55.2707243Z ✔ P1 direct-source comparisons cannot omit issue flags to bypass unsafe-reference checks (10.628776ms)
2026-10-04T00:06:55.2708192Z ✔ P1 assistant proposal verification rejects a case copy with altered discriminator evidence (6.133441ms)
2026-10-04T00:06:55.2709045Z ✔ P1 keeps amount, sign, date, type, PO conflict and source-reading guards (10.361805ms)
2026-10-04T00:06:55.2709914Z ✔ P1 excluded same-document evidence blocks uniqueness while an unrelated total does not (3.188481ms)
2026-10-04T00:06:55.2710745Z ✔ P1 rejects an invalid source date even when compare is called directly (2.577055ms)
2026-10-04T00:06:55.2711549Z ✔ P1 honors rejection, manual decisions and self-comparison without losing rows (3.49212ms)
2026-10-04T00:06:55.2712413Z ✔ P1 case identity follows the discriminator when identical-amount/date rows are reordered (2.61718ms)
2026-10-04T00:06:55.2713300Z ✔ P1 preserves genuine whole-document groups instead of splitting duplicate discriminators (1.444448ms)
2026-10-04T00:06:55.2714269Z ✔ P1 missing Type is allowed but numeric document roles must be explicit on both sources (4.693924ms)
2026-10-04T00:06:55.2715144Z ✔ P1 restore and verified Excel export preserve pairs and reject altered provenance (186.343374ms)
2026-10-04T00:06:55.3366467Z ✔ F03 native own/related roles: different-credit-notes (245.751619ms)
2026-10-04T00:06:55.3369093Z ✔ F03 native own/related roles: own-credit-note (106.882563ms)
2026-10-04T00:06:55.3385303Z ✔ F03 native own/related roles: generic-own-and-invoice (137.983229ms)
2026-10-04T00:06:55.4694668Z ✔ F03 native own/related roles: short-own-credit-note (134.468365ms)
2026-10-04T00:06:55.5625703Z ✔ F03 native own/related roles: conflicting-related-invoice (92.814211ms)
2026-10-04T00:06:55.6438871Z ✔ F03 native own/related roles: credit-note-invoice-only (80.603266ms)
2026-10-04T00:06:55.7156163Z ✔ F03 native own/related roles: payment-invoice-only (72.3588ms)
2026-10-04T00:06:55.7895198Z ✔ F03 native own/related roles: journal-invoice-only (73.851664ms)
2026-10-04T00:06:55.9004129Z ✔ F03 native own/related roles: ordinary-invoice (109.71056ms)
2026-10-04T00:06:55.9928955Z ✔ F03 native own/related roles: payment-bank-identity (87.760102ms)
2026-10-04T00:06:56.1142619Z ✔ F03 native own/related roles: whole-credit-note-group (100.74044ms)
2026-10-04T00:06:56.1158749Z ✔ F03 selected related-invoice column supplies neither own identity nor discriminator authority (3.745986ms)
2026-10-04T00:06:56.1182717Z ✔ F03 different selected roles permit the same proven short credit note (0.831471ms)
2026-10-04T00:06:56.1183796Z ✔ F03 column permutation and explicit Arabic headers preserve roles (1.832022ms)
2026-10-04T00:06:56.1184552Z ✔ F03 keeps ambiguous evidence for review: duplicate own headers (1.024136ms)
2026-10-04T00:06:56.1185226Z ✔ F03 keeps ambiguous evidence for review: duplicate related headers (0.699846ms)
2026-10-04T00:06:56.1185920Z ✔ F03 keeps ambiguous evidence for review: hidden own cell (0.649972ms)
2026-10-04T00:06:56.1189837Z ✔ F03 keeps ambiguous evidence for review: unsafe related cell (0.612467ms)
2026-10-04T00:06:56.1190712Z ✔ F03 keeps ambiguous evidence for review: different chosen generic reference (0.726045ms)
2026-10-04T00:06:56.1191349Z ✔ F03 an own-number competitor remains after excluded (2.514963ms)
2026-10-04T00:06:56.1191940Z ✔ F03 an own-number competitor remains after outside-period (2.372783ms)
2026-10-04T00:06:56.1209451Z ✔ F03 an own-number competitor remains after failed amount (1.217202ms)
2026-10-04T00:06:56.1210320Z ✔ F03 chat cites the original invoice without substituting it for a credit-note identity (7.606211ms)
2026-10-04T00:06:56.1211218Z ✔ F03 AI cannot resolve a related-invoice contradiction or forge its provenance (1.535924ms)
2026-10-04T00:06:56.2016632Z ✔ F03 native PDF uses own credit-note number: own-credit-note (85.896553ms)
2026-10-04T00:06:56.2188639Z ✔ F03 native PDF uses own credit-note number: short-own-credit-note (18.634695ms)
2026-10-04T00:06:56.2399680Z ✔ F03 native PDF uses own credit-note number: different-credit-notes (6.418177ms)
2026-10-04T00:06:56.2431531Z ✔ F03 original invoice cannot partition repeated credit-note numbers (0.799023ms)
2026-10-04T00:06:56.2443646Z ✔ F03 local model context keeps own/related roles and their canonical source columns (2.815979ms)
2026-10-04T00:06:56.2445537Z ✔ F03 an exact candidate with unverified type stays one review case with both source rows (2.857641ms)
2026-10-04T00:06:56.2450418Z ✔ F03 a shared native Document No cannot erase contradictory document types (1.929717ms)
2026-10-04T00:06:56.2455019Z ✔ F03 bank/receipt roles cannot authorize a voucher-only credit note or journal (6.204746ms)
2026-10-04T00:06:56.2973250Z ✔ 046 Arabic text PDF reportlab-arabic-balances: actual fields, provenance, matches and independent Excel values (283.086359ms)
2026-10-04T00:06:56.2974327Z ✔ 046 Arabic text PDF reportlab-rtl: actual fields, provenance, matches and independent Excel values (108.114523ms)
2026-10-04T00:06:56.2975235Z ✔ 046 Arabic text PDF reportlab-permuted: actual fields, provenance, matches and independent Excel values (97.517378ms)
2026-10-04T00:06:56.2976223Z ✔ 046 Arabic text PDF reportlab-wrapped-header: actual fields, provenance, matches and independent Excel values (94.015233ms)
2026-10-04T00:06:56.2977479Z ✔ 046 Arabic text PDF reportlab-multipage: actual fields, provenance, matches and independent Excel values (93.558957ms)
2026-10-04T00:06:56.2978916Z ✔ 046 Arabic text PDF libreoffice-arabic: actual fields, provenance, matches and independent Excel values (73.32518ms)
2026-10-04T00:06:56.3546171Z ✔ 046 Arabic text PDF libreoffice-mixed: actual fields, provenance, matches and independent Excel values (58.730286ms)
2026-10-04T00:06:56.4159986Z ✔ 046 Arabic continuation and second account table remain visible and cannot claim complete reading (49.10675ms)
2026-10-04T00:06:56.4161214Z ✔ 046 glyph provenance uses pinned bidi ordering without mutating Latin references or numeric signs (4.600911ms)
2026-10-04T00:06:56.4166766Z ✔ 046 source geometry may attach adjacent sign fragments but never guesses separated digits (0.418389ms)
2026-10-04T00:06:56.4167989Z ✔ 046 Arabic word fragments follow RTL geometry while financial fragments retain their source sequence (1.428825ms)
2026-10-04T00:06:56.4280139Z ✔ 046 full-page rectangular clips accept visible statements but partial and unknown clips reject (17.202509ms)
2026-10-04T00:06:56.4413002Z ✔ 046 native Arabic source followed by an unreadable page cannot return partial accounting data (13.291639ms)
2026-10-04T00:06:56.4802046Z ✔ 045 original document value cannot be compared as open-item outstanding even when numbers coincide (17.762708ms)
2026-10-04T00:06:56.4803568Z ✔ 045 running balance, paid amount and aging buckets cannot masquerade as movement values (5.067593ms)
2026-10-04T00:06:56.4804712Z ✔ 045 explicit remaining values require an open-items report and never become period movements (4.009736ms)
2026-10-04T00:06:56.4821861Z ✔ 045 supported original transaction values and remaining open items continue to auto-match (2.47848ms)
2026-10-04T00:06:56.4852724Z ✔ 045 supplier and legal entity conflicts in explicit same-role metadata block automatic and manual comparison (3.453663ms)
2026-10-04T00:06:56.4868425Z ✔ 045 different account roles are not falsely equated across supplier and AP systems (0.731763ms)
2026-10-04T00:06:56.4869444Z ✔ 045 mixed supplier, entity or account columns stop the affected comparison without dropping either row (3.027262ms)
2026-10-04T00:06:56.4870410Z ✔ 045 explicit single-role row identity must agree between the two sources (0.683722ms)
2026-10-04T00:06:56.4871201Z ✔ 045 explicit currency column cannot be ignored by leaving it unmapped (0.726375ms)
2026-10-04T00:06:56.4872037Z ✔ 045 open-item snapshots dated after the requested cutoff cannot reconstruct historical outstanding (1.079217ms)
2026-10-04T00:06:56.4872927Z ✔ 045 a malformed or contradictory declared period cannot certify the arithmetic bridge (1.815067ms)
2026-10-04T00:06:56.4873657Z ✔ 045 a clean declared snapshot at cutoff remains supported (0.768949ms)
2026-10-04T00:06:56.4883058Z ✔ 045 a systemic parsing/semantic failure cannot be bypassed by a manual match (0.596012ms)
2026-10-04T00:06:56.4883980Z ✔ 045 declared transaction period constrains inclusion before the balance equation is checked (3.764985ms)
2026-10-04T00:06:56.4884931Z ✔ 045 an opening balance from a different declared period cannot be certified by coincidental equality (0.822818ms)
2026-10-04T00:06:56.4885994Z ✔ F03 preserves old numeric Invoice No inputs: an invoice can match, its credit note cannot borrow that identity (3.353496ms)
2026-10-04T00:06:56.4887271Z ✔ 045 numeric general references, unknown types, payments, shortened IDs and numeric groups stay unapproved (4.250683ms)
2026-10-04T00:06:56.4888379Z ✔ 045 an explicit as-of snapshot is checked against cutoff without treating a preparation date as snapshot evidence (2.794527ms)
2026-10-04T00:06:56.4889285Z ✔ 045 manually entering a closing balance cannot hide a conflicting balance currency (1.168981ms)
2026-10-04T00:06:56.4898593Z ✔ 045 bounded whole-reference groups retain all source rows for review beyond the automatic limit (29.877905ms)
2026-10-04T00:06:56.4909127Z ✔ 045 explicit conflicting document labels in descriptions veto a match but never certify one (3.305644ms)
2026-10-04T00:06:56.8877909Z ✔ R045 independent exported workbook oracle accepts signed amounts, empty references, Arabic and an opening difference (172.321634ms)
2026-10-04T00:06:56.8880467Z ✔ R045 independent verifier rejects amount, sign, visible reference, row count and cached formula mutations (541.951523ms)
2026-10-04T00:06:56.8881521Z ✔ R045 independent decimal oracle rejects lost minor precision rather than rounding (0.546679ms)
2026-10-04T00:06:57.0069903Z ✔ R045 independent verifier covers transaction-only, zero-effect rejected cases, manual decisions and currency precision (118.59214ms)
2026-10-04T00:06:57.6696364Z ✔ R045 versioned partial output contract preserves every reading issue and rejects corrupted disclosure (662.373217ms)
2026-10-04T00:06:57.7319154Z ✔ independent corpus manifest has 5000 cases in declared categories and disjoint layout holdout (46.394069ms)
2026-10-04T00:06:57.7320450Z ✔ all forty hand-calculated anchors independently agree with generated balances and explicit pairs (9.339503ms)
2026-10-04T00:06:57.7321399Z ✔ truth and observable approval are separate for an unreferenced payment allocation (3.10714ms)
2026-10-04T00:06:57.7322262Z ✔ equal balances do not hide countervailing invoice errors (10.466696ms)
2026-10-04T00:06:57.7323342Z ✔ cutoff exclusions are explicit and do not disappear from source observations (3.089214ms)
2026-10-04T00:06:57.7324204Z ✔ integer minor formatting preserves zero and three decimals without production money helpers (3.332744ms)
2026-10-04T00:06:57.7325093Z ✔ development scenarios are reproducible and contain economic diversity beyond labels and layout (711.887015ms)
2026-10-04T00:06:57.7325903Z ✔ forty foundation source pairs are real files and never embed hidden lineage or oracle keys (341.058859ms)
2026-10-04T00:06:57.7326638Z ✔ generator, manifest and renderers cannot import production reconciliation code (3.326835ms)
2026-10-04T00:06:57.7327608Z ✔ a wrong closing balance blocks balance verification without banning independently proved movement matches (5.743503ms)
2026-10-04T00:06:57.7330915Z ✔ invalid source values affect their rows while scope conflicts stop the affected comparison (3.718485ms)
2026-10-04T00:06:57.7331768Z ✔ numeric invoice identity is explicit while an equally long generic reference needs review (7.678598ms)
2026-10-04T00:06:57.7332496Z ✔ file-specific scenarios really contain their named structures (21.281027ms)
2026-10-04T00:06:57.7333233Z ✔ revision 1.0.1 keeps allocation lineage shared while physical row identities remain distinct (7.441007ms)
2026-10-04T00:06:57.7334152Z ✔ ambiguous decimal case exposes two defensible interpretations and requires format confirmation before normalization (3.557117ms)
2026-10-04T00:06:57.7372221Z ✔ PDF monetary banners use the same decimal convention as transaction cells (11.010045ms)
2026-10-04T00:06:57.7668001Z ✔ 046 explicit shared bank identity proves a whole payment in either 1:N direction (15.588419ms)
2026-10-04T00:06:57.7679152Z ✔ 046 explicit receipt identity supports payment groups without a bank column value (1.47234ms)
2026-10-04T00:06:57.7681367Z ✔ 046 generic shared payment references and unique amount subsets remain review, not proof (4.466243ms)
2026-10-04T00:06:57.7682413Z ✔ 046 payment identity cannot allocate invoices or override document, amount, sign, date or receipt conflicts (9.082497ms)
2026-10-04T00:06:57.7683374Z ✔ 046 bank-reference groups never search a matching subset or ignore a competing same-identity row (5.311925ms)
2026-10-04T00:06:57.7684182Z ✔ 046 a duplicate component cannot be disguised by changing its description (2.205711ms)
2026-10-04T00:06:57.7684958Z ✔ 046 explicit original invoice lines retain the existing 6750 = 2500 + 2250 + 2000 capability (0.956106ms)
2026-10-04T00:06:57.7685846Z ✔ 046 explicit source errors, hidden evidence and excluded same-payment rows prevent complete-group approval (5.505426ms)
2026-10-04T00:06:57.7687912Z ✔ 046 currency and amount-basis conflicts are not group evidence even after user confirmation (3.177369ms)
2026-10-04T00:06:57.7694237Z ✔ 046 row-level amount basis cannot mix original and remaining values under a generic amount header (7.951953ms)
2026-10-04T00:06:57.7696347Z ✔ 046 payment group rejection is preserved and source ordering never selects a subset (2.077657ms)
2026-10-04T00:06:57.7697630Z ✔ 046 a search limit is exposed with all group rows retained (15.054148ms)
2026-10-04T00:06:57.7698409Z ✔ 046 a manual decision cannot override explicit document identity or PO conflicts (2.062684ms)
2026-10-04T00:06:57.7700535Z ✔ 046 payment proof is re-read from original bytes for export and sessions, never trusted from an annotated result (126.044814ms)
2026-10-04T00:06:57.8773830Z ✔ a completed-balance flag cannot replace a missing verified bridge (60.655914ms)
2026-10-04T00:06:57.8775153Z ✔ independent evaluator accepts healthy exact matches and a controlled invalid-source rejection (274.360561ms)
2026-10-04T00:06:57.8954954Z ✔ evaluator independently checks source totals against source transactions (22.683458ms)
2026-10-04T00:06:57.9180026Z ✔ evaluator rejects disagreement between accepted cases and the public match list (14.279997ms)
2026-10-04T00:06:58.0524118Z ✔ evaluator does not reward abstaining from every provable automatic match (91.343051ms)
2026-10-04T00:06:58.0533430Z ✔ runtime errors and cancellation on corrupt input are failures rather than valid rejections (40.165272ms)
2026-10-04T00:06:58.0994814Z ✔ equal-valued invoices with swapped counterparties are false matches even when counts and arithmetic agree (57.379717ms)
2026-10-04T00:07:00.4051982Z ✔ P2 capability requires nine proved groups across the 20 existing focused files with independent workbook verification (2199.061796ms)
2026-10-04T00:07:00.5031401Z ✔ P2 oracle migration keeps the default 046 N:M rejection and the same visible source facts (109.362741ms)
2026-10-04T00:07:00.5255047Z ✔ P2 N:M permission requires visible complete identity and does not reward abstention or equal totals alone (24.71092ms)
2026-10-04T00:07:00.5439096Z ✔ disabling every group fails required completion and cannot be counted as success (15.417966ms)
2026-10-04T00:07:00.5688735Z ✔ forcing a group on equal sums without bank or receipt proof is a false match (24.760804ms)
2026-10-04T00:07:00.6439003Z ✔ hidden metadata changes after rendering cannot change any engine input (75.013535ms)
2026-10-04T00:07:00.6690111Z ✔ ambiguous decimal convention stays unresolved without outside information and is labelled external when provided (22.980448ms)
2026-10-04T00:07:00.7919116Z ✔ the workbook verifier rejects accepted groups outside an independently supplied permission set (126.456168ms)
2026-10-04T00:07:00.8093543Z ✔ a diagnostic result with source errors is never labelled a completed comparison (15.295559ms)
2026-10-04T00:07:00.8289265Z ✔ invalid format inference records an unproven implicit default even when downstream parsing returns values (24.450224ms)
2026-10-04T00:07:00.8752783Z ✔ R045 XML second sheetData cannot replace earlier financial rows (105.193247ms)
2026-10-04T00:07:00.8775666Z ✔ R045 mixed cell payloads cannot concatenate into a different amount (83.13128ms)
2026-10-04T00:07:00.8800420Z ✔ R045 invalid row coordinates cannot silently discard a movement (86.207696ms)
2026-10-04T00:07:00.8801391Z ✔ R045 valid reordered columns, inline text and long references remain exact (60.229589ms)
2026-10-04T00:07:00.8802183Z ✔ R045 closing balance currency is evidence, not disposable footer text (52.246343ms)
2026-10-04T00:07:00.8803035Z ✔ R045 native formula cache validation does not reinterpret decimal point as grouping (31.69726ms)
2026-10-04T00:07:00.8803974Z ✔ R045 duplicate workbook containers and worksheet IDs cannot discard a complete sheet (45.425313ms)
2026-10-04T00:07:00.8804771Z ✔ R045 explicit as-of metadata is retained independently of prepared date (86.789227ms)
2026-10-04T00:07:00.8805620Z ✔ R045 duplicate date systems or style definitions cannot change dates or erase reference zeros (27.288552ms)
2026-10-04T00:07:00.8812081Z ✔ R045 missing or aliased worksheet parts cannot silently remove or relabel source data (21.920214ms)
2026-10-04T00:07:00.8813516Z ✔ R045 balance metadata rejects a wrong formula cache and retains a matching currency (48.969481ms)
2026-10-04T00:07:00.8814562Z ✔ R045 conflicting or ambiguous snapshot metadata cannot produce a verified date (63.125832ms)
2026-10-04T00:07:00.8815470Z ✔ R045 an uncached transaction formula remains an explicit issue rather than zero or a deleted row (21.551512ms)
2026-10-04T00:07:00.8816437Z ✔ R045 standard 1904 dates, sparse rows and deterministic omitted subsequent cell coordinates remain supported (17.68008ms)
2026-10-04T00:07:00.8817407Z ✔ R045 running balance column currency cannot be borrowed from a different currency scope (20.050279ms)
2026-10-04T00:07:00.8818149Z ✔ 045 PDF foundation 3: real files preserve metadata, balances, footer and all movements (253.127775ms)
2026-10-04T00:07:00.8818879Z ✔ 045 PDF foundation 4: real files preserve metadata, balances, footer and all movements (28.354665ms)
2026-10-04T00:07:00.8819598Z ✔ 045 PDF foundation 19: real files preserve metadata, balances, footer and all movements (52.736889ms)
2026-10-04T00:07:00.8820435Z ✔ 045 PDF reordered multi-page source C01436 retains every movement and excludes only repeated page metadata (28.649162ms)
2026-10-04T00:07:00.8821217Z ✔ 045 PDF reordered multi-page source C03754 retains every movement and excludes only repeated page metadata (65.859541ms)
2026-10-04T00:07:00.8821763Z ✔ 045 a later-page changed identity or a transaction before the repeated header is never excluded as metadata (2.065539ms)
2026-10-04T00:07:00.8822187Z ✔ 045 only an isolated exact page-number footer is excluded (2.737193ms)
2026-10-04T00:07:00.8822618Z ✔ 045 inline closing balances retain amount and source evidence without erasing a dated invoice (0.972991ms)
2026-10-04T00:07:00.8823101Z ✔ 045 PDF metadata outside table columns can span cuts without concatenating financial values (6.854179ms)
2026-10-04T00:07:00.8823559Z ✔ 045 all 24 supported four-column PDF orders preserve the same financial fields (145.994834ms)
2026-10-04T00:07:00.8824091Z ✔ metamorphic real CSV files preserve decisions after reordering columns and plain transaction rows (44.282645ms)
2026-10-04T00:07:00.8824617Z ✔ Arabic money digits, decimal comma and alternate explicit date formats preserve economic meaning (16.37765ms)
2026-10-04T00:07:00.8825091Z ✔ determinism includes complete decisions, evidence, bridge and source row identities (9.609009ms)
2026-10-04T00:07:00.8825535Z ✔ a currency conflict cannot cross into automatic matches or a proven balance bridge (10.441176ms)
2026-10-04T00:07:00.8825996Z ✔ reference normalization collisions do not become identities merely because amounts agree (11.266066ms)
2026-10-04T00:07:00.8826511Z ✔ independent invariant probes detect deliberate source reuse, numeric alteration and sign inversion (6.407328ms)
2026-10-04T00:07:00.8827159Z ✔ published file-size and parsed-row limits reject at import rather than returning partial success (62.336794ms)
2026-10-04T00:07:00.8827830Z ✔ 046 stopping every clear case cannot be reported as accurate work (1.628011ms)
2026-10-04T00:07:00.8828416Z ✔ 046 a false match is never absorbed into the correct-match total (0.807226ms)
2026-10-04T00:07:00.8829033Z ✔ 046 amounts of different currencies are never summed together (0.240496ms)
2026-10-04T00:07:00.8829685Z ✔ 046 confirmations are counted per kind so an oracle-fed format is visible (0.197913ms)
2026-10-04T00:07:00.8830354Z ✔ declared aging cannot be accepted by choosing the transactions default (47.343088ms)
2026-10-04T00:07:00.8831041Z ✔ generic accounts cannot be merged merely because reference and amount agree (6.710336ms)
2026-10-04T00:07:00.8831821Z ✔ source-level currency conflicts never relabel a foreign transaction as the scope currency (5.208833ms)
2026-10-04T00:07:00.8832618Z ✔ an explicitly balanced empty period can be compared but an unproven empty file cannot (4.956218ms)
2026-10-04T00:07:00.8833296Z ✔ same input yields byte-identical engine evidence across 20 runs (55.134289ms)
2026-10-04T00:07:00.8833999Z ✔ punctuation normalization is suggestion-only; never proves reference equality (1.654389ms)
2026-10-04T00:07:00.8834923Z ✔ reference reused with different amounts prevents both automatic matches (1.857961ms)
2026-10-04T00:07:00.8835740Z ✔ sign conflict is explicit and does not change balances or signed values (1.069684ms)
2026-10-04T00:07:00.8836344Z ✔ invalid mappings and multipliers fail at engine boundary (0.438339ms)
2026-10-04T00:07:00.8836888Z ✔ safe sums reject invalid operands even if they cancel (0.60804ms)
2026-10-04T00:07:00.8837516Z ✔ ambiguous CSV delimiter is rejected instead of guessed (0.624114ms)
2026-10-04T00:07:00.8838172Z ✔ Excel merged data rows block normalization without rejecting unrelated sheets (85.698256ms)
2026-10-04T00:07:00.8838907Z ✔ Excel cell errors and overprecision numeric references block selected data rows (56.570716ms)
2026-10-04T00:07:00.8839619Z ✔ an Excel timestamp reads as its day and the dropped time is reported (32.063833ms)
2026-10-04T00:07:00.8840425Z ✔ all matched transactions have exact amounts, original reference equality, uniqueness and evidence (2.546541ms)
2026-10-04T00:07:00.8841079Z ✔ 500 seeded exact money roundtrips and signed sums (3.033411ms)
2026-10-04T00:07:00.8841686Z ✔ assistant reports actual delta and never adopts number or instructions in question (8.376564ms)
2026-10-04T00:07:00.8842442Z ✔ assistant declines unknown question, missing transaction and unsupported balance (5.671298ms)
2026-10-04T00:07:00.8843158Z ✔ transaction explanations cite existing rows and expose reference variant (5.762548ms)
2026-10-04T00:07:00.8843746Z ✔ assistant and hypotheses cannot mutate engine state (3.080015ms)
2026-10-04T00:07:00.8844425Z ✔ hypothesis rejects invented amounts, unknown IDs, duplicates, used rows and rejected pairs (2.632188ms)
2026-10-04T00:07:00.8845137Z ✔ equal totals and different totals both stay unconfirmed hypotheses (1.238554ms)
2026-10-04T00:07:00.8845695Z ✔ export includes structured match evidence and diagnostics (125.841433ms)
2026-10-04T00:07:00.8846315Z ✔ export rechecks sources and refuses altered balance, match and source (13.253044ms)
2026-10-04T00:07:00.8846974Z ✔ the same file on both sides is a labelled diagnostic, never approved (22.62073ms)
2026-10-04T00:07:00.8862798Z ✔ a copy under another name is still the same source (6.525242ms)
2026-10-04T00:07:00.8863509Z ✔ the same file read with its columns listed or chosen differently is still the same source (6.481097ms)
2026-10-04T00:07:00.8864171Z ✔ similar names on two different sources are two sources (3.844928ms)
2026-10-04T00:07:00.8864715Z ✔ two different sheets of one workbook are two sources (102.661679ms)
2026-10-04T00:07:00.8865360Z ✔ restoring, comparing again and exporting keep the self-comparison unapproved (110.284077ms)
2026-10-04T00:07:00.8866189Z ✔ explicit metadata from a nine-column supplier layout retains source evidence and uses period end (10.478175ms)
2026-10-04T00:07:00.8867146Z ✔ Arabic labels and explicit inline metadata work before a PDF table without column cuts (4.930611ms)
2026-10-04T00:07:00.8867959Z ✔ PDF inline labels separated only by spaces remain anchored and preserve role across both sides (0.668119ms)
2026-10-04T00:07:00.8868817Z ✔ different explicit dates, entities, accounts and currencies remain conflicts without a chosen value (1.382276ms)
2026-10-04T00:07:00.8869732Z ✔ nothing comes from filename, company title, generic account, statement date, transaction extrema or other sheets (0.619487ms)
2026-10-04T00:07:00.8870659Z ✔ a complete mapped currency column provides one currency with auditable rows; unmapped helpers do not (1.254477ms)
2026-10-04T00:07:00.8871521Z ✔ incomplete currency columns block prefill and mixed currencies are exposed even when a row is blank (1.023957ms)
2026-10-04T00:07:00.8872331Z ✔ only selected amount headers are currency evidence and their contradictions prevent prefill (0.33764ms)
2026-10-04T00:07:00.8873102Z ✔ invalid explicit metadata cannot be overridden by another valid label or a header (1.071246ms)
2026-10-04T00:07:00.8873862Z ✔ ambiguous numeric metadata is not filled even when transaction date order is configured (0.830851ms)
2026-10-04T00:07:00.8874850Z ✔ hidden, formula, and parser-flagged metadata cannot become suggestions (1.223992ms)
2026-10-04T00:07:00.8875835Z ✔ suggestions are deterministic, do not mutate source/mappings and never supply approvals or balance evidence (0.559248ms)
2026-10-04T00:07:01.1085644Z ✔ a valid transaction stays a transaction when its entire description is a summary word (10.285931ms)
2026-10-04T00:07:01.1086509Z ✔ a summary word in an unused helper cannot remove a real transaction (0.602633ms)
2026-10-04T00:07:01.1114097Z ✔ a duplicate with description Total remains visible and prevents an automatic match (11.835826ms)
2026-10-04T00:07:01.1128450Z ✔ unreadable potential duplicates leave readable data available but cannot prove any automatic match (11.997399ms)
2026-10-04T00:07:01.1129526Z ✔ summary wording cannot bypass a mapped parsing or formula defect in a transaction (1.162672ms)
2026-10-04T00:07:01.1130382Z ✔ a decimal quantity is not inferred as a monetary amount (1.508234ms)
2026-10-04T00:07:01.1131181Z ✔ a due date is not inferred as the transaction date merely because it parses (0.389196ms)
2026-10-04T00:07:01.1132035Z ✔ an unknown identifier column does not become an invoice reference through uniqueness (3.729172ms)
2026-10-04T00:07:01.1132963Z ✔ two explicit reference headers cannot be resolved by preferring the column without duplicates (1.434364ms)
2026-10-04T00:07:01.1133936Z ✔ structural opening and total lines remain accounted for without manual exclusions (1.835207ms)
2026-10-04T00:07:01.1134888Z ✔ reordered columns cannot turn a dated transaction with a numeric reference into a total (1.076094ms)
2026-10-04T00:07:01.1135754Z ✔ missing or malformed dates with numeric document references remain reviewable rows (1.837682ms)
2026-10-04T00:07:01.1136741Z ✔ dated opening and closing records need dedicated balance identities, never invoice numbers (1.521993ms)
2026-10-04T00:07:01.2235164Z ✔ one source: a guarded reading becomes a normalised source (13.194938ms)
2026-10-04T00:07:01.2236962Z ✔ two sources: the same boundary the supplier recompute uses (10.210199ms)
2026-10-04T00:07:01.2238234Z ✔ an edited explanation of a proven direction comes back canonical (2.468525ms)
2026-10-04T00:07:01.4212158Z ✔ first refusal on every path: ok | ok → ok (211.725008ms)
2026-10-04T00:07:01.4360603Z ✔ first refusal on every path: ok | format → FORMAT_AMBIGUOUS_UNRESOLVED (8.315493ms)
2026-10-04T00:07:01.4448929Z ✔ first refusal on every path: ok | direction → direction (13.342527ms)
2026-10-04T00:07:01.4512639Z ✔ first refusal on every path: ok | format+direction → FORMAT_AMBIGUOUS_UNRESOLVED (7.058963ms)
2026-10-04T00:07:01.4600893Z ✔ first refusal on every path: format | ok → FORMAT_AMBIGUOUS_UNRESOLVED (7.719711ms)
2026-10-04T00:07:01.4679629Z ✔ first refusal on every path: format | format → FORMAT_AMBIGUOUS_UNRESOLVED (9.162993ms)
2026-10-04T00:07:01.4768942Z ✔ first refusal on every path: format | direction → FORMAT_AMBIGUOUS_UNRESOLVED (7.903283ms)
2026-10-04T00:07:01.4828778Z ✔ first refusal on every path: format | format+direction → FORMAT_AMBIGUOUS_UNRESOLVED (7.107705ms)
2026-10-04T00:07:01.4868592Z ✔ first refusal on every path: direction | ok → direction (5.721822ms)
2026-10-04T00:07:01.4994151Z ✔ first refusal on every path: direction | format → FORMAT_AMBIGUOUS_UNRESOLVED (5.568937ms)
2026-10-04T00:07:01.5069598Z ✔ first refusal on every path: direction | direction → direction (14.130163ms)
2026-10-04T00:07:01.5143857Z ✔ first refusal on every path: direction | format+direction → FORMAT_AMBIGUOUS_UNRESOLVED (7.502269ms)
2026-10-04T00:07:01.5201219Z ✔ first refusal on every path: format+direction | ok → FORMAT_AMBIGUOUS_UNRESOLVED (5.708593ms)
2026-10-04T00:07:01.5256128Z ✔ first refusal on every path: format+direction | format → FORMAT_AMBIGUOUS_UNRESOLVED (4.888849ms)
2026-10-04T00:07:01.5308195Z ✔ first refusal on every path: format+direction | direction → FORMAT_AMBIGUOUS_UNRESOLVED (5.55805ms)
2026-10-04T00:07:01.5479182Z ✔ first refusal on every path: format+direction | format+direction → FORMAT_AMBIGUOUS_UNRESOLVED (7.793871ms)
2026-10-04T00:07:01.5480553Z ✔ a reading that is not an object is named as such first (1.630594ms)
2026-10-04T00:07:01.5517488Z ✔ after the gates, scope, currency and cutoff stay with normalisation (8.609453ms)
2026-10-04T00:07:01.6011549Z ✔ an export of a proven direction with an edited explanation still succeeds (48.946621ms)
2026-10-04T00:07:01.6023769Z ✔ the gates are assembled in one place (2.363389ms)
2026-10-04T00:07:01.6269195Z ✔ both supplier and AP directions require exact running-balance recurrences (6.02442ms)
2026-10-04T00:07:01.6277965Z ✔ an explicit leading label can supply the baseline without invented zero opening (0.458559ms)
2026-10-04T00:07:01.6279057Z ✔ no single recurrence or zero-only activity can establish direction (0.672726ms)
2026-10-04T00:07:01.6280018Z ✔ any later inconsistency cancels earlier proof, including zero movements with balance changes (0.741939ms)
2026-10-04T00:07:01.6280950Z ✔ malformed or omitted movements cannot be skipped to recover a sign suggestion (0.890829ms)
2026-10-04T00:07:01.6281816Z ✔ descending dates, negative split values and simultaneous debit/credit prevent proof (0.657453ms)
2026-10-04T00:07:01.6282574Z ✔ only a unique explicit running-balance column qualifies (0.180748ms)
2026-10-04T00:07:01.6283287Z ✔ native Excel numeric values are read independently of displayed locale (0.577255ms)
2026-10-04T00:07:01.6284057Z ✔ currency precision and Arabic numeric notation use exact engine parsing (0.574661ms)
2026-10-04T00:07:01.6284880Z ✔ selected-cell issues, unsafe opening identities and formula-only metadata cancel proof (0.824221ms)
2026-10-04T00:07:01.6285672Z ✔ repeated headers and structural footers preserve the full recurrence chain (3.014614ms)
2026-10-04T00:07:01.6291301Z ✔ a late opening record or transaction named Total cannot reset or evade the chain (0.403798ms)
2026-10-04T00:07:01.6292207Z ✔ an independently aligned closing footer must have exactly one matching amount beside its currency (1.378201ms)
2026-10-04T00:07:01.7113889Z ✔ explicit English month names are calendar-checked independently of numeric date order (1.742491ms)
2026-10-04T00:07:01.7122101Z ✔ currency-tagged debit/credit headers select transaction values and preserve signs (9.089128ms)
2026-10-04T00:07:01.7123187Z ✔ a header currency mismatch or duplicate debit column is never guessed away (0.942907ms)
2026-10-04T00:07:01.7124074Z ✔ styled PDF flows through strict normalization with exact source rows and amounts (123.886697ms)
2026-10-04T00:07:07.9488973Z ✔ 3000 seeded bilingual generated reconciliations agree with independent brute-force oracle (4050.952576ms)
2026-10-04T00:07:07.9608787Z ✔ 10000 decimal format/sign/Arabic digit cases preserve exact integer units (60.538722ms)
2026-10-04T00:07:07.9646034Z ✔ 1000 quoted multilingual CSV roundtrips preserve commas, newlines and quotes (18.365634ms)
2026-10-04T00:07:07.9658253Z ✔ 20000 repeated references remain unpaired and bounded in time (2246.433588ms)
2026-10-04T00:07:08.0556167Z ✔ bilingual workbook export preserves source text, numbers and formula-looking content across all transaction sheets (140.488927ms)
2026-10-04T00:07:09.1072745Z ✔ XML-incompatible control characters cannot silently change during CSV to Excel export (2.908899ms)
2026-10-04T00:07:09.1077887Z ✔ 2000 prefix reference questions and model routing attacks never select existing shorter document (217.990862ms)
2026-10-04T00:07:09.1085116Z ✔ 200 input permutations preserve economic matches and totals without relying on row position (678.51177ms)
2026-10-04T00:07:20.1701260Z ✔ 5000-row XLSX import, reconciliation and export preserve every original numeric amount (11215.520638ms)
2026-10-04T00:07:20.1702318Z ✔ invalid XML controls and unpaired surrogates are rejected while legitimate multilingual text survives (0.74259ms)
2026-10-04T00:07:20.1717832Z ✔ malformed UTF-8 bytes cannot become replacement characters in imported references (1.477588ms)
2026-10-04T00:07:20.2944936Z ✔ date-window boundaries hold across leap days, year changes and either source order (51.183685ms)
2026-10-04T00:07:20.2946335Z ✔ supplier layout end-to-end oracle: csv/0/signed/dot/English (139.11046ms)
2026-10-04T00:07:20.2947611Z ✔ supplier layout end-to-end oracle: csv/0/signed/dot/Arabic-reversed (70.030847ms)
2026-10-04T00:07:20.2948334Z ✔ supplier layout end-to-end oracle: csv/0/signed/comma/English (61.675144ms)
2026-10-04T00:07:20.2948851Z ✔ supplier layout end-to-end oracle: csv/0/signed/comma/Arabic-reversed (73.569272ms)
2026-10-04T00:07:20.2949225Z ✔ supplier layout end-to-end oracle: csv/0/split/dot/English (51.724711ms)
2026-10-04T00:07:20.2949612Z ✔ supplier layout end-to-end oracle: csv/0/split/dot/Arabic-reversed (28.700047ms)
2026-10-04T00:07:20.2949977Z ✔ supplier layout end-to-end oracle: csv/0/split/comma/English (45.053808ms)
2026-10-04T00:07:20.2950495Z ✔ supplier layout end-to-end oracle: csv/0/split/comma/Arabic-reversed (41.5875ms)
2026-10-04T00:07:20.2951028Z ✔ supplier layout end-to-end oracle: csv/2/signed/dot/English (41.74669ms)
2026-10-04T00:07:20.2951621Z ✔ supplier layout end-to-end oracle: csv/2/signed/dot/Arabic-reversed (41.360584ms)
2026-10-04T00:07:20.2952295Z ✔ supplier layout end-to-end oracle: csv/2/signed/comma/English (34.354625ms)
2026-10-04T00:07:20.2952978Z ✔ supplier layout end-to-end oracle: csv/2/signed/comma/Arabic-reversed (36.131962ms)
2026-10-04T00:07:20.2953571Z ✔ supplier layout end-to-end oracle: csv/2/split/dot/English (61.946321ms)
2026-10-04T00:07:20.2954207Z ✔ supplier layout end-to-end oracle: csv/2/split/dot/Arabic-reversed (40.993721ms)
2026-10-04T00:07:20.2954839Z ✔ supplier layout end-to-end oracle: csv/2/split/comma/English (42.8172ms)
2026-10-04T00:07:20.2955466Z ✔ supplier layout end-to-end oracle: csv/2/split/comma/Arabic-reversed (46.182463ms)
2026-10-04T00:07:20.2956109Z ✔ supplier layout end-to-end oracle: csv/3/signed/dot/English (38.819257ms)
2026-10-04T00:07:20.2956752Z ✔ supplier layout end-to-end oracle: csv/3/signed/dot/Arabic-reversed (62.852062ms)
2026-10-04T00:07:20.2957545Z ✔ supplier layout end-to-end oracle: csv/3/signed/comma/English (36.447759ms)
2026-10-04T00:07:20.2958182Z ✔ supplier layout end-to-end oracle: csv/3/signed/comma/Arabic-reversed (33.635425ms)
2026-10-04T00:07:20.2958763Z ✔ supplier layout end-to-end oracle: csv/3/split/dot/English (28.390674ms)
2026-10-04T00:07:20.2959381Z ✔ supplier layout end-to-end oracle: csv/3/split/dot/Arabic-reversed (40.329037ms)
2026-10-04T00:07:20.2959990Z ✔ supplier layout end-to-end oracle: csv/3/split/comma/English (31.378984ms)
2026-10-04T00:07:20.2960660Z ✔ supplier layout end-to-end oracle: csv/3/split/comma/Arabic-reversed (31.104988ms)
2026-10-04T00:07:20.2961294Z ✔ supplier layout end-to-end oracle: xlsx/0/signed/dot/English (159.722861ms)
2026-10-04T00:07:20.2961971Z ✔ supplier layout end-to-end oracle: xlsx/0/signed/dot/Arabic-reversed (183.219094ms)
2026-10-04T00:07:20.2962629Z ✔ supplier layout end-to-end oracle: xlsx/0/signed/comma/English (125.908466ms)
2026-10-04T00:07:20.2963345Z ✔ supplier layout end-to-end oracle: xlsx/0/signed/comma/Arabic-reversed (115.93948ms)
2026-10-04T00:07:20.2964008Z ✔ supplier layout end-to-end oracle: xlsx/0/split/dot/English (144.09744ms)
2026-10-04T00:07:20.2964635Z ✔ supplier layout end-to-end oracle: xlsx/0/split/dot/Arabic-reversed (120.921367ms)
2026-10-04T00:07:20.2965252Z ✔ supplier layout end-to-end oracle: xlsx/0/split/comma/English (94.302327ms)
2026-10-04T00:07:20.2965881Z ✔ supplier layout end-to-end oracle: xlsx/0/split/comma/Arabic-reversed (134.418598ms)
2026-10-04T00:07:20.2966680Z ✔ supplier layout end-to-end oracle: xlsx/2/signed/dot/English (109.908254ms)
2026-10-04T00:07:20.2967664Z ✔ supplier layout end-to-end oracle: xlsx/2/signed/dot/Arabic-reversed (84.44469ms)
2026-10-04T00:07:20.2968239Z ✔ supplier layout end-to-end oracle: xlsx/2/signed/comma/English (86.213799ms)
2026-10-04T00:07:20.2968849Z ✔ supplier layout end-to-end oracle: xlsx/2/signed/comma/Arabic-reversed (129.967677ms)
2026-10-04T00:07:20.2969456Z ✔ supplier layout end-to-end oracle: xlsx/2/split/dot/English (119.362989ms)
2026-10-04T00:07:20.2970610Z ✔ supplier layout end-to-end oracle: xlsx/2/split/dot/Arabic-reversed (139.989878ms)
2026-10-04T00:07:20.2971393Z ✔ supplier layout end-to-end oracle: xlsx/2/split/comma/English (67.157642ms)
2026-10-04T00:07:20.2971987Z ✔ supplier layout end-to-end oracle: xlsx/2/split/comma/Arabic-reversed (70.232275ms)
2026-10-04T00:07:20.2972559Z ✔ supplier layout end-to-end oracle: xlsx/3/signed/dot/English (70.38465ms)
2026-10-04T00:07:20.2973159Z ✔ supplier layout end-to-end oracle: xlsx/3/signed/dot/Arabic-reversed (53.547405ms)
2026-10-04T00:07:20.2973777Z ✔ supplier layout end-to-end oracle: xlsx/3/signed/comma/English (88.842723ms)
2026-10-04T00:07:20.2974430Z ✔ supplier layout end-to-end oracle: xlsx/3/signed/comma/Arabic-reversed (67.713015ms)
2026-10-04T00:07:20.2975037Z ✔ supplier layout end-to-end oracle: xlsx/3/split/dot/English (96.879463ms)
2026-10-04T00:07:20.2975671Z ✔ supplier layout end-to-end oracle: xlsx/3/split/dot/Arabic-reversed (81.161162ms)
2026-10-04T00:07:20.2976246Z ✔ supplier layout end-to-end oracle: xlsx/3/split/comma/English (79.203755ms)
2026-10-04T00:07:20.2977489Z ✔ supplier layout end-to-end oracle: xlsx/3/split/comma/Arabic-reversed (59.418303ms)
2026-10-04T00:07:20.2978346Z ✔ legacy templates lose source facts, sign conventions and format assumptions when migrated (1.946102ms)
2026-10-04T00:07:20.2979085Z ✔ templates never recover financial values or proof even through forged v2 fields (0.244772ms)
2026-10-04T00:07:20.2979765Z ✔ old-engine sessions cannot bypass reprocessing by carrying old approvals (0.741027ms)
2026-10-04T00:07:20.2980576Z ✔ current sessions re-read originals and recompute; forged source and stale export cannot survive (62.998064ms)
2026-10-04T00:07:20.2981305Z ✔ typed short literal CN-3: native rows require a successful exact 1:1 proof (20.249804ms)
2026-10-04T00:07:20.2981944Z ✔ typed short literal C3: native rows require a successful exact 1:1 proof (2.561729ms)
2026-10-04T00:07:20.2982632Z ✔ typed short literal I1: native rows require a successful exact 1:1 proof (2.495576ms)
2026-10-04T00:07:20.2983296Z ✔ typed short literal ف١: native rows require a successful exact 1:1 proof (5.083237ms)
2026-10-04T00:07:20.2983869Z ✔ typed short safety: missing type in supplier (2.986017ms)
2026-10-04T00:07:20.2984356Z ✔ typed short safety: missing type in ledger (1.830561ms)
2026-10-04T00:07:20.2984931Z ✔ typed short safety: issuer-specific type code is not a type (1.689341ms)
2026-10-04T00:07:20.2985481Z ✔ typed short safety: description cannot supply type (1.754077ms)
2026-10-04T00:07:20.2985967Z ✔ typed short safety: different explicit types (2.048653ms)
2026-10-04T00:07:20.2986482Z ✔ typed short safety: payment is not a short document (7.496395ms)
2026-10-04T00:07:20.2987241Z ✔ typed short safety: journal is not a short document (2.133619ms)
2026-10-04T00:07:20.2987741Z ✔ typed short safety: credit note with positive sign (1.851772ms)
2026-10-04T00:07:20.2988888Z ✔ typed short safety: invoice with negative sign (4.515642ms)
2026-10-04T00:07:20.2989355Z ✔ typed short safety: zero cannot be approved (3.455797ms)
2026-10-04T00:07:20.2989929Z ✔ typed short safety: numeric-only short identifier stays outside this rule (1.349428ms)
2026-10-04T00:07:20.2990435Z ✔ typed short safety: letter-only identifier stays outside this rule (5.179439ms)
2026-10-04T00:07:20.2990830Z ✔ typed short safety: date gap of one day is too much for a short identifier (1.633849ms)
2026-10-04T00:07:20.2991147Z ✔ typed short safety: different amount (4.557208ms)
2026-10-04T00:07:20.2991471Z ✔ typed short safety: normalization cannot grant literal equality (1.22936ms)
2026-10-04T00:07:20.2991852Z ✔ typed short safety: case normalization cannot grant literal equality (2.942678ms)
2026-10-04T00:07:20.2992237Z ✔ typed short safety: Unicode normalization cannot grant literal equality (1.326214ms)
2026-10-04T00:07:20.2992560Z ✔ typed short safety: conflicting order (1.193968ms)
2026-10-04T00:07:20.2992828Z ✔ typed short safety: conflicting description (1.805113ms)
2026-10-04T00:07:20.2993493Z ✔ typed short safety: generic chosen Reference is not an explicit document number (1.2021ms)
2026-10-04T00:07:20.2993998Z ✔ typed short safety: voucher number is not an explicit document number (0.910318ms)
2026-10-04T00:07:20.2994402Z ✔ typed short safety: repeated original short reference with a different amount (1.418901ms)
2026-10-04T00:07:20.2994840Z ✔ typed short safety: invoice number on a credit note may identify the original invoice (1.238113ms)
2026-10-04T00:07:20.2995254Z ✔ typed short safety: generic supplier reference is not a document number (1.224904ms)
2026-10-04T00:07:20.2995657Z ✔ typed short safety: repeated normalized reference with different spelling (1.340455ms)
2026-10-04T00:07:20.2996010Z ✔ typed short safety: manually excluded competitor (4.212628ms)
2026-10-04T00:07:20.2996292Z ✔ typed short safety: unread competitor (2.606279ms)
2026-10-04T00:07:20.2996640Z ✔ typed short safety: outside-period competitor still occupies the identity (1.540741ms)
2026-10-04T00:07:20.2997198Z ✔ typed short safety: two short credit parts are not a certified group (1.285283ms)
2026-10-04T00:07:20.2997632Z ✔ typed short safety: formula-like source text is never identity authority (2.129733ms)
2026-10-04T00:07:20.2998019Z ✔ typed short safety: a conflicting selected reference is retained (1.245174ms)
2026-10-04T00:07:20.2998394Z ✔ typed short safety: an unread row with no identity cannot be isolated (1.386523ms)
2026-10-04T00:07:20.2998795Z ✔ typed short: an isolated unrelated bad amount does not disable a proven match (1.632718ms)
2026-10-04T00:07:20.2999228Z ✔ typed short: Arabic and English type/header labels name the same explicit source role (1.765444ms)
2026-10-04T00:07:20.2999645Z ✔ typed short: Invoice No supplies number authority for an invoice only (0.90515ms)
2026-10-04T00:07:20.3000052Z ✔ typed short: row order and a disjoint decoy do not change approved membership (3.662909ms)
2026-10-04T00:07:20.3000485Z ✔ typed short: original membership survives a manual decision consuming the rival (1.268028ms)
2026-10-04T00:07:20.3000882Z ✔ typed short: a rejected pair cannot be recreated by the new rule (1.221259ms)
2026-10-04T00:07:20.3001314Z ✔ typed short: chat resolves complete C3, refuses C30 and never manufactures approval (7.322613ms)
2026-10-04T00:07:20.3001801Z ✔ F02-E: actual OOXML files give all required matches and keep the equal-sum conflict unapproved (87.927326ms)
2026-10-04T00:07:20.3002220Z ✔ Unknown credit role native xlsx: different-untyped-credit (247.227317ms)
2026-10-04T00:07:20.3002565Z ✔ Unknown credit role native xlsx: same-untyped-credit (134.998617ms)
2026-10-04T00:07:20.3002892Z ✔ Unknown credit role native xlsx: arabic-untyped-credit (102.987972ms)
2026-10-04T00:07:20.3003247Z ✔ Unknown credit role native xlsx: chosen-generic-untyped-credit (73.261936ms)
2026-10-04T00:07:20.3003617Z ✔ Unknown credit role native xlsx: blank-credit-ordinary-invoice (89.212079ms)
2026-10-04T00:07:20.3003969Z ✔ Unknown credit role native csv: different-untyped-credit (66.047002ms)
2026-10-04T00:07:20.3004306Z ✔ Unknown credit role native csv: same-untyped-credit (43.604032ms)
2026-10-04T00:07:20.3004639Z ✔ Unknown credit role native csv: arabic-untyped-credit (44.245085ms)
2026-10-04T00:07:20.3004981Z ✔ Unknown credit role native csv: chosen-generic-untyped-credit (33.370517ms)
2026-10-04T00:07:20.3005349Z ✔ Unknown credit role native csv: blank-credit-ordinary-invoice (34.714368ms)
2026-10-04T00:07:20.3005695Z ✔ Unknown credit cue cannot bypass review: hidden cell (1.834026ms)
2026-10-04T00:07:20.3006017Z ✔ Unknown credit cue cannot bypass review: unsafe value (1.139487ms)
2026-10-04T00:07:20.3006344Z ✔ Unknown credit cue cannot bypass review: duplicate header (0.679916ms)
2026-10-04T00:07:20.3006741Z ✔ Unknown credit cue remains negative even if the chosen reference is its credit number (0.494943ms)
2026-10-04T00:07:20.3007406Z ✔ Explicit native credit type verifies roles while removing the type never does (1.226637ms)
2026-10-04T00:07:20.3008038Z ✔ A mixed file keeps proved invoice work alongside untyped credit warnings (0.774787ms)
2026-10-04T00:07:20.3008434Z ✔ AI cannot erase retained native credit cues from canonical case members (0.77644ms)
2026-10-04T00:07:20.3008998Z ✔ unmapped reference conflicts veto a document match while agreeing and absent references still match (42.017346ms)
2026-10-04T00:07:20.3009470Z ✔ choosing Document No does not discard a conflicting explicit Reference column (2.115863ms)
2026-10-04T00:07:20.3009964Z ✔ a secondary reference is retained with its source header and never supplies positive matching evidence (1.95179ms)
2026-10-04T00:07:20.3010431Z ✔ ambiguous or unsafe unselected reference evidence cannot be silently ignored (6.678289ms)
2026-10-04T00:07:20.3010832Z ✔ reference conflicts in one invoice-group member veto the whole group (3.505ms)
2026-10-04T00:07:20.3011260Z ✔ payment and journal identities remain independent of per-book reference columns (4.175162ms)
2026-10-04T00:07:20.3011760Z ✔ reference evidence survives restore and verified export, and permits an explicit accountant decision (150.869458ms)
2026-10-04T00:07:20.3012342Z ✔ reviewed visual source proves a partial match without substituting the nearby balance or inventing a damaged amount (504.676206ms)
2026-10-04T00:07:20.3012852Z ✔ human-reviewed images never prove full balances even under caller coverage flags (145.280045ms)
2026-10-04T00:07:20.3013320Z ✔ unregistered cloned sources must replay the full original record before normalization (476.758108ms)
2026-10-04T00:07:20.3013802Z ✔ removing a kind or adding native-looking original CSV cannot launder the visual source (496.536795ms)
2026-10-04T00:07:20.3014350Z ✔ mapping, sign, amount-vs-balance, report and source exclusions are bound on normalize, reconcile, session and export (6652.40865ms)
2026-10-04T00:07:20.3014782Z ✔ economic context and side cannot drift silently (161.175461ms)
2026-10-04T00:07:20.3015161Z ✔ missing or wrong header meanings cannot acquire amount/reference authority (0.604245ms)
2026-10-04T00:07:20.3015569Z ✔ record edits cannot reuse table or interpretation receipts (970.077089ms)
2026-10-04T00:07:20.3015983Z ✔ context/headers snapshot before crypto and reject accessors without invoking them (2.075893ms)
2026-10-04T00:07:20.3016439Z ✔ failed row identities suppress plausible competitors instead of creating uniqueness (298.266063ms)
2026-10-04T00:07:20.3016892Z ✔ values valid only in another locale participate in contradiction detection (383.90489ms)
2026-10-04T00:07:20.3017650Z ✔ an explicit ambiguous-format interpretation is source-bound and independently parsed (406.468234ms)
2026-10-04T00:07:20.3018133Z ✔ session restores original PNG and all source proofs then recomputes the same partial result (543.350915ms)
2026-10-04T00:07:20.3018698Z ✔ workpaper replays sources and carries the entire reviewed record, exact original PNG, unread row and required match (1110.106683ms)
2026-10-04T00:07:20.3019167Z ✔ mutable original bytes or stale result totals are refused at export (389.034511ms)
2026-10-04T00:07:20.3019544Z ✔ currency needs a reviewed source crop and compatible precision (0.672095ms)
2026-10-04T00:07:20.3019957Z ✔ same PNG cannot become independent evidence by changing its record context or side (448.74806ms)
2026-10-04T00:07:20.3020448Z ✔ visual drafts cannot normalize even with plausible fabricated accounting sheets and approval flags (9.722747ms)
2026-10-04T00:07:20.3020973Z ✔ workpaper export rejects a visual draft before original reread or no-original fallback on either side (79.157006ms)
2026-10-04T00:07:20.3021469Z ✔ session save rejects visual drafts instead of laundering their sheets through demoBytes (17.691677ms)
2026-10-04T00:07:20.3021954Z ✔ session restore does not discard a visual-draft marker and treat accompanying CSV bytes as native (5.040257ms)
2026-10-04T00:07:20.3022501Z ✔ reviewed visual cells are evidence only: every accounting gate rejects the marker even with native CSV sheets (5.740864ms)
2026-10-04T00:07:20.3022995Z ✔ crop drag is direction-independent, bounded and rounds outwards to native pixels (1.679758ms)
2026-10-04T00:07:20.3023660Z ✔ keyboard movement preserves size and image boundaries; resizing cannot invert or empty the crop (0.568543ms)
2026-10-04T00:07:20.3024307Z ✔ visual factory preserves literal bilingual observations and never creates financial interpretation or approval (3.057163ms)
2026-10-04T00:07:20.3024836Z ✔ zero, perfect and unknown confidence remain unverified and are never converted to authority (2.580753ms)
2026-10-04T00:07:20.3025321Z ✔ source hash is required and bound independently; document values never enter validation errors (0.405731ms)
2026-10-04T00:07:20.3025828Z ✔ fixed OCR engine identity and bounded asset hash inventory reject unsafe or invented configuration (0.870469ms)
2026-10-04T00:07:20.3026320Z ✔ every declared page is required in order and empty OCR pages remain visible unverified pages (0.545958ms)
2026-10-04T00:07:20.3026840Z ✔ word hierarchy must be present: omitted blocks output cannot masquerade as a successfully read blank page (0.663754ms)
2026-10-04T00:07:20.3027490Z ✔ non-text words, invalid coordinates and accessors reject instead of being coerced (2.284283ms)
2026-10-04T00:07:20.3027910Z ✔ only local bounded PNG previews with matching dimensions are accepted (0.732696ms)
2026-10-04T00:07:20.3028357Z ✔ word and character limits apply across all pages, with a valid exact-limit draft retained (216.090457ms)
2026-10-04T00:07:20.3028823Z ✔ stable IDs derive from page, word order and geometry; outputs share no mutable OCR objects (0.915937ms)
2026-10-04T00:07:20.3029229Z ✔ PNG dimensions are bounded before any image decoder is called (1.830641ms)
2026-10-04T00:07:20.3029646Z ✔ JPEG dimensions are read from SOF; oversized, truncated and disguised images reject (0.314666ms)
2026-10-04T00:07:20.3030023Z ✔ PNG chunk lengths and all image byte counts are bounded (0.231573ms)
2026-10-04T00:07:20.3030445Z ✔ fixed same-origin bootstrap and exact vendor protocol load both languages without fetching (31.243746ms)
2026-10-04T00:07:20.3030911Z ✔ only blocks leave recognition; caller PNG bytes are neither detached nor overwritten (1.601983ms)
2026-10-04T00:07:20.3031384Z ✔ foreign, credentialed, query/hash and non-HTTP asset bases never construct a worker (2.411513ms)
2026-10-04T00:07:20.3031888Z ✔ abort before and during every startup stage terminates immediately without an initialization handle (1.79591ms)
2026-10-04T00:07:20.3032365Z ✔ abort during worker construction still revokes and terminates the owned handle (0.691695ms)
2026-10-04T00:07:20.3032802Z ✔ one startup deadline covers all stages even if the worker keeps emitting progress (15.739796ms)
2026-10-04T00:07:20.3033294Z ✔ page deadline hard-terminates a hung recognition and future pages cannot reuse the worker (16.327962ms)
2026-10-04T00:07:20.3033774Z ✔ abort or destroy during recognition settles the page and releases every listener and Blob (1.130014ms)
2026-10-04T00:07:20.3034231Z ✔ concurrent recognition is rejected without changing the active page or its input (0.496185ms)
2026-10-04T00:07:20.3034646Z ✔ unknown, stale and cross-action replies never resolve the active page (2.546222ms)
2026-10-04T00:07:20.3035117Z ✔ initialize failures are sanitized and late vendor resolve messages cannot resurrect the worker (0.336508ms)
2026-10-04T00:07:20.3035621Z ✔ malformed recognition data, worker errors and decode errors are sanitized and release resources (0.581862ms)
2026-10-04T00:07:20.3036113Z ✔ progress uses fixed status labels, rejects malformed status, and never exposes raw worker text (0.285884ms)
2026-10-04T00:07:20.3036571Z ✔ invalid image input never reaches the worker and factory exceptions revoke the Blob (0.37823ms)
2026-10-04T00:07:20.3036976Z ✔ PNG full decoding: 3 channels, filters 0, independent expected RGBA (57.547075ms)
2026-10-04T00:07:20.3037520Z ✔ PNG full decoding: 3 channels, filters 1, independent expected RGBA (31.608426ms)
2026-10-04T00:07:20.3037947Z ✔ PNG full decoding: 3 channels, filters 2, independent expected RGBA (11.69204ms)
2026-10-04T00:07:20.3038472Z ✔ PNG full decoding: 3 channels, filters 3, independent expected RGBA (6.644883ms)
2026-10-04T00:07:20.3038840Z ✔ PNG full decoding: 3 channels, filters 4, independent expected RGBA (11.403768ms)
2026-10-04T00:07:20.3039310Z ✔ PNG full decoding: 3 channels, filters 0,1,2,3,4, independent expected RGBA (8.416231ms)
2026-10-04T00:07:20.3039694Z ✔ PNG full decoding: 4 channels, filters 0, independent expected RGBA (16.538388ms)
2026-10-04T00:07:20.3040082Z ✔ PNG full decoding: 4 channels, filters 1, independent expected RGBA (11.007225ms)
2026-10-04T00:07:20.3040473Z ✔ PNG full decoding: 4 channels, filters 2, independent expected RGBA (6.883096ms)
2026-10-04T00:07:20.3040853Z ✔ PNG full decoding: 4 channels, filters 3, independent expected RGBA (6.567148ms)
2026-10-04T00:07:20.3041240Z ✔ PNG full decoding: 4 channels, filters 4, independent expected RGBA (12.977804ms)
2026-10-04T00:07:20.3041657Z ✔ PNG full decoding: 4 channels, filters 0,1,2,3,4, independent expected RGBA (8.98549ms)
2026-10-04T00:07:20.3042185Z ✔ PNG rejects CRC damage, missing end, trailing data and ambiguous colour/orientation/animation chunks (44.703826ms)
2026-10-04T00:07:20.3042723Z ✔ PNG bounds decompressed data and rejects wrong filters, short scanlines and nonopaque RGBA (57.483441ms)
2026-10-04T00:07:20.3043236Z ✔ PNG dimensions, byte budget and canonical base64 are bounded before large allocation (6.843562ms)
2026-10-04T00:07:20.3043696Z ✔ valid chunk CRC cannot hide a corrupt, truncated or trailing zlib stream (19.635236ms)
2026-10-04T00:07:20.3044261Z ✔ manual source crop records an omitted Arabic literal even when OCR finds no words; v2 replays without financial promotion (89.744985ms)
2026-10-04T00:07:20.3044900Z ✔ all intersecting observations and partial words are retained; neighboring words outside the crop cannot leak in (48.872705ms)
2026-10-04T00:07:20.3045502Z ✔ literal sign, role and crop edits revoke only the affected region review, including after restoration (68.358084ms)
2026-10-04T00:07:20.3046076Z ✔ v1 records and word receipts remain compatible when manually selected regions are added and removed (73.007086ms)
2026-10-04T00:07:20.3046682Z ✔ restore rejects changed crop, sign, raw observations, origin, timestamp, fingerprint, duplicate ID and schema downgrade (104.70127ms)
2026-10-04T00:07:20.3047519Z ✔ manual crops reject non-integral, empty, reversed, out-of-image and accessor geometry without invoking document code (25.512683ms)
2026-10-04T00:07:20.3048104Z ✔ region evidence cannot duplicate a whole page of words or oversized observations into every cell (26.482789ms)
2026-10-04T00:07:20.3048693Z ✔ visual PDF renderer: sequential complete pages provide exact geometry and await consumers before releasing canvases (8.849258ms)
2026-10-04T00:07:20.3049258Z ✔ visual PDF renderer: source bytes are copied and resource/network fallbacks are disabled (1.008513ms)
2026-10-04T00:07:20.3049768Z ✔ visual PDF renderer: missing fonts, missing resources and null decoded images never reach OCR (2.275982ms)
2026-10-04T00:07:20.3050395Z ✔ visual PDF renderer: a swallowed render stream failure cannot deliver a plausible PNG (0.556945ms)
2026-10-04T00:07:20.3050967Z ✔ visual PDF renderer: page, byte, pixel, edge and geometry limits reject before drawing (1.266536ms)
2026-10-04T00:07:20.3051505Z ✔ visual PDF renderer: protected, layered and interactive sources require a flattened supported source (0.399061ms)
2026-10-04T00:07:20.3052032Z ✔ visual PDF renderer: cancellation and PNG failure release resources without any handoff (0.83744ms)
2026-10-04T00:07:20.3052591Z ✔ visual PDF renderer: later-page failure invalidates the document and consumer errors stop subsequent processing (0.711654ms)
2026-10-04T00:07:20.3053204Z ✔ visual PDF renderer: rotated pages retain their actual viewport transform instead of rewriting coordinates (0.390358ms)
2026-10-04T00:07:20.3053803Z ✔ cell evidence is immutable, source/pixel bound, locally saved and fully replayed; it is never financial approval (94.958864ms)
2026-10-04T00:07:20.3054390Z ✔ each literal correction, role or crop edit invalidates that cell only and requires a new review (78.93714ms)
2026-10-04T00:07:20.3054901Z ✔ a matching written SHA is insufficient when displayed PNG pixels were substituted (27.636558ms)
2026-10-04T00:07:20.3055392Z ✔ draft and original are snapshotted before awaits; edits to caller data cannot rewrite review evidence (17.270052ms)
2026-10-04T00:07:20.3055873Z ✔ malformed records and accessors are rejected without invoking document code (22.582842ms)
2026-10-04T00:07:20.3056423Z ✔ restore rejects every changed proof member, OCR observation, source, revision, engine, duplicate ID and financial status (143.402784ms)
2026-10-04T00:07:20.3058175Z ✔ plain JSON cannot bypass registered evidence or crop, literal, role and timestamp validation (16.498565ms)
2026-10-04T00:07:20.3058984Z ✔ complete row inventory retains unreadable rows and separates movement amounts from running balances (91.048431ms)
2026-10-04T00:07:20.3059498Z ✔ missing cells and untouched rows cannot be mistaken for complete values (45.760706ms)
2026-10-04T00:07:20.3060160Z ✔ geometry covers every vertical and horizontal band exactly once and rejects gaps, zero bands and limits (18.061865ms)
2026-10-04T00:07:20.3060733Z ✔ amount-vs-balance swaps, wrong row, wrong role, unknown or unreviewed region and double assignment are rejected (14.970365ms)
2026-10-04T00:07:20.3061280Z ✔ a crop reaching into another column or another row cannot be assigned even if its literal was reviewed (19.376463ms)
2026-10-04T00:07:20.3061827Z ✔ exclusions require a reason and their own source-bound review; unreadable rows cannot acquire exclusion proof (10.755242ms)
2026-10-04T00:07:20.3062412Z ✔ row changes revoke inventory proof and the changed exclusion, while source or geometry changes create a fresh inventory (14.961383ms)
2026-10-04T00:07:20.3063010Z ✔ restore rejects changed rows, grid, cells, source, raw observations, fingerprints, missing rows and added authority (208.552351ms)
2026-10-04T00:07:20.3063580Z ✔ empty pending inventory is explicitly serializable without acquiring completeness or financial authority (36.853221ms)
2026-10-04T00:07:20.3064145Z ✔ caller changes across an async create cannot rewrite the geometry; plain copied table objects are not registered (11.636588ms)
2026-10-04T00:07:20.3064708Z ✔ getters and sparse arrays are rejected before execution and invalid receipts cannot use non-canonical dates (13.164731ms)
2026-10-04T00:07:20.3065174Z ✔ typed PDF failure survives the worker without producing a partial source (9.179849ms)
2026-10-04T00:07:20.3065613Z ✔ unvalidated or misplaced diagnosis remains a plain failure, never trusted metadata (0.94499ms)
2026-10-04T00:07:20.3066067Z ✔ worker wire protocol ignores library messages and stale ids instead of resolving undefined (0.79ms)
2026-10-04T00:07:20.3066497Z ✔ empty error messages always reject, and the next import gets a clean worker (1.088362ms)
2026-10-04T00:07:20.3066924Z ✔ missing value, malformed sheets, wrong source and wrong action cannot reach the UI (1.213097ms)
2026-10-04T00:07:20.3067703Z ✔ abort, worker errors, message errors and timeout recover without poisoning subsequent requests (11.34129ms)
2026-10-04T00:07:20.3068253Z ✔ readiness checks engine version and concurrent calls cannot steal another response (6.129831ms)
2026-10-04T00:07:20.3068678Z ✔ worker dispatcher only accepts explicitly namespaced accounting requests (0.955455ms)
2026-10-04T00:07:20.3069098Z ✔ verified PDF progress is bounded metadata and never resolves the source request (4.015468ms)
2026-10-04T00:07:20.3069512Z ✔ progress cannot bypass final source validation or typed late-page failure (4.191399ms)
2026-10-04T00:07:20.3069893Z ✔ malformed or misplaced current-request progress fails closed (1.604226ms)
2026-10-04T00:07:20.3070299Z ✔ PDF progress rejects regressions, changed totals and premature or reversed stages (4.421069ms)
2026-10-04T00:07:20.3070847Z ✔ library and stale progress are ignored; abort clears the sequence for the next worker (0.829489ms)
2026-10-04T00:07:20.3071276Z ✔ PDF deadlines cover the request; progress never extends the fixed deadline (4.788073ms)
2026-10-04T00:07:20.3071707Z ✔ longer deadlines apply only to PDF import or original-source session/export checks (0.312603ms)
2026-10-04T00:07:20.3072151Z ✔ reviewed image worker replies replay originals before gaining in-memory authority (836.577215ms)
2026-10-04T00:07:20.3083469Z ✔ abort during async image replay cannot resolve or disturb the following worker request (547.907927ms)
2026-10-04T00:07:20.3084085Z ✔ numeric XML must be a whole valid number, never a parseFloat prefix (96.269991ms)
2026-10-04T00:07:20.3084539Z ✔ equivalent valid numeric spellings are retained exactly without locale guesses (83.992369ms)
2026-10-04T00:07:20.3085020Z ✔ duplicate cells, duplicate rows and coordinate conflicts cannot overwrite source transactions (34.148475ms)
2026-10-04T00:07:20.3085556Z ✔ precision lost by Number conversion becomes a cell issue, never an apparently exact financial amount (54.921435ms)
2026-10-04T00:07:20.3086137Z ✔ precision observations use workbook relationships and only block selected cells (25.062034ms)
2026-10-04T00:07:20.3086638Z ✔ rich text and hyperlink display text obey the same mapped-cell visibility rules as plain strings (170.212798ms)
2026-10-04T00:07:20.3087284Z ✔ ordinary rich text, hyperlinks, currency and accounting formats retain exact source values (154.224128ms)
2026-10-04T00:07:20.3088021Z ✔ seeded independent minor-unit oracle survives both Excel date epochs and all supported precisions (217.478773ms)
2026-10-04T00:07:20.3088794Z ✔ repeated safe page headers do not make proven Excel formats ambiguous or invalid (14.102971ms)
2026-10-04T00:07:20.3089455Z ✔ untrusted or hidden repeated headers cannot be used to prove input formats (57.068807ms)
2026-10-04T00:07:20.3090073Z ✔ shared-string indices cannot be truncated into another source value (13.91372ms)
2026-10-04T00:07:20.3090835Z ✔ implicit next-column addresses remain supported but cannot conceal a duplicate cell (12.244328ms)
2026-10-04T00:07:20.3091621Z ✔ native ISO date cells retain their lexical dates and can never become year-sized amounts (32.85621ms)
2026-10-04T00:07:20.3092575Z ✔ prefixed SpreadsheetML workbook, styles, shared strings, worksheets and relationship parts are accepted without changing values (161.473682ms)
2026-10-04T00:07:20.3093360Z ✔ ordinary canonical workbook is passed through without repacking (11.774422ms)
2026-10-04T00:07:20.3094093Z ✔ namespace conversion retains formulas and dangerous sign formats as review blockers (66.808679ms)
2026-10-04T00:07:20.3094867Z ✔ foreign namespace lookalikes are rejected instead of stripped into accounting fields (37.251431ms)
2026-10-04T00:07:20.3095638Z ✔ undeclared XML prefixes and DTDs fail explicitly without accepting incomplete worksheets (29.716444ms)
2026-10-04T00:07:20.3096405Z ✔ namespaced and canonical Excel reads are independent in either order and after an invalid file (73.138242ms)
2026-10-04T00:07:20.3097499Z ✔ 046 valid openpyxl ar: merged preamble, native dates, long/zero-prefixed references and hidden row retained once (86.011311ms)
2026-10-04T00:07:20.3098854Z ✔ 046 valid openpyxl en: merged preamble, native dates, long/zero-prefixed references and hidden row retained once (38.035216ms)
2026-10-04T00:07:20.3099832Z ✔ 046 valid xlsxwriter ar: merged preamble, native dates, long/zero-prefixed references and hidden row retained once (29.500545ms)
2026-10-04T00:07:20.3100763Z ✔ 046 valid xlsxwriter en: merged preamble, native dates, long/zero-prefixed references and hidden row retained once (28.544284ms)
2026-10-04T00:07:20.3101257Z ℹ tests 1085
2026-10-04T00:07:20.3101457Z ℹ suites 0
2026-10-04T00:07:20.3101650Z ℹ pass 1073
2026-10-04T00:07:20.3101844Z ℹ fail 0
2026-10-04T00:07:20.3102100Z ℹ cancelled 0
2026-10-04T00:07:20.3102300Z ℹ skipped 12
2026-10-04T00:07:20.3102488Z ℹ todo 0
2026-10-04T00:07:20.3102710Z ℹ duration_ms 49064.947372
2026-10-04T00:07:20.3239830Z ##[group]Run python3 -m unittest discover -s audit/local-provider -p 'test_*.py' -v
2026-10-04T00:07:20.3240213Z [36;1mpython3 -m unittest discover -s audit/local-provider -p 'test_*.py' -v[0m
2026-10-04T00:07:20.3294619Z shell: /usr/bin/bash -e {0}
2026-10-04T00:07:20.3294774Z env:
2026-10-04T00:07:20.3294932Z   PNPM_HOME: /home/runner/setup-pnpm/node_modules/.bin
2026-10-04T00:07:20.3295109Z ##[endgroup]
2026-10-04T00:07:20.4084562Z test_actual_runs_verify (test_check_results.IndependentProviderOracleTests.test_actual_runs_verify) ... ok
2026-10-04T00:07:20.4264253Z test_false_success_and_fabricated_evidence_are_rejected (test_check_results.IndependentProviderOracleTests.test_false_success_and_fabricated_evidence_are_rejected) ... ok
2026-10-04T00:07:20.4264791Z 
2026-10-04T00:07:20.4264936Z ----------------------------------------------------------------------
2026-10-04T00:07:20.4265186Z Ran 2 tests in 0.020s
2026-10-04T00:07:20.4265276Z 
2026-10-04T00:07:20.4265333Z OK
2026-10-04T00:07:20.4369649Z ##[group]Run python3 -m unittest discover -s audit/visual-cell-review -p 'test_*.py' -v
2026-10-04T00:07:20.4370044Z [36;1mpython3 -m unittest discover -s audit/visual-cell-review -p 'test_*.py' -v[0m
2026-10-04T00:07:20.4425263Z shell: /usr/bin/bash -e {0}
2026-10-04T00:07:20.4425414Z env:
2026-10-04T00:07:20.4425575Z   PNPM_HOME: /home/runner/setup-pnpm/node_modules/.bin
2026-10-04T00:07:20.4425762Z ##[endgroup]
2026-10-04T00:07:20.6087352Z test_corruptions_cannot_pass_the_independent_checker (test_record.IndependentReviewTests.test_corruptions_cannot_pass_the_independent_checker) ... ok
2026-10-04T00:07:20.6458591Z test_source_bytes_crc_and_crop_damage (test_record.IndependentReviewTests.test_source_bytes_crc_and_crop_damage) ... ok
2026-10-04T00:07:20.6640403Z test_valid_known_literals_and_pixels (test_record.IndependentReviewTests.test_valid_known_literals_and_pixels) ... ok
2026-10-04T00:07:20.6640743Z 
2026-10-04T00:07:20.6640949Z ----------------------------------------------------------------------
2026-10-04T00:07:20.6641172Z Ran 3 tests in 0.178s
2026-10-04T00:07:20.6641262Z 
2026-10-04T00:07:20.6641332Z OK
2026-10-04T00:07:20.6745312Z ##[group]Run python3 -m unittest discover -s audit/visual-numeric -p 'test_*.py' -v
2026-10-04T00:07:20.6745666Z [36;1mpython3 -m unittest discover -s audit/visual-numeric -p 'test_*.py' -v[0m
2026-10-04T00:07:20.6799087Z shell: /usr/bin/bash -e {0}
2026-10-04T00:07:20.6799237Z env:
2026-10-04T00:07:20.6799387Z   PNPM_HOME: /home/runner/setup-pnpm/node_modules/.bin
2026-10-04T00:07:20.6799567Z ##[endgroup]
2026-10-04T00:07:20.7420273Z test_failed_ocr_observations_remain_visible_and_metrics_are_recomputed (test_evidence.EvidenceTests.test_failed_ocr_observations_remain_visible_and_metrics_are_recomputed) ... ok
2026-10-04T00:07:26.5042798Z test_native_manual_arabic_receipt (test_evidence.EvidenceTests.test_native_manual_arabic_receipt) ... ok
2026-10-04T00:07:26.5153947Z test_receipt_corruption_is_detected (test_evidence.EvidenceTests.test_receipt_corruption_is_detected) ... ok
2026-10-04T00:07:26.5154332Z 
2026-10-04T00:07:26.5154602Z ----------------------------------------------------------------------
2026-10-04T00:07:26.5155320Z Ran 3 tests in 5.794s
2026-10-04T00:07:26.5155409Z 
2026-10-04T00:07:26.5155462Z OK
2026-10-04T00:07:26.5282137Z ##[group]Run python3 -m unittest discover -s audit/visual-table -p 'test_*.py' -v
2026-10-04T00:07:26.5282694Z [36;1mpython3 -m unittest discover -s audit/visual-table -p 'test_*.py' -v[0m
2026-10-04T00:07:26.5337887Z shell: /usr/bin/bash -e {0}
2026-10-04T00:07:26.5338113Z env:
2026-10-04T00:07:26.5338346Z   PNPM_HOME: /home/runner/setup-pnpm/node_modules/.bin
2026-10-04T00:07:26.5338533Z ##[endgroup]
2026-10-04T00:07:28.7599077Z test_detects_omission_sign_role_reuse_geometry_receipt_and_source_corruption (test_evidence.TableEvidence.test_detects_omission_sign_role_reuse_geometry_receipt_and_source_corruption) ... ok
2026-10-04T00:07:28.7629435Z test_independent_truth_detects_wrong_literal_even_after_every_public_checksum_is_recomputed (test_evidence.TableEvidence.test_independent_truth_detects_wrong_literal_even_after_every_public_checksum_is_recomputed) ... ok
2026-10-04T00:07:28.7657458Z test_known_native_record (test_evidence.TableEvidence.test_known_native_record) ... ok
2026-10-04T00:07:28.7657799Z 
2026-10-04T00:07:28.7657959Z ----------------------------------------------------------------------
2026-10-04T00:07:28.7658207Z Ran 3 tests in 2.189s
2026-10-04T00:07:28.7658298Z 
2026-10-04T00:07:28.7658357Z OK
2026-10-04T00:07:28.7773520Z ##[group]Run python3 -m unittest discover -s audit/visual-accounting -p 'test_*.py' -v
2026-10-04T00:07:28.7773922Z [36;1mpython3 -m unittest discover -s audit/visual-accounting -p 'test_*.py' -v[0m
2026-10-04T00:07:28.7774260Z [36;1mnode --experimental-strip-types audit/visual-accounting/make_record.mjs[0m
2026-10-04T00:07:28.7774593Z [36;1mnode --experimental-strip-types audit/visual-accounting/export_fixture.mjs[0m
2026-10-04T00:07:28.7775092Z [36;1mpython3 audit/visual-accounting/check_record.py work/visual-accounting/statement.tarasuf-reviewed.json audit/visual-table/fixtures/statement.png[0m
2026-10-04T00:07:28.7775699Z [36;1mpython3 audit/visual-accounting/check_export.py work/visual-accounting/direct.xlsx work/visual-accounting/restored.xlsx[0m
2026-10-04T00:07:28.7829014Z shell: /usr/bin/bash -e {0}
2026-10-04T00:07:28.7829164Z env:
2026-10-04T00:07:28.7829311Z   PNPM_HOME: /home/runner/setup-pnpm/node_modules/.bin
2026-10-04T00:07:28.7829494Z ##[endgroup]
2026-10-04T00:07:31.0455512Z test_changed_workbook_membership_image_and_missing_error_are_detected (test_evidence.ReviewedSourceOracle.test_changed_workbook_membership_image_and_missing_error_are_detected) ... ok
2026-10-04T00:07:31.0752175Z test_known_record_and_excel (test_evidence.ReviewedSourceOracle.test_known_record_and_excel) ... ok
2026-10-04T00:07:31.1148702Z test_wrong_literals_context_headers_and_row_omission_fail_even_with_recomputed_public_hashes (test_evidence.ReviewedSourceOracle.test_wrong_literals_context_headers_and_row_omission_fail_even_with_recomputed_public_hashes) ... ok
2026-10-04T00:07:31.1149617Z 
2026-10-04T00:07:31.1150040Z ----------------------------------------------------------------------
2026-10-04T00:07:31.1150381Z Ran 3 tests in 2.281s
2026-10-04T00:07:31.1150516Z 
2026-10-04T00:07:31.1150656Z OK
2026-10-04T00:07:31.4220663Z {"out":"work/visual-accounting","sourceBytes":239819,"kind":"reviewed-visual-source","manual":true,"training":false}
2026-10-04T00:07:34.7045980Z {"status": "pass", "imageRows": 3, "manualValues": 11, "missingAmounts": 1, "reviewedExclusions": 1, "interpretationBound": true, "fullBalanceReconciliation": false, "automaticOCR": false}
2026-10-04T00:07:36.9357426Z [
2026-10-04T00:07:36.9357681Z   {
2026-10-04T00:07:36.9358012Z     "workbook": "work/visual-accounting/direct.xlsx",
2026-10-04T00:07:36.9358325Z     "verified": true,
2026-10-04T00:07:36.9358525Z     "matches": 1,
2026-10-04T00:07:36.9358711Z     "damagedRows": 1,
2026-10-04T00:07:36.9358908Z     "originalPng": true,
2026-10-04T00:07:36.9359115Z     "fullRecord": true,
2026-10-04T00:07:36.9359359Z     "fullBalanceReconciliation": false
2026-10-04T00:07:36.9360095Z   },
2026-10-04T00:07:36.9360257Z   {
2026-10-04T00:07:36.9360497Z     "workbook": "work/visual-accounting/restored.xlsx",
2026-10-04T00:07:36.9360784Z     "verified": true,
2026-10-04T00:07:36.9360972Z     "matches": 1,
2026-10-04T00:07:36.9361158Z     "damagedRows": 1,
2026-10-04T00:07:36.9361356Z     "originalPng": true,
2026-10-04T00:07:36.9361570Z     "fullRecord": true,
2026-10-04T00:07:36.9361803Z     "fullBalanceReconciliation": false
2026-10-04T00:07:36.9362033Z   }
2026-10-04T00:07:36.9362185Z ]
2026-10-04T00:07:36.9460352Z ##[group]Run python3 -m unittest discover -s audit/export-design -p 'test_*.py' -v
2026-10-04T00:07:36.9460864Z [36;1mpython3 -m unittest discover -s audit/export-design -p 'test_*.py' -v[0m
2026-10-04T00:07:36.9514252Z shell: /usr/bin/bash -e {0}
2026-10-04T00:07:36.9514405Z env:
2026-10-04T00:07:36.9514555Z   PNPM_HOME: /home/runner/setup-pnpm/node_modules/.bin
2026-10-04T00:07:36.9514740Z ##[endgroup]
2026-10-04T00:07:37.0077388Z test_build_fingerprint_changes_with_asset_bytes (test_accept_paired.PairedAcceptanceTests.test_build_fingerprint_changes_with_asset_bytes) ... ok
2026-10-04T00:07:37.0137995Z test_contradictory_or_incomplete_package_verdicts_fail (test_accept_paired.PairedAcceptanceTests.test_contradictory_or_incomplete_package_verdicts_fail) ... ok
2026-10-04T00:07:37.0143646Z test_current_schema_with_valid_samples_and_builds_passes (test_accept_paired.PairedAcceptanceTests.test_current_schema_with_valid_samples_and_builds_passes) ... ok
2026-10-04T00:07:37.0147914Z test_export_sample_count_cannot_exceed_all_samples (test_accept_paired.PairedAcceptanceTests.test_export_sample_count_cannot_exceed_all_samples) ... ok
2026-10-04T00:07:37.0162401Z test_extreme_numbers_and_nonfinite_ratios_refuse_without_crashing (test_accept_paired.PairedAcceptanceTests.test_extreme_numbers_and_nonfinite_ratios_refuse_without_crashing) ... ok
2026-10-04T00:07:37.0166260Z test_historical_report_cannot_claim_complete_new_acceptance (test_accept_paired.PairedAcceptanceTests.test_historical_report_cannot_claim_complete_new_acceptance) ... ok
2026-10-04T00:07:37.0177698Z test_last_pair_checkpoint_is_not_a_completed_measurement (test_accept_paired.PairedAcceptanceTests.test_last_pair_checkpoint_is_not_a_completed_measurement) ... ok
2026-10-04T00:07:37.0190628Z test_missing_and_bad_memory_samples_fail (test_accept_paired.PairedAcceptanceTests.test_missing_and_bad_memory_samples_fail) ... ok
2026-10-04T00:07:37.0211620Z test_missing_changed_or_malformed_final_build_fingerprints_fail (test_accept_paired.PairedAcceptanceTests.test_missing_changed_or_malformed_final_build_fingerprints_fail) ... ok
2026-10-04T00:07:37.0215667Z test_missing_worker_timing_fails_instead_of_looking_fast (test_accept_paired.PairedAcceptanceTests.test_missing_worker_timing_fails_instead_of_looking_fast) ... ok
2026-10-04T00:07:37.0219988Z test_one_missing_or_repeated_pair_fails (test_accept_paired.PairedAcceptanceTests.test_one_missing_or_repeated_pair_fails) ... ok
2026-10-04T00:07:37.0225435Z test_regression_in_xlsx_fails_despite_csv_improvement (test_accept_paired.PairedAcceptanceTests.test_regression_in_xlsx_fails_despite_csv_improvement) ... ok
2026-10-04T00:07:37.0298356Z test_required_recovery_attestations_are_individually_required (test_accept_paired.PairedAcceptanceTests.test_required_recovery_attestations_are_individually_required) ... ok
2026-10-04T00:07:37.0303825Z test_retained_measurements_pass_with_original_declared_limits (test_accept_paired.PairedAcceptanceTests.test_retained_measurements_pass_with_original_declared_limits) ... ok
2026-10-04T00:07:37.0321230Z test_runner_failure_cannot_be_overridden_by_stale_acceptance (test_accept_paired.PairedAcceptanceTests.test_runner_failure_cannot_be_overridden_by_stale_acceptance) ... ok
2026-10-04T00:07:37.0588420Z test_source_and_membership_attestations_are_required_for_both_variants (test_accept_paired.PairedAcceptanceTests.test_source_and_membership_attestations_are_required_for_both_variants) ... ok
2026-10-04T00:07:37.0596732Z test_swapped_input_bytes_or_nonidentical_workbook_fails (test_accept_paired.PairedAcceptanceTests.test_swapped_input_bytes_or_nonidentical_workbook_fails) ... ok
2026-10-04T00:07:37.1519555Z test_ambiguous_duplicate_cannot_be_approved (test_check_membership.MembershipOracleTests.test_ambiguous_duplicate_cannot_be_approved) ... ok
2026-10-04T00:07:37.1999192Z test_cell_address_must_agree_with_physical_row (test_check_membership.MembershipOracleTests.test_cell_address_must_agree_with_physical_row) ... ok
2026-10-04T00:07:37.2898211Z test_duplicate_evidence_member_fails (test_check_membership.MembershipOracleTests.test_duplicate_evidence_member_fails) ... ok
2026-10-04T00:07:37.3409307Z test_duplicate_physical_row_fails (test_check_membership.MembershipOracleTests.test_duplicate_physical_row_fails) ... ok
2026-10-04T00:07:37.4310850Z test_equal_amount_cross_block_member_swap_fails_with_source_sheets_unchanged (test_check_membership.MembershipOracleTests.test_equal_amount_cross_block_member_swap_fails_with_source_sheets_unchanged) ... ok
2026-10-04T00:07:37.5213134Z test_fraction_beyond_decimal_context_precision_fails (test_check_membership.MembershipOracleTests.test_fraction_beyond_decimal_context_precision_fails) ... ok
2026-10-04T00:07:37.6111005Z test_fractional_cent_evidence_fails (test_check_membership.MembershipOracleTests.test_fractional_cent_evidence_fails) ... ok
2026-10-04T00:07:37.6923886Z test_fractional_cent_match_total_fails (test_check_membership.MembershipOracleTests.test_fractional_cent_match_total_fails) ... ok
2026-10-04T00:07:37.7638681Z test_frozen_product_workbook_passes (test_check_membership.MembershipOracleTests.test_frozen_product_workbook_passes) ... ok
2026-10-04T00:07:37.8447622Z test_match_displayed_date_fails (test_check_membership.MembershipOracleTests.test_match_displayed_date_fails) ... ok
2026-10-04T00:07:37.9258257Z test_match_displayed_reference_fails (test_check_membership.MembershipOracleTests.test_match_displayed_reference_fails) ... ok
2026-10-04T00:07:38.0066619Z test_match_rule_must_agree_with_evidence (test_check_membership.MembershipOracleTests.test_match_rule_must_agree_with_evidence) ... ok
2026-10-04T00:07:38.0893486Z test_match_source_text_change_fails (test_check_membership.MembershipOracleTests.test_match_source_text_change_fails) ... ok
2026-10-04T00:07:38.1763738Z test_missing_evidence_member_fails (test_check_membership.MembershipOracleTests.test_missing_evidence_member_fails) ... ok
2026-10-04T00:07:38.2281392Z test_moved_parsed_row_breaks_actual_link_destination (test_check_membership.MembershipOracleTests.test_moved_parsed_row_breaks_actual_link_destination) ... ok
2026-10-04T00:07:38.4886476Z test_non_finite_or_malformed_amount_returns_json_failure (test_check_membership.MembershipOracleTests.test_non_finite_or_malformed_amount_returns_json_failure) ... ok
2026-10-04T00:07:38.5663514Z test_review_source_link_fails_even_when_relationship_agrees (test_check_membership.MembershipOracleTests.test_review_source_link_fails_even_when_relationship_agrees) ... ok
2026-10-04T00:07:38.6451915Z test_review_source_text_fails (test_check_membership.MembershipOracleTests.test_review_source_text_fails) ... ok
2026-10-04T00:07:38.7234474Z test_review_total_fails (test_check_membership.MembershipOracleTests.test_review_total_fails) ... ok
2026-10-04T00:07:38.8118489Z test_signed_amount_mutation_fails (test_check_membership.MembershipOracleTests.test_signed_amount_mutation_fails) ... ok
2026-10-04T00:07:38.9015762Z test_wrong_link_target_fails_even_when_relationship_agrees (test_check_membership.MembershipOracleTests.test_wrong_link_target_fails_even_when_relationship_agrees) ... ok
2026-10-04T00:07:38.9291645Z test_changed_matches_fails_even_when_transactions_unchanged (test_check_package_identity.PackageIdentityTests.test_changed_matches_fails_even_when_transactions_unchanged) ... ok
2026-10-04T00:07:38.9569783Z test_corrupt_deflate_returns_json_failure (test_check_package_identity.PackageIdentityTests.test_corrupt_deflate_returns_json_failure) ... ok
2026-10-04T00:07:38.9851624Z test_crc_error_fails (test_check_package_identity.PackageIdentityTests.test_crc_error_fails) ... ok
2026-10-04T00:07:39.0132969Z test_duplicate_name_fails (test_check_package_identity.PackageIdentityTests.test_duplicate_name_fails) ... ok
2026-10-04T00:07:39.0419510Z test_explicit_directory_entries_are_container_only (test_check_package_identity.PackageIdentityTests.test_explicit_directory_entries_are_container_only) ... ok
2026-10-04T00:07:39.0970587Z test_missing_or_extra_part_fails (test_check_package_identity.PackageIdentityTests.test_missing_or_extra_part_fails) ... ok
2026-10-04T00:07:39.1252782Z test_recompressed_identical_package_passes (test_check_package_identity.PackageIdentityTests.test_recompressed_identical_package_passes) ... ok
2026-10-04T00:07:39.1253136Z 
2026-10-04T00:07:39.1253305Z ----------------------------------------------------------------------
2026-10-04T00:07:39.1253534Z Ran 45 tests in 2.124s
2026-10-04T00:07:39.1253625Z 
2026-10-04T00:07:39.1253684Z OK
2026-10-04T00:07:39.1396963Z ##[group]Run python3 audit/layered-statement/check_contract.py
2026-10-04T00:07:39.1397363Z [36;1mpython3 audit/layered-statement/check_contract.py[0m
2026-10-04T00:07:39.1397737Z [36;1mpython3 audit/astra-cycle4/check_r13.py work/layered-headers/r13-fixed-workpaper.xlsx --expected-engine 0.3.26-experimental[0m
2026-10-04T00:07:39.1398135Z [36;1mpython3 -m unittest discover -s audit/astra-cycle4 -p 'test_*.py' -v[0m
2026-10-04T00:07:39.1398433Z [36;1mpython3 -m unittest discover -s audit/layered-statement -p 'test_*.py' -v[0m
2026-10-04T00:07:39.1452706Z shell: /usr/bin/bash -e {0}
2026-10-04T00:07:39.1452890Z env:
2026-10-04T00:07:39.1453050Z   PNPM_HOME: /home/runner/setup-pnpm/node_modules/.bin
2026-10-04T00:07:39.1453243Z ##[endgroup]
2026-10-04T00:07:39.1792192Z {
2026-10-04T00:07:39.1792509Z   "verified": true,
2026-10-04T00:07:39.1792972Z   "contractSha256": "88c68039bc4b6f38e2e7ca36471b278047e22fec77a5eb0f305c84a4b77938c2",
2026-10-04T00:07:39.1793474Z   "positiveSupplierRows": [
2026-10-04T00:07:39.1793720Z     6,
2026-10-04T00:07:39.1793887Z     7,
2026-10-04T00:07:39.1794047Z     8,
2026-10-04T00:07:39.1794209Z     9
2026-10-04T00:07:39.1794372Z   ],
2026-10-04T00:07:39.1794584Z   "negativeAmountTotalUnchanged": true,
2026-10-04T00:07:39.1794836Z   "ledgerRows": [
2026-10-04T00:07:39.1795017Z     2,
2026-10-04T00:07:39.1795175Z     3,
2026-10-04T00:07:39.1795330Z     4
2026-10-04T00:07:39.1795486Z   ]
2026-10-04T00:07:39.1795655Z }
2026-10-04T00:07:39.2150498Z {
2026-10-04T00:07:39.2150763Z   "verified": true,
2026-10-04T00:07:39.2151278Z   "originalFailureSourceHash": "a085499d9e6ae2d165cd6716034f0945ecbb7151ad561bca70a4926a94250958",
2026-10-04T00:07:39.2151755Z   "approvedCases": 0,
2026-10-04T00:07:39.2151969Z   "readableSupplierRows": [
2026-10-04T00:07:39.2152181Z     6,
2026-10-04T00:07:39.2152345Z     7,
2026-10-04T00:07:39.2152506Z     8,
2026-10-04T00:07:39.2152668Z     9
2026-10-04T00:07:39.2152830Z   ],
2026-10-04T00:07:39.2153049Z   "excludedCompetitor": 11,
2026-10-04T00:07:39.2153284Z   "sourceRowFates": 11,
2026-10-04T00:07:39.2153631Z   "basis": "Frozen literal OOXML facts, not a product-generated expectation"
2026-10-04T00:07:39.2153962Z }
2026-10-04T00:07:39.2610347Z test_exact_failure_replay (test_check_r13.R13OracleTests.test_exact_failure_replay) ... ok
2026-10-04T00:07:39.3020369Z test_financial_membership_or_source_tampering_is_rejected (test_check_r13.R13OracleTests.test_financial_membership_or_source_tampering_is_rejected) ... ok
2026-10-04T00:07:39.3020930Z 
2026-10-04T00:07:39.3021150Z ----------------------------------------------------------------------
2026-10-04T00:07:39.3021482Z Ran 2 tests in 0.044s
2026-10-04T00:07:39.3021609Z 
2026-10-04T00:07:39.3021685Z OK
2026-10-04T00:07:39.3521377Z test_positive (test_check_export.ExportOracleTests.test_positive) ... ok
2026-10-04T00:07:39.4035971Z test_reject_changed_evidence_and_financial_members (test_check_export.ExportOracleTests.test_reject_changed_evidence_and_financial_members) ... ok
2026-10-04T00:07:39.4036575Z 
2026-10-04T00:07:39.4036718Z ----------------------------------------------------------------------
2026-10-04T00:07:39.4036936Z Ran 2 tests in 0.055s
2026-10-04T00:07:39.4037149Z 
2026-10-04T00:07:39.4037209Z OK
2026-10-04T00:07:39.4157753Z ##[group]Run REQUIRE_F03_PASS=1 node --experimental-strip-types audit/related-invoice/run.mjs . work/f03-native
2026-10-04T00:07:39.4158247Z [36;1mREQUIRE_F03_PASS=1 node --experimental-strip-types audit/related-invoice/run.mjs . work/f03-native[0m
2026-10-04T00:07:39.4158647Z [36;1mREQUIRE_F03_PASS=1 node --experimental-strip-types audit/related-invoice/run.mjs . work/f03-pdf pdf[0m
2026-10-04T00:07:39.4159024Z [36;1mpython3 audit/related-invoice/check_export.py work/f03-native/*.xlsx work/f03-pdf/*.xlsx[0m
2026-10-04T00:07:39.4159354Z [36;1mpython3 -m unittest discover -s audit/related-invoice -p 'test_*.py' -v[0m
2026-10-04T00:07:39.4213377Z shell: /usr/bin/bash -e {0}
2026-10-04T00:07:39.4213548Z env:
2026-10-04T00:07:39.4213708Z   PNPM_HOME: /home/runner/setup-pnpm/node_modules/.bin
2026-10-04T00:07:39.4213909Z ##[endgroup]
2026-10-04T00:07:40.2023259Z {"engine":"0.3.26-experimental","passed":11,"total":11,"cases":[{"id":"different-credit-notes","passed":true,"approved":[]},{"id":"own-credit-note","passed":true,"approved":[{"supplierRows":[2],"ledgerRows":[2],"amountMinor":-5000,"rule":"EXACT_REFERENCE_SIGNED_AMOUNT_UNIQUE_V2","primary":"CN-701"}]},{"id":"generic-own-and-invoice","passed":true,"approved":[{"supplierRows":[2],"ledgerRows":[2],"amountMinor":-5000,"rule":"EXACT_REFERENCE_SIGNED_AMOUNT_UNIQUE_V2","primary":"CN-701"}]},{"id":"short-own-credit-note","passed":true,"approved":[{"supplierRows":[2],"ledgerRows":[2],"amountMinor":-5000,"rule":"EXPLICIT_SHORT_DOCUMENT_EXACT_DATE_V1","primary":"CN-3"}]},{"id":"conflicting-related-invoice","passed":true,"approved":[]},{"id":"credit-note-invoice-only","passed":true,"approved":[]},{"id":"payment-invoice-only","passed":true,"approved":[]},{"id":"journal-invoice-only","passed":true,"approved":[]},{"id":"ordinary-invoice","passed":true,"approved":[{"supplierRows":[2],"ledgerRows":[2],"amountMinor":5000,"rule":"EXACT_REFERENCE_SIGNED_AMOUNT_UNIQUE_V2","primary":"INV-401"}]},{"id":"payment-bank-identity","passed":true,"approved":[{"supplierRows":[2],"ledgerRows":[2],"amountMinor":-5000,"rule":"EXACT_REFERENCE_SIGNED_AMOUNT_UNIQUE_V2","primary":"BANK-714"}]},{"id":"whole-credit-note-group","passed":true,"approved":[{"supplierRows":[2],"ledgerRows":[2,3],"amountMinor":-5000,"rule":"EXACT_REFERENCE_GROUP_TOTAL_V1","primary":"CN-701"}]}]}
2026-10-04T00:07:40.6569194Z {"engine":"0.3.26-experimental","passed":3,"total":3,"cases":[{"id":"different-credit-notes","passed":true,"approved":[]},{"id":"own-credit-note","passed":true,"approved":[{"supplierRows":[2],"ledgerRows":[2],"amountMinor":-5000,"rule":"EXACT_REFERENCE_SIGNED_AMOUNT_UNIQUE_V2","primary":"CN-701"}]},{"id":"short-own-credit-note","passed":true,"approved":[{"supplierRows":[2],"ledgerRows":[2],"amountMinor":-5000,"rule":"EXPLICIT_SHORT_DOCUMENT_EXACT_DATE_V1","primary":"CN-3"}]}]}
2026-10-04T00:07:40.7741125Z [
2026-10-04T00:07:40.7741409Z   {
2026-10-04T00:07:40.7741814Z     "workbook": "work/f03-native/conflicting-related-invoice-direct.xlsx",
2026-10-04T00:07:40.7742221Z     "verified": true,
2026-10-04T00:07:40.7742474Z     "id": "conflicting-related-invoice",
2026-10-04T00:07:40.7742748Z     "sourceFormat": "xlsx",
2026-10-04T00:07:40.7742956Z     "approved": 0,
2026-10-04T00:07:40.7743169Z     "engine": "0.3.26-experimental"
2026-10-04T00:07:40.7743391Z   },
2026-10-04T00:07:40.7743548Z   {
2026-10-04T00:07:40.7743869Z     "workbook": "work/f03-native/conflicting-related-invoice-restored.xlsx",
2026-10-04T00:07:40.7744216Z     "verified": true,
2026-10-04T00:07:40.7744447Z     "id": "conflicting-related-invoice",
2026-10-04T00:07:40.7744694Z     "sourceFormat": "xlsx",
2026-10-04T00:07:40.7744905Z     "approved": 0,
2026-10-04T00:07:40.7745120Z     "engine": "0.3.26-experimental"
2026-10-04T00:07:40.7745330Z   },
2026-10-04T00:07:40.7745487Z   {
2026-10-04T00:07:40.7746176Z     "workbook": "work/f03-native/credit-note-invoice-only-direct.xlsx",
2026-10-04T00:07:40.7746482Z     "verified": true,
2026-10-04T00:07:40.7746703Z     "id": "credit-note-invoice-only",
2026-10-04T00:07:40.7747472Z     "sourceFormat": "xlsx",
2026-10-04T00:07:40.7747682Z     "approved": 0,
2026-10-04T00:07:40.7747883Z     "engine": "0.3.26-experimental"
2026-10-04T00:07:40.7748087Z   },
2026-10-04T00:07:40.7748241Z   {
2026-10-04T00:07:40.7748519Z     "workbook": "work/f03-native/credit-note-invoice-only-restored.xlsx",
2026-10-04T00:07:40.7748835Z     "verified": true,
2026-10-04T00:07:40.7749054Z     "id": "credit-note-invoice-only",
2026-10-04T00:07:40.7749283Z     "sourceFormat": "xlsx",
2026-10-04T00:07:40.7749481Z     "approved": 0,
2026-10-04T00:07:40.7749682Z     "engine": "0.3.26-experimental"
2026-10-04T00:07:40.7749882Z   },
2026-10-04T00:07:40.7750037Z   {
2026-10-04T00:07:40.7750302Z     "workbook": "work/f03-native/different-credit-notes-direct.xlsx",
2026-10-04T00:07:40.7750608Z     "verified": true,
2026-10-04T00:07:40.7750825Z     "id": "different-credit-notes",
2026-10-04T00:07:40.7751047Z     "sourceFormat": "xlsx",
2026-10-04T00:07:40.7751243Z     "approved": 0,
2026-10-04T00:07:40.7751450Z     "engine": "0.3.26-experimental"
2026-10-04T00:07:40.7751653Z   },
2026-10-04T00:07:40.7751800Z   {
2026-10-04T00:07:40.7752073Z     "workbook": "work/f03-native/different-credit-notes-restored.xlsx",
2026-10-04T00:07:40.7752429Z     "verified": true,
2026-10-04T00:07:40.7752645Z     "id": "different-credit-notes",
2026-10-04T00:07:40.7752869Z     "sourceFormat": "xlsx",
2026-10-04T00:07:40.7753070Z     "approved": 0,
2026-10-04T00:07:40.7753269Z     "engine": "0.3.26-experimental"
2026-10-04T00:07:40.7753470Z   },
2026-10-04T00:07:40.7753623Z   {
2026-10-04T00:07:40.7753889Z     "workbook": "work/f03-native/generic-own-and-invoice-direct.xlsx",
2026-10-04T00:07:40.7754185Z     "verified": true,
2026-10-04T00:07:40.7754402Z     "id": "generic-own-and-invoice",
2026-10-04T00:07:40.7754636Z     "sourceFormat": "xlsx",
2026-10-04T00:07:40.7754835Z     "approved": 1,
2026-10-04T00:07:40.7755035Z     "engine": "0.3.26-experimental"
2026-10-04T00:07:40.7755245Z   },
2026-10-04T00:07:40.7755397Z   {
2026-10-04T00:07:40.7755675Z     "workbook": "work/f03-native/generic-own-and-invoice-restored.xlsx",
2026-10-04T00:07:40.7755993Z     "verified": true,
2026-10-04T00:07:40.7756219Z     "id": "generic-own-and-invoice",
2026-10-04T00:07:40.7756453Z     "sourceFormat": "xlsx",
2026-10-04T00:07:40.7756656Z     "approved": 1,
2026-10-04T00:07:40.7756862Z     "engine": "0.3.26-experimental"
2026-10-04T00:07:40.7757179Z   },
2026-10-04T00:07:40.7757334Z   {
2026-10-04T00:07:40.7757595Z     "workbook": "work/f03-native/journal-invoice-only-direct.xlsx",
2026-10-04T00:07:40.7757887Z     "verified": true,
2026-10-04T00:07:40.7758107Z     "id": "journal-invoice-only",
2026-10-04T00:07:40.7758332Z     "sourceFormat": "xlsx",
2026-10-04T00:07:40.7758529Z     "approved": 0,
2026-10-04T00:07:40.7758735Z     "engine": "0.3.26-experimental"
2026-10-04T00:07:40.7758952Z   },
2026-10-04T00:07:40.7759103Z   {
2026-10-04T00:07:40.7759369Z     "workbook": "work/f03-native/journal-invoice-only-restored.xlsx",
2026-10-04T00:07:40.7759673Z     "verified": true,
2026-10-04T00:07:40.7759887Z     "id": "journal-invoice-only",
2026-10-04T00:07:40.7760108Z     "sourceFormat": "xlsx",
2026-10-04T00:07:40.7760332Z     "approved": 0,
2026-10-04T00:07:40.7760530Z     "engine": "0.3.26-experimental"
2026-10-04T00:07:40.7760740Z   },
2026-10-04T00:07:40.7760890Z   {
2026-10-04T00:07:40.7761140Z     "workbook": "work/f03-native/ordinary-invoice-direct.xlsx",
2026-10-04T00:07:40.7761428Z     "verified": true,
2026-10-04T00:07:40.7761631Z     "id": "ordinary-invoice",
2026-10-04T00:07:40.7761842Z     "sourceFormat": "xlsx",
2026-10-04T00:07:40.7762040Z     "approved": 1,
2026-10-04T00:07:40.7762246Z     "engine": "0.3.26-experimental"
2026-10-04T00:07:40.7762456Z   },
2026-10-04T00:07:40.7762608Z   {
2026-10-04T00:07:40.7762868Z     "workbook": "work/f03-native/ordinary-invoice-restored.xlsx",
2026-10-04T00:07:40.7763321Z     "verified": true,
2026-10-04T00:07:40.7763514Z     "id": "ordinary-invoice",
2026-10-04T00:07:40.7763860Z     "sourceFormat": "xlsx",
2026-10-04T00:07:40.7764059Z     "approved": 1,
2026-10-04T00:07:40.7764263Z     "engine": "0.3.26-experimental"
2026-10-04T00:07:40.7764472Z   },
2026-10-04T00:07:40.7764628Z   {
2026-10-04T00:07:40.7764873Z     "workbook": "work/f03-native/own-credit-note-direct.xlsx",
2026-10-04T00:07:40.7765148Z     "verified": true,
2026-10-04T00:07:40.7765344Z     "id": "own-credit-note",
2026-10-04T00:07:40.7765551Z     "sourceFormat": "xlsx",
2026-10-04T00:07:40.7765755Z     "approved": 1,
2026-10-04T00:07:40.7765966Z     "engine": "0.3.26-experimental"
2026-10-04T00:07:40.7766177Z   },
2026-10-04T00:07:40.7766329Z   {
2026-10-04T00:07:40.7766589Z     "workbook": "work/f03-native/own-credit-note-restored.xlsx",
2026-10-04T00:07:40.7766881Z     "verified": true,
2026-10-04T00:07:40.7767174Z     "id": "own-credit-note",
2026-10-04T00:07:40.7767382Z     "sourceFormat": "xlsx",
2026-10-04T00:07:40.7767573Z     "approved": 1,
2026-10-04T00:07:40.7767778Z     "engine": "0.3.26-experimental"
2026-10-04T00:07:40.7768006Z   },
2026-10-04T00:07:40.7768165Z   {
2026-10-04T00:07:40.7768435Z     "workbook": "work/f03-native/payment-bank-identity-direct.xlsx",
2026-10-04T00:07:40.7768747Z     "verified": true,
2026-10-04T00:07:40.7768981Z     "id": "payment-bank-identity",
2026-10-04T00:07:40.7769232Z     "sourceFormat": "xlsx",
2026-10-04T00:07:40.7769452Z     "approved": 1,
2026-10-04T00:07:40.7769650Z     "engine": "0.3.26-experimental"
2026-10-04T00:07:40.7769878Z   },
2026-10-04T00:07:40.7770037Z   {
2026-10-04T00:07:40.7770326Z     "workbook": "work/f03-native/payment-bank-identity-restored.xlsx",
2026-10-04T00:07:40.7770653Z     "verified": true,
2026-10-04T00:07:40.7770887Z     "id": "payment-bank-identity",
2026-10-04T00:07:40.7771117Z     "sourceFormat": "xlsx",
2026-10-04T00:07:40.7771321Z     "approved": 1,
2026-10-04T00:07:40.7771536Z     "engine": "0.3.26-experimental"
2026-10-04T00:07:40.7771747Z   },
2026-10-04T00:07:40.7771900Z   {
2026-10-04T00:07:40.7772174Z     "workbook": "work/f03-native/payment-invoice-only-direct.xlsx",
2026-10-04T00:07:40.7772473Z     "verified": true,
2026-10-04T00:07:40.7772695Z     "id": "payment-invoice-only",
2026-10-04T00:07:40.7772920Z     "sourceFormat": "xlsx",
2026-10-04T00:07:40.7773120Z     "approved": 0,
2026-10-04T00:07:40.7773322Z     "engine": "0.3.26-experimental"
2026-10-04T00:07:40.7773534Z   },
2026-10-04T00:07:40.7773684Z   {
2026-10-04T00:07:40.7773958Z     "workbook": "work/f03-native/payment-invoice-only-restored.xlsx",
2026-10-04T00:07:40.7774269Z     "verified": true,
2026-10-04T00:07:40.7774487Z     "id": "payment-invoice-only",
2026-10-04T00:07:40.7774712Z     "sourceFormat": "xlsx",
2026-10-04T00:07:40.7774911Z     "approved": 0,
2026-10-04T00:07:40.7775121Z     "engine": "0.3.26-experimental"
2026-10-04T00:07:40.7775327Z   },
2026-10-04T00:07:40.7775485Z   {
2026-10-04T00:07:40.7775761Z     "workbook": "work/f03-native/short-own-credit-note-direct.xlsx",
2026-10-04T00:07:40.7776062Z     "verified": true,
2026-10-04T00:07:40.7776284Z     "id": "short-own-credit-note",
2026-10-04T00:07:40.7776507Z     "sourceFormat": "xlsx",
2026-10-04T00:07:40.7776708Z     "approved": 1,
2026-10-04T00:07:40.7776914Z     "engine": "0.3.26-experimental"
2026-10-04T00:07:40.7777232Z   },
2026-10-04T00:07:40.7777394Z   {
2026-10-04T00:07:40.7777674Z     "workbook": "work/f03-native/short-own-credit-note-restored.xlsx",
2026-10-04T00:07:40.7777986Z     "verified": true,
2026-10-04T00:07:40.7778214Z     "id": "short-own-credit-note",
2026-10-04T00:07:40.7778455Z     "sourceFormat": "xlsx",
2026-10-04T00:07:40.7778672Z     "approved": 1,
2026-10-04T00:07:40.7778890Z     "engine": "0.3.26-experimental"
2026-10-04T00:07:40.7779105Z   },
2026-10-04T00:07:40.7779259Z   {
2026-10-04T00:07:40.7779537Z     "workbook": "work/f03-native/whole-credit-note-group-direct.xlsx",
2026-10-04T00:07:40.7779998Z     "verified": true,
2026-10-04T00:07:40.7780221Z     "id": "whole-credit-note-group",
2026-10-04T00:07:40.7780458Z     "sourceFormat": "xlsx",
2026-10-04T00:07:40.7780677Z     "approved": 1,
2026-10-04T00:07:40.7781031Z     "engine": "0.3.26-experimental"
2026-10-04T00:07:40.7781247Z   },
2026-10-04T00:07:40.7781407Z   {
2026-10-04T00:07:40.7781706Z     "workbook": "work/f03-native/whole-credit-note-group-restored.xlsx",
2026-10-04T00:07:40.7782069Z     "verified": true,
2026-10-04T00:07:40.7782300Z     "id": "whole-credit-note-group",
2026-10-04T00:07:40.7782537Z     "sourceFormat": "xlsx",
2026-10-04T00:07:40.7782749Z     "approved": 1,
2026-10-04T00:07:40.7782962Z     "engine": "0.3.26-experimental"
2026-10-04T00:07:40.7783173Z   },
2026-10-04T00:07:40.7783327Z   {
2026-10-04T00:07:40.7783593Z     "workbook": "work/f03-pdf/different-credit-notes-direct.xlsx",
2026-10-04T00:07:40.7783902Z     "verified": true,
2026-10-04T00:07:40.7784119Z     "id": "different-credit-notes",
2026-10-04T00:07:40.7784359Z     "sourceFormat": "pdf",
2026-10-04T00:07:40.7784563Z     "approved": 0,
2026-10-04T00:07:40.7784771Z     "engine": "0.3.26-experimental"
2026-10-04T00:07:40.7784998Z   },
2026-10-04T00:07:40.7785160Z   {
2026-10-04T00:07:40.7785429Z     "workbook": "work/f03-pdf/different-credit-notes-restored.xlsx",
2026-10-04T00:07:40.7785749Z     "verified": true,
2026-10-04T00:07:40.7785973Z     "id": "different-credit-notes",
2026-10-04T00:07:40.7786216Z     "sourceFormat": "pdf",
2026-10-04T00:07:40.7786422Z     "approved": 0,
2026-10-04T00:07:40.7786629Z     "engine": "0.3.26-experimental"
2026-10-04T00:07:40.7786850Z   },
2026-10-04T00:07:40.7787125Z   {
2026-10-04T00:07:40.7787375Z     "workbook": "work/f03-pdf/own-credit-note-direct.xlsx",
2026-10-04T00:07:40.7787664Z     "verified": true,
2026-10-04T00:07:40.7787870Z     "id": "own-credit-note",
2026-10-04T00:07:40.7788089Z     "sourceFormat": "pdf",
2026-10-04T00:07:40.7788296Z     "approved": 1,
2026-10-04T00:07:40.7788511Z     "engine": "0.3.26-experimental"
2026-10-04T00:07:40.7788727Z   },
2026-10-04T00:07:40.7788882Z   {
2026-10-04T00:07:40.7789144Z     "workbook": "work/f03-pdf/own-credit-note-restored.xlsx",
2026-10-04T00:07:40.7789442Z     "verified": true,
2026-10-04T00:07:40.7789641Z     "id": "own-credit-note",
2026-10-04T00:07:40.7789867Z     "sourceFormat": "pdf",
2026-10-04T00:07:40.7790077Z     "approved": 1,
2026-10-04T00:07:40.7790294Z     "engine": "0.3.26-experimental"
2026-10-04T00:07:40.7790515Z   },
2026-10-04T00:07:40.7790673Z   {
2026-10-04T00:07:40.7790941Z     "workbook": "work/f03-pdf/short-own-credit-note-direct.xlsx",
2026-10-04T00:07:40.7791248Z     "verified": true,
2026-10-04T00:07:40.7791478Z     "id": "short-own-credit-note",
2026-10-04T00:07:40.7791718Z     "sourceFormat": "pdf",
2026-10-04T00:07:40.7791926Z     "approved": 1,
2026-10-04T00:07:40.7792135Z     "engine": "0.3.26-experimental"
2026-10-04T00:07:40.7792346Z   },
2026-10-04T00:07:40.7792504Z   {
2026-10-04T00:07:40.7792774Z     "workbook": "work/f03-pdf/short-own-credit-note-restored.xlsx",
2026-10-04T00:07:40.7793086Z     "verified": true,
2026-10-04T00:07:40.7793309Z     "id": "short-own-credit-note",
2026-10-04T00:07:40.7793548Z     "sourceFormat": "pdf",
2026-10-04T00:07:40.7793762Z     "approved": 1,
2026-10-04T00:07:40.7793973Z     "engine": "0.3.26-experimental"
2026-10-04T00:07:40.7794192Z   }
2026-10-04T00:07:40.7794356Z ]
2026-10-04T00:07:40.8823123Z test_all_native_and_restored_sources (test_check_export.RelatedInvoiceOracle.test_all_native_and_restored_sources) ... ok
2026-10-04T00:07:40.9204711Z test_role_source_amount_and_membership_tampering (test_check_export.RelatedInvoiceOracle.test_role_source_amount_and_membership_tampering) ... ok
2026-10-04T00:07:40.9205079Z 
2026-10-04T00:07:40.9205254Z ----------------------------------------------------------------------
2026-10-04T00:07:40.9205486Z Ran 2 tests in 0.099s
2026-10-04T00:07:40.9205582Z 
2026-10-04T00:07:40.9205642Z OK
2026-10-04T00:07:40.9332836Z ##[group]Run REQUIRE_UNKNOWN_PASS=1 node --experimental-strip-types audit/related-invoice/unknown-role/run.mjs . work/unknown-role
2026-10-04T00:07:40.9333942Z [36;1mREQUIRE_UNKNOWN_PASS=1 node --experimental-strip-types audit/related-invoice/unknown-role/run.mjs . work/unknown-role[0m
2026-10-04T00:07:40.9334637Z [36;1mpython3 audit/related-invoice/unknown-role/check_export.py work/unknown-role/*.xlsx[0m
2026-10-04T00:07:40.9335240Z [36;1mpython3 -m unittest discover -s audit/related-invoice/unknown-role -p 'test_*.py' -v[0m
2026-10-04T00:07:40.9409095Z shell: /usr/bin/bash -e {0}
2026-10-04T00:07:40.9409372Z env:
2026-10-04T00:07:40.9409620Z   PNPM_HOME: /home/runner/setup-pnpm/node_modules/.bin
2026-10-04T00:07:40.9409914Z ##[endgroup]
2026-10-04T00:07:41.5723863Z {"engine":"0.3.26-experimental","passed":10,"total":10,"cases":[{"id":"different-untyped-credit","format":"xlsx","approved":0,"passed":true},{"id":"same-untyped-credit","format":"xlsx","approved":0,"passed":true},{"id":"arabic-untyped-credit","format":"xlsx","approved":0,"passed":true},{"id":"chosen-generic-untyped-credit","format":"xlsx","approved":0,"passed":true},{"id":"blank-credit-ordinary-invoice","format":"xlsx","approved":1,"passed":true},{"id":"different-untyped-credit","format":"csv","approved":0,"passed":true},{"id":"same-untyped-credit","format":"csv","approved":0,"passed":true},{"id":"arabic-untyped-credit","format":"csv","approved":0,"passed":true},{"id":"chosen-generic-untyped-credit","format":"csv","approved":0,"passed":true},{"id":"blank-credit-ordinary-invoice","format":"csv","approved":1,"passed":true}]}
2026-10-04T00:07:41.6587974Z [
2026-10-04T00:07:41.6588251Z   {
2026-10-04T00:07:41.6588637Z     "workbook": "work/unknown-role/arabic-untyped-credit-csv-direct.xlsx",
2026-10-04T00:07:41.6588892Z     "verified": true,
2026-10-04T00:07:41.6589058Z     "id": "arabic-untyped-credit",
2026-10-04T00:07:41.6589217Z     "format": "csv",
2026-10-04T00:07:41.6589346Z     "approved": 0,
2026-10-04T00:07:41.6589518Z     "engine": "0.3.26-experimental"
2026-10-04T00:07:41.6589678Z   },
2026-10-04T00:07:41.6589783Z   {
2026-10-04T00:07:41.6589984Z     "workbook": "work/unknown-role/arabic-untyped-credit-csv-restored.xlsx",
2026-10-04T00:07:41.6590211Z     "verified": true,
2026-10-04T00:07:41.6590354Z     "id": "arabic-untyped-credit",
2026-10-04T00:07:41.6590501Z     "format": "csv",
2026-10-04T00:07:41.6590626Z     "approved": 0,
2026-10-04T00:07:41.6590762Z     "engine": "0.3.26-experimental"
2026-10-04T00:07:41.6590900Z   },
2026-10-04T00:07:41.6590999Z   {
2026-10-04T00:07:41.6591195Z     "workbook": "work/unknown-role/arabic-untyped-credit-xlsx-direct.xlsx",
2026-10-04T00:07:41.6591410Z     "verified": true,
2026-10-04T00:07:41.6591552Z     "id": "arabic-untyped-credit",
2026-10-04T00:07:41.6591700Z     "format": "xlsx",
2026-10-04T00:07:41.6591823Z     "approved": 0,
2026-10-04T00:07:41.6591958Z     "engine": "0.3.26-experimental"
2026-10-04T00:07:41.6592099Z   },
2026-10-04T00:07:41.6592197Z   {
2026-10-04T00:07:41.6592398Z     "workbook": "work/unknown-role/arabic-untyped-credit-xlsx-restored.xlsx",
2026-10-04T00:07:41.6592620Z     "verified": true,
2026-10-04T00:07:41.6592760Z     "id": "arabic-untyped-credit",
2026-10-04T00:07:41.6592907Z     "format": "xlsx",
2026-10-04T00:07:41.6593031Z     "approved": 0,
2026-10-04T00:07:41.6593167Z     "engine": "0.3.26-experimental"
2026-10-04T00:07:41.6593302Z   },
2026-10-04T00:07:41.6593400Z   {
2026-10-04T00:07:41.6593611Z     "workbook": "work/unknown-role/blank-credit-ordinary-invoice-csv-direct.xlsx",
2026-10-04T00:07:41.6593838Z     "verified": true,
2026-10-04T00:07:41.6593992Z     "id": "blank-credit-ordinary-invoice",
2026-10-04T00:07:41.6594157Z     "format": "csv",
2026-10-04T00:07:41.6594282Z     "approved": 1,
2026-10-04T00:07:41.6594417Z     "engine": "0.3.26-experimental"
2026-10-04T00:07:41.6594557Z   },
2026-10-04T00:07:41.6594656Z   {
2026-10-04T00:07:41.6594872Z     "workbook": "work/unknown-role/blank-credit-ordinary-invoice-csv-restored.xlsx",
2026-10-04T00:07:41.6595473Z     "verified": true,
2026-10-04T00:07:41.6595766Z     "id": "blank-credit-ordinary-invoice",
2026-10-04T00:07:41.6595923Z     "format": "csv",
2026-10-04T00:07:41.6596046Z     "approved": 1,
2026-10-04T00:07:41.6596186Z     "engine": "0.3.26-experimental"
2026-10-04T00:07:41.6596325Z   },
2026-10-04T00:07:41.6596424Z   {
2026-10-04T00:07:41.6596633Z     "workbook": "work/unknown-role/blank-credit-ordinary-invoice-xlsx-direct.xlsx",
2026-10-04T00:07:41.6596860Z     "verified": true,
2026-10-04T00:07:41.6597143Z     "id": "blank-credit-ordinary-invoice",
2026-10-04T00:07:41.6597326Z     "format": "xlsx",
2026-10-04T00:07:41.6597449Z     "approved": 1,
2026-10-04T00:07:41.6597584Z     "engine": "0.3.26-experimental"
2026-10-04T00:07:41.6597721Z   },
2026-10-04T00:07:41.6597822Z   {
2026-10-04T00:07:41.6598036Z     "workbook": "work/unknown-role/blank-credit-ordinary-invoice-xlsx-restored.xlsx",
2026-10-04T00:07:41.6598272Z     "verified": true,
2026-10-04T00:07:41.6598429Z     "id": "blank-credit-ordinary-invoice",
2026-10-04T00:07:41.6598590Z     "format": "xlsx",
2026-10-04T00:07:41.6598719Z     "approved": 1,
2026-10-04T00:07:41.6598859Z     "engine": "0.3.26-experimental"
2026-10-04T00:07:41.6598999Z   },
2026-10-04T00:07:41.6599098Z   {
2026-10-04T00:07:41.6607266Z     "workbook": "work/unknown-role/chosen-generic-untyped-credit-csv-direct.xlsx",
2026-10-04T00:07:41.6607566Z     "verified": true,
2026-10-04T00:07:41.6607740Z     "id": "chosen-generic-untyped-credit",
2026-10-04T00:07:41.6608002Z     "format": "csv",
2026-10-04T00:07:41.6608189Z     "approved": 0,
2026-10-04T00:07:41.6608398Z     "engine": "0.3.26-experimental"
2026-10-04T00:07:41.6608606Z   },
2026-10-04T00:07:41.6608758Z   {
2026-10-04T00:07:41.6609083Z     "workbook": "work/unknown-role/chosen-generic-untyped-credit-csv-restored.xlsx",
2026-10-04T00:07:41.6609435Z     "verified": true,
2026-10-04T00:07:41.6609661Z     "id": "chosen-generic-untyped-credit",
2026-10-04T00:07:41.6609900Z     "format": "csv",
2026-10-04T00:07:41.6610093Z     "approved": 0,
2026-10-04T00:07:41.6610299Z     "engine": "0.3.26-experimental"
2026-10-04T00:07:41.6610515Z   },
2026-10-04T00:07:41.6610668Z   {
2026-10-04T00:07:41.6610988Z     "workbook": "work/unknown-role/chosen-generic-untyped-credit-xlsx-direct.xlsx",
2026-10-04T00:07:41.6611325Z     "verified": true,
2026-10-04T00:07:41.6611553Z     "id": "chosen-generic-untyped-credit",
2026-10-04T00:07:41.6611785Z     "format": "xlsx",
2026-10-04T00:07:41.6611973Z     "approved": 0,
2026-10-04T00:07:41.6612184Z     "engine": "0.3.26-experimental"
2026-10-04T00:07:41.6612394Z   },
2026-10-04T00:07:41.6612551Z   {
2026-10-04T00:07:41.6612900Z     "workbook": "work/unknown-role/chosen-generic-untyped-credit-xlsx-restored.xlsx",
2026-10-04T00:07:41.6613269Z     "verified": true,
2026-10-04T00:07:41.6613510Z     "id": "chosen-generic-untyped-credit",
2026-10-04T00:07:41.6613763Z     "format": "xlsx",
2026-10-04T00:07:41.6613958Z     "approved": 0,
2026-10-04T00:07:41.6614179Z     "engine": "0.3.26-experimental"
2026-10-04T00:07:41.6614405Z   },
2026-10-04T00:07:41.6614579Z   {
2026-10-04T00:07:41.6614887Z     "workbook": "work/unknown-role/different-untyped-credit-csv-direct.xlsx",
2026-10-04T00:07:41.6615228Z     "verified": true,
2026-10-04T00:07:41.6615505Z     "id": "different-untyped-credit",
2026-10-04T00:07:41.6615741Z     "format": "csv",
2026-10-04T00:07:41.6615923Z     "approved": 0,
2026-10-04T00:07:41.6616071Z     "engine": "0.3.26-experimental"
2026-10-04T00:07:41.6616210Z   },
2026-10-04T00:07:41.6616315Z   {
2026-10-04T00:07:41.6616521Z     "workbook": "work/unknown-role/different-untyped-credit-csv-restored.xlsx",
2026-10-04T00:07:41.6616752Z     "verified": true,
2026-10-04T00:07:41.6616901Z     "id": "different-untyped-credit",
2026-10-04T00:07:41.6617218Z     "format": "csv",
2026-10-04T00:07:41.6617349Z     "approved": 0,
2026-10-04T00:07:41.6617488Z     "engine": "0.3.26-experimental"
2026-10-04T00:07:41.6617627Z   },
2026-10-04T00:07:41.6617736Z   {
2026-10-04T00:07:41.6618126Z     "workbook": "work/unknown-role/different-untyped-credit-xlsx-direct.xlsx",
2026-10-04T00:07:41.6618438Z     "verified": true,
2026-10-04T00:07:41.6618592Z     "id": "different-untyped-credit",
2026-10-04T00:07:41.6618744Z     "format": "xlsx",
2026-10-04T00:07:41.6618874Z     "approved": 0,
2026-10-04T00:07:41.6619010Z     "engine": "0.3.26-experimental"
2026-10-04T00:07:41.6619153Z   },
2026-10-04T00:07:41.6619255Z   {
2026-10-04T00:07:41.6619461Z     "workbook": "work/unknown-role/different-untyped-credit-xlsx-restored.xlsx",
2026-10-04T00:07:41.6619689Z     "verified": true,
2026-10-04T00:07:41.6619834Z     "id": "different-untyped-credit",
2026-10-04T00:07:41.6619986Z     "format": "xlsx",
2026-10-04T00:07:41.6620113Z     "approved": 0,
2026-10-04T00:07:41.6620247Z     "engine": "0.3.26-experimental"
2026-10-04T00:07:41.6620385Z   },
2026-10-04T00:07:41.6620488Z   {
2026-10-04T00:07:41.6620678Z     "workbook": "work/unknown-role/same-untyped-credit-csv-direct.xlsx",
2026-10-04T00:07:41.6620892Z     "verified": true,
2026-10-04T00:07:41.6621036Z     "id": "same-untyped-credit",
2026-10-04T00:07:41.6621192Z     "format": "csv",
2026-10-04T00:07:41.6621317Z     "approved": 0,
2026-10-04T00:07:41.6621456Z     "engine": "0.3.26-experimental"
2026-10-04T00:07:41.6621595Z   },
2026-10-04T00:07:41.6621695Z   {
2026-10-04T00:07:41.6621887Z     "workbook": "work/unknown-role/same-untyped-credit-csv-restored.xlsx",
2026-10-04T00:07:41.6622103Z     "verified": true,
2026-10-04T00:07:41.6622248Z     "id": "same-untyped-credit",
2026-10-04T00:07:41.6622394Z     "format": "csv",
2026-10-04T00:07:41.6622521Z     "approved": 0,
2026-10-04T00:07:41.6622664Z     "engine": "0.3.26-experimental"
2026-10-04T00:07:41.6622804Z   },
2026-10-04T00:07:41.6622907Z   {
2026-10-04T00:07:41.6623094Z     "workbook": "work/unknown-role/same-untyped-credit-xlsx-direct.xlsx",
2026-10-04T00:07:41.6623303Z     "verified": true,
2026-10-04T00:07:41.6623445Z     "id": "same-untyped-credit",
2026-10-04T00:07:41.6623586Z     "format": "xlsx",
2026-10-04T00:07:41.6623711Z     "approved": 0,
2026-10-04T00:07:41.6623853Z     "engine": "0.3.26-experimental"
2026-10-04T00:07:41.6623993Z   },
2026-10-04T00:07:41.6624095Z   {
2026-10-04T00:07:41.6624288Z     "workbook": "work/unknown-role/same-untyped-credit-xlsx-restored.xlsx",
2026-10-04T00:07:41.6624504Z     "verified": true,
2026-10-04T00:07:41.6624643Z     "id": "same-untyped-credit",
2026-10-04T00:07:41.6624784Z     "format": "xlsx",
2026-10-04T00:07:41.6624910Z     "approved": 0,
2026-10-04T00:07:41.6625046Z     "engine": "0.3.26-experimental"
2026-10-04T00:07:41.6625614Z   }
2026-10-04T00:07:41.6625769Z ]
2026-10-04T00:07:41.7467922Z test_native_and_restored_exports (test_check_export.UnknownCreditOracle.test_native_and_restored_exports) ... ok
2026-10-04T00:07:41.7830556Z test_native_role_and_financial_tampering (test_check_export.UnknownCreditOracle.test_native_role_and_financial_tampering) ... ok
2026-10-04T00:07:41.7830927Z 
2026-10-04T00:07:41.7831096Z ----------------------------------------------------------------------
2026-10-04T00:07:41.7831319Z Ran 2 tests in 0.079s
2026-10-04T00:07:41.7831419Z 
2026-10-04T00:07:41.7831472Z OK
2026-10-04T00:07:41.7949031Z ##[group]Run REQUIRE_P5_PASS=1 node --experimental-strip-types audit/assistant-evidence/run.mjs . work/p5-native
2026-10-04T00:07:41.7949478Z [36;1mREQUIRE_P5_PASS=1 node --experimental-strip-types audit/assistant-evidence/run.mjs . work/p5-native[0m
2026-10-04T00:07:41.7949932Z [36;1mpython3 audit/assistant-evidence/check_export.py work/p5-native/*.xlsx --answers work/p5-native/observations.json[0m
2026-10-04T00:07:41.7950306Z [36;1mpython3 -m unittest discover -s audit/assistant-evidence -p 'test_*.py' -v[0m
2026-10-04T00:07:41.8003251Z shell: /usr/bin/bash -e {0}
2026-10-04T00:07:41.8003399Z env:
2026-10-04T00:07:41.8003547Z   PNPM_HOME: /home/runner/setup-pnpm/node_modules/.bin
2026-10-04T00:07:41.8003724Z ##[endgroup]
2026-10-04T00:07:42.1794088Z {"engine":"0.3.26-experimental","passed":4,"total":4,"cases":[{"id":"untyped-credit","passed":true,"kind":"transaction","lookup":["supplier:0:2"],"probes":[]},{"id":"unselected-reference","passed":true,"kind":"transaction","lookup":["supplier:0:2","ledger:0:2"],"probes":[]},{"id":"balanced-variance","passed":true,"kind":"difference","lookup":[],"probes":[{"name":"invented-case-total","passed":true},{"name":"invented-bridge","passed":true},{"name":"invented-count","passed":true},{"name":"display-member-drift","passed":true}]},{"id":"partial-source","passed":true,"kind":"transaction","lookup":["supplier:0:2","ledger:0:2"],"probes":[]}]}
2026-10-04T00:07:42.2395416Z {
2026-10-04T00:07:42.2395689Z   "workbooks": [
2026-10-04T00:07:42.2395915Z     {
2026-10-04T00:07:42.2396248Z       "workbook": "work/p5-native/balanced-variance-direct.xlsx",
2026-10-04T00:07:42.2396569Z       "verified": true,
2026-10-04T00:07:42.2396809Z       "id": "balanced-variance",
2026-10-04T00:07:42.2397163Z       "approved": 0,
2026-10-04T00:07:42.2397395Z       "engine": "0.3.26-experimental"
2026-10-04T00:07:42.2397622Z     },
2026-10-04T00:07:42.2397789Z     {
2026-10-04T00:07:42.2398072Z       "workbook": "work/p5-native/balanced-variance-restored.xlsx",
2026-10-04T00:07:42.2398289Z       "verified": true,
2026-10-04T00:07:42.2398439Z       "id": "balanced-variance",
2026-10-04T00:07:42.2398587Z       "approved": 0,
2026-10-04T00:07:42.2398730Z       "engine": "0.3.26-experimental"
2026-10-04T00:07:42.2398874Z     },
2026-10-04T00:07:42.2398980Z     {
2026-10-04T00:07:42.2399150Z       "workbook": "work/p5-native/partial-source-direct.xlsx",
2026-10-04T00:07:42.2399347Z       "verified": true,
2026-10-04T00:07:42.2399488Z       "id": "partial-source",
2026-10-04T00:07:42.2399630Z       "approved": 1,
2026-10-04T00:07:42.2399773Z       "engine": "0.3.26-experimental"
2026-10-04T00:07:42.2399917Z     },
2026-10-04T00:07:42.2400020Z     {
2026-10-04T00:07:42.2400189Z       "workbook": "work/p5-native/partial-source-restored.xlsx",
2026-10-04T00:07:42.2400384Z       "verified": true,
2026-10-04T00:07:42.2400516Z       "id": "partial-source",
2026-10-04T00:07:42.2400652Z       "approved": 1,
2026-10-04T00:07:42.2400799Z       "engine": "0.3.26-experimental"
2026-10-04T00:07:42.2400940Z     },
2026-10-04T00:07:42.2401041Z     {
2026-10-04T00:07:42.2401218Z       "workbook": "work/p5-native/unselected-reference-direct.xlsx",
2026-10-04T00:07:42.2401418Z       "verified": true,
2026-10-04T00:07:42.2401565Z       "id": "unselected-reference",
2026-10-04T00:07:42.2401730Z       "approved": 1,
2026-10-04T00:07:42.2401870Z       "engine": "0.3.26-experimental"
2026-10-04T00:07:42.2402008Z     },
2026-10-04T00:07:42.2402110Z     {
2026-10-04T00:07:42.2402288Z       "workbook": "work/p5-native/unselected-reference-restored.xlsx",
2026-10-04T00:07:42.2402489Z       "verified": true,
2026-10-04T00:07:42.2402636Z       "id": "unselected-reference",
2026-10-04T00:07:42.2402787Z       "approved": 1,
2026-10-04T00:07:42.2402927Z       "engine": "0.3.26-experimental"
2026-10-04T00:07:42.2403070Z     },
2026-10-04T00:07:42.2403174Z     {
2026-10-04T00:07:42.2403340Z       "workbook": "work/p5-native/untyped-credit-direct.xlsx",
2026-10-04T00:07:42.2403529Z       "verified": true,
2026-10-04T00:07:42.2404014Z       "id": "untyped-credit",
2026-10-04T00:07:42.2404155Z       "approved": 0,
2026-10-04T00:07:42.2404295Z       "engine": "0.3.26-experimental"
2026-10-04T00:07:42.2404436Z     },
2026-10-04T00:07:42.2404542Z     {
2026-10-04T00:07:42.2404709Z       "workbook": "work/p5-native/untyped-credit-restored.xlsx",
2026-10-04T00:07:42.2404899Z       "verified": true,
2026-10-04T00:07:42.2405034Z       "id": "untyped-credit",
2026-10-04T00:07:42.2405172Z       "approved": 0,
2026-10-04T00:07:42.2405309Z       "engine": "0.3.26-experimental"
2026-10-04T00:07:42.2405447Z     }
2026-10-04T00:07:42.2405551Z   ],
2026-10-04T00:07:42.2405661Z   "answers": {
2026-10-04T00:07:42.2405787Z     "answersVerified": 4,
2026-10-04T00:07:42.2405942Z     "engine": "0.3.26-experimental"
2026-10-04T00:07:42.2406080Z   },
2026-10-04T00:07:42.2406188Z   "browser": null
2026-10-04T00:07:42.2406306Z }
2026-10-04T00:07:42.3026279Z test_native_and_restored_exports_and_answers (test_check_export.AssistantEvidenceOracle.test_native_and_restored_exports_and_answers) ... ok
2026-10-04T00:07:42.3312266Z test_oracle_rejects_source_money_and_answer_tampering (test_check_export.AssistantEvidenceOracle.test_oracle_rejects_source_money_and_answer_tampering) ... ok
2026-10-04T00:07:42.3312789Z 
2026-10-04T00:07:42.3312939Z ----------------------------------------------------------------------
2026-10-04T00:07:42.3313156Z Ran 2 tests in 0.046s
2026-10-04T00:07:42.3313244Z 
2026-10-04T00:07:42.3313297Z OK
2026-10-04T00:07:42.3424636Z ##[group]Run pnpm test:reliability:p2
2026-10-04T00:07:42.3424844Z [36;1mpnpm test:reliability:p2[0m
2026-10-04T00:07:42.3478724Z shell: /usr/bin/bash -e {0}
2026-10-04T00:07:42.3478871Z env:
2026-10-04T00:07:42.3479018Z   PNPM_HOME: /home/runner/setup-pnpm/node_modules/.bin
2026-10-04T00:07:42.3479198Z ##[endgroup]
2026-10-04T00:07:42.9040840Z Already up to date
2026-10-04T00:07:42.9045476Z Done in 255ms using pnpm v11.19.0
2026-10-04T00:07:42.9172510Z $ node scripts/test-p2-contracts.mjs
2026-10-04T00:07:43.2666107Z {
2026-10-04T00:07:43.2666493Z   "engineVersion": "0.3.26-experimental",
2026-10-04T00:07:43.2666794Z   "cases": 19,
2026-10-04T00:07:43.2667165Z   "passed": 19,
2026-10-04T00:07:43.2667354Z   "failed": 0,
2026-10-04T00:07:43.2667557Z   "requiredAutoGroups": 11,
2026-10-04T00:07:43.2667817Z   "satisfiedRequiredGroups": 11,
2026-10-04T00:07:43.2668067Z   "falseApprovedGroups": 0,
2026-10-04T00:07:43.2668291Z   "operationExceptions": 0,
2026-10-04T00:07:43.2668607Z   "engineLibFilesUnchanged": true,
2026-10-04T00:07:43.2668842Z   "failedIds": [],
2026-10-04T00:07:43.2669270Z   "output": "/home/runner/work/accounting/accounting/work/p2-regression/run-d5ZRPo/independent.json"
2026-10-04T00:07:43.2669674Z }
2026-10-04T00:07:43.5661747Z {
2026-10-04T00:07:43.5662116Z   "engineVersion": "0.3.26-experimental",
2026-10-04T00:07:43.5662426Z   "cases": 10,
2026-10-04T00:07:43.5662622Z   "passed": 10,
2026-10-04T00:07:43.5662853Z   "failed": 0,
2026-10-04T00:07:43.5663057Z   "requiredAutoGroups": 7,
2026-10-04T00:07:43.5663310Z   "satisfiedRequiredGroups": 7,
2026-10-04T00:07:43.5663551Z   "falseApprovedGroups": 0,
2026-10-04T00:07:43.5663774Z   "operationExceptions": 0,
2026-10-04T00:07:43.5664028Z   "engineLibFilesUnchanged": true,
2026-10-04T00:07:43.5664263Z   "failedIds": [],
2026-10-04T00:07:43.5664671Z   "output": "/home/runner/work/accounting/accounting/work/p2-regression/run-d5ZRPo/holdout.json"
2026-10-04T00:07:43.5665057Z }
2026-10-04T00:07:43.8470206Z {
2026-10-04T00:07:43.8470592Z   "engineVersion": "0.3.26-experimental",
2026-10-04T00:07:43.8470843Z   "cases": 8,
2026-10-04T00:07:43.8470982Z   "passed": 8,
2026-10-04T00:07:43.8471103Z   "failed": 0,
2026-10-04T00:07:43.8471237Z   "requiredAutoGroups": 6,
2026-10-04T00:07:43.8471407Z   "satisfiedRequiredGroups": 6,
2026-10-04T00:07:43.8471571Z   "falseApprovedGroups": 0,
2026-10-04T00:07:43.8471720Z   "operationExceptions": 0,
2026-10-04T00:07:43.8471889Z   "engineLibFilesUnchanged": true,
2026-10-04T00:07:43.8472053Z   "failedIds": [],
2026-10-04T00:07:43.8472327Z   "output": "/home/runner/work/accounting/accounting/work/p2-regression/run-d5ZRPo/holdout-v2.json"
2026-10-04T00:07:43.8472593Z }
2026-10-04T00:07:43.8593340Z P2 regression contracts passed. Evidence: /home/runner/work/accounting/accounting/work/p2-regression/run-d5ZRPo
2026-10-04T00:07:43.8771839Z ##[group]Run pnpm test:reliability:partial
2026-10-04T00:07:43.8772056Z [36;1mpnpm test:reliability:partial[0m
2026-10-04T00:07:43.8825650Z shell: /usr/bin/bash -e {0}
2026-10-04T00:07:43.8825803Z env:
2026-10-04T00:07:43.8825954Z   PNPM_HOME: /home/runner/setup-pnpm/node_modules/.bin
2026-10-04T00:07:43.8826135Z ##[endgroup]
2026-10-04T00:07:44.4446639Z Already up to date
2026-10-04T00:07:44.4450944Z Done in 257ms using pnpm v11.19.0
2026-10-04T00:07:44.4574443Z $ node scripts/test-partial-contracts.mjs
2026-10-04T00:07:45.1799798Z {
2026-10-04T00:07:45.1800102Z   "cases": 16,
2026-10-04T00:07:45.1800334Z   "passed": 16,
2026-10-04T00:07:45.1800910Z   "failed": 0,
2026-10-04T00:07:45.1801122Z   "requiredPositiveSets": 15,
2026-10-04T00:07:45.1801413Z   "satisfiedPositiveSets": 15,
2026-10-04T00:07:45.1801638Z   "falseApprovedSets": 0,
2026-10-04T00:07:45.1801892Z   "unexpectedOperationExceptions": 0,
2026-10-04T00:07:45.1802162Z   "engineLibFilesUnchanged": true,
2026-10-04T00:07:45.1802661Z   "out": "/home/runner/work/accounting/accounting/work/partial-regression/run-HnamFo/contracts.json"
2026-10-04T00:07:45.1803064Z }
2026-10-04T00:07:45.4920607Z {
2026-10-04T00:07:45.4920880Z   "completed": true,
2026-10-04T00:07:45.4921093Z   "engineUnchanged": true,
2026-10-04T00:07:45.4921285Z   "engine": "0.3.26-experimental",
2026-10-04T00:07:45.4921585Z   "out": "/home/runner/work/accounting/accounting/work/partial-regression/run-HnamFo/reviewed"
2026-10-04T00:07:45.4921836Z }
2026-10-04T00:07:45.5479446Z {"checkerSha256": "6475352b77f71a35c0ecf8ccfa51ec71630c5f8e80eacde37514e1c873014bdf", "observedAtUtc": "2026-10-04T00:07:45.534403+00:00", "passed": true, "frozenBefore": "0b10b982659d984e9298082c0a76bb183fcd6d30abb8c34a5be520fed9a57e7e", "workbookSha256": "796ecacb2d2afdc1d7dc18c96a7310576c8a15ba6ad974bf5ce249216178144c", "observations": {"originalSourcePreservation": {"passed": true, "readableRows": 5, "readingIssues": [{"sourceRowId": "supplier:0:3", "reason": "المبلغ غير صالح أو يتجاوز عدد المنازل العشرية للعملة", "originalAmount": "12x.34"}], "issueTraceEncoding": "Source File + Side + Source Sheet CSV + Source Row; contract IDs reconstructed for selected sheet 0"}, "partialSummaryAndReview": {"passed": true, "processedTotalsMinor": {"supplier": 8550, "ledger": 9784}, "processedTotalFields": {"supplier": "Supplier Processed Transaction Total", "ledger": "Ledger Processed Transaction Total"}, "partialSummaryFields": {"Reading Status": "Partial — reading issues remain open", "Workbook Mode": "Partial transaction snapshot for review. Reading issues remain open; totals cover processed transactions only. Not a complete reconciliation."}, "bridgeStatus": "Balance bridge prerequisites incomplete", "reviewCompleted": "Review recorded; reading issues remain open", "reviewApproval": "Not approved — review completion is not an approval declaration"}, "originalSourceHashBinding": {"passed": true, "sourceProvenance": {"manifestSha256": "0b10b982659d984e9298082c0a76bb183fcd6d30abb8c34a5be520fed9a57e7e"}}, "requiredCompletion": {"requiredPairs": 2, "actualMatchedCases": 2, "requiredMemberSets": [{"supplierRows": [2], "ledgerRows": [2], "supplierTotalMinor": 12575, "ledgerTotalMinor": 12575}, {"supplierRows": [4], "ledgerRows": [4], "supplierTotalMinor": -4025, "ledgerTotalMinor": -4025}]}}, "contract": "PR01", "requiredPairs": 2, "requiredPairsSatisfied": 2, "falseApprovedPairs": 0, "matchedSourceRows": 4, "readableSourceRows": 5, "invalidRowsRetained": [{"sourceRowId": "supplier:0:3", "reason": "المبلغ غير صالح أو يتجاوز عدد المنازل العشرية للعملة", "originalAmount": "12x.34"}], "processedTotalsMinor": {"supplier": 8550, "ledger": 9784}, "processedTotalFields": {"supplier": "Supplier Processed Transaction Total", "ledger": "Ledger Processed Transaction Total"}, "partialSummaryFields": {"Reading Status": "Partial — reading issues remain open", "Workbook Mode": "Partial transaction snapshot for review. Reading issues remain open; totals cover processed transactions only. Not a complete reconciliation."}, "bridgeStatus": "Balance bridge prerequisites incomplete", "reviewCompleted": "Review recorded; reading issues remain open", "reviewApproval": "Not approved — review completion is not an approval declaration", "xmlPartsParsed": 33, "sourceProvenance": {"manifestSha256": "0b10b982659d984e9298082c0a76bb183fcd6d30abb8c34a5be520fed9a57e7e"}, "scope": "Independent synthetic literal sources, error preservation and financial member sets. No engine/ExcelJS imports or formula recalculation.", "frozenAfter": "0b10b982659d984e9298082c0a76bb183fcd6d30abb8c34a5be520fed9a57e7e"}
2026-10-04T00:07:45.5540421Z Partial reconciliation regression evidence: /home/runner/work/accounting/accounting/work/partial-regression/run-HnamFo
2026-10-04T00:07:45.5738407Z ##[group]Run pnpm test:reliability:quick
2026-10-04T00:07:45.5738625Z [36;1mpnpm test:reliability:quick[0m
2026-10-04T00:07:45.5792478Z shell: /usr/bin/bash -e {0}
2026-10-04T00:07:45.5792632Z env:
2026-10-04T00:07:45.5792779Z   PNPM_HOME: /home/runner/setup-pnpm/node_modules/.bin
2026-10-04T00:07:45.5792959Z ##[endgroup]
2026-10-04T00:07:46.1395836Z Already up to date
2026-10-04T00:07:46.1400723Z Done in 260ms using pnpm v11.19.0
2026-10-04T00:07:46.1534355Z $ node --experimental-strip-types audit/reliability/run.mjs --quick
2026-10-04T00:07:47.4610394Z {"completed":40,"total":40,"pass":40,"safetyFailures":0,"elapsedSeconds":1}
2026-10-04T00:07:47.4638196Z {"output":"/home/runner/work/accounting/accounting/work/reliability/2026-10-04T00-07-46-396Z","overall":{"cases":40,"passed":40,"safetyPassed":40,"resultsProduced":22,"completeSourceReads":22,"partialOrUnverifiedResults":0,"sourceReadErrors":0,"unprovenFormatDefaults":2,"casesWithUnprovenFormatDefaults":2,"completedComparisons":22,"completedWithoutManualCorrection":0,"automaticallyDerivedInputs":15,"explicitAttestations":192,"needsChosenInterpretation":16,"suppliedExternalFacts":0,"conditionalRequiredMatches":13,"resolvedInputRequiredMatches":12,"completedAutomatically":0,"outcomes":{"external-information-required":15,"completed-comparison":22,"controlled-stop":3},"interventionLevels":{"limited-confirmation":16,"manual-correction":24},"requiredInterventionLevels":{"human-external":15,"manual-correction":24,"limited-confirmation":1},"byIntervention":{"automatic":{"cases":0,"completedComparisons":0},"limited-confirmation":{"cases":16,"completedComparisons":0},"manual-correction":{"cases":24,"completedComparisons":22},"human-external":{"cases":0,"completedComparisons":0}},"ambiguityGate":{"refused":15},"ambiguityGateAnswered":{"accepted-with-choice":14,"blocked-by-other-field":1},"unresolvedInputs":{"supplier.numberFormat":11,"ledger.numberFormat":4},"permittedMatches":25,"expectedMatches":25,"correctRequiredMatches":12,"correctMatches":12,"missedRequiredMatches":13,"permittedGroups":0,"acceptedGroups":0,"requiredGroups":0,"acceptedRequiredGroups":0,"missedRequiredGroups":0,"groupAssessmentClasses":{"review":2},"groupBusinessTasks":{"payment-matching":2},"falseMatches":0,"falseMatchMinorByCurrency":{},"expectedRows":102,"validExpectedRows":97,"extractedRows":55,"excludedRows":1,"exportsChecked":22,"bridgesChecked":22,"automaticColumnSelection":40,"stopped":18,"exceptionRows":51,"handledExceptionRows":51,"confirmations":{"supplier: numberFormat needs outside-document information; no oracle default supplied":11,"ledger: PDF visual review required":5,"ledger: numberFormat needs outside-document information; no oracle default supplied":4,"supplier: PDF visual review required":6},"failures":{},"metricDefinitions":{"resultProduced":"The engine returned a result object, including diagnostic partial results. This is not completed accounting work.","completedComparison":"A result was produced after both sources had no row errors or independently detected missing/changed rows and no unproven format default. Correctness and required-decision completion are separately reported.","unprovenFormatDefaults":"Diagnostic normalization used the product default after format inference returned invalid/unavailable. This is not a confirmed or automatically proved interpretation.","passed":"All evaluator assertions passed; a safe unresolved-input stop is NOT a completed reconciliation.","completedAutomatically":"Completed with no confirmation, manual mapping or external information. Ordinary Reconcile clicks do not count as interpretation. Actual scope/sign/PDF attestations do count.","expectedMatches":"Expected decisions conditional on resolving any ambiguous input convention; conditionalRequiredMatches are separated from resolvedInputRequiredMatches. Missed counts include cases stopped before comparison.","falseMatchDenominator":"Accepted decisions only; report alongside required completion and unresolved-input counts, never alone.","groupUnit":"One document-lines or whole-payment reconciliation decision, not individual source rows or payment-to-invoice allocation."}},"elapsedSeconds":1.054727116}
2026-10-04T00:07:47.5011521Z ##[group]Run node --experimental-strip-types audit/stress/export-corpus.mjs
2026-10-04T00:07:47.5011848Z [36;1mnode --experimental-strip-types audit/stress/export-corpus.mjs[0m
2026-10-04T00:07:47.5012081Z [36;1mpython3 audit/stress/check_openxml.py[0m
2026-10-04T00:07:47.5064745Z shell: /usr/bin/bash -e {0}
2026-10-04T00:07:47.5064898Z env:
2026-10-04T00:07:47.5065045Z   PNPM_HOME: /home/runner/setup-pnpm/node_modules/.bin
2026-10-04T00:07:47.5065219Z ##[endgroup]
2026-10-04T00:07:48.0470219Z 18 independent-check workbooks generated
2026-10-04T00:07:48.1733133Z {
2026-10-04T00:07:48.1733400Z   "workbooks": 18,
2026-10-04T00:07:48.1733630Z   "numeric_cells_verified_exactly": 288,
2026-10-04T00:07:48.1733818Z   "native_dates_verified": 504,
2026-10-04T00:07:48.1733973Z   "decimal_formats": "pass",
2026-10-04T00:07:48.1734165Z   "engine_formula_cells_verified": 180,
2026-10-04T00:07:48.1734336Z   "untrusted_formula_cells": 0,
2026-10-04T00:07:48.1734477Z   "zip_crc": "pass",
2026-10-04T00:07:48.1734638Z   "xml_parse": "pass",
2026-10-04T00:07:48.1734770Z   "bilingual_text": "pass",
2026-10-04T00:07:48.1734980Z   "verifier": "Python stdlib ZIP/XML/Decimal; independent of ExcelJS"
2026-10-04T00:07:48.1735180Z }
2026-10-04T00:07:48.1823822Z ##[group]Run pnpm build
2026-10-04T00:07:48.1823992Z [36;1mpnpm build[0m
2026-10-04T00:07:48.1878617Z shell: /usr/bin/bash -e {0}
2026-10-04T00:07:48.1878795Z env:
2026-10-04T00:07:48.1878954Z   PNPM_HOME: /home/runner/setup-pnpm/node_modules/.bin
2026-10-04T00:07:48.1879138Z ##[endgroup]
2026-10-04T00:07:48.7523120Z Already up to date
2026-10-04T00:07:48.7526834Z Done in 254ms using pnpm v11.19.0
2026-10-04T00:07:48.7661609Z $ node scripts/prepare-ocr-assets.mjs && vite build && node scripts/harden-build.mjs
2026-10-04T00:07:48.8215690Z Prepared local OCR assets: pinned English/Arabic models; no data connections.
2026-10-04T00:07:49.0387488Z [36mvite v8.0.16 [32mbuilding client environment for production...[36m[39m
2026-10-04T00:07:49.0507232Z [2K
2026-10-04T00:07:50.2038160Z transforming...✓ 2145 modules transformed.
2026-10-04T00:07:50.3678461Z rendering chunks...
2026-10-04T00:07:50.5558320Z computing gzip size...
2026-10-04T00:07:50.5943859Z dist/index.html                                3.30 kB │ gzip:     1.07 kB
2026-10-04T00:07:50.5944456Z dist/assets/index-CNGhaTo_.css               234.41 kB │ gzip:    39.16 kB
2026-10-04T00:07:50.5945028Z dist/assets/visual-image-CaZsk65l.js           3.06 kB │ gzip:     1.53 kB
2026-10-04T00:07:50.5945599Z dist/assets/visual-ocr-client-BhVKcJsu.js      5.05 kB │ gzip:     2.30 kB
2026-10-04T00:07:50.5946164Z dist/assets/visual-renderer-QpzSLT3w.js        8.81 kB │ gzip:     3.89 kB
2026-10-04T00:07:50.5946705Z dist/assets/pdfjs-BvlvQ5M7.js              1,601.95 kB │ gzip:   492.96 kB
2026-10-04T00:07:50.5947454Z dist/assets/index-Cmu1kow5.js              3,722.81 kB │ gzip: 1,119.85 kB
2026-10-04T00:07:50.5947698Z 
2026-10-04T00:07:50.5950731Z [33m[33m[INEFFECTIVE_DYNAMIC_IMPORT] [0mlib/reconciliation/visual-draft.ts is dynamically imported by components/visual-reader.tsx but also statically imported by lib/reconciliation/visual-review.ts, dynamic import will not move module into another chunk.
2026-10-04T00:07:50.5951444Z [39m
2026-10-04T00:07:50.5951841Z [33m[plugin builtin:vite-reporter] 
2026-10-04T00:07:50.5952288Z (!) Some chunks are larger than 500 kB after minification. Consider:
2026-10-04T00:07:50.5952719Z - Using dynamic import() to code-split the application
2026-10-04T00:07:50.5953488Z - Use build.rolldownOptions.output.codeSplitting to improve chunking: https://rolldown.rs/reference/OutputOptions.codeSplitting
2026-10-04T00:07:50.5954252Z - Adjust chunk size limit for this warning via build.chunkSizeWarningLimit.[39m
2026-10-04T00:07:50.5955338Z [33m[33m[INEFFECTIVE_DYNAMIC_IMPORT] [0mlib/reconciliation/visual-assets.ts is dynamically imported by components/visual-reader.tsx but also statically imported by lib/reconciliation/visual-review.ts, dynamic import will not move module into another chunk.
2026-10-04T00:07:50.5956426Z [39m
2026-10-04T00:07:50.5958255Z [33m[33m[INEFFECTIVE_DYNAMIC_IMPORT] [0mlib/reconciliation/visual-accounting-source.ts is dynamically imported by lib/reconciliation/worker-client.ts but also statically imported by app/page.tsx, components/visual-accounting-review.tsx, components/visual-reader.tsx, lib/reconciliation/core.ts, lib/reconciliation/source-boundary.ts, dynamic import will not move module into another chunk.
2026-10-04T00:07:50.5959201Z [39m
2026-10-04T00:07:50.5959418Z [32m✓ built in 1.55s[39m
2026-10-04T00:07:50.6581796Z Static social metadata verified: local PNG, 1200 × 630, 38861 bytes, no JavaScript required.
2026-10-04T00:07:50.6684943Z Static build hardened: local scripts/worker, no app data connections, relative paths.
2026-10-04T00:07:50.6875387Z ##[group]Run pnpm exec playwright install --with-deps chromium
2026-10-04T00:07:50.6875671Z [36;1mpnpm exec playwright install --with-deps chromium[0m
2026-10-04T00:07:50.6930048Z shell: /usr/bin/bash -e {0}
2026-10-04T00:07:50.6930206Z env:
2026-10-04T00:07:50.6930359Z   PNPM_HOME: /home/runner/setup-pnpm/node_modules/.bin
2026-10-04T00:07:50.6930540Z ##[endgroup]
2026-10-04T00:07:51.2349919Z Already up to date
2026-10-04T00:07:51.2354537Z Done in 250ms using pnpm v11.19.0
2026-10-04T00:07:51.5549589Z Installing dependencies...
2026-10-04T00:07:51.5606358Z Switching to root user to install dependencies...
2026-10-04T00:07:51.6842905Z Get:1 file:/etc/apt/apt-mirrors.txt Mirrorlist [144 B]
2026-10-04T00:07:51.7227467Z Hit:2 http://azure.archive.ubuntu.com/ubuntu noble InRelease
2026-10-04T00:07:51.7231128Z Get:6 https://packages.microsoft.com/ubuntu/24.04/prod noble InRelease [3600 B]
2026-10-04T00:07:51.7267791Z Get:3 http://azure.archive.ubuntu.com/ubuntu noble-updates InRelease [126 kB]
2026-10-04T00:07:51.7317309Z Get:4 http://azure.archive.ubuntu.com/ubuntu noble-backports InRelease [126 kB]
2026-10-04T00:07:51.7367360Z Get:5 http://azure.archive.ubuntu.com/ubuntu noble-security InRelease [126 kB]
2026-10-04T00:07:51.8770706Z Get:7 https://packages.microsoft.com/ubuntu/24.04/prod noble/main amd64 Packages [511 kB]
2026-10-04T00:07:51.8995759Z Get:8 https://packages.microsoft.com/ubuntu/24.04/prod noble/main arm64 Packages [458 kB]
2026-10-04T00:07:51.9058193Z Get:9 https://packages.microsoft.com/ubuntu/24.04/prod noble/main armhf Packages [12.6 kB]
2026-10-04T00:07:51.9097904Z Get:10 http://azure.archive.ubuntu.com/ubuntu noble-updates/main amd64 Packages [1364 kB]
2026-10-04T00:07:51.9125376Z Get:11 http://azure.archive.ubuntu.com/ubuntu noble-updates/main Translation-en [304 kB]
2026-10-04T00:07:51.9145067Z Get:12 http://azure.archive.ubuntu.com/ubuntu noble-updates/main amd64 Components [181 kB]
2026-10-04T00:07:51.9159303Z Get:13 http://azure.archive.ubuntu.com/ubuntu noble-updates/universe amd64 Packages [1699 kB]
2026-10-04T00:07:51.9232612Z Get:14 http://azure.archive.ubuntu.com/ubuntu noble-updates/universe Translation-en [341 kB]
2026-10-04T00:07:51.9238124Z Get:15 http://azure.archive.ubuntu.com/ubuntu noble-updates/universe amd64 Components [388 kB]
2026-10-04T00:07:51.9257193Z Get:16 http://azure.archive.ubuntu.com/ubuntu noble-updates/restricted amd64 Packages [1720 kB]
2026-10-04T00:07:51.9318463Z Get:17 http://azure.archive.ubuntu.com/ubuntu noble-updates/restricted Translation-en [394 kB]
2026-10-04T00:07:51.9338028Z Get:18 http://azure.archive.ubuntu.com/ubuntu noble-updates/multiverse amd64 Components [940 B]
2026-10-04T00:07:51.9508993Z Get:19 http://azure.archive.ubuntu.com/ubuntu noble-backports/main amd64 Components [5736 B]
2026-10-04T00:07:51.9938315Z Get:20 http://azure.archive.ubuntu.com/ubuntu noble-backports/universe amd64 Components [12.6 kB]
2026-10-04T00:07:51.9950413Z Get:21 http://azure.archive.ubuntu.com/ubuntu noble-security/main amd64 Packages [1069 kB]
2026-10-04T00:07:51.9998014Z Get:22 http://azure.archive.ubuntu.com/ubuntu noble-security/main Translation-en [221 kB]
2026-10-04T00:07:52.0010588Z Get:23 http://azure.archive.ubuntu.com/ubuntu noble-security/main amd64 Components [46.5 kB]
2026-10-04T00:07:52.0020153Z Get:24 http://azure.archive.ubuntu.com/ubuntu noble-security/universe amd64 Packages [1216 kB]
2026-10-04T00:07:52.0063531Z Get:25 http://azure.archive.ubuntu.com/ubuntu noble-security/universe Translation-en [244 kB]
2026-10-04T00:07:52.0077180Z Get:26 http://azure.archive.ubuntu.com/ubuntu noble-security/universe amd64 Components [76.3 kB]
2026-10-04T00:07:52.0087984Z Get:27 http://azure.archive.ubuntu.com/ubuntu noble-security/restricted amd64 Packages [1566 kB]
2026-10-04T00:07:52.0157590Z Get:28 http://azure.archive.ubuntu.com/ubuntu noble-security/restricted Translation-en [361 kB]
2026-10-04T00:08:00.6744611Z Fetched 12.6 MB in 1s (11.0 MB/s)
2026-10-04T00:08:01.3105586Z Reading package lists...
2026-10-04T00:08:01.3301677Z Reading package lists...
2026-10-04T00:08:01.5161298Z Building dependency tree...
2026-10-04T00:08:01.5167594Z Reading state information...
2026-10-04T00:08:01.6579918Z libasound2t64 is already the newest version (1.2.11-1ubuntu0.3).
2026-10-04T00:08:01.6580518Z libasound2t64 set to manually installed.
2026-10-04T00:08:01.6581093Z libatk-bridge2.0-0t64 is already the newest version (2.52.0-1build1).
2026-10-04T00:08:01.6581706Z libatk-bridge2.0-0t64 set to manually installed.
2026-10-04T00:08:01.6582257Z libatk1.0-0t64 is already the newest version (2.52.0-1build1).
2026-10-04T00:08:01.6582758Z libatk1.0-0t64 set to manually installed.
2026-10-04T00:08:01.6583287Z libatspi2.0-0t64 is already the newest version (2.52.0-1build1).
2026-10-04T00:08:01.6583751Z libatspi2.0-0t64 set to manually installed.
2026-10-04T00:08:01.6584213Z libcairo2 is already the newest version (1.18.0-3build1).
2026-10-04T00:08:01.6584585Z libcairo2 set to manually installed.
2026-10-04T00:08:01.6585091Z libcups2t64 is already the newest version (2.4.7-1.2ubuntu7.14).
2026-10-04T00:08:01.6585561Z libcups2t64 set to manually installed.
2026-10-04T00:08:01.6586015Z libdbus-1-3 is already the newest version (1.14.10-4ubuntu4.1).
2026-10-04T00:08:01.6586446Z libdbus-1-3 set to manually installed.
2026-10-04T00:08:01.6586908Z libdrm2 is already the newest version (2.4.125-1ubuntu0.1~24.04.2).
2026-10-04T00:08:01.6588975Z libdrm2 set to manually installed.
2026-10-04T00:08:01.6589426Z libglib2.0-0t64 is already the newest version (2.80.0-6ubuntu3.9).
2026-10-04T00:08:01.6589786Z libglib2.0-0t64 set to manually installed.
2026-10-04T00:08:01.6590137Z libnspr4 is already the newest version (2:4.35-1.1build1).
2026-10-04T00:08:01.6590444Z libnspr4 set to manually installed.
2026-10-04T00:08:01.6590755Z libnss3 is already the newest version (2:3.98-1ubuntu0.2).
2026-10-04T00:08:01.6591020Z libnss3 set to manually installed.
2026-10-04T00:08:01.6591249Z libpango-1.0-0 is already the newest version (1.52.1+ds-1build1).
2026-10-04T00:08:01.6591485Z libpango-1.0-0 set to manually installed.
2026-10-04T00:08:01.6591713Z libx11-6 is already the newest version (2:1.8.7-1build1).
2026-10-04T00:08:01.6591915Z libx11-6 set to manually installed.
2026-10-04T00:08:01.6592118Z libxcb1 is already the newest version (1.15-1ubuntu2).
2026-10-04T00:08:01.6592316Z libxcb1 set to manually installed.
2026-10-04T00:08:01.6592540Z libxcomposite1 is already the newest version (1:0.4.5-1build3).
2026-10-04T00:08:01.6592766Z libxcomposite1 set to manually installed.
2026-10-04T00:08:01.6593103Z libxdamage1 is already the newest version (1:1.1.6-1build1).
2026-10-04T00:08:01.6593390Z libxdamage1 set to manually installed.
2026-10-04T00:08:01.6593603Z libxext6 is already the newest version (2:1.3.4-1build2).
2026-10-04T00:08:01.6593807Z libxext6 set to manually installed.
2026-10-04T00:08:01.6594020Z libxfixes3 is already the newest version (1:6.0.0-2build1).
2026-10-04T00:08:01.6594230Z libxfixes3 set to manually installed.
2026-10-04T00:08:01.6594453Z libxkbcommon0 is already the newest version (1.6.0-1build1).
2026-10-04T00:08:01.6595028Z libxkbcommon0 set to manually installed.
2026-10-04T00:08:01.6595247Z libxrandr2 is already the newest version (2:1.5.2-2build1).
2026-10-04T00:08:01.6595455Z libxrandr2 set to manually installed.
2026-10-04T00:08:01.6595676Z xvfb is already the newest version (2:21.1.12-1ubuntu1.8).
2026-10-04T00:08:01.6596081Z fonts-noto-color-emoji is already the newest version (2.047-0ubuntu0.24.04.1).
2026-10-04T00:08:01.6596383Z libfontconfig1 is already the newest version (2.15.0-1.1ubuntu2).
2026-10-04T00:08:01.6596611Z libfontconfig1 set to manually installed.
2026-10-04T00:08:01.6596851Z libfreetype6 is already the newest version (2.13.2+dfsg-1ubuntu0.1).
2026-10-04T00:08:01.6597240Z libfreetype6 set to manually installed.
2026-10-04T00:08:01.6597471Z fonts-liberation is already the newest version (1:2.1.5-3).
2026-10-04T00:08:01.6597695Z fonts-liberation set to manually installed.
2026-10-04T00:08:01.6598054Z The following additional packages will be installed:
2026-10-04T00:08:01.6598344Z   libgl1-mesa-dri libglx-mesa0 mesa-libgallium xfonts-encodings xfonts-utils
2026-10-04T00:08:01.6598576Z Recommended packages:
2026-10-04T00:08:01.6598733Z   fonts-ipafont-mincho fonts-tlwg-loma
2026-10-04T00:08:01.6908536Z The following NEW packages will be installed:
2026-10-04T00:08:01.6909159Z   fonts-freefont-ttf fonts-ipafont-gothic fonts-tlwg-loma-otf fonts-unifont
2026-10-04T00:08:01.6914104Z   fonts-wqy-zenhei xfonts-cyrillic xfonts-encodings xfonts-scalable
2026-10-04T00:08:01.6914522Z   xfonts-utils
2026-10-04T00:08:01.6917530Z The following packages will be upgraded:
2026-10-04T00:08:01.6920494Z   libgbm1 libgl1-mesa-dri libglx-mesa0 mesa-libgallium
2026-10-04T00:08:01.7057450Z 4 upgraded, 9 newly installed, 0 to remove and 21 not upgraded.
2026-10-04T00:08:01.7057848Z Need to get 32.1 MB of archives.
2026-10-04T00:08:01.7058094Z After this operation, 79.5 MB of additional disk space will be used.
2026-10-04T00:08:01.7058408Z Get:1 file:/etc/apt/apt-mirrors.txt Mirrorlist [144 B]
2026-10-04T00:08:01.7775113Z Get:2 http://azure.archive.ubuntu.com/ubuntu noble/universe amd64 fonts-ipafont-gothic all 00303-21ubuntu1 [3513 kB]
2026-10-04T00:08:01.8578258Z Get:3 http://azure.archive.ubuntu.com/ubuntu noble/main amd64 fonts-freefont-ttf all 20211204+svn4273-2 [5641 kB]
2026-10-04T00:08:01.9583439Z Get:4 http://azure.archive.ubuntu.com/ubuntu noble/universe amd64 fonts-tlwg-loma-otf all 1:0.7.3-1 [107 kB]
2026-10-04T00:08:01.9900677Z Get:5 http://azure.archive.ubuntu.com/ubuntu noble/universe amd64 fonts-unifont all 1:15.1.01-1build1 [2993 kB]
2026-10-04T00:08:02.0505197Z Get:6 http://azure.archive.ubuntu.com/ubuntu noble/universe amd64 fonts-wqy-zenhei all 0.9.45-8 [7472 kB]
2026-10-04T00:08:02.1553998Z Get:7 http://azure.archive.ubuntu.com/ubuntu noble-updates/main amd64 libgl1-mesa-dri amd64 25.2.8-0ubuntu0.24.04.4 [38.0 kB]
2026-10-04T00:08:02.1870300Z Get:8 http://azure.archive.ubuntu.com/ubuntu noble-updates/main amd64 libglx-mesa0 amd64 25.2.8-0ubuntu0.24.04.4 [110 kB]
2026-10-04T00:08:02.2190041Z Get:9 http://azure.archive.ubuntu.com/ubuntu noble-updates/main amd64 libgbm1 amd64 25.2.8-0ubuntu0.24.04.4 [34.2 kB]
2026-10-04T00:08:02.2506539Z Get:10 http://azure.archive.ubuntu.com/ubuntu noble-updates/main amd64 mesa-libgallium amd64 25.2.8-0ubuntu0.24.04.4 [10.8 MB]
2026-10-04T00:08:02.3905369Z Get:11 http://azure.archive.ubuntu.com/ubuntu noble/main amd64 xfonts-encodings all 1:1.0.5-0ubuntu2 [578 kB]
2026-10-04T00:08:02.4271011Z Get:12 http://azure.archive.ubuntu.com/ubuntu noble/main amd64 xfonts-utils amd64 1:7.7+6build3 [94.4 kB]
2026-10-04T00:08:02.4589139Z Get:13 http://azure.archive.ubuntu.com/ubuntu noble/universe amd64 xfonts-cyrillic all 1:1.0.5+nmu1 [384 kB]
2026-10-04T00:08:02.4934817Z Get:14 http://azure.archive.ubuntu.com/ubuntu noble/main amd64 xfonts-scalable all 1:1.0.3-1.3 [304 kB]
2026-10-04T00:08:02.7005345Z Fetched 32.1 MB in 1s (40.1 MB/s)
2026-10-04T00:08:02.7338134Z Selecting previously unselected package fonts-ipafont-gothic.
2026-10-04T00:08:02.7983504Z (Reading database ... 
2026-10-04T00:08:02.7984172Z (Reading database ... 5%
2026-10-04T00:08:02.7984522Z (Reading database ... 10%
2026-10-04T00:08:02.7984797Z (Reading database ... 15%
2026-10-04T00:08:02.7984959Z (Reading database ... 20%
2026-10-04T00:08:02.7985102Z (Reading database ... 25%
2026-10-04T00:08:02.7985257Z (Reading database ... 30%
2026-10-04T00:08:02.7985395Z (Reading database ... 35%
2026-10-04T00:08:02.7985537Z (Reading database ... 40%
2026-10-04T00:08:02.7985674Z (Reading database ... 45%
2026-10-04T00:08:02.7985808Z (Reading database ... 50%
2026-10-04T00:08:02.8288028Z (Reading database ... 55%
2026-10-04T00:08:03.2775299Z (Reading database ... 60%
2026-10-04T00:08:03.5517306Z (Reading database ... 65%
2026-10-04T00:08:03.8537743Z (Reading database ... 70%
2026-10-04T00:08:04.1477485Z (Reading database ... 75%
2026-10-04T00:08:04.4820166Z (Reading database ... 80%
2026-10-04T00:08:04.9950282Z (Reading database ... 85%
2026-10-04T00:08:05.6018815Z (Reading database ... 90%
2026-10-04T00:08:06.2274220Z (Reading database ... 95%
2026-10-04T00:08:06.2274602Z (Reading database ... 100%
2026-10-04T00:08:06.2275004Z (Reading database ... 202296 files and directories currently installed.)
2026-10-04T00:08:06.2312624Z Preparing to unpack .../00-fonts-ipafont-gothic_00303-21ubuntu1_all.deb ...
2026-10-04T00:08:06.2391488Z Unpacking fonts-ipafont-gothic (00303-21ubuntu1) ...
2026-10-04T00:08:06.4702741Z Selecting previously unselected package fonts-freefont-ttf.
2026-10-04T00:08:06.4805017Z Preparing to unpack .../01-fonts-freefont-ttf_20211204+svn4273-2_all.deb ...
2026-10-04T00:08:06.4812278Z Unpacking fonts-freefont-ttf (20211204+svn4273-2) ...
2026-10-04T00:08:06.5700035Z Selecting previously unselected package fonts-tlwg-loma-otf.
2026-10-04T00:08:06.5799634Z Preparing to unpack .../02-fonts-tlwg-loma-otf_1%3a0.7.3-1_all.deb ...
2026-10-04T00:08:06.5806408Z Unpacking fonts-tlwg-loma-otf (1:0.7.3-1) ...
2026-10-04T00:08:06.6071387Z Selecting previously unselected package fonts-unifont.
2026-10-04T00:08:06.6169876Z Preparing to unpack .../03-fonts-unifont_1%3a15.1.01-1build1_all.deb ...
2026-10-04T00:08:06.6175732Z Unpacking fonts-unifont (1:15.1.01-1build1) ...
2026-10-04T00:08:06.8026842Z Selecting previously unselected package fonts-wqy-zenhei.
2026-10-04T00:08:06.8126512Z Preparing to unpack .../04-fonts-wqy-zenhei_0.9.45-8_all.deb ...
2026-10-04T00:08:06.8217457Z Unpacking fonts-wqy-zenhei (0.9.45-8) ...
2026-10-04T00:08:07.2754036Z Preparing to unpack .../05-libgl1-mesa-dri_25.2.8-0ubuntu0.24.04.4_amd64.deb ...
2026-10-04T00:08:07.2874256Z Unpacking libgl1-mesa-dri:amd64 (25.2.8-0ubuntu0.24.04.4) over (25.2.8-0ubuntu0.24.04.2) ...
2026-10-04T00:08:07.3404110Z Preparing to unpack .../06-libglx-mesa0_25.2.8-0ubuntu0.24.04.4_amd64.deb ...
2026-10-04T00:08:07.3433204Z Unpacking libglx-mesa0:amd64 (25.2.8-0ubuntu0.24.04.4) over (25.2.8-0ubuntu0.24.04.2) ...
2026-10-04T00:08:07.3777598Z Preparing to unpack .../07-libgbm1_25.2.8-0ubuntu0.24.04.4_amd64.deb ...
2026-10-04T00:08:07.3836733Z Unpacking libgbm1:amd64 (25.2.8-0ubuntu0.24.04.4) over (25.2.8-0ubuntu0.24.04.2) ...
2026-10-04T00:08:07.4195563Z Preparing to unpack .../08-mesa-libgallium_25.2.8-0ubuntu0.24.04.4_amd64.deb ...
2026-10-04T00:08:07.4213995Z Unpacking mesa-libgallium:amd64 (25.2.8-0ubuntu0.24.04.4) over (25.2.8-0ubuntu0.24.04.2) ...
2026-10-04T00:08:07.7385197Z Selecting previously unselected package xfonts-encodings.
2026-10-04T00:08:07.7483083Z Preparing to unpack .../09-xfonts-encodings_1%3a1.0.5-0ubuntu2_all.deb ...
2026-10-04T00:08:07.7488850Z Unpacking xfonts-encodings (1:1.0.5-0ubuntu2) ...
2026-10-04T00:08:07.7710987Z Selecting previously unselected package xfonts-utils.
2026-10-04T00:08:07.7808816Z Preparing to unpack .../10-xfonts-utils_1%3a7.7+6build3_amd64.deb ...
2026-10-04T00:08:07.7815369Z Unpacking xfonts-utils (1:7.7+6build3) ...
2026-10-04T00:08:07.8429774Z Selecting previously unselected package xfonts-cyrillic.
2026-10-04T00:08:07.8528411Z Preparing to unpack .../11-xfonts-cyrillic_1%3a1.0.5+nmu1_all.deb ...
2026-10-04T00:08:07.8534600Z Unpacking xfonts-cyrillic (1:1.0.5+nmu1) ...
2026-10-04T00:08:07.8803316Z Selecting previously unselected package xfonts-scalable.
2026-10-04T00:08:07.8901523Z Preparing to unpack .../12-xfonts-scalable_1%3a1.0.3-1.3_all.deb ...
2026-10-04T00:08:07.8908379Z Unpacking xfonts-scalable (1:1.0.3-1.3) ...
2026-10-04T00:08:07.9304554Z Setting up mesa-libgallium:amd64 (25.2.8-0ubuntu0.24.04.4) ...
2026-10-04T00:08:07.9322300Z Setting up libgbm1:amd64 (25.2.8-0ubuntu0.24.04.4) ...
2026-10-04T00:08:07.9336925Z Setting up libgl1-mesa-dri:amd64 (25.2.8-0ubuntu0.24.04.4) ...
2026-10-04T00:08:07.9396970Z Setting up fonts-wqy-zenhei (0.9.45-8) ...
2026-10-04T00:08:07.9485085Z Setting up fonts-freefont-ttf (20211204+svn4273-2) ...
2026-10-04T00:08:07.9499770Z Setting up fonts-tlwg-loma-otf (1:0.7.3-1) ...
2026-10-04T00:08:07.9513537Z Setting up xfonts-encodings (1:1.0.5-0ubuntu2) ...
2026-10-04T00:08:07.9528053Z Setting up fonts-ipafont-gothic (00303-21ubuntu1) ...
2026-10-04T00:08:07.9577807Z update-alternatives: using /usr/share/fonts/opentype/ipafont-gothic/ipag.ttf to provide /usr/share/fonts/truetype/fonts-japanese-gothic.ttf (fonts-japanese-gothic.ttf) in auto mode
2026-10-04T00:08:07.9590690Z Setting up fonts-unifont (1:15.1.01-1build1) ...
2026-10-04T00:08:07.9604496Z Setting up libglx-mesa0:amd64 (25.2.8-0ubuntu0.24.04.4) ...
2026-10-04T00:08:07.9619399Z Setting up xfonts-utils (1:7.7+6build3) ...
2026-10-04T00:08:07.9651993Z Setting up xfonts-cyrillic (1:1.0.5+nmu1) ...
2026-10-04T00:08:07.9928023Z Setting up xfonts-scalable (1:1.0.3-1.3) ...
2026-10-04T00:08:08.0192410Z Processing triggers for libc-bin (2.39-0ubuntu8.9) ...
2026-10-04T00:08:09.5569437Z Processing triggers for man-db (2.12.0-4build2) ...
2026-10-04T00:08:09.5589600Z Not building database; man-db/auto-update is not 'true'.
2026-10-04T00:08:09.5598144Z Processing triggers for fontconfig (2.15.0-1.1ubuntu2) ...
2026-10-04T00:08:10.6940982Z 
2026-10-04T00:08:10.6941583Z Running kernel seems to be up-to-date.
2026-10-04T00:08:10.6941870Z 
2026-10-04T00:08:10.6942039Z No services need to be restarted.
2026-10-04T00:08:10.6942200Z 
2026-10-04T00:08:10.6942328Z No containers need to be restarted.
2026-10-04T00:08:10.6942486Z 
2026-10-04T00:08:10.6942648Z No user sessions are running outdated binaries.
2026-10-04T00:08:10.6942830Z 
2026-10-04T00:08:10.6943078Z No VM guests are running outdated hypervisor (qemu) binaries on this host.
2026-10-04T00:08:11.5348919Z Downloading Chrome for Testing 151.0.7922.34 (playwright chromium v1234) from https://cdn.playwright.dev/builds/cft/151.0.7922.34/linux64/chrome-linux64.zip
2026-10-04T00:08:12.4757701Z |                                                                                |   0% of 184.3 MiB
2026-10-04T00:08:12.7624648Z |■■■■■■■■                                                                        |  10% of 184.3 MiB
2026-10-04T00:08:12.8171518Z |■■■■■■■■■■■■■■■■                                                                |  20% of 184.3 MiB
2026-10-04T00:08:12.8819123Z |■■■■■■■■■■■■■■■■■■■■■■■■                                                        |  30% of 184.3 MiB
2026-10-04T00:08:12.9171492Z |■■■■■■■■■■■■■■■■■■■■■■■■■■■■■■■■                                                |  40% of 184.3 MiB
2026-10-04T00:08:12.9862916Z |■■■■■■■■■■■■■■■■■■■■■■■■■■■■■■■■■■■■■■■■                                        |  50% of 184.3 MiB
2026-10-04T00:08:13.0365367Z |■■■■■■■■■■■■■■■■■■■■■■■■■■■■■■■■■■■■■■■■■■■■■■■■                                |  60% of 184.3 MiB
2026-10-04T00:08:13.0744016Z |■■■■■■■■■■■■■■■■■■■■■■■■■■■■■■■■■■■■■■■■■■■■■■■■■■■■■■■■                        |  70% of 184.3 MiB
2026-10-04T00:08:13.1345715Z |■■■■■■■■■■■■■■■■■■■■■■■■■■■■■■■■■■■■■■■■■■■■■■■■■■■■■■■■■■■■■■■■                |  80% of 184.3 MiB
2026-10-04T00:08:13.2102374Z |■■■■■■■■■■■■■■■■■■■■■■■■■■■■■■■■■■■■■■■■■■■■■■■■■■■■■■■■■■■■■■■■■■■■■■■■        |  90% of 184.3 MiB
2026-10-04T00:08:13.2449437Z |■■■■■■■■■■■■■■■■■■■■■■■■■■■■■■■■■■■■■■■■■■■■■■■■■■■■■■■■■■■■■■■■■■■■■■■■■■■■■■■■| 100% of 184.3 MiB
2026-10-04T00:08:15.3868200Z Chrome for Testing 151.0.7922.34 (playwright chromium v1234) downloaded to /home/runner/.cache/ms-playwright/chromium-1234
2026-10-04T00:08:15.3871197Z Downloading FFmpeg (playwright ffmpeg v1011) from https://cdn.playwright.dev/dbazure/download/playwright/builds/ffmpeg/1011/ffmpeg-linux.zip
2026-10-04T00:08:16.2698941Z |                                                                                |   0% of 2.3 MiB
2026-10-04T00:08:16.2889162Z |■■■■■■■■                                                                        |  10% of 2.3 MiB
2026-10-04T00:08:16.3033779Z |■■■■■■■■■■■■■■■■                                                                |  20% of 2.3 MiB
2026-10-04T00:08:16.3077650Z |■■■■■■■■■■■■■■■■■■■■■■■■                                                        |  30% of 2.3 MiB
2026-10-04T00:08:16.3144760Z |■■■■■■■■■■■■■■■■■■■■■■■■■■■■■■■■                                                |  40% of 2.3 MiB
2026-10-04T00:08:16.3218551Z |■■■■■■■■■■■■■■■■■■■■■■■■■■■■■■■■■■■■■■■■                                        |  50% of 2.3 MiB
2026-10-04T00:08:16.3239939Z |■■■■■■■■■■■■■■■■■■■■■■■■■■■■■■■■■■■■■■■■■■■■■■■■                                |  60% of 2.3 MiB
2026-10-04T00:08:16.3283338Z |■■■■■■■■■■■■■■■■■■■■■■■■■■■■■■■■■■■■■■■■■■■■■■■■■■■■■■■■                        |  70% of 2.3 MiB
2026-10-04T00:08:16.3315581Z |■■■■■■■■■■■■■■■■■■■■■■■■■■■■■■■■■■■■■■■■■■■■■■■■■■■■■■■■■■■■■■■■                |  80% of 2.3 MiB
2026-10-04T00:08:16.3334861Z |■■■■■■■■■■■■■■■■■■■■■■■■■■■■■■■■■■■■■■■■■■■■■■■■■■■■■■■■■■■■■■■■■■■■■■■■        |  90% of 2.3 MiB
2026-10-04T00:08:16.3356521Z |■■■■■■■■■■■■■■■■■■■■■■■■■■■■■■■■■■■■■■■■■■■■■■■■■■■■■■■■■■■■■■■■■■■■■■■■■■■■■■■■| 100% of 2.3 MiB
2026-10-04T00:08:16.3768261Z FFmpeg (playwright ffmpeg v1011) downloaded to /home/runner/.cache/ms-playwright/ffmpeg-1011
2026-10-04T00:08:16.3771151Z Downloading Chrome Headless Shell 151.0.7922.34 (playwright chromium-headless-shell v1234) from https://cdn.playwright.dev/builds/cft/151.0.7922.34/linux64/chrome-headless-shell-linux64.zip
2026-10-04T00:08:17.3016292Z |                                                                                |   0% of 114.7 MiB
2026-10-04T00:08:17.5745588Z |■■■■■■■■                                                                        |  10% of 114.7 MiB
2026-10-04T00:08:17.6380356Z |■■■■■■■■■■■■■■■■                                                                |  20% of 114.7 MiB
2026-10-04T00:08:17.6624928Z |■■■■■■■■■■■■■■■■■■■■■■■■                                                        |  30% of 114.7 MiB
2026-10-04T00:08:17.6928183Z |■■■■■■■■■■■■■■■■■■■■■■■■■■■■■■■■                                                |  40% of 114.7 MiB
2026-10-04T00:08:17.7406014Z |■■■■■■■■■■■■■■■■■■■■■■■■■■■■■■■■■■■■■■■■                                        |  50% of 114.7 MiB
2026-10-04T00:08:17.7608004Z |■■■■■■■■■■■■■■■■■■■■■■■■■■■■■■■■■■■■■■■■■■■■■■■■                                |  60% of 114.7 MiB
2026-10-04T00:08:17.7832585Z |■■■■■■■■■■■■■■■■■■■■■■■■■■■■■■■■■■■■■■■■■■■■■■■■■■■■■■■■                        |  70% of 114.7 MiB
2026-10-04T00:08:17.8210761Z |■■■■■■■■■■■■■■■■■■■■■■■■■■■■■■■■■■■■■■■■■■■■■■■■■■■■■■■■■■■■■■■■                |  80% of 114.7 MiB
2026-10-04T00:08:17.8436238Z |■■■■■■■■■■■■■■■■■■■■■■■■■■■■■■■■■■■■■■■■■■■■■■■■■■■■■■■■■■■■■■■■■■■■■■■■        |  90% of 114.7 MiB
2026-10-04T00:08:17.8803641Z |■■■■■■■■■■■■■■■■■■■■■■■■■■■■■■■■■■■■■■■■■■■■■■■■■■■■■■■■■■■■■■■■■■■■■■■■■■■■■■■■| 100% of 114.7 MiB
2026-10-04T00:08:19.3781576Z Chrome Headless Shell 151.0.7922.34 (playwright chromium-headless-shell v1234) downloaded to /home/runner/.cache/ms-playwright/chromium_headless_shell-1234
2026-10-04T00:08:19.4111596Z ##[group]Run pnpm test:browser
2026-10-04T00:08:19.4111782Z [36;1mpnpm test:browser[0m
2026-10-04T00:08:19.4165542Z shell: /usr/bin/bash -e {0}
2026-10-04T00:08:19.4165696Z env:
2026-10-04T00:08:19.4165846Z   PNPM_HOME: /home/runner/setup-pnpm/node_modules/.bin
2026-10-04T00:08:19.4166021Z ##[endgroup]
2026-10-04T00:08:19.9818079Z Already up to date
2026-10-04T00:08:19.9822081Z Done in 261ms using pnpm v11.19.0
2026-10-04T00:08:19.9951342Z $ node scripts/browser-test.mjs
2026-10-04T00:08:21.4177473Z [browser] page
2026-10-04T00:08:31.2294589Z [browser] uploadPage
2026-10-04T00:08:32.8294912Z [browser] workpaperPage
2026-10-04T00:08:34.7284208Z [browser] pdfPage
2026-10-04T00:08:35.6064443Z [browser] recoveryPage
2026-10-04T00:08:37.3042507Z [browser] importAiPage
2026-10-04T00:08:37.9733178Z [browser] importAiPage
2026-10-04T00:08:38.6264684Z [browser] importAiPage
2026-10-04T00:08:39.2579884Z [browser] quickPage
2026-10-04T00:08:40.5093710Z [browser] ambiguityPage
2026-10-04T00:08:41.5032509Z [browser] precisionPage
2026-10-04T00:08:42.1754762Z [browser] autoPdfPage
2026-10-04T00:08:43.1827273Z [browser] directionPage
2026-10-04T00:08:44.5306149Z [browser] directionPage
2026-10-04T00:08:46.2663589Z [browser] bothPdfPage
2026-10-04T00:08:47.4862013Z [browser] native layered XLSX headers
2026-10-04T00:08:50.3268768Z [browser] explicitly typed short documents
2026-10-04T00:08:53.2297657Z [browser] own-document and related-invoice roles
2026-10-04T00:08:56.9959346Z [browser] unknown credit-note role
2026-10-04T00:08:59.3700441Z [browser] canonical assistant evidence
2026-10-04T00:09:03.0758830Z [browser] template lifecycle
2026-10-04T00:09:03.5300159Z [browser] template cycle 1
2026-10-04T00:09:04.3690830Z [browser] template cycle 2
2026-10-04T00:09:05.0212696Z [browser] template cycle 3
2026-10-04T00:09:05.6452944Z [browser] visual reader
2026-10-04T00:09:09.3882090Z [browser] P6 actual OCR: cell correction, invalidation, bilingual save, restore and tamper rejection passed; financial promotion remains disabled
2026-10-04T00:09:10.7819987Z {"check":"arabic-visual-ocr-observation","status":"unverified","financialAccuracy":"not-established","expected":{"headingWords":["كشف","حساب","المورد"],"amounts":["١٬٢٥٠٫٠٠","-٢٥٠٫٠٠","١٬٠٠٠٫٠٠"]},"observed":["كشف","حساب","المورد","فاتورة","م70","‎YO,","-","429)‏","الإجمالي","‎Vee,‏"],"exactAmountCount":0,"expectedAmountCount":3,"numericCoverageGap":true,"comparisonRule":"exact Unicode words; ordinary bidi marks only are ignored; no digit, sign or separator substitution"}
2026-10-04T00:09:10.7821678Z ARABIC OCR NUMERIC COVERAGE GAP: 0/3 exact amounts. This is an unverified observation, not financial success.
2026-10-04T00:09:14.4658610Z [browser] manual visual regions
2026-10-04T00:09:21.8893793Z [browser] visual regions: real Arabic OCR, manual crop, review invalidation, cancel, save/restore, AR/EN/mobile and financial isolation passed
2026-10-04T00:09:21.8894768Z [browser] Arabic and English
2026-10-04T00:09:21.9247839Z [browser] visual table inventory
2026-10-04T00:09:27.3675138Z [browser] table inventory: real OCR, four reviewed literals, unreadable row, reviewed total, replay, AR/EN/mobile, stale source and accounting isolation passed
2026-10-04T00:09:27.3955283Z [browser] reviewed image accounting source
2026-10-04T00:09:31.1347682Z [browser] reviewed image: explicit transfer, partial match, bound context, currency denial, PNG/record export, AR/EN/mobile and session replay passed
2026-10-04T00:09:31.1640499Z [browser] languages
2026-10-04T00:09:32.8809609Z {
2026-10-04T00:09:32.8809840Z   "passed": true,
2026-10-04T00:09:32.8810007Z   "checks": [
2026-10-04T00:09:32.8810148Z     "GitHub subpath assets",
2026-10-04T00:09:32.8810555Z     "legacy templates migrate to positions only; three offline compare/export/reset sessions retain fresh amounts and references",
2026-10-04T00:09:32.8810893Z     "production CSP",
2026-10-04T00:09:32.8811589Z     "Arabic-only TARASUF identity, authentic local native fonts, keyboard-accessible uploads and atomic multi-file-drop rejection",
2026-10-04T00:09:32.8812205Z     "true A4 vector paper proportions, unique local clips and per-paper scans across 17 animation samples at six widths; all scene motion pauses offscreen or on request",
2026-10-04T00:09:32.8812867Z     "320/390/768/820/1024/1280px layouts without overflow; four grounded features, readable workflow labels, anchor/keyboard reveals and reduced-motion privacy navigation",
2026-10-04T00:09:32.8813457Z     "offline native confirm/review/export headings retain correct font and focus; longest title wraps at 320px without shrinking",
2026-10-04T00:09:32.8813801Z     "offline first comparison",
2026-10-04T00:09:32.8813973Z     "engine/io cases run separately",
2026-10-04T00:09:32.8814152Z     "grounded assistant offline",
2026-10-04T00:09:32.8814322Z     "cancel and confirm session reset",
2026-10-04T00:09:32.8814482Z     "reject auto match",
2026-10-04T00:09:32.8814639Z     "Excel download roundtrip",
2026-10-04T00:09:32.8814855Z     "invalid export text rejected and correction retried",
2026-10-04T00:09:32.8815054Z     "mapping invalidation",
2026-10-04T00:09:32.8815260Z     "390px layout",
2026-10-04T00:09:32.8815483Z     "actual CSV upload offline",
2026-10-04T00:09:32.8815725Z     "XLSX upload with helper formulas, percentages and multiple sheets offline",
2026-10-04T00:09:32.8816110Z     "case workpaper reimport chooses parsed sources without restoring approvals",
2026-10-04T00:09:32.8816479Z     "bordered PDF upload, review, comparison and Excel export offline",
2026-10-04T00:09:32.8816958Z     "covered PDF rejected, XLSX retry succeeds, colored PDF comparison and numeric export succeed offline",
2026-10-04T00:09:32.8817859Z     "typed image-only and first-failing-page PDF diagnoses retain the existing XLSX and recover on the next readable PDF",
2026-10-04T00:09:32.8818718Z     "synthetic ready local-model advice requires explicit Apply before comparison; absent/downloadable providers never create sessions and retain manual mapping",
2026-10-04T00:09:32.8819607Z     "clear files show no mandatory input fields; explicit metadata and unambiguous formats filled and numeric export verified",
2026-10-04T00:09:32.8820257Z     "both ambiguous date and 3-decimal amount formats require independent choices",
2026-10-04T00:09:32.8820850Z     "unknown currency precision requires an explicit choice including the existing two-decimal value",
2026-10-04T00:09:32.8821361Z     "PDF columns detected from geometry with a reachable review box",
2026-10-04T00:09:32.8822217Z     "namespaced XLSX source pairs: zero mandatory fields with proven opposite directions and exact numeric Excel export",
2026-10-04T00:09:32.8822900Z     "formula running balances require separate essential supplier/AP sign choices before comparison",
2026-10-04T00:09:32.8823650Z     "header selection preserves proven AP direction; failed XLSX replacement preserves the retained file manual sign choice",
2026-10-04T00:09:32.8824403Z     "two PDF review approvals remain independent; replacing a multi-page PDF resets its preview and approval",
2026-10-04T00:09:32.8825189Z     "real local PNG/raster-PDF OCR, source hash, word coordinates, cancel/clear, native-source isolation and static-assets-only network",
2026-10-04T00:09:32.8826289Z     "Arabic RTL by default; switching to English LTR mid-review keeps files, results, tab, assistant answers and notes; identical figures and workpaper; no stray Arabic in English or English in Arabic; choice persists",
2026-10-04T00:09:32.8826839Z     "no observed external or POST requests"
2026-10-04T00:09:32.8827163Z   ],
2026-10-04T00:09:32.8827344Z   "screenshots": "work/qa"
2026-10-04T00:09:32.8827546Z }
2026-10-04T00:09:32.9609972Z ##[group]Run python3 audit/visual-cell-review/check_record.py work/qa/p6-reviewed.json work/qa/p6-source.png
2026-10-04T00:09:32.9610401Z [36;1mpython3 audit/visual-cell-review/check_record.py work/qa/p6-reviewed.json work/qa/p6-source.png[0m
2026-10-04T00:09:32.9663744Z shell: /usr/bin/bash -e {0}
2026-10-04T00:09:32.9663904Z env:
2026-10-04T00:09:32.9664057Z   PNPM_HOME: /home/runner/setup-pnpm/node_modules/.bin
2026-10-04T00:09:32.9664234Z ##[endgroup]
2026-10-04T00:09:37.1936227Z {"status": "pass", "cells": 2, "pixelIdentity": true, "financialPromotion": false}
2026-10-04T00:09:37.2015486Z ##[group]Run python3 audit/visual-numeric/check_record.py work/qa/p6-region-reviewed.json work/qa/p6-region-source.png
2026-10-04T00:09:37.2016206Z [36;1mpython3 audit/visual-numeric/check_record.py work/qa/p6-region-reviewed.json work/qa/p6-region-source.png[0m
2026-10-04T00:09:37.2069020Z shell: /usr/bin/bash -e {0}
2026-10-04T00:09:37.2069162Z env:
2026-10-04T00:09:37.2069310Z   PNPM_HOME: /home/runner/setup-pnpm/node_modules/.bin
2026-10-04T00:09:37.2069485Z ##[endgroup]
2026-10-04T00:09:43.0082232Z {"status": "pass", "manualRegions": 1, "arabicLiteral": "-٢٥٠٫٠٠", "pixelIdentity": true, "financialPromotion": false}
2026-10-04T00:09:43.0153907Z ##[group]Run python3 audit/visual-table/check_record.py work/qa/p6-table-reviewed.json work/qa/p6-table-source.png
2026-10-04T00:09:43.0154332Z [36;1mpython3 audit/visual-table/check_record.py work/qa/p6-table-reviewed.json work/qa/p6-table-source.png[0m
2026-10-04T00:09:43.0214983Z shell: /usr/bin/bash -e {0}
2026-10-04T00:09:43.0215125Z env:
2026-10-04T00:09:43.0215271Z   PNPM_HOME: /home/runner/setup-pnpm/node_modules/.bin
2026-10-04T00:09:43.0215442Z ##[endgroup]
2026-10-04T00:09:45.1772117Z {"status": "pass", "rows": 3, "manualValues": 4, "unreadableRows": 1, "reviewedExclusions": 1, "financialPromotion": false}
2026-10-04T00:09:45.1853292Z ##[group]Run python3 audit/visual-accounting/check_record.py work/qa/p6-accounting-source.json work/qa/p6-accounting-source.png
2026-10-04T00:09:45.1854118Z [36;1mpython3 audit/visual-accounting/check_record.py work/qa/p6-accounting-source.json work/qa/p6-accounting-source.png[0m
2026-10-04T00:09:45.1854972Z [36;1mpython3 audit/visual-accounting/check_export.py work/qa/p6-accounting-ar.xlsx work/qa/p6-accounting-en.xlsx work/qa/p6-accounting-restored.xlsx[0m
2026-10-04T00:09:45.1913467Z shell: /usr/bin/bash -e {0}
2026-10-04T00:09:45.1913631Z env:
2026-10-04T00:09:45.1913792Z   PNPM_HOME: /home/runner/setup-pnpm/node_modules/.bin
2026-10-04T00:09:45.1913981Z ##[endgroup]
2026-10-04T00:09:47.3828620Z {"status": "pass", "imageRows": 3, "manualValues": 11, "missingAmounts": 1, "reviewedExclusions": 1, "interpretationBound": true, "fullBalanceReconciliation": false, "automaticOCR": false}
2026-10-04T00:09:49.6040780Z [
2026-10-04T00:09:49.6041583Z   {
2026-10-04T00:09:49.6041911Z     "workbook": "work/qa/p6-accounting-ar.xlsx",
2026-10-04T00:09:49.6042212Z     "verified": true,
2026-10-04T00:09:49.6042410Z     "matches": 1,
2026-10-04T00:09:49.6042594Z     "damagedRows": 1,
2026-10-04T00:09:49.6042787Z     "originalPng": true,
2026-10-04T00:09:49.6042999Z     "fullRecord": true,
2026-10-04T00:09:49.6043257Z     "fullBalanceReconciliation": false
2026-10-04T00:09:49.6043481Z   },
2026-10-04T00:09:49.6043640Z   {
2026-10-04T00:09:49.6043858Z     "workbook": "work/qa/p6-accounting-en.xlsx",
2026-10-04T00:09:49.6044113Z     "verified": true,
2026-10-04T00:09:49.6044299Z     "matches": 1,
2026-10-04T00:09:49.6044479Z     "damagedRows": 1,
2026-10-04T00:09:49.6044670Z     "originalPng": true,
2026-10-04T00:09:49.6044877Z     "fullRecord": true,
2026-10-04T00:09:49.6045100Z     "fullBalanceReconciliation": false
2026-10-04T00:09:49.6045326Z   },
2026-10-04T00:09:49.6045475Z   {
2026-10-04T00:09:49.6045700Z     "workbook": "work/qa/p6-accounting-restored.xlsx",
2026-10-04T00:09:49.6045972Z     "verified": true,
2026-10-04T00:09:49.6046151Z     "matches": 1,
2026-10-04T00:09:49.6046322Z     "damagedRows": 1,
2026-10-04T00:09:49.6046505Z     "originalPng": true,
2026-10-04T00:09:49.6046698Z     "fullRecord": true,
2026-10-04T00:09:49.6046919Z     "fullBalanceReconciliation": false
2026-10-04T00:09:49.6047314Z   }
2026-10-04T00:09:49.6047461Z ]
2026-10-04T00:09:49.6138404Z ##[group]Run actions/upload-artifact@ea165f8d65b6e75b540449e92b4886f43607fa02
2026-10-04T00:09:49.6138632Z with:
2026-10-04T00:09:49.6138754Z   name: visual-review-evidence
2026-10-04T00:09:49.6138898Z   path: work/qa/p6-*
2026-10-04T00:09:49.6139028Z   if-no-files-found: ignore
2026-10-04T00:09:49.6139162Z   retention-days: 7
2026-10-04T00:09:49.6139281Z   compression-level: 6
2026-10-04T00:09:49.6139404Z   overwrite: false
2026-10-04T00:09:49.6139527Z   include-hidden-files: false
2026-10-04T00:09:49.6139665Z env:
2026-10-04T00:09:49.6139804Z   PNPM_HOME: /home/runner/setup-pnpm/node_modules/.bin
2026-10-04T00:09:49.6139989Z ##[endgroup]
2026-10-04T00:09:49.7251700Z (node:4988) [DEP0040] DeprecationWarning: The `punycode` module is deprecated. Please use a userland alternative instead.
2026-10-04T00:09:49.7252451Z (Use `node --trace-deprecation ...` to show where the warning was created)
2026-10-04T00:09:49.7324886Z With the provided path, there will be 26 files uploaded
2026-10-04T00:09:49.7327535Z Artifact name is valid!
2026-10-04T00:09:49.7328125Z Root directory input is valid!
2026-10-04T00:09:50.0300518Z Beginning upload of artifact content to blob storage
2026-10-04T00:09:50.1261498Z (node:4988) [DEP0169] DeprecationWarning: `url.parse()` behavior is not standardized and prone to errors that have security implications. Use the WHATWG URL API instead. CVEs are not issued for `url.parse()` vulnerabilities.
2026-10-04T00:09:50.5552500Z Uploaded bytes 2758570
2026-10-04T00:09:50.5968864Z Finished uploading artifact content to blob storage!
2026-10-04T00:09:50.5969537Z SHA256 digest of uploaded artifact zip is 118d361fd7f7726b7c0f4a7f49201a40afb0caa975ec28c1646232ebc02304f3
2026-10-04T00:09:50.5970040Z Finalizing artifact upload
2026-10-04T00:09:50.8317124Z Artifact visual-review-evidence.zip successfully finalized. Artifact ID 11288344401
2026-10-04T00:09:50.8317920Z Artifact visual-review-evidence has been successfully uploaded! Final size is 2758570 bytes. Artifact ID is 11288344401
2026-10-04T00:09:50.8321997Z Artifact download URL: https://github.com/mjodshamrani-ux/accounting/actions/runs/37163871128/artifacts/11288344401
2026-10-04T00:09:50.8443860Z ##[group]Run python3 audit/related-invoice/check_export.py work/qa/f03-*.xlsx
2026-10-04T00:09:50.8444169Z [36;1mpython3 audit/related-invoice/check_export.py work/qa/f03-*.xlsx[0m
2026-10-04T00:09:50.8497800Z shell: /usr/bin/bash -e {0}
2026-10-04T00:09:50.8497952Z env:
2026-10-04T00:09:50.8498108Z   PNPM_HOME: /home/runner/setup-pnpm/node_modules/.bin
2026-10-04T00:09:50.8498294Z ##[endgroup]
2026-10-04T00:09:50.9013259Z [
2026-10-04T00:09:50.9013907Z   {
2026-10-04T00:09:50.9014277Z     "workbook": "work/qa/f03-different-credit-notes-direct.xlsx",
2026-10-04T00:09:50.9014609Z     "verified": true,
2026-10-04T00:09:50.9014852Z     "id": "different-credit-notes",
2026-10-04T00:09:50.9015108Z     "sourceFormat": "xlsx",
2026-10-04T00:09:50.9015328Z     "approved": 0,
2026-10-04T00:09:50.9015554Z     "engine": "0.3.26-experimental"
2026-10-04T00:09:50.9015736Z   },
2026-10-04T00:09:50.9015846Z   {
2026-10-04T00:09:50.9016057Z     "workbook": "work/qa/f03-different-credit-notes-restored.xlsx",
2026-10-04T00:09:50.9016263Z     "verified": true,
2026-10-04T00:09:50.9016416Z     "id": "different-credit-notes",
2026-10-04T00:09:50.9016572Z     "sourceFormat": "xlsx",
2026-10-04T00:09:50.9016715Z     "approved": 0,
2026-10-04T00:09:50.9016855Z     "engine": "0.3.26-experimental"
2026-10-04T00:09:50.9017160Z   },
2026-10-04T00:09:50.9017325Z   {
2026-10-04T00:09:50.9017491Z     "workbook": "work/qa/f03-own-credit-note-direct.xlsx",
2026-10-04T00:09:50.9017687Z     "verified": true,
2026-10-04T00:09:50.9017824Z     "id": "own-credit-note",
2026-10-04T00:09:50.9017974Z     "sourceFormat": "xlsx",
2026-10-04T00:09:50.9018112Z     "approved": 1,
2026-10-04T00:09:50.9018258Z     "engine": "0.3.26-experimental"
2026-10-04T00:09:50.9018399Z   },
2026-10-04T00:09:50.9018503Z   {
2026-10-04T00:09:50.9018678Z     "workbook": "work/qa/f03-own-credit-note-restored.xlsx",
2026-10-04T00:09:50.9018866Z     "verified": true,
2026-10-04T00:09:50.9018995Z     "id": "own-credit-note",
2026-10-04T00:09:50.9019140Z     "sourceFormat": "xlsx",
2026-10-04T00:09:50.9019274Z     "approved": 1,
2026-10-04T00:09:50.9019411Z     "engine": "0.3.26-experimental"
2026-10-04T00:09:50.9019548Z   },
2026-10-04T00:09:50.9019649Z   {
2026-10-04T00:09:50.9019832Z     "workbook": "work/qa/f03-short-own-credit-note-direct.xlsx",
2026-10-04T00:09:50.9020023Z     "verified": true,
2026-10-04T00:09:50.9020172Z     "id": "short-own-credit-note",
2026-10-04T00:09:50.9020329Z     "sourceFormat": "pdf",
2026-10-04T00:09:50.9020471Z     "approved": 1,
2026-10-04T00:09:50.9020605Z     "engine": "0.3.26-experimental"
2026-10-04T00:09:50.9020744Z   },
2026-10-04T00:09:50.9020845Z   {
2026-10-04T00:09:50.9021019Z     "workbook": "work/qa/f03-short-own-credit-note-restored.xlsx",
2026-10-04T00:09:50.9021213Z     "verified": true,
2026-10-04T00:09:50.9021356Z     "id": "short-own-credit-note",
2026-10-04T00:09:50.9021509Z     "sourceFormat": "pdf",
2026-10-04T00:09:50.9021642Z     "approved": 1,
2026-10-04T00:09:50.9021781Z     "engine": "0.3.26-experimental"
2026-10-04T00:09:50.9021920Z   }
2026-10-04T00:09:50.9022023Z ]
2026-10-04T00:09:50.9091494Z ##[group]Run python3 audit/related-invoice/unknown-role/check_export.py work/qa/unknown-*.xlsx
2026-10-04T00:09:50.9091871Z [36;1mpython3 audit/related-invoice/unknown-role/check_export.py work/qa/unknown-*.xlsx[0m
2026-10-04T00:09:50.9145896Z shell: /usr/bin/bash -e {0}
2026-10-04T00:09:50.9146042Z env:
2026-10-04T00:09:50.9146193Z   PNPM_HOME: /home/runner/setup-pnpm/node_modules/.bin
2026-10-04T00:09:50.9146379Z ##[endgroup]
2026-10-04T00:09:50.9590553Z [
2026-10-04T00:09:50.9590763Z   {
2026-10-04T00:09:50.9591137Z     "workbook": "work/qa/unknown-blank-credit-ordinary-invoice-direct.xlsx",
2026-10-04T00:09:50.9591442Z     "verified": true,
2026-10-04T00:09:50.9591610Z     "id": "blank-credit-ordinary-invoice",
2026-10-04T00:09:50.9591778Z     "format": "xlsx",
2026-10-04T00:09:50.9591911Z     "approved": 1,
2026-10-04T00:09:50.9592055Z     "engine": "0.3.26-experimental"
2026-10-04T00:09:50.9592205Z   },
2026-10-04T00:09:50.9592312Z   {
2026-10-04T00:09:50.9592558Z     "workbook": "work/qa/unknown-blank-credit-ordinary-invoice-restored.xlsx",
2026-10-04T00:09:50.9592790Z     "verified": true,
2026-10-04T00:09:50.9592947Z     "id": "blank-credit-ordinary-invoice",
2026-10-04T00:09:50.9593112Z     "format": "xlsx",
2026-10-04T00:09:50.9593239Z     "approved": 1,
2026-10-04T00:09:50.9593380Z     "engine": "0.3.26-experimental"
2026-10-04T00:09:50.9593523Z   },
2026-10-04T00:09:50.9593856Z   {
2026-10-04T00:09:50.9594045Z     "workbook": "work/qa/unknown-different-untyped-credit-direct.xlsx",
2026-10-04T00:09:50.9594255Z     "verified": true,
2026-10-04T00:09:50.9594406Z     "id": "different-untyped-credit",
2026-10-04T00:09:50.9594561Z     "format": "xlsx",
2026-10-04T00:09:50.9594687Z     "approved": 0,
2026-10-04T00:09:50.9594823Z     "engine": "0.3.26-experimental"
2026-10-04T00:09:50.9594965Z   },
2026-10-04T00:09:50.9595069Z   {
2026-10-04T00:09:50.9595262Z     "workbook": "work/qa/unknown-different-untyped-credit-restored.xlsx",
2026-10-04T00:09:50.9595478Z     "verified": true,
2026-10-04T00:09:50.9595627Z     "id": "different-untyped-credit",
2026-10-04T00:09:50.9595781Z     "format": "xlsx",
2026-10-04T00:09:50.9595905Z     "approved": 0,
2026-10-04T00:09:50.9596044Z     "engine": "0.3.26-experimental"
2026-10-04T00:09:50.9596183Z   }
2026-10-04T00:09:50.9596287Z ]
2026-10-04T00:09:50.9668776Z ##[group]Run python3 audit/assistant-evidence/check_export.py work/qa/p5-*.xlsx --browser work/qa/p5-browser.json
2026-10-04T00:09:50.9669236Z [36;1mpython3 audit/assistant-evidence/check_export.py work/qa/p5-*.xlsx --browser work/qa/p5-browser.json[0m
2026-10-04T00:09:50.9722279Z shell: /usr/bin/bash -e {0}
2026-10-04T00:09:50.9722449Z env:
2026-10-04T00:09:50.9722597Z   PNPM_HOME: /home/runner/setup-pnpm/node_modules/.bin
2026-10-04T00:09:50.9722776Z ##[endgroup]
2026-10-04T00:09:51.0238336Z {
2026-10-04T00:09:51.0238627Z   "workbooks": [
2026-10-04T00:09:51.0238835Z     {
2026-10-04T00:09:51.0239044Z       "workbook": "work/qa/p5-partial-source-direct.xlsx",
2026-10-04T00:09:51.0239247Z       "verified": true,
2026-10-04T00:09:51.0239394Z       "id": "partial-source",
2026-10-04T00:09:51.0239538Z       "approved": 1,
2026-10-04T00:09:51.0239692Z       "engine": "0.3.26-experimental"
2026-10-04T00:09:51.0239839Z     },
2026-10-04T00:09:51.0239948Z     {
2026-10-04T00:09:51.0240175Z       "workbook": "work/qa/p5-partial-source-restored.xlsx",
2026-10-04T00:09:51.0240379Z       "verified": true,
2026-10-04T00:09:51.0240519Z       "id": "partial-source",
2026-10-04T00:09:51.0240659Z       "approved": 1,
2026-10-04T00:09:51.0240805Z       "engine": "0.3.26-experimental"
2026-10-04T00:09:51.0240949Z     },
2026-10-04T00:09:51.0241054Z     {
2026-10-04T00:09:51.0241215Z       "workbook": "work/qa/p5-untyped-credit-direct.xlsx",
2026-10-04T00:09:51.0241397Z       "verified": true,
2026-10-04T00:09:51.0241533Z       "id": "untyped-credit",
2026-10-04T00:09:51.0241672Z       "approved": 0,
2026-10-04T00:09:51.0241814Z       "engine": "0.3.26-experimental"
2026-10-04T00:09:51.0241955Z     },
2026-10-04T00:09:51.0242062Z     {
2026-10-04T00:09:51.0242223Z       "workbook": "work/qa/p5-untyped-credit-restored.xlsx",
2026-10-04T00:09:51.0242406Z       "verified": true,
2026-10-04T00:09:51.0242541Z       "id": "untyped-credit",
2026-10-04T00:09:51.0242678Z       "approved": 0,
2026-10-04T00:09:51.0242824Z       "engine": "0.3.26-experimental"
2026-10-04T00:09:51.0242966Z     }
2026-10-04T00:09:51.0243073Z   ],
2026-10-04T00:09:51.0243185Z   "answers": null,
2026-10-04T00:09:51.0243308Z   "browser": {
2026-10-04T00:09:51.0243450Z     "browserAnswersVerified": 2,
2026-10-04T00:09:51.0243619Z     "engine": "0.3.26-experimental"
2026-10-04T00:09:51.0243765Z   }
2026-10-04T00:09:51.0243868Z }
2026-10-04T00:09:51.0336196Z ##[group]Run actions/upload-artifact@ea165f8d65b6e75b540449e92b4886f43607fa02
2026-10-04T00:09:51.0336424Z with:
2026-10-04T00:09:51.0336548Z   name: assistant-evidence
2026-10-04T00:09:51.0336743Z   path: work/p5-native
work/qa/p5-*.xlsx
work/qa/p5-browser.json

2026-10-04T00:09:51.0336945Z   if-no-files-found: ignore
2026-10-04T00:09:51.0337270Z   retention-days: 7
2026-10-04T00:09:51.0337395Z   compression-level: 6
2026-10-04T00:09:51.0337521Z   overwrite: false
2026-10-04T00:09:51.0337650Z   include-hidden-files: false
2026-10-04T00:09:51.0337788Z env:
2026-10-04T00:09:51.0337932Z   PNPM_HOME: /home/runner/setup-pnpm/node_modules/.bin
2026-10-04T00:09:51.0338109Z ##[endgroup]
2026-10-04T00:09:51.1486589Z (node:5009) [DEP0040] DeprecationWarning: The `punycode` module is deprecated. Please use a userland alternative instead.
2026-10-04T00:09:51.1487231Z (Use `node --trace-deprecation ...` to show where the warning was created)
2026-10-04T00:09:51.1565042Z Multiple search paths detected. Calculating the least common ancestor of all paths
2026-10-04T00:09:51.1566376Z The least common ancestor is /home/runner/work/accounting/accounting/work. This will be the root directory of the artifact
2026-10-04T00:09:51.1567264Z With the provided path, there will be 14 files uploaded
2026-10-04T00:09:51.1570304Z Artifact name is valid!
2026-10-04T00:09:51.1570811Z Root directory input is valid!
2026-10-04T00:09:51.4479315Z Beginning upload of artifact content to blob storage
2026-10-04T00:09:51.4758725Z (node:5009) [DEP0169] DeprecationWarning: `url.parse()` behavior is not standardized and prone to errors that have security implications. Use the WHATWG URL API instead. CVEs are not issued for `url.parse()` vulnerabilities.
2026-10-04T00:09:51.7633715Z Uploaded bytes 326656
2026-10-04T00:09:51.8086022Z Finished uploading artifact content to blob storage!
2026-10-04T00:09:51.8086825Z SHA256 digest of uploaded artifact zip is 87e5158308946cca30835152e514ca0b434e08d5a6e197390d4995be5486e044
2026-10-04T00:09:51.8087753Z Finalizing artifact upload
2026-10-04T00:09:52.0339322Z Artifact assistant-evidence.zip successfully finalized. Artifact ID 11289110522
2026-10-04T00:09:52.0340051Z Artifact assistant-evidence has been successfully uploaded! Final size is 326656 bytes. Artifact ID is 11289110522
2026-10-04T00:09:52.0344847Z Artifact download URL: https://github.com/mjodshamrani-ux/accounting/actions/runs/37163871128/artifacts/11289110522
2026-10-04T00:09:52.0468230Z ##[group]Run actions/upload-artifact@ea165f8d65b6e75b540449e92b4886f43607fa02
2026-10-04T00:09:52.0468471Z with:
2026-10-04T00:09:52.0468607Z   name: related-invoice-evidence
2026-10-04T00:09:52.0468997Z   path: work/f03-native
work/f03-pdf
work/unknown-role
work/qa/unknown-*.xlsx
work/qa/unknown-browser.json
work/qa/f03-*.xlsx
work/qa/f03-browser.json

2026-10-04T00:09:52.0469378Z   if-no-files-found: ignore
2026-10-04T00:09:52.0469526Z   retention-days: 7
2026-10-04T00:09:52.0469663Z   compression-level: 6
2026-10-04T00:09:52.0469797Z   overwrite: false
2026-10-04T00:09:52.0469933Z   include-hidden-files: false
2026-10-04T00:09:52.0470078Z env:
2026-10-04T00:09:52.0470225Z   PNPM_HOME: /home/runner/setup-pnpm/node_modules/.bin
2026-10-04T00:09:52.0470408Z ##[endgroup]
2026-10-04T00:09:52.1644530Z (node:5026) [DEP0040] DeprecationWarning: The `punycode` module is deprecated. Please use a userland alternative instead.
2026-10-04T00:09:52.1645376Z (Use `node --trace-deprecation ...` to show where the warning was created)
2026-10-04T00:09:52.1839541Z Multiple search paths detected. Calculating the least common ancestor of all paths
2026-10-04T00:09:52.1841784Z The least common ancestor is /home/runner/work/accounting/accounting/work. This will be the root directory of the artifact
2026-10-04T00:09:52.1842626Z With the provided path, there will be 63 files uploaded
2026-10-04T00:09:52.1843374Z Artifact name is valid!
2026-10-04T00:09:52.1843786Z Root directory input is valid!
2026-10-04T00:09:52.4702888Z Beginning upload of artifact content to blob storage
2026-10-04T00:09:52.5444107Z (node:5026) [DEP0169] DeprecationWarning: `url.parse()` behavior is not standardized and prone to errors that have security implications. Use the WHATWG URL API instead. CVEs are not issued for `url.parse()` vulnerabilities.
2026-10-04T00:09:52.8884467Z Uploaded bytes 1530565
2026-10-04T00:09:52.9304993Z Finished uploading artifact content to blob storage!
2026-10-04T00:09:52.9305596Z SHA256 digest of uploaded artifact zip is a6a800494db35cc7be9237c7e8be31cbb6e5d4698f38c502d53dcb052a7c7a4e
2026-10-04T00:09:52.9306481Z Finalizing artifact upload
2026-10-04T00:09:53.1340833Z Artifact related-invoice-evidence.zip successfully finalized. Artifact ID 11289195384
2026-10-04T00:09:53.1341828Z Artifact related-invoice-evidence has been successfully uploaded! Final size is 1530565 bytes. Artifact ID is 11289195384
2026-10-04T00:09:53.1345510Z Artifact download URL: https://github.com/mjodshamrani-ux/accounting/actions/runs/37163871128/artifacts/11289195384
2026-10-04T00:09:53.1457238Z ##[group]Run python3 audit/layered-statement/check_export.py work/qa/layered-0-direct.xlsx work/qa/layered-0-restored.xlsx work/qa/layered-1-direct.xlsx work/qa/layered-1-restored.xlsx
2026-10-04T00:09:53.1458013Z [36;1mpython3 audit/layered-statement/check_export.py work/qa/layered-0-direct.xlsx work/qa/layered-0-restored.xlsx work/qa/layered-1-direct.xlsx work/qa/layered-1-restored.xlsx[0m
2026-10-04T00:09:53.1511688Z shell: /usr/bin/bash -e {0}
2026-10-04T00:09:53.1511848Z env:
2026-10-04T00:09:53.1512010Z   PNPM_HOME: /home/runner/setup-pnpm/node_modules/.bin
2026-10-04T00:09:53.1512207Z ##[endgroup]
2026-10-04T00:09:53.1965120Z [
2026-10-04T00:09:53.1965384Z   {
2026-10-04T00:09:53.1965694Z     "workbook": "work/qa/layered-0-direct.xlsx",
2026-10-04T00:09:53.1965993Z     "verified": true,
2026-10-04T00:09:53.1966190Z     "source": "supplier-layered-proven.xlsx",
2026-10-04T00:09:53.1966518Z     "sourceHash": "ed920ea60d9c302e2d319f76920f048227366fc5b01fdbb5229bab584fc93e8a",
2026-10-04T00:09:53.1966768Z     "movements": 4,
2026-10-04T00:09:53.1966906Z     "rowFates": 10,
2026-10-04T00:09:53.1967188Z     "approvedSupplierRows": [
2026-10-04T00:09:53.1967345Z       8
2026-10-04T00:09:53.1967461Z     ],
2026-10-04T00:09:53.1967583Z     "headerBand": [
2026-10-04T00:09:53.1967712Z       3,
2026-10-04T00:09:53.1967824Z       4
2026-10-04T00:09:53.1967935Z     ],
2026-10-04T00:09:53.1968073Z     "fullReconciliation": false
2026-10-04T00:09:53.1968223Z   },
2026-10-04T00:09:53.1968333Z   {
2026-10-04T00:09:53.1968516Z     "workbook": "work/qa/layered-0-restored.xlsx",
2026-10-04T00:09:53.1968701Z     "verified": true,
2026-10-04T00:09:53.1968873Z     "source": "supplier-layered-proven.xlsx",
2026-10-04T00:09:53.1969154Z     "sourceHash": "ed920ea60d9c302e2d319f76920f048227366fc5b01fdbb5229bab584fc93e8a",
2026-10-04T00:09:53.1969394Z     "movements": 4,
2026-10-04T00:09:53.1969526Z     "rowFates": 10,
2026-10-04T00:09:53.1969669Z     "approvedSupplierRows": [
2026-10-04T00:09:53.1969820Z       8
2026-10-04T00:09:53.1969933Z     ],
2026-10-04T00:09:53.1970048Z     "headerBand": [
2026-10-04T00:09:53.1970171Z       3,
2026-10-04T00:09:53.1970285Z       4
2026-10-04T00:09:53.1970395Z     ],
2026-10-04T00:09:53.1970527Z     "fullReconciliation": false
2026-10-04T00:09:53.1970675Z   },
2026-10-04T00:09:53.1970786Z   {
2026-10-04T00:09:53.1970943Z     "workbook": "work/qa/layered-1-direct.xlsx",
2026-10-04T00:09:53.1971122Z     "verified": true,
2026-10-04T00:09:53.1971297Z     "source": "supplier-layered-conflict.xlsx",
2026-10-04T00:09:53.1971580Z     "sourceHash": "9d4133c437598504fc8284d61f993e6977cf9bf699c44e3bb6fb499f85f859b4",
2026-10-04T00:09:53.1971817Z     "movements": 4,
2026-10-04T00:09:53.1971945Z     "rowFates": 10,
2026-10-04T00:09:53.1972089Z     "approvedSupplierRows": [
2026-10-04T00:09:53.1972239Z       8
2026-10-04T00:09:53.1972350Z     ],
2026-10-04T00:09:53.1972465Z     "headerBand": [
2026-10-04T00:09:53.1972591Z       3,
2026-10-04T00:09:53.1972706Z       4
2026-10-04T00:09:53.1972816Z     ],
2026-10-04T00:09:53.1972950Z     "fullReconciliation": false
2026-10-04T00:09:53.1973099Z   },
2026-10-04T00:09:53.1973207Z   {
2026-10-04T00:09:53.1973362Z     "workbook": "work/qa/layered-1-restored.xlsx",
2026-10-04T00:09:53.1973542Z     "verified": true,
2026-10-04T00:09:53.1973716Z     "source": "supplier-layered-conflict.xlsx",
2026-10-04T00:09:53.1973990Z     "sourceHash": "9d4133c437598504fc8284d61f993e6977cf9bf699c44e3bb6fb499f85f859b4",
2026-10-04T00:09:53.1974231Z     "movements": 4,
2026-10-04T00:09:53.1974362Z     "rowFates": 10,
2026-10-04T00:09:53.1974502Z     "approvedSupplierRows": [
2026-10-04T00:09:53.1974651Z       8
2026-10-04T00:09:53.1974764Z     ],
2026-10-04T00:09:53.1974880Z     "headerBand": [
2026-10-04T00:09:53.1975314Z       3,
2026-10-04T00:09:53.1975426Z       4
2026-10-04T00:09:53.1975536Z     ],
2026-10-04T00:09:53.1975667Z     "fullReconciliation": false
2026-10-04T00:09:53.1975812Z   }
2026-10-04T00:09:53.1975924Z ]
2026-10-04T00:09:53.2069744Z ##[group]Run python3 audit/typed-document/check_export.py work/qa/typed-0-direct.xlsx work/qa/typed-0-restored.xlsx work/qa/typed-1-direct.xlsx work/qa/typed-1-restored.xlsx
2026-10-04T00:09:53.2070410Z [36;1mpython3 audit/typed-document/check_export.py work/qa/typed-0-direct.xlsx work/qa/typed-0-restored.xlsx work/qa/typed-1-direct.xlsx work/qa/typed-1-restored.xlsx[0m
2026-10-04T00:09:53.2070883Z [36;1mpython3 -m unittest discover -s audit/typed-document -p 'test_*.py' -v[0m
2026-10-04T00:09:53.2127416Z shell: /usr/bin/bash -e {0}
2026-10-04T00:09:53.2127585Z env:
2026-10-04T00:09:53.2127755Z   PNPM_HOME: /home/runner/setup-pnpm/node_modules/.bin
2026-10-04T00:09:53.2127945Z ##[endgroup]
2026-10-04T00:09:53.2621877Z [
2026-10-04T00:09:53.2622177Z   {
2026-10-04T00:09:53.2622481Z     "workbook": "work/qa/typed-0-direct.xlsx",
2026-10-04T00:09:53.2622840Z     "verified": true,
2026-10-04T00:09:53.2623115Z     "source": "supplier-typed-proven.xlsx",
2026-10-04T00:09:53.2623458Z     "engine": "0.3.26-experimental",
2026-10-04T00:09:53.2623726Z     "supplierMovements": 4,
2026-10-04T00:09:53.2623972Z     "supplierRowFates": 10,
2026-10-04T00:09:53.2624217Z     "approvedMemberSets": [
2026-10-04T00:09:53.2624379Z       {
2026-10-04T00:09:53.2624508Z         "supplierRows": [
2026-10-04T00:09:53.2624653Z           8
2026-10-04T00:09:53.2624770Z         ],
2026-10-04T00:09:53.2624894Z         "ledgerRows": [
2026-10-04T00:09:53.2625027Z           3
2026-10-04T00:09:53.2625144Z         ],
2026-10-04T00:09:53.2625279Z         "amountMinor": -35000
2026-10-04T00:09:53.2625426Z       },
2026-10-04T00:09:53.2625541Z       {
2026-10-04T00:09:53.2625666Z         "supplierRows": [
2026-10-04T00:09:53.2625804Z           9
2026-10-04T00:09:53.2625919Z         ],
2026-10-04T00:09:53.2626038Z         "ledgerRows": [
2026-10-04T00:09:53.2626174Z           4
2026-10-04T00:09:53.2626284Z         ],
2026-10-04T00:09:53.2626411Z         "amountMinor": -5000
2026-10-04T00:09:53.2626556Z       },
2026-10-04T00:09:53.2626671Z       {
2026-10-04T00:09:53.2626789Z         "supplierRows": [
2026-10-04T00:09:53.2626932Z           6,
2026-10-04T00:09:53.2627200Z           7
2026-10-04T00:09:53.2627311Z         ],
2026-10-04T00:09:53.2627431Z         "ledgerRows": [
2026-10-04T00:09:53.2627565Z           2
2026-10-04T00:09:53.2627677Z         ],
2026-10-04T00:09:53.2627800Z         "amountMinor": 100000
2026-10-04T00:09:53.2627944Z       }
2026-10-04T00:09:53.2628054Z     ],
2026-10-04T00:09:53.2628193Z     "fullReconciliation": false
2026-10-04T00:09:53.2628342Z   },
2026-10-04T00:09:53.2628454Z   {
2026-10-04T00:09:53.2628612Z     "workbook": "work/qa/typed-0-restored.xlsx",
2026-10-04T00:09:53.2628793Z     "verified": true,
2026-10-04T00:09:53.2628963Z     "source": "supplier-typed-proven.xlsx",
2026-10-04T00:09:53.2629157Z     "engine": "0.3.26-experimental",
2026-10-04T00:09:53.2629323Z     "supplierMovements": 4,
2026-10-04T00:09:53.2629480Z     "supplierRowFates": 10,
2026-10-04T00:09:53.2629633Z     "approvedMemberSets": [
2026-10-04T00:09:53.2629774Z       {
2026-10-04T00:09:53.2629894Z         "supplierRows": [
2026-10-04T00:09:53.2630032Z           8
2026-10-04T00:09:53.2630147Z         ],
2026-10-04T00:09:53.2630266Z         "ledgerRows": [
2026-10-04T00:09:53.2630400Z           3
2026-10-04T00:09:53.2630515Z         ],
2026-10-04T00:09:53.2630641Z         "amountMinor": -35000
2026-10-04T00:09:53.2630784Z       },
2026-10-04T00:09:53.2630898Z       {
2026-10-04T00:09:53.2631020Z         "supplierRows": [
2026-10-04T00:09:53.2631155Z           9
2026-10-04T00:09:53.2631269Z         ],
2026-10-04T00:09:53.2631388Z         "ledgerRows": [
2026-10-04T00:09:53.2631520Z           4
2026-10-04T00:09:53.2631631Z         ],
2026-10-04T00:09:53.2631756Z         "amountMinor": -5000
2026-10-04T00:09:53.2632242Z       },
2026-10-04T00:09:53.2632353Z       {
2026-10-04T00:09:53.2632475Z         "supplierRows": [
2026-10-04T00:09:53.2632615Z           6,
2026-10-04T00:09:53.2632733Z           7
2026-10-04T00:09:53.2633037Z         ],
2026-10-04T00:09:53.2633159Z         "ledgerRows": [
2026-10-04T00:09:53.2633291Z           2
2026-10-04T00:09:53.2633405Z         ],
2026-10-04T00:09:53.2633531Z         "amountMinor": 100000
2026-10-04T00:09:53.2633674Z       }
2026-10-04T00:09:53.2633786Z     ],
2026-10-04T00:09:53.2633918Z     "fullReconciliation": false
2026-10-04T00:09:53.2634066Z   },
2026-10-04T00:09:53.2634175Z   {
2026-10-04T00:09:53.2634323Z     "workbook": "work/qa/typed-1-direct.xlsx",
2026-10-04T00:09:53.2634498Z     "verified": true,
2026-10-04T00:09:53.2634669Z     "source": "supplier-typed-conflict.xlsx",
2026-10-04T00:09:53.2634860Z     "engine": "0.3.26-experimental",
2026-10-04T00:09:53.2635022Z     "supplierMovements": 4,
2026-10-04T00:09:53.2635175Z     "supplierRowFates": 10,
2026-10-04T00:09:53.2635333Z     "approvedMemberSets": [
2026-10-04T00:09:53.2635474Z       {
2026-10-04T00:09:53.2635593Z         "supplierRows": [
2026-10-04T00:09:53.2635730Z           8
2026-10-04T00:09:53.2635844Z         ],
2026-10-04T00:09:53.2635990Z         "ledgerRows": [
2026-10-04T00:09:53.2636121Z           3
2026-10-04T00:09:53.2636263Z         ],
2026-10-04T00:09:53.2636388Z         "amountMinor": -35000
2026-10-04T00:09:53.2636532Z       },
2026-10-04T00:09:53.2636642Z       {
2026-10-04T00:09:53.2636760Z         "supplierRows": [
2026-10-04T00:09:53.2636895Z           9
2026-10-04T00:09:53.2637079Z         ],
2026-10-04T00:09:53.2637200Z         "ledgerRows": [
2026-10-04T00:09:53.2637331Z           4
2026-10-04T00:09:53.2637444Z         ],
2026-10-04T00:09:53.2637567Z         "amountMinor": -5000
2026-10-04T00:09:53.2637710Z       }
2026-10-04T00:09:53.2637820Z     ],
2026-10-04T00:09:53.2637950Z     "fullReconciliation": false
2026-10-04T00:09:53.2638097Z   },
2026-10-04T00:09:53.2638210Z   {
2026-10-04T00:09:53.2638361Z     "workbook": "work/qa/typed-1-restored.xlsx",
2026-10-04T00:09:53.2638535Z     "verified": true,
2026-10-04T00:09:53.2638706Z     "source": "supplier-typed-conflict.xlsx",
2026-10-04T00:09:53.2638899Z     "engine": "0.3.26-experimental",
2026-10-04T00:09:53.2639059Z     "supplierMovements": 4,
2026-10-04T00:09:53.2639211Z     "supplierRowFates": 10,
2026-10-04T00:09:53.2639360Z     "approvedMemberSets": [
2026-10-04T00:09:53.2639501Z       {
2026-10-04T00:09:53.2639619Z         "supplierRows": [
2026-10-04T00:09:53.2639756Z           8
2026-10-04T00:09:53.2639870Z         ],
2026-10-04T00:09:53.2639991Z         "ledgerRows": [
2026-10-04T00:09:53.2640120Z           3
2026-10-04T00:09:53.2640233Z         ],
2026-10-04T00:09:53.2640356Z         "amountMinor": -35000
2026-10-04T00:09:53.2640497Z       },
2026-10-04T00:09:53.2640608Z       {
2026-10-04T00:09:53.2640728Z         "supplierRows": [
2026-10-04T00:09:53.2640867Z           9
2026-10-04T00:09:53.2640982Z         ],
2026-10-04T00:09:53.2641102Z         "ledgerRows": [
2026-10-04T00:09:53.2641233Z           4
2026-10-04T00:09:53.2641343Z         ],
2026-10-04T00:09:53.2641467Z         "amountMinor": -5000
2026-10-04T00:09:53.2641609Z       }
2026-10-04T00:09:53.2641719Z     ],
2026-10-04T00:09:53.2641851Z     "fullReconciliation": false
2026-10-04T00:09:53.2641997Z   }
2026-10-04T00:09:53.2642109Z ]
2026-10-04T00:09:53.3224496Z test_all_native_and_restored_workbooks (test_check_export.TypedExportOracle.test_all_native_and_restored_workbooks) ... ok
2026-10-04T00:09:53.3686902Z test_deliberate_financial_and_source_tampering_is_rejected (test_check_export.TypedExportOracle.test_deliberate_financial_and_source_tampering_is_rejected) ... ok
2026-10-04T00:09:53.3687416Z 
2026-10-04T00:09:53.3687572Z ----------------------------------------------------------------------
2026-10-04T00:09:53.3687805Z Ran 2 tests in 0.061s
2026-10-04T00:09:53.3687898Z 
2026-10-04T00:09:53.3687955Z OK
2026-10-04T00:09:53.3796991Z ##[group]Run node audit/partial-input/browser/run.mjs ci-partial isolated
2026-10-04T00:09:53.3797635Z [36;1mnode audit/partial-input/browser/run.mjs ci-partial isolated[0m
2026-10-04T00:09:53.3798359Z [36;1mpython3 audit/partial-reconciliation/check_openxml.py --xlsx audit/partial-input/browser/ci-partial/partial.xlsx --out audit/partial-input/browser/ci-partial/openxml.json --browser-oracle audit/partial-input/browser/fixtures-isolated/oracle.json --require-reviewed --expected-engine 0.3.26-experimental[0m
2026-10-04T00:09:53.3799091Z [36;1mnode audit/partial-input/browser/run.mjs ci-partial-original original[0m
2026-10-04T00:09:53.3799831Z [36;1mpython3 audit/partial-reconciliation/check_openxml.py --xlsx audit/partial-input/browser/ci-partial-original/partial.xlsx --out audit/partial-input/browser/ci-partial-original/openxml.json --browser-oracle audit/partial-input/browser/fixtures/oracle.json --require-reviewed --expected-engine 0.3.26-experimental[0m
2026-10-04T00:09:53.3853718Z shell: /usr/bin/bash -e {0}
2026-10-04T00:09:53.3853887Z env:
2026-10-04T00:09:53.3854058Z   PNPM_HOME: /home/runner/setup-pnpm/node_modules/.bin
2026-10-04T00:09:53.3854250Z ##[endgroup]
2026-10-04T00:09:57.3416606Z {"passed":true,"stage":"final-integrity","result":"/home/runner/work/accounting/accounting/audit/partial-input/browser/ci-partial/result.json"}
2026-10-04T00:09:57.4089505Z {"checkerSha256": "6475352b77f71a35c0ecf8ccfa51ec71630c5f8e80eacde37514e1c873014bdf", "observedAtUtc": "2026-10-04T00:09:57.393832+00:00", "passed": true, "frozenBefore": "0b10b982659d984e9298082c0a76bb183fcd6d30abb8c34a5be520fed9a57e7e", "workbookSha256": "81beed6b48a04b7737e404b29e54d56c91846264f0f07751cc4449c0e7b053a0", "observations": {"originalSourcePreservation": {"passed": true, "readableRows": 4, "readingIssues": [{"sourceRowId": "supplier:0:3", "reason": "المبلغ غير صالح أو يتجاوز عدد المنازل العشرية للعملة", "originalAmount": "unread"}, {"sourceRowId": "supplier:0:4", "reason": "المبلغ غير صالح أو يتجاوز عدد المنازل العشرية للعملة", "originalAmount": "unread"}, {"sourceRowId": "supplier:0:5", "reason": "المبلغ غير صالح أو يتجاوز عدد المنازل العشرية للعملة", "originalAmount": "unread"}, {"sourceRowId": "supplier:0:6", "reason": "المبلغ غير صالح أو يتجاوز عدد المنازل العشرية للعملة", "originalAmount": "unread"}, {"sourceRowId": "supplier:0:7", "reason": "المبلغ غير صالح أو يتجاوز عدد المنازل العشرية للعملة", "originalAmount": "unread"}, {"sourceRowId": "supplier:0:8", "reason": "المبلغ غير صالح أو يتجاوز عدد المنازل العشرية للعملة", "originalAmount": "unread"}, {"sourceRowId": "supplier:0:9", "reason": "المبلغ غير صالح أو يتجاوز عدد المنازل العشرية للعملة", "originalAmount": "unread"}, {"sourceRowId": "supplier:0:10", "reason": "المبلغ غير صالح أو يتجاوز عدد المنازل العشرية للعملة", "originalAmount": "unread"}, {"sourceRowId": "supplier:0:11", "reason": "المبلغ غير صالح أو يتجاوز عدد المنازل العشرية للعملة", "originalAmount": "unread"}, {"sourceRowId": "supplier:0:12", "reason": "المبلغ غير صالح أو يتجاوز عدد المنازل العشرية للعملة", "originalAmount": "unread"}, {"sourceRowId": "supplier:0:13", "reason": "المبلغ غير صالح أو يتجاوز عدد المنازل العشرية للعملة", "originalAmount": "unread"}, {"sourceRowId": "supplier:0:14", "reason": "المبلغ غير صالح أو يتجاوز عدد المنازل العشرية للعملة", "originalAmount": "unread"}, {"sourceRowId": "supplier:0:15", "reason": "المبلغ غير صالح أو يتجاوز عدد المنازل العشرية للعملة", "originalAmount": "unread"}], "issueTraceEncoding": "Source File + Side + Source Sheet CSV + Source Row; contract IDs reconstructed for selected sheet 0"}, "partialSummaryAndReview": {"passed": true, "processedTotalsMinor": {"supplier": 35000, "ledger": 35000}, "processedTotalFields": {"supplier": "Supplier Processed Transaction Total", "ledger": "Ledger Processed Transaction Total"}, "partialSummaryFields": {"Reading Status": "Partial — reading issues remain open", "Workbook Mode": "Partial transaction snapshot for review. Reading issues remain open; totals cover processed transactions only. Not a complete reconciliation."}, "bridgeStatus": "Balance bridge prerequisites incomplete", "reviewCompleted": "Review recorded; reading issues remain open", "reviewApproval": "Not approved — review completion is not an approval declaration"}, "originalSourceHashBinding": {"passed": true, "sourceProvenance": {"oracleSha256": "c2d5a00ade4e27354e3e9a24bc8136b371ef1728c2516253dc55630a1adf2ac3", "sourceSha256": {"supplier": "66db9ee7c99881d80cf0818553d8c01e4407c1e810de562e0b8095a4354ebe01", "ledger": "3298df6aa51c4b1ea3f34f0bd197f90ef458eb5c956f830eced1100d39db9007"}, "contractScope": "Separately authored plain-unread positive contract. Passing this contract does not satisfy the original unread-1..13 contract.", "originalCompletionMiss": "audit/partial-input/browser/original-contract-miss.json"}}, "requiredCompletion": {"requiredPairs": 2, "actualMatchedCases": 2, "requiredMemberSets": [{"supplierRows": [2], "ledgerRows": [2]}, {"supplierRows": [16], "ledgerRows": [3]}]}}, "contract": "browser-isolated-amount", "requiredPairs": 2, "requiredPairsSatisfied": 2, "falseApprovedPairs": 0, "matchedSourceRows": 4, "readableSourceRows": 4, "invalidRowsRetained": [{"sourceRowId": "supplier:0:3", "reason": "المبلغ غير صالح أو يتجاوز عدد المنازل العشرية للعملة", "originalAmount": "unread"}, {"sourceRowId": "supplier:0:4", "reason": "المبلغ غير صالح أو يتجاوز عدد المنازل العشرية للعملة", "originalAmount": "unread"}, {"sourceRowId": "supplier:0:5", "reason": "المبلغ غير صالح أو يتجاوز عدد المنازل العشرية للعملة", "originalAmount": "unread"}, {"sourceRowId": "supplier:0:6", "reason": "المبلغ غير صالح أو يتجاوز عدد المنازل العشرية للعملة", "originalAmount": "unread"}, {"sourceRowId": "supplier:0:7", "reason": "المبلغ غير صالح أو يتجاوز عدد المنازل العشرية للعملة", "originalAmount": "unread"}, {"sourceRowId": "supplier:0:8", "reason": "المبلغ غير صالح أو يتجاوز عدد المنازل العشرية للعملة", "originalAmount": "unread"}, {"sourceRowId": "supplier:0:9", "reason": "المبلغ غير صالح أو يتجاوز عدد المنازل العشرية للعملة", "originalAmount": "unread"}, {"sourceRowId": "supplier:0:10", "reason": "المبلغ غير صالح أو يتجاوز عدد المنازل العشرية للعملة", "originalAmount": "unread"}, {"sourceRowId": "supplier:0:11", "reason": "المبلغ غير صالح أو يتجاوز عدد المنازل العشرية للعملة", "originalAmount": "unread"}, {"sourceRowId": "supplier:0:12", "reason": "المبلغ غير صالح أو يتجاوز عدد المنازل العشرية للعملة", "originalAmount": "unread"}, {"sourceRowId": "supplier:0:13", "reason": "المبلغ غير صالح أو يتجاوز عدد المنازل العشرية للعملة", "originalAmount": "unread"}, {"sourceRowId": "supplier:0:14", "reason": "المبلغ غير صالح أو يتجاوز عدد المنازل العشرية للعملة", "originalAmount": "unread"}, {"sourceRowId": "supplier:0:15", "reason": "المبلغ غير صالح أو يتجاوز عدد المنازل العشرية للعملة", "originalAmount": "unread"}], "processedTotalsMinor": {"supplier": 35000, "ledger": 35000}, "processedTotalFields": {"supplier": "Supplier Processed Transaction Total", "ledger": "Ledger Processed Transaction Total"}, "partialSummaryFields": {"Reading Status": "Partial — reading issues remain open", "Workbook Mode": "Partial transaction snapshot for review. Reading issues remain open; totals cover processed transactions only. Not a complete reconciliation."}, "bridgeStatus": "Balance bridge prerequisites incomplete", "reviewCompleted": "Review recorded; reading issues remain open", "reviewApproval": "Not approved — review completion is not an approval declaration", "xmlPartsParsed": 31, "sourceProvenance": {"oracleSha256": "c2d5a00ade4e27354e3e9a24bc8136b371ef1728c2516253dc55630a1adf2ac3", "sourceSha256": {"supplier": "66db9ee7c99881d80cf0818553d8c01e4407c1e810de562e0b8095a4354ebe01", "ledger": "3298df6aa51c4b1ea3f34f0bd197f90ef458eb5c956f830eced1100d39db9007"}, "contractScope": "Separately authored plain-unread positive contract. Passing this contract does not satisfy the original unread-1..13 contract.", "originalCompletionMiss": "audit/partial-input/browser/original-contract-miss.json"}, "scope": "Independent synthetic literal sources, error preservation and financial member sets. No engine/ExcelJS imports or formula recalculation.", "frozenAfter": "0b10b982659d984e9298082c0a76bb183fcd6d30abb8c34a5be520fed9a57e7e"}
2026-10-04T00:10:01.3696921Z {"passed":true,"stage":"final-integrity","result":"/home/runner/work/accounting/accounting/audit/partial-input/browser/ci-partial-original/result.json"}
2026-10-04T00:10:01.4351222Z {"checkerSha256": "6475352b77f71a35c0ecf8ccfa51ec71630c5f8e80eacde37514e1c873014bdf", "observedAtUtc": "2026-10-04T00:10:01.420740+00:00", "passed": true, "frozenBefore": "0b10b982659d984e9298082c0a76bb183fcd6d30abb8c34a5be520fed9a57e7e", "workbookSha256": "1bb985bd09ba31cc2a70bc1c9d37591e9e33a340f4009a62236402bd03c9fc72", "observations": {"originalSourcePreservation": {"passed": true, "readableRows": 4, "readingIssues": [{"sourceRowId": "supplier:0:3", "reason": "المبلغ غير صالح أو يتجاوز عدد المنازل العشرية للعملة", "originalAmount": "unread-1"}, {"sourceRowId": "supplier:0:4", "reason": "المبلغ غير صالح أو يتجاوز عدد المنازل العشرية للعملة", "originalAmount": "unread-2"}, {"sourceRowId": "supplier:0:5", "reason": "المبلغ غير صالح أو يتجاوز عدد المنازل العشرية للعملة", "originalAmount": "unread-3"}, {"sourceRowId": "supplier:0:6", "reason": "المبلغ غير صالح أو يتجاوز عدد المنازل العشرية للعملة", "originalAmount": "unread-4"}, {"sourceRowId": "supplier:0:7", "reason": "المبلغ غير صالح أو يتجاوز عدد المنازل العشرية للعملة", "originalAmount": "unread-5"}, {"sourceRowId": "supplier:0:8", "reason": "المبلغ غير صالح أو يتجاوز عدد المنازل العشرية للعملة", "originalAmount": "unread-6"}, {"sourceRowId": "supplier:0:9", "reason": "المبلغ غير صالح أو يتجاوز عدد المنازل العشرية للعملة", "originalAmount": "unread-7"}, {"sourceRowId": "supplier:0:10", "reason": "المبلغ غير صالح أو يتجاوز عدد المنازل العشرية للعملة", "originalAmount": "unread-8"}, {"sourceRowId": "supplier:0:11", "reason": "المبلغ غير صالح أو يتجاوز عدد المنازل العشرية للعملة", "originalAmount": "unread-9"}, {"sourceRowId": "supplier:0:12", "reason": "المبلغ غير صالح أو يتجاوز عدد المنازل العشرية للعملة", "originalAmount": "unread-10"}, {"sourceRowId": "supplier:0:13", "reason": "المبلغ غير صالح أو يتجاوز عدد المنازل العشرية للعملة", "originalAmount": "unread-11"}, {"sourceRowId": "supplier:0:14", "reason": "المبلغ غير صالح أو يتجاوز عدد المنازل العشرية للعملة", "originalAmount": "unread-12"}, {"sourceRowId": "supplier:0:15", "reason": "المبلغ غير صالح أو يتجاوز عدد المنازل العشرية للعملة", "originalAmount": "unread-13"}], "issueTraceEncoding": "Source File + Side + Source Sheet CSV + Source Row; contract IDs reconstructed for selected sheet 0"}, "partialSummaryAndReview": {"passed": true, "processedTotalsMinor": {"supplier": 35000, "ledger": 35000}, "processedTotalFields": {"supplier": "Supplier Processed Transaction Total", "ledger": "Ledger Processed Transaction Total"}, "partialSummaryFields": {"Reading Status": "Partial — reading issues remain open", "Workbook Mode": "Partial transaction snapshot for review. Reading issues remain open; totals cover processed transactions only. Not a complete reconciliation."}, "bridgeStatus": "Balance bridge prerequisites incomplete", "reviewCompleted": "Review recorded; reading issues remain open", "reviewApproval": "Not approved — review completion is not an approval declaration"}, "originalSourceHashBinding": {"passed": true, "sourceProvenance": {"oracleSha256": "892a5d52634752a1b976cfb25836381ae054c4c72fb706d9e6df8234f983cbc6", "sourceSha256": {"supplier": "e8f5e8d6f28f3ab613302cf6e28ef466f04cc49713f6281cce0ebc87d6b59b82", "ledger": "3298df6aa51c4b1ea3f34f0bd197f90ef458eb5c956f830eced1100d39db9007"}, "contractScope": "Original unread-1..13 completion contract. Still requires both positive pairs; its recorded completion miss is not reclassified as a pass.", "originalCompletionMiss": "audit/partial-input/browser/original-contract-miss.json"}}, "requiredCompletion": {"requiredPairs": 2, "actualMatchedCases": 2, "requiredMemberSets": [{"supplierRows": [2], "ledgerRows": [2]}, {"supplierRows": [16], "ledgerRows": [3]}]}}, "contract": "browser-original-displaced-amount", "requiredPairs": 2, "requiredPairsSatisfied": 2, "falseApprovedPairs": 0, "matchedSourceRows": 4, "readableSourceRows": 4, "invalidRowsRetained": [{"sourceRowId": "supplier:0:3", "reason": "المبلغ غير صالح أو يتجاوز عدد المنازل العشرية للعملة", "originalAmount": "unread-1"}, {"sourceRowId": "supplier:0:4", "reason": "المبلغ غير صالح أو يتجاوز عدد المنازل العشرية للعملة", "originalAmount": "unread-2"}, {"sourceRowId": "supplier:0:5", "reason": "المبلغ غير صالح أو يتجاوز عدد المنازل العشرية للعملة", "originalAmount": "unread-3"}, {"sourceRowId": "supplier:0:6", "reason": "المبلغ غير صالح أو يتجاوز عدد المنازل العشرية للعملة", "originalAmount": "unread-4"}, {"sourceRowId": "supplier:0:7", "reason": "المبلغ غير صالح أو يتجاوز عدد المنازل العشرية للعملة", "originalAmount": "unread-5"}, {"sourceRowId": "supplier:0:8", "reason": "المبلغ غير صالح أو يتجاوز عدد المنازل العشرية للعملة", "originalAmount": "unread-6"}, {"sourceRowId": "supplier:0:9", "reason": "المبلغ غير صالح أو يتجاوز عدد المنازل العشرية للعملة", "originalAmount": "unread-7"}, {"sourceRowId": "supplier:0:10", "reason": "المبلغ غير صالح أو يتجاوز عدد المنازل العشرية للعملة", "originalAmount": "unread-8"}, {"sourceRowId": "supplier:0:11", "reason": "المبلغ غير صالح أو يتجاوز عدد المنازل العشرية للعملة", "originalAmount": "unread-9"}, {"sourceRowId": "supplier:0:12", "reason": "المبلغ غير صالح أو يتجاوز عدد المنازل العشرية للعملة", "originalAmount": "unread-10"}, {"sourceRowId": "supplier:0:13", "reason": "المبلغ غير صالح أو يتجاوز عدد المنازل العشرية للعملة", "originalAmount": "unread-11"}, {"sourceRowId": "supplier:0:14", "reason": "المبلغ غير صالح أو يتجاوز عدد المنازل العشرية للعملة", "originalAmount": "unread-12"}, {"sourceRowId": "supplier:0:15", "reason": "المبلغ غير صالح أو يتجاوز عدد المنازل العشرية للعملة", "originalAmount": "unread-13"}], "processedTotalsMinor": {"supplier": 35000, "ledger": 35000}, "processedTotalFields": {"supplier": "Supplier Processed Transaction Total", "ledger": "Ledger Processed Transaction Total"}, "partialSummaryFields": {"Reading Status": "Partial — reading issues remain open", "Workbook Mode": "Partial transaction snapshot for review. Reading issues remain open; totals cover processed transactions only. Not a complete reconciliation."}, "bridgeStatus": "Balance bridge prerequisites incomplete", "reviewCompleted": "Review recorded; reading issues remain open", "reviewApproval": "Not approved — review completion is not an approval declaration", "xmlPartsParsed": 31, "sourceProvenance": {"oracleSha256": "892a5d52634752a1b976cfb25836381ae054c4c72fb706d9e6df8234f983cbc6", "sourceSha256": {"supplier": "e8f5e8d6f28f3ab613302cf6e28ef466f04cc49713f6281cce0ebc87d6b59b82", "ledger": "3298df6aa51c4b1ea3f34f0bd197f90ef458eb5c956f830eced1100d39db9007"}, "contractScope": "Original unread-1..13 completion contract. Still requires both positive pairs; its recorded completion miss is not reclassified as a pass.", "originalCompletionMiss": "audit/partial-input/browser/original-contract-miss.json"}, "scope": "Independent synthetic literal sources, error preservation and financial member sets. No engine/ExcelJS imports or formula recalculation.", "frozenAfter": "0b10b982659d984e9298082c0a76bb183fcd6d30abb8c34a5be520fed9a57e7e"}
2026-10-04T00:10:01.4437570Z ##[group]Run actions/upload-artifact@ea165f8d65b6e75b540449e92b4886f43607fa02
2026-10-04T00:10:01.4437973Z with:
2026-10-04T00:10:01.4438212Z   name: partial-reconciliation-evidence
2026-10-04T00:10:01.4438754Z   path: audit/partial-input/browser/ci-partial
audit/partial-input/browser/ci-partial-original
work/partial-regression

2026-10-04T00:10:01.4439304Z   if-no-files-found: ignore
2026-10-04T00:10:01.4439545Z   retention-days: 7
2026-10-04T00:10:01.4439765Z   compression-level: 6
2026-10-04T00:10:01.4439990Z   overwrite: false
2026-10-04T00:10:01.4440215Z   include-hidden-files: false
2026-10-04T00:10:01.4440450Z env:
2026-10-04T00:10:01.4440692Z   PNPM_HOME: /home/runner/setup-pnpm/node_modules/.bin
2026-10-04T00:10:01.4440996Z ##[endgroup]
2026-10-04T00:10:01.5590869Z (node:5260) [DEP0040] DeprecationWarning: The `punycode` module is deprecated. Please use a userland alternative instead.
2026-10-04T00:10:01.5591684Z (Use `node --trace-deprecation ...` to show where the warning was created)
2026-10-04T00:10:01.5668317Z Multiple search paths detected. Calculating the least common ancestor of all paths
2026-10-04T00:10:01.5669881Z The least common ancestor is /home/runner/work/accounting/accounting. This will be the root directory of the artifact
2026-10-04T00:10:01.5670568Z With the provided path, there will be 24 files uploaded
2026-10-04T00:10:01.5673286Z Artifact name is valid!
2026-10-04T00:10:01.5673829Z Root directory input is valid!
2026-10-04T00:10:01.8579632Z Beginning upload of artifact content to blob storage
2026-10-04T00:10:01.9166782Z (node:5260) [DEP0169] DeprecationWarning: `url.parse()` behavior is not standardized and prone to errors that have security implications. Use the WHATWG URL API instead. CVEs are not issued for `url.parse()` vulnerabilities.
2026-10-04T00:10:02.1951483Z Uploaded bytes 1319579
2026-10-04T00:10:02.2300334Z Finished uploading artifact content to blob storage!
2026-10-04T00:10:02.2301630Z SHA256 digest of uploaded artifact zip is 155596e2b159231f03950d8636e6ae743f5bace15ecad031aac1827c1e0ae759
2026-10-04T00:10:02.2302138Z Finalizing artifact upload
2026-10-04T00:10:02.4450879Z Artifact partial-reconciliation-evidence.zip successfully finalized. Artifact ID 11289295198
2026-10-04T00:10:02.4451731Z Artifact partial-reconciliation-evidence has been successfully uploaded! Final size is 1319579 bytes. Artifact ID is 11289295198
2026-10-04T00:10:02.4455951Z Artifact download URL: https://github.com/mjodshamrani-ux/accounting/actions/runs/37163871128/artifacts/11289295198
2026-10-04T00:10:02.4558866Z ##[group]Run node audit/large-statements/browser/run.mjs ci-large-native
2026-10-04T00:10:02.4559343Z [36;1mnode audit/large-statements/browser/run.mjs ci-large-native[0m
2026-10-04T00:10:02.4560063Z [36;1mpython3 audit/large-statements/check_openxml.py --browser-dir audit/large-statements/browser/ci-large-native --out audit/large-statements/browser/ci-large-native/openxml.json --expected-engine 0.3.26-experimental[0m
2026-10-04T00:10:02.4613308Z shell: /usr/bin/bash -e {0}
2026-10-04T00:10:02.4613469Z env:
2026-10-04T00:10:02.4613634Z   PNPM_HOME: /home/runner/setup-pnpm/node_modules/.bin
2026-10-04T00:10:02.4613829Z ##[endgroup]
2026-10-04T00:10:13.1699911Z {"passed":true,"stage":"final-integrity","result":"/home/runner/work/accounting/accounting/audit/large-statements/browser/ci-large-native/result.json"}
2026-10-04T00:10:14.7463396Z {"passed": true, "result": "audit/large-statements/browser/ci-large-native/openxml.json", "counts": {"supplierTransactions": 2240, "ledgerTransactions": 2240, "requiredPairs": 2240, "requiredPairsSatisfied": 2240, "falseApprovedPairs": 0, "missingPairs": 0, "exactEvidenceMembers": 4480, "parsedSupplierRows": 2450, "parsedLedgerRows": 2241, "pdfOrigins": 2450, "excludedSupplierRows": 210, "excludedLedgerRows": 1, "totalMinorEachSide": 40779520, "xmlPartsParsed": 30}, "error": null}
2026-10-04T00:10:14.7604165Z ##[group]Run actions/upload-artifact@ea165f8d65b6e75b540449e92b4886f43607fa02
2026-10-04T00:10:14.7604540Z with:
2026-10-04T00:10:14.7604813Z   name: large-statement-browser-evidence
2026-10-04T00:10:14.7605153Z   path: audit/large-statements/browser/ci-large-native
2026-10-04T00:10:14.7605446Z   if-no-files-found: ignore
2026-10-04T00:10:14.7605694Z   retention-days: 7
2026-10-04T00:10:14.7605978Z   compression-level: 6
2026-10-04T00:10:14.7606243Z   overwrite: false
2026-10-04T00:10:14.7606496Z   include-hidden-files: false
2026-10-04T00:10:14.7606772Z env:
2026-10-04T00:10:14.7607234Z   PNPM_HOME: /home/runner/setup-pnpm/node_modules/.bin
2026-10-04T00:10:14.7607515Z ##[endgroup]
2026-10-04T00:10:14.8753437Z (node:5382) [DEP0040] DeprecationWarning: The `punycode` module is deprecated. Please use a userland alternative instead.
2026-10-04T00:10:14.8754575Z (Use `node --trace-deprecation ...` to show where the warning was created)
2026-10-04T00:10:14.8839030Z With the provided path, there will be 12 files uploaded
2026-10-04T00:10:14.8839997Z Artifact name is valid!
2026-10-04T00:10:14.8840329Z Root directory input is valid!
2026-10-04T00:10:15.1919457Z Beginning upload of artifact content to blob storage
2026-10-04T00:10:15.2652749Z (node:5382) [DEP0169] DeprecationWarning: `url.parse()` behavior is not standardized and prone to errors that have security implications. Use the WHATWG URL API instead. CVEs are not issued for `url.parse()` vulnerabilities.
2026-10-04T00:10:15.5832644Z Uploaded bytes 1815081
2026-10-04T00:10:15.6184147Z Finished uploading artifact content to blob storage!
2026-10-04T00:10:15.6184870Z SHA256 digest of uploaded artifact zip is f16f29a33138fae4f2a4b9fef747fb056c97cc318803be68e4d8bf07c5a60024
2026-10-04T00:10:15.6185373Z Finalizing artifact upload
2026-10-04T00:10:15.8672231Z Artifact large-statement-browser-evidence.zip successfully finalized. Artifact ID 11288861453
2026-10-04T00:10:15.8673077Z Artifact large-statement-browser-evidence has been successfully uploaded! Final size is 1815081 bytes. Artifact ID is 11288861453
2026-10-04T00:10:15.8677557Z Artifact download URL: https://github.com/mjodshamrani-ux/accounting/actions/runs/37163871128/artifacts/11288861453
2026-10-04T00:10:15.8818353Z ##[group]Run actions/upload-pages-artifact@56afc609e74202658d3ffba0e8f6dda462b719fa
2026-10-04T00:10:15.8818614Z with:
2026-10-04T00:10:15.8818745Z   path: dist
2026-10-04T00:10:15.8818873Z   name: github-pages
2026-10-04T00:10:15.8819016Z   retention-days: 1
2026-10-04T00:10:15.8819150Z env:
2026-10-04T00:10:15.8819310Z   PNPM_HOME: /home/runner/setup-pnpm/node_modules/.bin
2026-10-04T00:10:15.8819502Z ##[endgroup]
2026-10-04T00:10:15.8862629Z ##[start-action display=Archive artifact;id=__actions_upload-pages-artifact.__run]
2026-10-04T00:10:15.8893876Z ##[group]Run echo ::group::Archive artifact
2026-10-04T00:10:15.8894094Z [36;1mecho ::group::Archive artifact[0m
2026-10-04T00:10:15.8894260Z [36;1mtar \[0m
2026-10-04T00:10:15.8894417Z [36;1m  --dereference --hard-dereference \[0m
2026-10-04T00:10:15.8894623Z [36;1m  --directory "$INPUT_PATH" \[0m
2026-10-04T00:10:15.8894807Z [36;1m  -cvf "$RUNNER_TEMP/artifact.tar" \[0m
2026-10-04T00:10:15.8895006Z [36;1m  --exclude=.git \[0m
2026-10-04T00:10:15.8895166Z [36;1m  --exclude=.github \[0m
2026-10-04T00:10:15.8895319Z [36;1m  .[0m
2026-10-04T00:10:15.8895452Z [36;1mecho ::endgroup::[0m
2026-10-04T00:10:15.8918004Z shell: /usr/bin/sh -e {0}
2026-10-04T00:10:15.8918165Z env:
2026-10-04T00:10:15.8918329Z   PNPM_HOME: /home/runner/setup-pnpm/node_modules/.bin
2026-10-04T00:10:15.8918522Z   INPUT_PATH: dist
2026-10-04T00:10:15.8918657Z ##[endgroup]
2026-10-04T00:10:15.8951498Z ##[group]Archive artifact
2026-10-04T00:10:15.8961963Z ./
2026-10-04T00:10:15.8962208Z ./favicon.svg
2026-10-04T00:10:15.8962424Z ./brand/
2026-10-04T00:10:15.8962646Z ./brand/favicon.svg
2026-10-04T00:10:15.8962887Z ./brand/tarasuf-mark.svg
2026-10-04T00:10:15.8963148Z ./brand/apple-touch-icon.png
2026-10-04T00:10:15.8963445Z ./brand/tarasuf-share-v048.png
2026-10-04T00:10:15.8963708Z ./ocr/
2026-10-04T00:10:15.8963942Z ./ocr/TESSERACT-JS-LICENSE.txt
2026-10-04T00:10:15.8964171Z ./ocr/worker.js
2026-10-04T00:10:15.9001800Z ./ocr/worker-vendor.js
2026-10-04T00:10:15.9002431Z ./ocr/TESSERACT-CORE-LICENSE.txt
2026-10-04T00:10:15.9002760Z ./ocr/tesseract-core-lstm.wasm.js
2026-10-04T00:10:15.9026271Z ./.nojekyll
2026-10-04T00:10:15.9026494Z ./assets/
2026-10-04T00:10:15.9026647Z ./assets/index-Cmu1kow5.js
2026-10-04T00:10:15.9049717Z ./assets/visual-ocr-client-BhVKcJsu.js
2026-10-04T00:10:15.9050058Z ./assets/visual-renderer-QpzSLT3w.js
2026-10-04T00:10:15.9050384Z ./assets/visual-image-CaZsk65l.js
2026-10-04T00:10:15.9050670Z ./assets/index-CNGhaTo_.css
2026-10-04T00:10:15.9051673Z ./assets/pdfjs-BvlvQ5M7.js
2026-10-04T00:10:15.9061501Z ./index.html
2026-10-04T00:10:15.9061703Z ./favicon.png
2026-10-04T00:10:15.9061863Z ./fonts/
2026-10-04T00:10:15.9062033Z ./fonts/thmanyah-serif-display-bold.woff2
2026-10-04T00:10:15.9062522Z ./fonts/NotoSansArabic-OFL.txt
2026-10-04T00:10:15.9062850Z ./fonts/Thmanyah-PROVENANCE.txt
2026-10-04T00:10:15.9063040Z ./fonts/README.txt
2026-10-04T00:10:15.9063224Z ./fonts/noto-sans-arabic-variable.woff2
2026-10-04T00:10:15.9065872Z ./fonts/Thmanyah-LICENSE.txt
2026-10-04T00:10:15.9069476Z ##[endgroup]
2026-10-04T00:10:15.9080451Z ##[end-action id=__actions_upload-pages-artifact.__run;outcome=success;conclusion=success;duration_ms=21]
2026-10-04T00:10:15.9083461Z ##[start-action display=Archive artifact;id=__actions_upload-pages-artifact.__run_2]
2026-10-04T00:10:15.9086569Z ##[end-action id=__actions_upload-pages-artifact.__run_2;outcome=skipped;conclusion=skipped;duration_ms=0]
2026-10-04T00:10:15.9088133Z ##[start-action display=Archive artifact;id=__actions_upload-pages-artifact.__run_3]
2026-10-04T00:10:15.9090077Z ##[end-action id=__actions_upload-pages-artifact.__run_3;outcome=skipped;conclusion=skipped;duration_ms=0]
2026-10-04T00:10:15.9091092Z ##[start-action display=Upload artifact;id=__actions_upload-pages-artifact.upload-artifact]
2026-10-04T00:10:15.9124832Z ##[group]Run actions/upload-artifact@v4
2026-10-04T00:10:15.9125009Z with:
2026-10-04T00:10:15.9125140Z   name: github-pages
2026-10-04T00:10:15.9125455Z   path: /home/runner/work/_temp/artifact.tar
2026-10-04T00:10:15.9125631Z   retention-days: 1
2026-10-04T00:10:15.9125770Z   if-no-files-found: error
2026-10-04T00:10:15.9125926Z   compression-level: 6
2026-10-04T00:10:15.9126065Z   overwrite: false
2026-10-04T00:10:15.9126205Z   include-hidden-files: false
2026-10-04T00:10:15.9126360Z env:
2026-10-04T00:10:15.9126515Z   PNPM_HOME: /home/runner/setup-pnpm/node_modules/.bin
2026-10-04T00:10:15.9126702Z ##[endgroup]
2026-10-04T00:10:16.0268459Z (node:5396) [DEP0040] DeprecationWarning: The `punycode` module is deprecated. Please use a userland alternative instead.
2026-10-04T00:10:16.0269229Z (Use `node --trace-deprecation ...` to show where the warning was created)
2026-10-04T00:10:16.0300836Z With the provided path, there will be 1 file uploaded
2026-10-04T00:10:16.0304240Z Artifact name is valid!
2026-10-04T00:10:16.0304666Z Root directory input is valid!
2026-10-04T00:10:16.3043218Z Beginning upload of artifact content to blob storage
2026-10-04T00:10:16.6423276Z (node:5396) [DEP0169] DeprecationWarning: `url.parse()` behavior is not standardized and prone to errors that have security implications. Use the WHATWG URL API instead. CVEs are not issued for `url.parse()` vulnerabilities.
2026-10-04T00:10:17.1128755Z Uploaded bytes 8273570
2026-10-04T00:10:17.1540740Z Finished uploading artifact content to blob storage!
2026-10-04T00:10:17.1541451Z SHA256 digest of uploaded artifact zip is 1e96460d32c9be6959c664ad5691fdd66b6ef9862a2001bbdb3989bec421d424
2026-10-04T00:10:17.1542225Z Finalizing artifact upload
2026-10-04T00:10:17.3874931Z Artifact github-pages.zip successfully finalized. Artifact ID 11288537162
2026-10-04T00:10:17.3875658Z Artifact github-pages has been successfully uploaded! Final size is 8273570 bytes. Artifact ID is 11288537162
2026-10-04T00:10:17.3881151Z Artifact download URL: https://github.com/mjodshamrani-ux/accounting/actions/runs/37163871128/artifacts/11288537162
2026-10-04T00:10:17.4011713Z ##[end-action id=__actions_upload-pages-artifact.upload-artifact;outcome=success;conclusion=success;duration_ms=1491]
2026-10-04T00:10:17.4080226Z Post job cleanup.
2026-10-04T00:10:17.4951320Z (node:5409) [DEP0040] DeprecationWarning: The `punycode` module is deprecated. Please use a userland alternative instead.
2026-10-04T00:10:17.4952920Z (Use `node --trace-deprecation ...` to show where the warning was created)
2026-10-04T00:10:17.4953809Z Cache hit occurred on the primary key node-cache-Linux-x64-pnpm-970ff90c8c5b62d936b78a56179f81cdf02982feb14381f8bba791078d20d9fe, not saving cache.
2026-10-04T00:10:17.5042461Z Post job cleanup.
2026-10-04T00:10:17.6010135Z Pruning is unnecessary.
2026-10-04T00:10:17.6211146Z Post job cleanup.
2026-10-04T00:10:17.6815637Z [command]/usr/bin/git version
2026-10-04T00:10:17.6850147Z git version 2.55.0
2026-10-04T00:10:17.6876876Z Temporarily overriding HOME='/home/runner/work/_temp/23160a70-6f59-4aea-a285-fe4bebee5432' before making global git config changes
2026-10-04T00:10:17.6877977Z Adding repository directory to the temporary git global config as a safe directory
2026-10-04T00:10:17.6881286Z [command]/usr/bin/git config --global --add safe.directory /home/runner/work/accounting/accounting
2026-10-04T00:10:17.6922972Z [command]/usr/bin/git config --local --name-only --get-regexp core\.sshCommand
2026-10-04T00:10:17.6956376Z [command]/usr/bin/git submodule foreach --recursive sh -c "git config --local --name-only --get-regexp 'core\.sshCommand' && git config --local --unset-all 'core.sshCommand' || :"
2026-10-04T00:10:17.7182610Z [command]/usr/bin/git config --local --name-only --get-regexp http\.https\:\/\/github\.com\/\.extraheader
2026-10-04T00:10:17.7210377Z http.https://github.com/.extraheader
2026-10-04T00:10:17.7221650Z [command]/usr/bin/git config --local --unset-all http.https://github.com/.extraheader
2026-10-04T00:10:17.7268360Z [command]/usr/bin/git submodule foreach --recursive sh -c "git config --local --name-only --get-regexp 'http\.https\:\/\/github\.com\/\.extraheader' && git config --local --unset-all 'http.https://github.com/.extraheader' || :"
2026-10-04T00:10:17.7476288Z [command]/usr/bin/git config --local --name-only --get-regexp ^includeIf\.gitdir:
2026-10-04T00:10:17.7508191Z [command]/usr/bin/git submodule foreach --recursive git config --local --show-origin --name-only --get-regexp remote.origin.url
2026-10-04T00:10:17.7808739Z Cleaning up orphan processes
2026-10-04T00:10:17.8008057Z ##[warning]Node.js 20 is deprecated. The following actions target Node.js 20 but are being forced to run on Node.js 24: actions/checkout@11d5960a326750d5838078e36cf38b85af677262, actions/setup-node@49933ea5288caeca8642d1e84afbd3f7d6820020, actions/upload-artifact@ea165f8d65b6e75b540449e92b4886f43607fa02, actions/upload-artifact@v4, pnpm/action-setup@b906affcce14559ad1aafd4ab0e942779e9f58b1. For more information see: https://github.blog/changelog/2025-09-19-deprecation-of-node-20-on-github-actions-runners/

