2026-10-04T00:51:19.7867432Z Current runner version: '2.337.0'
2026-10-04T00:51:19.7892190Z ##[group]Runner Image Provisioner
2026-10-04T00:51:19.7893091Z Hosted Compute Agent
2026-10-04T00:51:19.7893684Z Version: 20260901.588
2026-10-04T00:51:19.7894420Z Commit: f88ec8081b781fac6c440065ac7ff9e710ce3d0b
2026-10-04T00:51:19.7895184Z Build Date: 2026-09-01T19:56:44Z
2026-10-04T00:51:19.7895972Z Worker ID: {092333d5-b982-42a5-a293-ebe7e0b20097}
2026-10-04T00:51:19.7896774Z Azure Region: westus
2026-10-04T00:51:19.7897351Z ##[endgroup]
2026-10-04T00:51:19.7899350Z ##[group]Operating System
2026-10-04T00:51:19.7900073Z Ubuntu
2026-10-04T00:51:19.7900689Z 24.04.5
2026-10-04T00:51:19.7901245Z LTS
2026-10-04T00:51:19.7901778Z ##[endgroup]
2026-10-04T00:51:19.7902436Z ##[group]Runner Image
2026-10-04T00:51:19.7903082Z Image: ubuntu-24.04
2026-10-04T00:51:19.7903704Z Version: 20260927.320.1
2026-10-04T00:51:19.7905062Z Included Software: https://github.com/actions/runner-images/blob/ubuntu24/20260927.320/images/ubuntu/Ubuntu2404-Readme.md
2026-10-04T00:51:19.7906722Z Image Release: https://github.com/actions/runner-images/releases/tag/ubuntu24%2F20260927.320
2026-10-04T00:51:19.7907812Z ##[endgroup]
2026-10-04T00:51:19.7909251Z ##[group]GITHUB_TOKEN Permissions
2026-10-04T00:51:19.7911146Z Contents: read
2026-10-04T00:51:19.7911885Z Metadata: read
2026-10-04T00:51:19.7912493Z ##[endgroup]
2026-10-04T00:51:19.7914610Z Secret source: Actions
2026-10-04T00:51:19.7915684Z Cache mode: write
2026-10-04T00:51:19.7916414Z Prepare workflow directory
2026-10-04T00:51:19.8283005Z Prepare all required actions
2026-10-04T00:51:19.8355539Z Getting action download info
2026-10-04T00:51:20.2167279Z Download action repository 'actions/checkout@11d5960a326750d5838078e36cf38b85af677262' (SHA:11d5960a326750d5838078e36cf38b85af677262)
2026-10-04T00:51:20.3159221Z Download action repository 'pnpm/action-setup@b906affcce14559ad1aafd4ab0e942779e9f58b1' (SHA:b906affcce14559ad1aafd4ab0e942779e9f58b1)
2026-10-04T00:51:20.8232601Z Download action repository 'actions/setup-node@49933ea5288caeca8642d1e84afbd3f7d6820020' (SHA:49933ea5288caeca8642d1e84afbd3f7d6820020)
2026-10-04T00:51:20.9175604Z Download action repository 'actions/upload-artifact@ea165f8d65b6e75b540449e92b4886f43607fa02' (SHA:ea165f8d65b6e75b540449e92b4886f43607fa02)
2026-10-04T00:51:21.0240977Z Download action repository 'actions/upload-pages-artifact@56afc609e74202658d3ffba0e8f6dda462b719fa' (SHA:56afc609e74202658d3ffba0e8f6dda462b719fa)
2026-10-04T00:51:21.3874969Z Getting action download info
2026-10-04T00:51:21.5425277Z Download action repository 'actions/upload-artifact@v4' (SHA:ea165f8d65b6e75b540449e92b4886f43607fa02)
2026-10-04T00:51:21.7003829Z Complete job name: build
2026-10-04T00:51:21.8208283Z ##[group]Run actions/checkout@11d5960a326750d5838078e36cf38b85af677262
2026-10-04T00:51:21.8210016Z with:
2026-10-04T00:51:21.8210859Z   repository: mjodshamrani-ux/accounting
2026-10-04T00:51:21.8219118Z   token: ***
2026-10-04T00:51:21.8219929Z   ssh-strict: true
2026-10-04T00:51:21.8220738Z   ssh-user: git
2026-10-04T00:51:21.8221605Z   persist-credentials: true
2026-10-04T00:51:21.8222509Z   clean: true
2026-10-04T00:51:21.8223364Z   sparse-checkout-cone-mode: true
2026-10-04T00:51:21.8224408Z   fetch-depth: 1
2026-10-04T00:51:21.8225205Z   fetch-tags: false
2026-10-04T00:51:21.8226024Z   show-progress: true
2026-10-04T00:51:21.8226862Z   lfs: false
2026-10-04T00:51:21.8227634Z   submodules: false
2026-10-04T00:51:21.8228688Z   set-safe-directory: true
2026-10-04T00:51:21.8229648Z   allow-unsafe-pr-checkout: false
2026-10-04T00:51:21.8230913Z ##[endgroup]
2026-10-04T00:51:21.9287559Z Syncing repository: mjodshamrani-ux/accounting
2026-10-04T00:51:21.9291928Z ##[group]Getting Git version info
2026-10-04T00:51:21.9294247Z Working directory is '/home/runner/work/accounting/accounting'
2026-10-04T00:51:21.9296549Z [command]/usr/bin/git version
2026-10-04T00:51:21.9418191Z git version 2.55.0
2026-10-04T00:51:21.9447393Z ##[endgroup]
2026-10-04T00:51:21.9469188Z Temporarily overriding HOME='/home/runner/work/_temp/5f95a96a-512d-4c0f-b62e-89ad43573410' before making global git config changes
2026-10-04T00:51:21.9476591Z Adding repository directory to the temporary git global config as a safe directory
2026-10-04T00:51:21.9480927Z [command]/usr/bin/git config --global --add safe.directory /home/runner/work/accounting/accounting
2026-10-04T00:51:21.9547669Z Deleting the contents of '/home/runner/work/accounting/accounting'
2026-10-04T00:51:21.9557406Z ##[group]Initializing the repository
2026-10-04T00:51:21.9562775Z [command]/usr/bin/git init /home/runner/work/accounting/accounting
2026-10-04T00:51:21.9744833Z hint: Using 'master' as the name for the initial branch. This default branch name
2026-10-04T00:51:21.9748204Z hint: will change to "main" in Git 3.0. To configure the initial branch name
2026-10-04T00:51:21.9762180Z hint: to use in all of your new repositories, which will suppress this warning,
2026-10-04T00:51:21.9764888Z hint: call:
2026-10-04T00:51:21.9766681Z hint:
2026-10-04T00:51:21.9768755Z hint: 	git config --global init.defaultBranch <name>
2026-10-04T00:51:21.9771249Z hint:
2026-10-04T00:51:21.9773364Z hint: Names commonly chosen instead of 'master' are 'main', 'trunk' and
2026-10-04T00:51:21.9775403Z hint: 'development'. The just-created branch can be renamed via this command:
2026-10-04T00:51:21.9777232Z hint:
2026-10-04T00:51:21.9778509Z hint: 	git branch -m <name>
2026-10-04T00:51:21.9779681Z hint:
2026-10-04T00:51:21.9782082Z hint: Disable this message with "git config set advice.defaultBranchName false"
2026-10-04T00:51:21.9784978Z Initialized empty Git repository in /home/runner/work/accounting/accounting/.git/
2026-10-04T00:51:21.9789540Z [command]/usr/bin/git remote add origin https://github.com/mjodshamrani-ux/accounting
2026-10-04T00:51:21.9841056Z ##[endgroup]
2026-10-04T00:51:21.9843768Z ##[group]Disabling automatic garbage collection
2026-10-04T00:51:21.9846254Z [command]/usr/bin/git config --local gc.auto 0
2026-10-04T00:51:21.9890902Z ##[endgroup]
2026-10-04T00:51:21.9893522Z ##[group]Setting up auth
2026-10-04T00:51:21.9898706Z [command]/usr/bin/git config --local --name-only --get-regexp core\.sshCommand
2026-10-04T00:51:21.9944882Z [command]/usr/bin/git submodule foreach --recursive sh -c "git config --local --name-only --get-regexp 'core\.sshCommand' && git config --local --unset-all 'core.sshCommand' || :"
2026-10-04T00:51:22.0384945Z [command]/usr/bin/git config --local --name-only --get-regexp http\.https\:\/\/github\.com\/\.extraheader
2026-10-04T00:51:22.0437448Z [command]/usr/bin/git submodule foreach --recursive sh -c "git config --local --name-only --get-regexp 'http\.https\:\/\/github\.com\/\.extraheader' && git config --local --unset-all 'http.https://github.com/.extraheader' || :"
2026-10-04T00:51:22.0670823Z [command]/usr/bin/git config --local --name-only --get-regexp ^includeIf\.gitdir:
2026-10-04T00:51:22.0708747Z [command]/usr/bin/git submodule foreach --recursive git config --local --show-origin --name-only --get-regexp remote.origin.url
2026-10-04T00:51:22.0942544Z [command]/usr/bin/git config --local http.https://github.com/.extraheader AUTHORIZATION: basic ***
2026-10-04T00:51:22.0983980Z ##[endgroup]
2026-10-04T00:51:22.0985446Z ##[group]Fetching the repository
2026-10-04T00:51:22.0995242Z [command]/usr/bin/git -c protocol.version=2 fetch --no-tags --prune --no-recurse-submodules --depth=1 origin +dafde6dec43ba33f47519b63eb74673fbd63a0c1:refs/remotes/origin/main
2026-10-04T00:51:23.6122942Z From https://github.com/mjodshamrani-ux/accounting
2026-10-04T00:51:23.6124401Z  * [new ref]         dafde6dec43ba33f47519b63eb74673fbd63a0c1 -> origin/main
2026-10-04T00:51:23.6150065Z ##[endgroup]
2026-10-04T00:51:23.6151233Z ##[group]Determining the checkout info
2026-10-04T00:51:23.6152354Z ##[endgroup]
2026-10-04T00:51:23.6153231Z [command]/usr/bin/git sparse-checkout disable
2026-10-04T00:51:23.6200997Z [command]/usr/bin/git config --local --unset-all extensions.worktreeConfig
2026-10-04T00:51:23.6239529Z ##[group]Checking out the ref
2026-10-04T00:51:23.6243563Z [command]/usr/bin/git checkout --progress --force -B main refs/remotes/origin/main
2026-10-04T00:51:24.0577025Z Switched to a new branch 'main'
2026-10-04T00:51:24.0582854Z branch 'main' set up to track 'origin/main'.
2026-10-04T00:51:24.0610829Z ##[endgroup]
2026-10-04T00:51:24.0665241Z [command]/usr/bin/git log -1 --format=%H
2026-10-04T00:51:24.0695884Z dafde6dec43ba33f47519b63eb74673fbd63a0c1
2026-10-04T00:51:24.0989947Z ##[group]Run pnpm/action-setup@b906affcce14559ad1aafd4ab0e942779e9f58b1
2026-10-04T00:51:24.0990427Z with:
2026-10-04T00:51:24.0990675Z   version: 11.19.0
2026-10-04T00:51:24.0990936Z   dest: ~/setup-pnpm
2026-10-04T00:51:24.0991199Z   run_install: null
2026-10-04T00:51:24.0991455Z   cache: false
2026-10-04T00:51:24.0991725Z   cache_dependency_path: pnpm-lock.yaml
2026-10-04T00:51:24.0992081Z   package_json_file: package.json
2026-10-04T00:51:24.0992379Z   standalone: false
2026-10-04T00:51:24.0992638Z ##[endgroup]
2026-10-04T00:51:24.2483503Z ##[group]Running self-installer...
2026-10-04T00:51:24.6714201Z (node:2293) [DEP0169] DeprecationWarning: `url.parse()` behavior is not standardized and prone to errors that have security implications. Use the WHATWG URL API instead. CVEs are not issued for `url.parse()` vulnerabilities.
2026-10-04T00:51:24.6716547Z (Use `node --trace-deprecation ...` to show where the warning was created)
2026-10-04T00:51:24.8037643Z Progress: resolved 1, reused 0, downloaded 0, added 0
2026-10-04T00:51:24.8148136Z Packages: +1
2026-10-04T00:51:24.8168807Z +
2026-10-04T00:51:25.2604550Z Progress: resolved 1, reused 0, downloaded 1, added 1, done
2026-10-04T00:51:25.2895007Z 
2026-10-04T00:51:25.2895541Z dependencies:
2026-10-04T00:51:25.2900697Z + pnpm 11.19.0 (12.9.1 is available)
2026-10-04T00:51:25.2901478Z 
2026-10-04T00:51:25.2921545Z Done in 854ms
2026-10-04T00:51:25.4131827Z ##[endgroup]
2026-10-04T00:51:25.4132468Z Installation Completed!
2026-10-04T00:51:25.4309928Z ##[group]Run actions/setup-node@49933ea5288caeca8642d1e84afbd3f7d6820020
2026-10-04T00:51:25.4310350Z with:
2026-10-04T00:51:25.4310567Z   node-version: 24
2026-10-04T00:51:25.4310807Z   cache: pnpm
2026-10-04T00:51:25.4311008Z   always-auth: false
2026-10-04T00:51:25.4311224Z   check-latest: false
2026-10-04T00:51:25.4313577Z   token: ***
2026-10-04T00:51:25.4313786Z env:
2026-10-04T00:51:25.4314048Z   PNPM_HOME: /home/runner/setup-pnpm/node_modules/.bin
2026-10-04T00:51:25.4314360Z ##[endgroup]
2026-10-04T00:51:25.5723918Z Found in cache @ /opt/hostedtoolcache/node/24.21.0/x64
2026-10-04T00:51:25.5728908Z (node:2307) [DEP0040] DeprecationWarning: The `punycode` module is deprecated. Please use a userland alternative instead.
2026-10-04T00:51:25.5730006Z (Use `node --trace-deprecation ...` to show where the warning was created)
2026-10-04T00:51:25.5731525Z ##[group]Environment details
2026-10-04T00:51:25.9815706Z node: v24.21.0
2026-10-04T00:51:25.9816226Z npm: 11.19.0
2026-10-04T00:51:25.9816707Z yarn: 1.22.22
2026-10-04T00:51:25.9817801Z ##[endgroup]
2026-10-04T00:51:25.9864664Z [command]/home/runner/setup-pnpm/node_modules/.bin/pnpm store path --silent
2026-10-04T00:51:26.6181482Z /home/runner/setup-pnpm/node_modules/.bin/store/v11
2026-10-04T00:51:26.8821475Z Cache hit for: node-cache-Linux-x64-pnpm-970ff90c8c5b62d936b78a56179f81cdf02982feb14381f8bba791078d20d9fe
2026-10-04T00:51:26.8923736Z (node:2307) [DEP0169] DeprecationWarning: `url.parse()` behavior is not standardized and prone to errors that have security implications. Use the WHATWG URL API instead. CVEs are not issued for `url.parse()` vulnerabilities.
2026-10-04T00:51:28.1812254Z Received 0 of 118816928 (0.0%), 0.0 MBs/sec
2026-10-04T00:51:29.1940211Z Received 118816928 of 118816928 (100.0%), 56.3 MBs/sec
2026-10-04T00:51:29.1941924Z Cache Size: ~113 MB (118816928 B)
2026-10-04T00:51:29.1978270Z [command]/usr/bin/tar -xf /home/runner/work/_temp/be984791-1a9f-4c59-83b3-4dec91812c75/cache.tzst -P -C /home/runner/work/accounting/accounting --use-compress-program unzstd
2026-10-04T00:51:30.6827613Z Cache restored successfully
2026-10-04T00:51:30.6890091Z Cache restored from key: node-cache-Linux-x64-pnpm-970ff90c8c5b62d936b78a56179f81cdf02982feb14381f8bba791078d20d9fe
2026-10-04T00:51:30.7080220Z ##[group]Run pnpm install --frozen-lockfile
2026-10-04T00:51:30.7080677Z [36;1mpnpm install --frozen-lockfile[0m
2026-10-04T00:51:30.7985642Z shell: /usr/bin/bash -e {0}
2026-10-04T00:51:30.7986096Z env:
2026-10-04T00:51:30.7986538Z   PNPM_HOME: /home/runner/setup-pnpm/node_modules/.bin
2026-10-04T00:51:30.7987090Z ##[endgroup]
2026-10-04T00:51:31.3268813Z ? Verifying lockfile against supply-chain policies (367 entries)...
2026-10-04T00:51:31.3341540Z Lockfile is up to date, resolution step is skipped
2026-10-04T00:51:31.4525535Z Progress: resolved 1, reused 0, downloaded 0, added 0
2026-10-04T00:51:31.5244308Z Packages: +249
2026-10-04T00:51:31.5279277Z ++++++++++++++++++++++++++++++++++++++++++++++++++++++++++++++++++++++++++++++++
2026-10-04T00:51:32.3140184Z Packages are hard linked from the content-addressable store to the virtual store.
2026-10-04T00:51:32.3141632Z   Content-addressable store is at: /home/runner/setup-pnpm/node_modules/.bin/store/v11
2026-10-04T00:51:32.3154805Z   Virtual store is at:             node_modules/.pnpm
2026-10-04T00:51:32.4599662Z Progress: resolved 249, reused 249, downloaded 0, added 10
2026-10-04T00:51:33.0334318Z Progress: resolved 249, reused 249, downloaded 0, added 249, done
2026-10-04T00:51:34.0298134Z ✓ Lockfile passes supply-chain policies (367 entries in 2.7s)
2026-10-04T00:51:34.0884273Z 
2026-10-04T00:51:34.0884979Z dependencies:
2026-10-04T00:51:34.0885858Z + @base-ui/react 1.7.0
2026-10-04T00:51:34.0886712Z + @shadcn/react 0.3.0
2026-10-04T00:51:34.0887283Z + @tesseract.js-data/ara 1.0.0
2026-10-04T00:51:34.0888103Z + @tesseract.js-data/eng 1.0.0
2026-10-04T00:51:34.0888727Z + class-variance-authority 0.7.1
2026-10-04T00:51:34.0889231Z + clsx 2.1.1
2026-10-04T00:51:34.0889620Z + cmdk 1.1.1
2026-10-04T00:51:34.0890010Z + date-fns 4.1.0
2026-10-04T00:51:34.0890472Z + embla-carousel-react 8.5.2
2026-10-04T00:51:34.0890948Z + exceljs 4.4.0
2026-10-04T00:51:34.0891414Z + input-otp 1.4.2
2026-10-04T00:51:34.0891831Z + jszip 3.10.1
2026-10-04T00:51:34.0892318Z + lucide-react 1.31.0
2026-10-04T00:51:34.0892754Z + react 19.2.6
2026-10-04T00:51:34.0893194Z + react-day-picker 9.8.1
2026-10-04T00:51:34.0893650Z + react-dom 19.2.6
2026-10-04T00:51:34.0894163Z + react-resizable-panels 4.5.8
2026-10-04T00:51:34.0894631Z + recharts 3.8.0
2026-10-04T00:51:34.0895017Z + saxes 5.0.1
2026-10-04T00:51:34.0895445Z + tailwind-merge 3.6.0
2026-10-04T00:51:34.0896009Z + tesseract.js 7.0.0
2026-10-04T00:51:34.0896516Z + tw-animate-css 1.4.0
2026-10-04T00:51:34.0896948Z + unpdf 1.8.1
2026-10-04T00:51:34.0897130Z 
2026-10-04T00:51:34.0897250Z devDependencies:
2026-10-04T00:51:34.0897624Z + @tailwindcss/postcss 4.2.1
2026-10-04T00:51:34.0898261Z + @types/node 22.19.19
2026-10-04T00:51:34.0898715Z + @types/react 19.2.14
2026-10-04T00:51:34.0899148Z + @types/react-dom 19.2.3
2026-10-04T00:51:34.0899611Z + @vitejs/plugin-react 6.0.2
2026-10-04T00:51:34.0899934Z + oxfmt 0.61.0
2026-10-04T00:51:34.0900169Z + oxlint 1.76.0
2026-10-04T00:51:34.0900523Z + oxlint-tsgolint 7.0.2001
2026-10-04T00:51:34.0900875Z + playwright 1.62.1
2026-10-04T00:51:34.0901127Z + tailwindcss 4.2.1
2026-10-04T00:51:34.0901358Z + typescript 5.9.3
2026-10-04T00:51:34.0901661Z + vite 8.0.16
2026-10-04T00:51:34.0901785Z 
2026-10-04T00:51:34.1317210Z Done in 3.2s using pnpm v11.19.0
2026-10-04T00:51:34.1849204Z ##[group]Run pnpm audit --prod --audit-level=moderate
2026-10-04T00:51:34.1849681Z [36;1mpnpm audit --prod --audit-level=moderate[0m
2026-10-04T00:51:34.1913235Z shell: /usr/bin/bash -e {0}
2026-10-04T00:51:34.1913507Z env:
2026-10-04T00:51:34.1913782Z   PNPM_HOME: /home/runner/setup-pnpm/node_modules/.bin
2026-10-04T00:51:34.1914143Z ##[endgroup]
2026-10-04T00:51:34.7738473Z No known vulnerabilities found
2026-10-04T00:51:34.7970522Z ##[group]Run pnpm typecheck
2026-10-04T00:51:34.7971202Z [36;1mpnpm typecheck[0m
2026-10-04T00:51:34.8053910Z shell: /usr/bin/bash -e {0}
2026-10-04T00:51:34.8054563Z env:
2026-10-04T00:51:34.8054844Z   PNPM_HOME: /home/runner/setup-pnpm/node_modules/.bin
2026-10-04T00:51:34.8055178Z ##[endgroup]
2026-10-04T00:51:35.6972783Z Already up to date
2026-10-04T00:51:35.6980618Z Done in 414ms using pnpm v11.19.0
2026-10-04T00:51:35.7124774Z $ tsc --noEmit
2026-10-04T00:51:45.6001113Z ##[group]Run pnpm test
2026-10-04T00:51:45.6001432Z [36;1mpnpm test[0m
2026-10-04T00:51:45.6063457Z shell: /usr/bin/bash -e {0}
2026-10-04T00:51:45.6063718Z env:
2026-10-04T00:51:45.6063972Z   PNPM_HOME: /home/runner/setup-pnpm/node_modules/.bin
2026-10-04T00:51:45.6064301Z ##[endgroup]
2026-10-04T00:51:46.5767771Z Already up to date
2026-10-04T00:51:46.5789256Z Done in 467ms using pnpm v11.19.0
2026-10-04T00:51:46.5965801Z $ node --experimental-strip-types --test tests/*.test.ts
2026-10-04T00:51:46.9714821Z ✔ 047 a sound export passes the round (38.4167ms)
2026-10-04T00:51:46.9880232Z ✔ 047 swapping two links fails even though the count is unchanged (14.957107ms)
2026-10-04T00:51:47.0109687Z ✔ 047 a link the case forbids is caught (22.503306ms)
2026-10-04T00:51:47.0459332Z ✔ 047 a dropped row on either side is caught (38.148179ms)
2026-10-04T00:51:47.0996445Z ✔ 047 a changed amount is caught, and a blank one cannot slip through (53.140308ms)
2026-10-04T00:51:47.1066624Z ✔ 047 an item that must stay for review or unmatched is checked (6.276941ms)
2026-10-04T00:51:47.1092278Z ✔ 047 an unchecked export is not an accounting pass (0.601677ms)
2026-10-04T00:51:47.1126694Z ✔ 047 a link count that disagrees with the declared links is not a pass (0.202096ms)
2026-10-04T00:51:47.1149089Z ✔ 047 reaching the results screen is not the criterion for a stop case (0.286703ms)
2026-10-04T00:51:47.5396601Z ✔ canonical source amounts yield facts only, with no state mutation or automatic approval (34.343161ms)
2026-10-04T00:51:47.5428750Z ✔ case-only phantom IDs are rejected even if their invented amounts agree (4.576331ms)
2026-10-04T00:51:47.5430742Z ✔ stale display copies cannot change amount, sign, reference, date, currency or provenance (24.94432ms)
2026-10-04T00:51:47.5432639Z ✔ duplicate or missing canonical rows and foreign case ownership reject the whole proposal result (11.193966ms)
2026-10-04T00:51:47.5455459Z ✔ every source trace must name its actual canonical member exactly once (14.374654ms)
2026-10-04T00:51:47.5472707Z ✔ stale source totals, case totals, variance and bridge values are never reused (13.826466ms)
2026-10-04T00:51:47.5519455Z ✔ unread source rows make uniqueness and proposal verification incomplete (1.912934ms)
2026-10-04T00:51:47.5536810Z ✔ explicit currency, type, purchase order and unreadable reference conflicts are rejected (6.377978ms)
2026-10-04T00:51:47.5570354Z ✔ invalid calendar dates, dates outside the window, zero and offsetting signs cannot prove a relationship (4.859918ms)
2026-10-04T00:51:47.5581828Z ✔ a subset of an ambiguous duplicate-reference group is not a verified hypothesis (4.113271ms)
2026-10-04T00:51:47.5610738Z ✔ matched rows stay unavailable even if a stale case is relabeled reviewable (2.409126ms)
2026-10-04T00:51:47.5643300Z ✔ malformed current result structures fail closed without throwing (6.19005ms)
2026-10-04T00:51:47.5669621Z ✔ untrusted description instructions never become commands, amounts, decisions or model authority (2.727106ms)
2026-10-04T00:51:47.6498823Z ✔ 047 only the guard’s own refusal counts as protection (8.393383ms)
2026-10-04T00:51:47.6529205Z ✔ 047 the answered ambiguity is accepted and produces the chosen values (9.93127ms)
2026-10-04T00:51:47.6559277Z ✔ 047 the worker refuses an unanswered ambiguity on reconcile, compare and export, and completes once answered (175.636579ms)
2026-10-04T00:51:47.6679756Z ✔ 047 session restore refuses an unanswered ambiguity with the same code (19.310935ms)
2026-10-04T00:51:47.6829812Z ✔ AI cannot pick one row from a reference shared by several documents (46.656045ms)
2026-10-04T00:51:47.6859568Z ✔ explicit row ID can disambiguate AI routing, but contradictory references cannot (11.529449ms)
2026-10-04T00:51:47.6873899Z ✔ AI routing rejects irrelevant transaction fields and blank or oversized questions (9.400173ms)
2026-10-04T00:51:47.6886538Z ✔ out-of-range hypothesis differences fail closed without crashing the assistant (5.933743ms)
2026-10-04T00:51:47.6889337Z ✔ hostile model proposals never acquire authority or alter any source evidence (24.498402ms)
2026-10-04T00:51:47.6891248Z ✔ Arabic and aborted requests do not even query a model provider (7.373298ms)
2026-10-04T00:51:48.0619149Z ✔ Arabic and English variance questions find a proved transaction difference without closing balances (42.057472ms)
2026-10-04T00:51:48.0654737Z ✔ thousands separators and Arabic or Persian digits preserve the exact requested minor units (4.901796ms)
2026-10-04T00:51:48.0679625Z ✔ all cases sharing a requested variance are cited without selecting one as the cause (4.434228ms)
2026-10-04T00:51:48.0729262Z ✔ negative variance uses its signed value and the bridge effect has the opposite sign (4.366773ms)
2026-10-04T00:51:48.0730732Z ✔ transaction variance and closing-balance delta remain explicitly separate (5.130972ms)
2026-10-04T00:51:48.0759376Z ✔ missing requested amounts do not select a nearby case or repeat the user amount as a fact (5.548668ms)
2026-10-04T00:51:48.0789491Z ✔ ambiguous numeric conventions, invalid notation and multiple amounts never select a case (13.309425ms)
2026-10-04T00:51:48.0812908Z ✔ an explicit foreign currency or unknown invoice cannot be replaced by a same-number case (5.202545ms)
2026-10-04T00:51:48.0814534Z ✔ stale numeric evidence and unreadable source rows cannot acquire a grounded variance explanation (7.004072ms)
2026-10-04T00:51:48.0816189Z ✔ amount questions and hostile instructions never alter source values or turn cases into matches (5.141091ms)
2026-10-04T00:51:48.6503978Z ✔ A02: native Excel 1.234 never matches native 1234 under comma locale (348.613051ms)
2026-10-04T00:51:49.1630662Z ✔ native/text × dot/comma × 0/2/3 decimal matrix preserves expected minor units (517.440486ms)
2026-10-04T00:51:49.2829681Z ✔ native percentages and excess precision block rather than reinterpret or round (89.283844ms)
2026-10-04T00:51:49.2835991Z ✔ A01: references and row IDs must match whole tokens, never prefixes (17.935971ms)
2026-10-04T00:51:49.2837449Z ✔ model cannot route a question to an unrelated but existing document (5.63588ms)
2026-10-04T00:51:49.2839063Z ✔ Arabic AI path declines before invoking unsupported model API (5.968709ms)
2026-10-04T00:51:49.4200160Z ✔ original bytes and fingerprint survive import; reparsing blocks a corrupted numeric interpretation on export (130.102398ms)
2026-10-04T00:51:49.4676648Z ✔ title merge and errors on unrelated worksheet do not contaminate selected clean data (48.448846ms)
2026-10-04T00:51:49.6473380Z ✔ A04: actual decompressed bytes cannot exceed falsified declared size (11.016637ms)
2026-10-04T00:51:50.1918186Z ✔ actual 33 MB expansion stops at 32 MB budget even when index underreports (716.886777ms)
2026-10-04T00:51:50.1948992Z ✔ ZIP integrity rejects bad CRC and truncated index (1.821714ms)
2026-10-04T00:51:50.2109895Z ✔ session roundtrip reparses originals and never restores reviewer approval (16.278966ms)
2026-10-04T00:51:50.2264698Z ✔ session tampered fingerprint, unknown version and invalid decisions are rejected (12.039759ms)
2026-10-04T00:51:50.2429242Z ✔ patched UUID dependency remains compatible with Excel conditional-formatting export (21.216073ms)
2026-10-04T00:51:50.2693367Z ✔ 046 balance labels after the amount remain structural across column permutations and preserve complete payment groups (45.332409ms)
2026-10-04T00:51:50.2696647Z ✔ 046 a dated invoice named Opening or Closing balance cannot disappear when its amount precedes its description (2.503251ms)
2026-10-04T00:51:50.2727823Z ✔ 046 nonleading balance labels cannot conceal references, malformed dates or amounts, multiple labels or unrelated helper text (14.249512ms)
2026-10-04T00:51:50.2730372Z ✔ 046 unsafe or hidden nonleading balance labels remain source errors and cannot establish complete groups (8.64482ms)
2026-10-04T00:51:50.2781883Z ✔ 046 Arabic presentation forms normalize document categories without rewriting source, references or amounts (38.710324ms)
2026-10-04T00:51:50.2785686Z ✔ 046 actual Arabic PDF balance labels establish arithmetic with original provenance, not coverage (263.174811ms)
2026-10-04T00:51:50.2833000Z ✔ 046 balance category normalization never repairs monetary characters or erases dated documents and unsafe labels (2.534949ms)
2026-10-04T00:51:50.2869356Z ✔ 046 shaped running balance labels retain exact sign proof and reject conflicting recurrences (1.976092ms)
2026-10-04T00:51:50.2871392Z ✔ 046 rectangular PDF clipping cannot ignore nested exclusions, holes or a later opaque cover (29.660813ms)
2026-10-04T00:51:50.2873249Z ✔ ambiguous column meanings are left unmapped instead of selecting the first header (11.202191ms)
2026-10-04T00:51:50.2875353Z ✔ exact summation does not depend on ordering of large offsetting entries (0.380167ms)
2026-10-04T00:51:50.2876943Z ✔ truthy non-boolean confirmations cannot create verified balance evidence (0.576552ms)
2026-10-04T00:51:50.2878804Z ✔ unknown and out-of-range exclusions cannot silently masquerade as reviewed rows (0.4577ms)
2026-10-04T00:51:55.2529976Z ✔ decimal money: no floating arithmetic, Arabic digits and parentheses (2.640916ms)
2026-10-04T00:51:55.2593610Z ✔ reject ambiguous grouping, excessive precision, missing and exponent amounts (0.758048ms)
2026-10-04T00:51:55.2649330Z ✔ dates require explicit format and real calendar dates (0.83959ms)
2026-10-04T00:51:55.2659574Z ✔ reference normalization preserves year and leading zero distinctions (0.352455ms)
2026-10-04T00:51:55.2661166Z ✔ demo retains duplicate ambiguity and produces 2 strict automatic pairs (39.437798ms)
2026-10-04T00:51:55.2662645Z ✔ zero bridge residual never deletes opposite exceptions (4.800749ms)
2026-10-04T00:51:55.2664019Z ✔ duplicate equality is not resolved by order or date (20.773762ms)
2026-10-04T00:51:55.2740438Z ✔ numeric-only weak reference does not auto match (1.523841ms)
2026-10-04T00:51:55.2799634Z ✔ direction must be explicit and sign disagreement cannot auto match (4.398892ms)
2026-10-04T00:51:55.2829231Z ✔ cutoff exclusions retained and blank/header rows accounted for (5.061733ms)
2026-10-04T00:51:55.2859373Z ✔ a formula row blocks, a total row is classified, and no row is skipped silently (3.739978ms)
2026-10-04T00:51:55.2891605Z ✔ manual exclusions require reason and preserve source contents (2.248978ms)
2026-10-04T00:51:55.2892900Z ✔ currency mismatch blocks source (3.190367ms)
2026-10-04T00:51:55.2893905Z ✔ reused column mapping is rejected (0.238012ms)
2026-10-04T00:51:55.2895335Z ✔ arithmetic bridge stays separate from user coverage and invalid balances block it (9.611375ms)
2026-10-04T00:51:55.2896792Z ✔ opening adjustment remains separate and unexplained (7.82111ms)
2026-10-04T00:51:55.2898412Z ✔ open items include old unpaid documents; sum must match closing (1.183369ms)
2026-10-04T00:51:55.2928883Z ✔ mixed report types rejected (6.726416ms)
2026-10-04T00:51:55.2944960Z ✔ manual pair cannot consume a transaction twice or conceal amount discrepancy (3.851716ms)
2026-10-04T00:51:55.2946751Z ✔ rejected automatic match stays a rejected case until a new explicit decision (4.562606ms)
2026-10-04T00:51:55.2948808Z ✔ inference suggests only column indices, no invented scope or balance (2.140877ms)
2026-10-04T00:51:55.2950410Z ✔ 20k rows compare without quadratic candidate search (5943.041632ms)
2026-10-04T00:51:55.2951724Z ✔ generic word reference does not auto match (9.698216ms)
2026-10-04T00:51:55.2953046Z ✔ extra CSV fields cannot silently shift or truncate amount (0.497436ms)
2026-10-04T00:51:55.4060237Z ✔ unused percentage, hidden-sign format, formulas, errors and merged notes do not invalidate mapped transactions (419.699687ms)
2026-10-04T00:51:55.4115186Z ✔ formula in mapped amount still blocks cached values and names its exact cell (25.952908ms)
2026-10-04T00:51:55.4149269Z ✔ uncached formulas cannot disappear as an empty data row (45.498616ms)
2026-10-04T00:51:55.4179354Z ✔ displayed numeric references cannot silently collapse to a different raw identifier (187.09551ms)
2026-10-04T00:51:55.4181281Z ✔ text formats hiding a mapped reference require review; unrelated text formats remain usable (148.175438ms)
2026-10-04T00:51:55.4209764Z ✔ conditional numeric formats are checked only in their affected ranges and selected columns (227.252175ms)
2026-10-04T00:51:55.4227172Z ✔ ordinary conditional accounting formats retain values without evaluating Excel expressions (19.951387ms)
2026-10-04T00:51:55.4229308Z ✔ multisheet workbooks are admitted through the declared sheet limit and fail beyond it (231.365801ms)
2026-10-04T00:51:55.4231238Z ✔ namespaced original-shaped Excel pair reaches exact comparison, audit workbook and restorable session (798.783464ms)
2026-10-04T00:51:55.4261210Z ✔ export and session restore reject stale claimed direction proof even when arithmetic result was otherwise unchanged (837.011944ms)
2026-10-04T00:51:55.4282121Z ✔ export and saved sessions replace arbitrary direction explanation text with freshly computed evidence (476.06926ms)
2026-10-04T00:51:55.4305490Z ✔ manual exclusions retain a safe literal envelope before bad amount or date parsing on either side (57.103027ms)
2026-10-04T00:51:55.4333046Z ✔ literal and normalized manual exclusion collisions block only the affected pair on both sides (27.045142ms)
2026-10-04T00:51:55.4349604Z ✔ every excluded secondary identity blocks matching across reference roles without supplying positive authority (50.353338ms)
2026-10-04T00:51:55.4383533Z ✔ a displaced identity in the manually excluded date or amount remains negative evidence on either side (15.782461ms)
2026-10-04T00:51:55.4410579Z ✔ an excluded unknown or unsafe reference envelope is a wildcard even when the visible document is disjoint (31.156581ms)
2026-10-04T00:51:55.4439313Z ✔ parsed manual exclusions with a missing or empty isolation envelope cannot recover automatic matches (7.836579ms)
2026-10-04T00:51:55.4458596Z ✔ unsafe blank manual exclusions remain wildcard blockers and cannot establish complete balance coverage (8.36916ms)
2026-10-04T00:51:55.4499922Z ✔ excluded cross-role normalized taint follows original transitive memberships after manual acceptance or rejection (20.456008ms)
2026-10-04T00:51:55.4506516Z ✔ outside-period literal or normalized collisions cannot manufacture uniqueness through date filtering (19.442269ms)
2026-10-04T00:51:55.4554046Z ✔ a safely disjoint outside-period movement leaves the in-period pair automatic (3.146291ms)
2026-10-04T00:51:55.4579317Z ✔ confirmed headers, blank rows, summaries, repeated headers and independent footers are non-movements (3.298164ms)
2026-10-04T00:51:55.4609378Z ✔ legacy exclusions use all nonempty raw cells as negative keys regardless of their reason text (14.075071ms)
2026-10-04T00:51:55.4639190Z ✔ legacy exclusions with disjoint raw identities preserve independent automatic pairs (2.296438ms)
2026-10-04T00:51:55.4649351Z ✔ a legacy isolation certificate cannot omit a competing identity still present in a raw cell (4.088155ms)
2026-10-04T00:51:55.4679331Z ✔ explicit manual acceptance remains manual when an excluded possible competitor blocks automatic authority (2.956708ms)
2026-10-04T00:51:55.4709567Z ✔ AI hypotheses reject excluded identity memberships without mutation and leave disjoint proposals for review (8.945985ms)
2026-10-04T00:51:55.4734761Z ✔ offsetting manually excluded movements prevent complete balance reconciliation despite exact arithmetic (9.848184ms)
2026-10-04T00:51:55.4749434Z ✔ manual excluded competitors block complete invoice and payment group proofs while disjoint groups survive (6.857144ms)
2026-10-04T00:51:55.4769075Z ✔ malformed exclusion state rejects an AI proposal without throwing or mutating (1.694868ms)
2026-10-04T00:51:55.4779881Z ✔ P5 native evidence lookup and restored explanation: untyped-credit (57.043629ms)
2026-10-04T00:51:55.4781687Z ✔ P5 native evidence lookup and restored explanation: unselected-reference (16.679452ms)
2026-10-04T00:51:55.4784108Z ✔ P5 native evidence lookup and restored explanation: balanced-variance (15.395079ms)
2026-10-04T00:51:55.4785634Z ✔ P5 native evidence lookup and restored explanation: partial-source (24.428548ms)
2026-10-04T00:51:55.4787241Z ✔ P5 inconsistent case total cannot become a chat figure or model context (5.811146ms)
2026-10-04T00:51:55.4788947Z ✔ P5 inconsistent case variance cannot become a chat figure or model context (4.646366ms)
2026-10-04T00:51:55.4790457Z ✔ P5 inconsistent case bridge effect cannot become a chat figure or model context (4.493852ms)
2026-10-04T00:51:55.4791937Z ✔ P5 inconsistent display member cannot become a chat figure or model context (5.430918ms)
2026-10-04T00:51:55.4793465Z ✔ P5 inconsistent source trace cannot become a chat figure or model context (3.928739ms)
2026-10-04T00:51:55.4794830Z ✔ P5 inconsistent counter cannot become a chat figure or model context (3.697217ms)
2026-10-04T00:51:55.4796191Z ✔ P5 inconsistent bridge delta cannot become a chat figure or model context (9.853055ms)
2026-10-04T00:51:55.4797680Z ✔ P5 inconsistent bridge adjustment cannot become a chat figure or model context (3.476016ms)
2026-10-04T00:51:55.4799455Z ✔ P5 inconsistent closing source drift cannot become a chat figure or model context (3.316558ms)
2026-10-04T00:51:55.4801061Z ✔ P5 inconsistent bridge arithmetic status cannot become a chat figure or model context (8.655083ms)
2026-10-04T00:51:55.4802675Z ✔ P5 inconsistent false full reconciliation cannot become a chat figure or model context (8.948981ms)
2026-10-04T00:51:55.4804163Z ✔ P5 inconsistent missing case cannot become a chat figure or model context (5.917624ms)
2026-10-04T00:51:55.4805608Z ✔ P5 audit-only lookups keep exact spelling, ambiguity and unknown identifiers (3.934179ms)
2026-10-04T00:51:55.4807046Z ✔ P5 source-only views and retained evidence cannot drift from canonical rows (4.738037ms)
2026-10-04T00:51:55.4808964Z ✔ P5 complete model windows carry canonical native cues and complete case membership (5.849707ms)
2026-10-04T00:51:55.4810683Z ✔ P5 an over-budget UTF-8 window declines without truncating evidence or querying a model (4.3053ms)
2026-10-04T00:51:55.4812356Z ✔ P5 exact identifier lookup keeps punctuation and Unicode boundaries during literal screening (1.314589ms)
2026-10-04T00:51:55.4813971Z ✔ Excel formats that conceal or alter displayed values block the row (449.744911ms)
2026-10-04T00:51:55.4815553Z ✔ ordinary numeric, negative and accounting formats retain native exact amounts (353.470867ms)
2026-10-04T00:51:55.4817170Z ✔ conditional numeric formatting cannot silently override the displayed sign (55.874135ms)
2026-10-04T00:51:55.4818871Z ✔ 047 an ambiguous amount format needs a recorded choice, not a value in the mapping (8.558934ms)
2026-10-04T00:51:55.4820296Z ✔ 047 a recorded choice does not travel to another document or another reading (2.100262ms)
2026-10-04T00:51:55.4821567Z ✔ 047 a choice made at another currency precision is not reused (0.934721ms)
2026-10-04T00:51:55.4822730Z ✔ 047 a column template never carries a document-specific choice (1.154059ms)
2026-10-04T00:51:55.4824137Z ✔ 047 formatChoiceColumns follows the mapped amount columns in either mode (0.287365ms)
2026-10-04T00:51:55.4825598Z ✔ 047 a saved session is re-checked on restore and cannot assert its own approval (39.306844ms)
2026-10-04T00:51:55.4826987Z ✔ 047 changing PDF extraction boundaries does not change the file hash (131.426494ms)
2026-10-04T00:51:55.4828717Z ✔ 047 a choice made under one set of extraction boundaries is not reused under another (1.742246ms)
2026-10-04T00:51:55.4830150Z ✔ 047 excluding a row, or typing a balance, asks the format question again (1.532655ms)
2026-10-04T00:51:55.4831381Z ✔ 047 a change that does not touch the values keeps the answer (1.41192ms)
2026-10-04T00:51:55.4832662Z ✔ ISO dates, explicit month names and whole numbers need no locale question (7.92805ms)
2026-10-04T00:51:55.4834136Z ✔ calendar ambiguity remains visible until a whole-column interpretation is unique (2.642512ms)
2026-10-04T00:51:55.4835969Z ✔ impossible dates, short years and mutually incompatible date orders are invalid (1.483834ms)
2026-10-04T00:51:55.4837484Z ✔ number format inference obeys grouping, decimal precision and Arabic separators (1.361777ms)
2026-10-04T00:51:55.4839435Z ✔ three-decimal currencies never guess between decimal and thousands separators (1.01997ms)
2026-10-04T00:51:55.4841058Z ✔ native Excel numeric cells are locale independent, while text cells still constrain format (0.844271ms)
2026-10-04T00:51:55.4842538Z ✔ mapped parser defects and percentage cells cannot become format proof (1.147981ms)
2026-10-04T00:51:55.4844126Z ✔ inference ignores explicit exclusions, preheaders and clear balance rows without changing them (1.430135ms)
2026-10-04T00:51:55.4845713Z ✔ split amounts allow a blank side but not an entirely missing movement value (0.983101ms)
2026-10-04T00:51:55.4847083Z ✔ no sample cutoff hides a late incompatible value or an oversized source (128.727173ms)
2026-10-04T00:51:55.4848813Z ✔ existing entered balances participate in proof and missing mappings stay unavailable (7.543512ms)
2026-10-04T00:51:55.4850271Z ✔ evaluator: the untouched engine passes the cases used below (91.805016ms)
2026-10-04T00:51:55.4851496Z ✔ evaluator: losing a required piece of evidence fails the case (5.365145ms)
2026-10-04T00:51:55.4852783Z ✔ evaluator: the value in a field of another role does not count as kept (13.74872ms)
2026-10-04T00:51:55.4854366Z ✔ evaluator: exact generic reference text and header count as retained under either supported representation (5.31982ms)
2026-10-04T00:51:55.4856229Z ✔ evaluator: an unselected reference needs its exact retained role, header and value (10.517054ms)
2026-10-04T00:51:55.4857783Z ✔ evaluator: retained reference evidence from another source or row does not count (7.230949ms)
2026-10-04T00:51:55.4859537Z ✔ evaluator: preserving unselected references never licenses an automatic match (2.618648ms)
2026-10-04T00:51:55.4860919Z ✔ evaluator: an unexpected internal error is not a successful refusal (7.222695ms)
2026-10-04T00:51:55.4862421Z ✔ evaluator: every invalid case names its own rejection, and another reason fails (86.948856ms)
2026-10-04T00:51:55.4864117Z ✔ evaluator: Needs Review passes as Unmatched only where the contract allows both (18.309458ms)
2026-10-04T00:51:55.4865497Z ✔ evaluator: a required diagnostic is part of the verdict (8.922779ms)
2026-10-04T00:51:55.4866773Z ✔ evaluator: a reference warning does not hide a wrong amount or date (12.668087ms)
2026-10-04T00:51:55.4868576Z ✔ evaluator: a row read under its own document number is not a misread, any other value is (17.412044ms)
2026-10-04T00:51:55.4870021Z ✔ evaluator: unaided and declared runs record assistance separately (7.286405ms)
2026-10-04T00:51:55.4871351Z ✔ T01: documented invoice labels are read as invoices and match (96.831225ms)
2026-10-04T00:51:55.4872658Z ✔ T01 reverse: labels that name another role or no role are not guessed (21.065205ms)
2026-10-04T00:51:55.4873966Z ✔ T01 reverse: a recognised synonym still conflicts with another role (9.460152ms)
2026-10-04T00:51:55.4875472Z ✔ G08: parts of one payment on neighbouring days match through an explicit bank identity (9.040481ms)
2026-10-04T00:51:55.4877057Z ✔ G08 reverse: a spread group without full, unique, in-window identity stays for review (28.932946ms)
2026-10-04T00:51:55.4878702Z ✔ G08 reverse: invoice groups still need one date (2.583352ms)
2026-10-04T00:51:55.4880038Z ✔ R01: each book numbers its own vouchers; the chosen reference still names the invoice (2.547124ms)
2026-10-04T00:51:55.4881451Z ✔ R01 reverse: the chosen reference must itself prove the document (8.045527ms)
2026-10-04T00:51:55.4882896Z ✔ R02: batch, chosen reference and type label are kept with their headers, never as proof (6.493365ms)
2026-10-04T00:51:55.4884438Z ✔ R02: retained evidence survives session restore and is exported beside the row (298.750554ms)
2026-10-04T00:51:55.4885847Z ✔ S01: sources, readings and roles that do not correspond are refused, never dropped (7.382231ms)
2026-10-04T00:51:55.6171025Z ✔ S06: formula-like and long references are exported as the text they are (134.317231ms)
2026-10-04T00:51:55.6239352Z ✔ S06: an export whose retained evidence was changed after comparing is refused (5.927581ms)
2026-10-04T00:51:55.6299915Z ✔ S08: the same file under another name, or overlapping exports, are not consumed twice (5.713533ms)
2026-10-04T00:51:55.6322659Z ✔ compatibility: a session saved by the previous engine is refused, not silently re-decided (3.789909ms)
2026-10-04T00:51:56.8901254Z ✔ English has exactly the Arabic keys, lists and message parameters (37.693204ms)
2026-10-04T00:51:56.8925950Z ✔ English interface copy contains no Arabic (11.856546ms)
2026-10-04T00:51:56.8944922Z ✔ Arabic interface copy has no stray English words (4.469082ms)
2026-10-04T00:51:56.8946238Z ✔ the interface source has no Arabic outside the catalogues (497.481363ms)
2026-10-04T00:51:56.8947481Z ✔ every engine message has English, and every entry is still used (388.978313ms)
2026-10-04T00:51:56.8949005Z ✔ every catalogue entry uses each of its slots, and only those (3.115824ms)
2026-10-04T00:51:56.8950382Z ✔ each engine message is recognised and presented with its own values (10.598091ms)
2026-10-04T00:51:56.8951742Z ✔ every user-data slot keeps Arabic data verbatim, even engine words (3.807813ms)
2026-10-04T00:51:56.8952942Z ✔ user data inside an engine message is never translated (0.298105ms)
2026-10-04T00:51:56.8954083Z ✔ Arabic engine text is shown exactly as the engine wrote it (0.45115ms)
2026-10-04T00:51:56.8955352Z ✔ the assistant gives the same answer to the Arabic and English presets (45.982812ms)
2026-10-04T00:51:56.8958594Z ✔ real engine output reads fully in English apart from user data (20.040331ms)
2026-10-04T00:51:56.9359719Z ✔ mapping suggestions contain only source-bound pending roles and reproducible cell evidence (5.117102ms)
2026-10-04T00:51:56.9389755Z ✔ strict schema forbids model numbers, approvals, rewriting, exclusions, mode and inherited authority (8.750139ms)
2026-10-04T00:51:56.9439736Z ✔ source hash, worksheet, header, every current mapping setting and PDF recuts invalidate pending suggestions (2.95256ms)
2026-10-04T00:51:56.9449538Z ✔ equivalent mapping property order produces the same local revision without relaxing source identity (0.462742ms)
2026-10-04T00:51:56.9481248Z ✔ already assigned roles and duplicate roles cannot be replaced or repurposed (5.453717ms)
2026-10-04T00:51:56.9509653Z ✔ numeric Quantity versus Amount and two valid date meanings never become proven semantics (1.172544ms)
2026-10-04T00:51:56.9539158Z ✔ untrusted source instructions are only quoted, bounded cell evidence (0.532792ms)
2026-10-04T00:51:56.9559640Z ✔ unsafe header cells reject only affected proposals while hidden or unreliable header rows block the context (2.209887ms)
2026-10-04T00:51:56.9586098Z ✔ hidden source transactions need manual mapping; a human exclusion is preserved and bound (0.803096ms)
2026-10-04T00:51:56.9588803Z ✔ late unsafe cells are retained beyond the model samples and remain rejected by the engine (31.47451ms)
2026-10-04T00:51:56.9619117Z ✔ all reader issues remain counted even when preview is compact; blank formula cells stay visible (0.657885ms)
2026-10-04T00:51:56.9649528Z ✔ PDF mapping suggestions never restore image review or advance reconciliation state (0.368356ms)
2026-10-04T00:51:56.9679391Z ✔ large hidden/formula metadata is scanned linearly while all source issues remain counted (122.851333ms)
2026-10-04T00:51:57.2830406Z ✔ upload chooses the only recognizable table after an instructions sheet and normalization preserves exact totals (213.613842ms)
2026-10-04T00:51:57.2949728Z ✔ two plausible source tables require explicit sheet selection instead of defaulting to either (80.520961ms)
2026-10-04T00:51:57.2977428Z ✔ unknown multisheet layouts require sheet choice while unknown single-sheet files remain configurable (100.086718ms)
2026-10-04T00:51:57.2995122Z ✔ a unique debit-credit table is suggested without inferring the debt direction or confirmed balances (44.386642ms)
2026-10-04T00:51:57.3052267Z ✔ a PDF awaiting column boundaries remains accessible without gaining extraction approval (0.837332ms)
2026-10-04T00:51:57.3123168Z ✔ a real synthetic export reimports the appropriate source copy and does not restore old approvals or decisions (504.028456ms)
2026-10-04T00:51:57.3380422Z ✔ familiar workpaper sheet names without the export signatures do not auto-select a side (59.792459ms)
2026-10-04T00:51:57.3382421Z ✔ early review lists only selected cells on included data rows, retaining row-level geometry issues (1.3476ms)
2026-10-04T00:51:57.3691570Z ✔ early review exposes uncached formulas even when the row appears empty (33.077235ms)
2026-10-04T00:51:57.4002130Z ✔ 046 invalid PDF layout cannot use a default locale to emit a silently scaled KWD row even after confirmation (186.91992ms)
2026-10-04T00:51:57.4004718Z ✔ 046 input readiness preserves native Excel value semantics and legitimate empty-period balances (5.43772ms)
2026-10-04T00:51:57.4006819Z ✔ 046 an explicit choice for ambiguous valid formats remains valid but impossible dates do not (2.728152ms)
2026-10-04T00:51:57.4009374Z ✔ 046 real worker entry rejects invalid formats for reconcile, compare and export before returning financial values (35.623493ms)
2026-10-04T00:51:57.4025661Z ✔ CSV quoted comma/newline, escaped quote, semicolon and BOM (2.352311ms)
2026-10-04T00:51:57.4206483Z ✔ broken CSV, invalid encoding, wrong extension rejected (9.954563ms)
2026-10-04T00:51:57.4231103Z ✔ non-ZIP input is rejected by the preliminary archive check (0.445119ms)
2026-10-04T00:51:57.7212744Z ✔ XLSX preserves formatted reference zeros and flags formula rows (145.198711ms)
2026-10-04T00:51:57.9171633Z ✔ Excel export roundtrip retains controls/source and never turns input into formula (365.299326ms)
2026-10-04T00:51:57.9377519Z ﹣ July acceptance 1: Excel and PDF have identical accounting cases and bridge (1.391362ms) # Private July originals unavailable; set MIZAN_SAMPLE_DIR to run this acceptance suite.
2026-10-04T00:51:57.9390205Z ﹣ July acceptance 2: every one of the 23 original rows occurs in exactly one case (0.194592ms) # Private July originals unavailable; set MIZAN_SAMPLE_DIR to run this acceptance suite.
2026-10-04T00:51:57.9420092Z ﹣ July acceptance 3: exactly six original one-to-one matches are automatic (0.129021ms) # Private July originals unavailable; set MIZAN_SAMPLE_DIR to run this acceptance suite.
2026-10-04T00:51:57.9450222Z ﹣ July acceptance 4: INV-260729 is one proven 1:M case, never duplicate or unmatched (0.118851ms) # Private July originals unavailable; set MIZAN_SAMPLE_DIR to run this acceptance suite.
2026-10-04T00:51:57.9480000Z ﹣ July acceptance 5: INV-260710 is one amount-variance review with minus 180 SAR effect (0.179444ms) # Private July originals unavailable; set MIZAN_SAMPLE_DIR to run this acceptance suite.
2026-10-04T00:51:57.9513864Z ﹣ July acceptance 6: the unique 15000 SAR payment remains a zero-net review candidate (0.176599ms) # Private July originals unavailable; set MIZAN_SAMPLE_DIR to run this acceptance suite.
2026-10-04T00:51:57.9530080Z ﹣ July acceptance 7: only the three genuinely one-sided documents are unmatched (0.14509ms) # Private July originals unavailable; set MIZAN_SAMPLE_DIR to run this acceptance suite.
2026-10-04T00:51:57.9563981Z ﹣ July acceptance 8: source balance arithmetic, period and account metadata stay distinct from coverage approval (0.151763ms) # Private July originals unavailable; set MIZAN_SAMPLE_DIR to run this acceptance suite.
2026-10-04T00:51:57.9567179Z ﹣ July acceptance 9: the source-to-ledger bridge explains exactly 6160 SAR (0.199873ms) # Private July originals unavailable; set MIZAN_SAMPLE_DIR to run this acceptance suite.
2026-10-04T00:51:57.9600447Z ﹣ July acceptance 10: case counts and source-member counts are both exact (0.292545ms) # Private July originals unavailable; set MIZAN_SAMPLE_DIR to run this acceptance suite.
2026-10-04T00:51:57.9630190Z ﹣ July acceptance 11: exported workbooks have six visible case sheets and native numeric/date cells (0.158415ms) # Private July originals unavailable; set MIZAN_SAMPLE_DIR to run this acceptance suite.
2026-10-04T00:51:57.9660287Z ﹣ July acceptance 12: diagnostics name the actual group, variance and payment states (0.136905ms) # Private July originals unavailable; set MIZAN_SAMPLE_DIR to run this acceptance suite.
2026-10-04T00:51:59.8789573Z ✔ large native PDF L01: positive (2341.358292ms)
2026-10-04T00:52:14.5968263Z ✔ large native PDF L02: positive (14722.814189ms)
2026-10-04T00:52:14.6344407Z ✔ large native PDF L03: limit-rejection (39.354432ms)
2026-10-04T00:52:15.2960034Z ✔ large native PDF L04: empty-page (662.261525ms)
2026-10-04T00:52:16.0930777Z ✔ large native PDF L05: covered-page (796.224847ms)
2026-10-04T00:52:18.0694767Z ✔ large native PDF L06: geometry-drift (1977.250668ms)
2026-10-04T00:52:18.8406299Z ✔ large native PDF L07: stream-rejection (767.162252ms)
2026-10-04T00:52:19.0060237Z ✔ group rejection preserves late edges and literal row IDs containing separators (36.866734ms)
2026-10-04T00:52:19.0069574Z ✔ 20,000 by 20,000 oversized payment group retains every row and the last rejected edge (9054.178425ms)
2026-10-04T00:52:19.0088529Z ✔ 20,000 interleaved approved, review and unmatched rows preserve ordered ambiguity and ledger diagnostics (7329.470891ms)
2026-10-04T00:52:19.0105141Z ✔ F02-R01/R15: frozen bytes auto-read; preserve every row, signs and conservative matching (141.568852ms)
2026-10-04T00:52:19.0106910Z ✔ F02-R02: permute all columns and rename sheets without coordinate/name assumptions (106.931868ms)
2026-10-04T00:52:19.0108702Z ✔ F02-R03: explicit bilingual labels and consistent parent currency (54.732514ms)
2026-10-04T00:52:19.0110101Z ✔ F02-R09: NFKC currency tags cannot hide a parent/child conflict (44.95567ms)
2026-10-04T00:52:19.0111515Z ✔ F02-R03/R14: NFKC parent currency is inherited and checked against scope (99.136658ms)
2026-10-04T00:52:19.0112974Z ✔ F02-R14: explicit NFKC child currencies remain visible to scope checks (41.927631ms)
2026-10-04T00:52:19.0114418Z ✔ F02-R04 extends into opening/data: keep file and refuse layered inference (27.32992ms)
2026-10-04T00:52:19.0115936Z ✔ F02-R04 extends into first movement: keep file and refuse layered inference (41.375683ms)
2026-10-04T00:52:19.0117379Z ✔ F02-R05 horizontal Date/Ref: keep file and refuse layered inference (32.842558ms)
2026-10-04T00:52:19.0119446Z ✔ F02-R06 missing native vertical geometry: keep file and refuse layered inference (40.748783ms)
2026-10-04T00:52:19.0120918Z ✔ F02-R07 hidden first row: keep file and refuse layered inference (44.72818ms)
2026-10-04T00:52:19.0122199Z ✔ F02-R07 hidden second row: keep file and refuse layered inference (33.813106ms)
2026-10-04T00:52:19.0123678Z ✔ F02-R07 hidden reference column: keep file and refuse layered inference (37.569986ms)
2026-10-04T00:52:19.0125102Z ✔ F02-R08 formula anchor: keep file and refuse layered inference (37.221385ms)
2026-10-04T00:52:19.0126552Z ✔ F02-R08 error anchor: keep file and refuse layered inference (30.59993ms)
2026-10-04T00:52:19.0128374Z ✔ F02-R08 invisible anchor format: keep file and refuse layered inference (40.282092ms)
2026-10-04T00:52:19.0129978Z ✔ F02-R09 unrelated parent: keep file and refuse layered inference (32.352418ms)
2026-10-04T00:52:19.0131645Z ✔ F02-R09 conflicting currencies: keep file and refuse layered inference (31.836394ms)
2026-10-04T00:52:19.0133201Z ✔ F02-R10 duplicate debit children: keep file and refuse layered inference (43.726171ms)
2026-10-04T00:52:19.0134709Z ✔ F02-R10 missing credit child: keep file and refuse layered inference (33.655061ms)
2026-10-04T00:52:19.0136154Z ✔ F02-R10 competing amount role: keep file and refuse layered inference (26.464324ms)
2026-10-04T00:52:19.0137727Z ✔ F02-R11: do not skip an earlier unresolved table or choose between two plausible sheets (54.400678ms)
2026-10-04T00:52:19.0139632Z ✔ F02-R12: frozen different identity never approves the equal-sum invoice group (15.777741ms)
2026-10-04T00:52:19.0141123Z ✔ F02-R13: erroneous competing payment remains a completeness barrier (33.689784ms)
2026-10-04T00:52:19.0142975Z ✔ F02-R14: native header proof never repairs signs or a broken balance (26.391111ms)
2026-10-04T00:52:19.0144360Z ✔ F02-R04: header exception never exempts merged transaction cells (20.406846ms)
2026-10-04T00:52:19.0146061Z ✔ F02-R13 excluded competitor: excluding a rival must not manufacture uniqueness (280.935045ms)
2026-10-04T00:52:19.0147735Z ✔ native layered-header reading preserves 5,004 movements without reparsing per row (3364.367031ms)
2026-10-04T00:52:19.0149609Z ✔ F02-R16: cloned/forged provenance is not source authority; replay uses actual bytes (63.304293ms)
2026-10-04T00:52:19.0151488Z ✔ F02-R16/export: session replay and original-based export retain source provenance and row fates (369.317453ms)
2026-10-04T00:52:19.0153275Z ✔ a richer later header cannot silently erase an earlier transaction table (17.099763ms)
2026-10-04T00:52:19.0155009Z ✔ explicit multiline and bilingual labels map consistently without changing source text (2.407975ms)
2026-10-04T00:52:19.0156661Z ✔ long cover text does not prevent locating the first explicit table (0.876343ms)
2026-10-04T00:52:19.0158586Z ✔ conflicting bilingual money labels and duplicate amount columns stay unresolved (0.414421ms)
2026-10-04T00:52:19.0160347Z ✔ explicit bilingual currency tags prefill the actual currency (1.428491ms)
2026-10-04T00:52:19.0162160Z ✔ currency inference ignores safe repeated headers and summary rows without hiding mixed currencies (3.590989ms)
2026-10-04T00:52:19.0164134Z ✔ 384 independent CSV/XLSX layouts infer columns and retain the same signed economic records (4462.320414ms)
2026-10-04T00:52:19.0165926Z ✔ a model cannot append unrelated proposal IDs to a specific document explanation (38.97336ms)
2026-10-04T00:52:19.0167671Z ✔ a valid source ID still cannot be invented outside the model evidence window (9.39422ms)
2026-10-04T00:52:19.0169748Z ✔ local model receives canonical review cases, including the document asked about (13.786424ms)
2026-10-04T00:52:19.0171533Z ✔ in-place changes to current accounting result invalidate an outstanding model reply (7.08099ms)
2026-10-04T00:52:19.0172929Z ✔ blank prompts never query a local model (4.161973ms)
2026-10-04T00:52:19.0174504Z ✔ large review contexts reserve ten canonical rows per side instead of starving ledger evidence (24.560852ms)
2026-10-04T00:52:19.0176340Z ✔ an explicitly requested late ledger row is prioritized with the same balanced budget (27.628326ms)
2026-10-04T00:52:19.0178458Z ✔ a referenced ambiguous group is admitted whole and remaining capacity stays bounded on both sides (26.742456ms)
2026-10-04T00:52:19.0180168Z ✔ an inconsistent ambiguous display group is refused before model routing (9.580787ms)
2026-10-04T00:52:19.0181780Z ✔ oversized referenced cases fall back before invoking a model and are never truncated (31.786512ms)
2026-10-04T00:52:19.0183389Z ✔ unavailable or downloadable models never create a session or start download (13.384603ms)
2026-10-04T00:52:19.0184889Z ✔ ready model uses same languages, structured output and destroys session (10.259021ms)
2026-10-04T00:52:19.0186369Z ✔ model cannot supply financial facts, approval, prose or nonexistent IDs (3.729057ms)
2026-10-04T00:52:19.0187757Z ✔ model-generated proposal is rechecked without becoming a match (4.21946ms)
2026-10-04T00:52:19.0189470Z ✔ abort and model errors fall back without output or retained session (1.399658ms)
2026-10-04T00:52:19.0191190Z ✔ local import advice can complete unfamiliar mapping only after explicit application and engine checks (39.066723ms)
2026-10-04T00:52:19.0192913Z ✔ download states, absent model and unsupported Arabic never start model creation (6.16809ms)
2026-10-04T00:52:19.0194547Z ✔ model cannot rewrite values, choose inactive fields, change source or grant approval (7.791194ms)
2026-10-04T00:52:19.0196201Z ✔ stale mapping, recut PDF, and even edits beyond the sample invalidate outstanding advice (2.71594ms)
2026-10-04T00:52:19.0197833Z ✔ abort before creation or during prompting discards advice and destroys the session (3.019064ms)
2026-10-04T00:52:19.0200080Z ✔ unparseable, oversized, thrown and unavailable responses fall back without changing the source (2.505808ms)
2026-10-04T00:52:19.0219642Z ✔ numeric plausibility does not promote Quantity-as-Amount into verified semantics (1.882637ms)
2026-10-04T00:52:19.0221872Z ✔ real-model experiment binding keeps bilingual proposals advisory and native source evidence unchanged (39.715602ms)
2026-10-04T00:52:19.0223861Z ✔ local model cannot supply invented numbers, signs, exclusions, approvals or uncited roles (3.928678ms)
2026-10-04T00:52:19.0225788Z ✔ late model proposals are invalidated by unsampled source rows and reading settings (5.850869ms)
2026-10-04T00:52:19.0227346Z ✔ a correct citation does not prove that Quantity is Amount or confer financial authority (1.355855ms)
2026-10-04T00:52:19.0229218Z ✔ explicit human review of a correct role preserves malformed amounts as native read errors (15.134843ms)
2026-10-04T00:52:19.0230783Z ✔ empty model advice abstains and UTF-8 limits do not silently truncate native evidence (2.424737ms)
2026-10-04T00:52:19.0232432Z ✔ safe unrelated bad amounts and dates preserve proven pairs and every erroneous source row (44.759021ms)
2026-10-04T00:52:19.0234099Z ✔ an unread same-reference or normalized-collision row blocks that bucket without blocking a disjoint pair (9.369535ms)
2026-10-04T00:52:19.0235791Z ✔ a displaced reference in a financial cell blocks its original competitor and preserves a disjoint pair (5.26581ms)
2026-10-04T00:52:19.0237761Z ✔ a mixed alphanumeric bad amount is isolated by source evidence and blocks only when its literal token is a competing identity (8.950203ms)
2026-10-04T00:52:19.0240167Z ✔ unparsed literal cells are negative competitor evidence for alphabetic payment references, never repaired transaction facts (7.616007ms)
2026-10-04T00:52:19.0242245Z ✔ every supported secondary reference is blocking evidence even when the bad row has a different primary document (7.861525ms)
2026-10-04T00:52:19.0244236Z ✔ unselected stated references and selected helper values both propagate taint without acquiring positive authority (2.779678ms)
2026-10-04T00:52:19.0246121Z ✔ taint follows transitive original memberships even after a bridge row is manually used or rejected (9.856301ms)
2026-10-04T00:52:19.0248205Z ✔ unknown, structurally damaged, hidden or unsafe reference envelopes remain wildcard blockers (13.720249ms)
2026-10-04T00:52:19.0249897Z ✔ a selected generic helper alone cannot isolate a failed row, while a precise amount-cell issue can (4.116529ms)
2026-10-04T00:52:19.0251427Z ✔ bad-money rows cannot hide a second supplier, entity, currency or generic account (5.855338ms)
2026-10-04T00:52:19.0253087Z ✔ invalid entered balances block arithmetic but preserve independent automatic and documented manual pairs (1.888819ms)
2026-10-04T00:52:19.0255070Z ✔ disjoint invoice groups and repeated-document pairs remain provable, but a failed bucket member blocks its whole proof (6.683581ms)
2026-10-04T00:52:19.0256802Z ✔ whole payment groups remain complete only outside failed-row bank/receipt memberships (8.008128ms)
2026-10-04T00:52:19.0258483Z ✔ legacy direct-source errors without a valid envelope remain conservative (1.825461ms)
2026-10-04T00:52:19.0260065Z ✔ duplicate direct-source IDs are refused even when their identity components have different taint (2.095263ms)
2026-10-04T00:52:19.0261728Z ✔ known contradictory document types never auto-match equal signed amounts and exact references (37.477418ms)
2026-10-04T00:52:19.0263508Z ✔ contradictory explicit PO evidence blocks auto-match while ordinary internal voucher differences do not (2.337284ms)
2026-10-04T00:52:19.0265041Z ✔ a mapped invoice reference is not replaced by an unrelated common PO (0.950361ms)
2026-10-04T00:52:19.0266490Z ✔ PO-only identity remains visible but cannot certify one invoice or a group of invoices (3.024364ms)
2026-10-04T00:52:19.0268212Z ✔ identical repeated posting lines cannot be proved distinct by their sum (3.119492ms)
2026-10-04T00:52:19.0269846Z ✔ F03 preserves historical group sources: Invoice No proves an invoice group but not a credit-note group (6.870709ms)
2026-10-04T00:52:19.0271819Z ✔ one-to-many proof fails with altered amount, date, type, PO, voucher or unreadable identity (5.946588ms)
2026-10-04T00:52:19.0273542Z ✔ mixed signs, competing whole groups and subset coincidences never produce a group match (3.196986ms)
2026-10-04T00:52:19.0275088Z ✔ currency from another normalized scope cannot be compared, including manual decisions (10.03835ms)
2026-10-04T00:52:19.0276677Z ✔ date boundaries, signed zero and reference punctuation do not silently broaden identity (4.141315ms)
2026-10-04T00:52:19.0290412Z ✔ unique payment amount with different references remains review-only under every row permutation (6.06566ms)
2026-10-04T00:52:19.0292149Z ✔ classification and row conservation are invariant under 864 independent source permutations (1471.426479ms)
2026-10-04T00:52:19.0293884Z ✔ exact minor units remain conserved for all supported scales and arithmetic limits reject overflow (3.922817ms)
2026-10-04T00:52:19.0295701Z ✔ repeated headers with formula, hidden or unreadable cells cannot silently leave the transaction population (15.762764ms)
2026-10-04T00:52:19.0297483Z ✔ overlapping rejected edges never choose arbitrary partners under source or decision permutations (54.136103ms)
2026-10-04T00:52:19.0299722Z ✔ an ordinary vendor statement imports and compares without manual row surgery (299.996566ms)
2026-10-04T00:52:19.0301046Z ✔ the dropped time is reported as a note, never as a silent change (57.806686ms)
2026-10-04T00:52:19.0302224Z ✔ a formula inside a total row does not resurrect it as an error (51.933276ms)
2026-10-04T00:52:19.0303405Z ✔ one unreadable row reports itself instead of rejecting both files (7.148076ms)
2026-10-04T00:52:19.0304627Z ✔ the cut-off default is the latest date present, so it excludes nothing (43.242455ms)
2026-10-04T00:52:19.0305858Z ✔ a PDF with unfamiliar headers gets its columns from geometry (150.154609ms)
2026-10-04T00:52:19.0306960Z ✔ geometry detection is independent of the header wording (44.659127ms)
2026-10-04T00:52:19.0308343Z ✔ a reviewed PDF reconciles with no boundary typed by hand (12.372728ms)
2026-10-04T00:52:19.0309482Z ✔ geometry refuses to invent columns when the layout proves none (11.331554ms)
2026-10-04T00:52:19.0310636Z ✔ a cell overflowing a boundary is flagged, never merged quietly (10.039653ms)
2026-10-04T00:52:19.0312317Z ✔ P2 original CSV bank and receipt identities survive normalisation, session restore and N:M export with all source members (639.278795ms)
2026-10-04T00:52:19.0314286Z ✔ P2 group explanation cites every member and distinguishes group totals from individual pairings in both languages (22.201268ms)
2026-10-04T00:52:19.0316110Z ✔ P2 rejecting any member pair atomically unmatches the whole group and restore preserves that rejection (96.216362ms)
2026-10-04T00:52:19.0317721Z ✔ P2 assistant rejects a case-member copy with forged explicit payment identity provenance (7.908901ms)
2026-10-04T00:52:19.0319688Z ✔ P2 changed source bytes invalidate the old group and cannot be exported or restored as its old proof (24.329884ms)
2026-10-04T00:52:19.0321417Z ✔ partial formats isolate malformed dates and amounts without losing original rows or choosing a default (22.05704ms)
2026-10-04T00:52:19.0322898Z ✔ partial formats cannot cherry-pick contradictory but valid conventions (1.226715ms)
2026-10-04T00:52:19.0324225Z ✔ unsafe comma evidence never scales the remaining ambiguous KWD amount (0.721334ms)
2026-10-04T00:52:19.0325773Z ✔ partial formats do not allow a stale chosen convention to bypass proven evidence (1.206828ms)
2026-10-04T00:52:19.0327392Z ✔ native numeric cells remain independent of display format while formula or percentage cells remain errors (6.57532ms)
2026-10-04T00:52:19.0329190Z ✔ no readable date or amount evidence remains an explicit unresolved source, not a default (0.734789ms)
2026-10-04T00:52:19.0330853Z ✔ malformed companion rows cannot answer genuine date ambiguity or transfer a choice to different evidence (2.64609ms)
2026-10-04T00:52:19.0332892Z ✔ partial source rows remain explicit through Excel and original-source session restoration (347.073226ms)
2026-10-04T00:52:19.0334571Z ✔ partial assistant answers disclose incompleteness, prioritize row errors and reject model approval (19.646179ms)
2026-10-04T00:52:19.0336259Z ✔ balance-only issues have no invented row or page and preserve the entered text (2.728573ms)
2026-10-04T00:52:19.0337659Z ✔ clean export and assistant keep their existing status without a partial claim (95.046499ms)
2026-10-04T00:52:19.0339684Z ✔ reference-shaped invalid amounts retain negative collision evidence while disjoint pairs continue (7.234747ms)
2026-10-04T00:52:19.0341357Z ✔ P2 overlapping bank and receipt alternatives are reviewed before any row is consumed (36.868847ms)
2026-10-04T00:52:19.0342897Z ✔ P2 complete N:M payment groups are equivalent groups, never individual pairings (7.825678ms)
2026-10-04T00:52:19.0344594Z ✔ P2 invoice certified subgroups coexist with exact sibling pairs without amount-driven subsets (12.396563ms)
2026-10-04T00:52:19.0346510Z ✔ P2 unbalanced, unsafe and manually consumed competitors never disappear from identity membership (16.400081ms)
2026-10-04T00:52:19.0348712Z ✔ P2 a primary-only unknown member and normalized collisions cannot be dropped from bank groups (6.90359ms)
2026-10-04T00:52:19.0350475Z ✔ P2 an exact payment pair cannot consume a member before overlapping receipts are examined (5.84568ms)
2026-10-04T00:52:19.0352337Z ✔ P2 identical bank and receipt memberships corroborate one group, while one-sided annotations need no guessing (3.729598ms)
2026-10-04T00:52:19.0354292Z ✔ P2 N:M rejects duplicates on either side, sign offsets, wrong dates and incomplete or conflicting evidence (30.155165ms)
2026-10-04T00:52:19.0355873Z ✔ P2 N:M group limit retains every row and never approves a truncated group (31.009156ms)
2026-10-04T00:52:19.0357581Z ✔ P2 unknown document discriminators block invoice subgroups and do not fabricate uniqueness after manual use (7.380919ms)
2026-10-04T00:52:19.0359538Z ✔ P2 an unknown-type original bank member prevents a smaller exact payment pair (2.180191ms)
2026-10-04T00:52:19.0361221Z ✔ P2 invalid calendar dates and direct same-source comparisons cannot become approved groups (7.081352ms)
2026-10-04T00:52:19.0363068Z ✔ P2 explicit numeric receipt identities retain leading zeros across separate N:M and N:1 groups (3.142454ms)
2026-10-04T00:52:19.0364864Z ✔ P2 numeric support never promotes zero, placeholder or formula-like payment identities (15.115716ms)
2026-10-04T00:52:19.0366806Z ✔ P2 certified document identity and shared PO permit different local voucher numbers without weakening whole-document proof (20.57059ms)
2026-10-04T00:52:19.0368873Z ✔ PDF cannot read covered amount text through an opaque vector rectangle (150.467061ms)
2026-10-04T00:52:19.0370166Z ✔ PDF black background cannot silently conceal black transaction text (11.131106ms)
2026-10-04T00:52:19.0371494Z ✔ ordinary white backgrounds and disjoint table lines preserve actual text (14.371452ms)
2026-10-04T00:52:19.0372878Z ✔ bordered supplier tables paint edges, not a solid rectangle over every amount (39.837234ms)
2026-10-04T00:52:19.0374167Z ✔ separate underlines do not connect into an imaginary painted area (3.380107ms)
2026-10-04T00:52:19.0375498Z ✔ stroke width and actual crossing lines still reject covered transaction text (17.995944ms)
2026-10-04T00:52:19.0376807Z ✔ thin filled rectangles used as supplier table borders stay separate (10.552157ms)
2026-10-04T00:52:19.0378310Z ✔ implicit close strokes and curved paths cannot conceal an amount (7.099937ms)
2026-10-04T00:52:19.0379857Z ✔ 100-page native import retains the last page and reports progress without replacing the final source (474.235383ms)
2026-10-04T00:52:19.0381508Z ✔ failure on page 70 does not emit layout or return a usable prefix and the next import is clean (197.000328ms)
2026-10-04T00:52:19.0382965Z ✔ only one explicit complete header and consistent gaps produce PDF suggestions (8.962977ms)
2026-10-04T00:52:19.0384708Z ✔ overlapping, incompatible multi-page or floating tokens cancel automatic suggestions (3.146401ms)
2026-10-04T00:52:19.0386118Z ✔ partial rows tighten a gap without splitting an extended reference (0.791715ms)
2026-10-04T00:52:19.0387666Z ✔ carried-forward lines between pages are structure, not dates or transactions (279.662468ms)
2026-10-04T00:52:19.0389292Z ✔ a table rule at a page break does not make black text count as hidden (107.050692ms)
2026-10-04T00:52:19.4249705Z ✔ PDF diversity: 64 seeded valid layouts preserve independent values under column, font and paint-order changes (1180.109675ms)
2026-10-04T00:52:19.4696514Z ✔ PDF diversity: 2 to 6 pages retain repeated headers, source pages and every unique transaction (47.173252ms)
2026-10-04T00:52:19.4964727Z ✔ PDF diversity requires review: a second-page column reorder cannot silently reuse the first mapping (24.994791ms)
2026-10-04T00:52:19.5290036Z ✔ PDF diversity: a reference displaced into an amount cell cannot hide a competing original row (30.067922ms)
2026-10-04T00:52:19.5383693Z ✔ PDF diversity requires review: wrapped transaction descriptions remain separate source rows, never invented joins (12.736306ms)
2026-10-04T00:52:19.5783910Z ✔ PDF diversity requires review: complete rows drawn across one another are not trustworthy transactions (35.253743ms)
2026-10-04T00:52:19.5980526Z ✔ PDF diversity: close but visibly disjoint rows and staggered side-by-side cells remain accepted (19.874584ms)
2026-10-04T00:52:19.6051350Z ✔ PDF diversity unsupported: partially clipped glyphs at the page edge cannot be accepted as fully visible (8.334275ms)
2026-10-04T00:52:19.6359784Z ✔ PDF diversity unsupported: later covers and hidden text remain rejected while styled table backgrounds are safe (30.701934ms)
2026-10-04T00:52:19.6389513Z ✔ PDF diversity requires review: partial tokens cannot cross the final shared multipage column boundary (0.995595ms)
2026-10-04T00:52:19.6470260Z ✔ PDF diversity: RTL-adjacent Arabic descriptions and Arabic numbers keep exact text without reversing identifiers (0.478692ms)
2026-10-04T00:52:19.6748566Z ✔ two dates and a vertically split AP balance header produce all ten columns with exact line evidence (12.765701ms)
2026-10-04T00:52:19.6791300Z ✔ geometric header evidence remains stable for independent amounts, pages, and wrapped versus unwrapped labels (30.820134ms)
2026-10-04T00:52:19.6793131Z ✔ unknown or misaligned fragments cannot be converted to a known balance heading (1.734331ms)
2026-10-04T00:52:19.6794948Z ✔ a different second-page table, duplicate header or transaction crossing a candidate gap cancels the strict proposal (5.853945ms)
2026-10-04T00:52:19.6796813Z ✔ the existing vocabulary-free geometry fallback remains available without claiming header identity (1.370854ms)
2026-10-04T00:52:19.6800135Z ✔ close split header words have one exact supported interpretation, while wide gaps remain separate (3.780212ms)
2026-10-04T00:52:19.6902920Z ✔ PDF diagnosis: blank and vector-only pages report no extractable text without claiming a scan (165.83501ms)
2026-10-04T00:52:19.6936462Z ✔ PDF diagnosis: image-only bytes report factual image presence with the legacy no-text message (22.676193ms)
2026-10-04T00:52:19.6959764Z ✔ PDF diagnosis: both small and large images mixed with native text retain the original rejection (67.159879ms)
2026-10-04T00:52:19.6999295Z ✔ PDF diagnosis: image-paint counts count occurrences without inferring image content (15.087225ms)
2026-10-04T00:52:19.7001406Z ✔ PDF diagnosis: first blocking page is explicit and never claims the remaining pages were inspected (26.459412ms)
2026-10-04T00:52:19.7069694Z ✔ PDF diagnosis: clean native-text PDFs retain the same exact extracted rows (11.958637ms)
2026-10-04T00:52:19.7213006Z ✔ PDF diagnosis: earlier occlusion and hidden-text failures retain precedence over a later image (15.409596ms)
2026-10-04T00:52:19.7263086Z ✔ PDF diagnosis schema: exact bounded worker round-trip is accepted (0.47794ms)
2026-10-04T00:52:19.7319569Z ✔ PDF diagnosis schema: malformed, contradictory and extended payloads are rejected (1.146826ms)
2026-10-04T00:52:19.7371818Z ✔ PDF diagnosis schema: rejects accessors without reading them and tolerates hostile objects (0.488169ms)
2026-10-04T00:52:19.7414855Z ✔ PDF diagnosis error: immutable validated copy prevents later diagnostic mutation (0.690216ms)
2026-10-04T00:52:19.7492491Z ✔ 046 a repeated page banner no longer blocks the format proof (C01436) (8.886785ms)
2026-10-04T00:52:19.7498106Z ✔ 046 inference and the normalizer classify the same banner rows (16.993587ms)
2026-10-04T00:52:19.7499761Z ✔ 046 no movement is deleted while the banner and footer are cleaned (3.536938ms)
2026-10-04T00:52:19.7501349Z ✔ 046 a banner-shaped row carrying a movement stays a movement (3.582553ms)
2026-10-04T00:52:19.7502817Z ✔ 046 a banner that is not repeated verbatim is not treated as one (1.194055ms)
2026-10-04T00:52:19.7504405Z ✔ 046 without a repeated table header the page prefix is not structural (15.151024ms)
2026-10-04T00:52:19.7506496Z ✔ 046 a damaged banner row remains visible and blocks matching despite readable format evidence (6.402377ms)
2026-10-04T00:52:19.7508756Z ✔ 046 an amount landing in the neighbouring reference keeps the source in review (3.965737ms)
2026-10-04T00:52:19.7510427Z ✔ 046 a thousand-fold separator reading is never proven silently (0.954669ms)
2026-10-04T00:52:19.7512006Z ✔ 046 a balance line is recognised before the number format is known (3.373855ms)
2026-10-04T00:52:19.7513669Z ✔ 046 a malformed balance amount is not excused by trying other readings (6.327767ms)
2026-10-04T00:52:19.7515364Z ✔ 046 a dated, referenced movement is never taken for a balance line (3.238513ms)
2026-10-04T00:52:20.1150503Z ✔ exact glyph binding records when text was painted, including split and merged runs (4.100649ms)
2026-10-04T00:52:20.1172596Z ✔ white text requires an opaque dark background covering its entire box (0.751701ms)
2026-10-04T00:52:20.2813034Z ✔ colored statement headers and pale backgrounds drawn after a title load without hiding data (173.702255ms)
2026-10-04T00:52:20.2939888Z ✔ a later opaque rectangle covering transaction text still prevents import (11.840548ms)
2026-10-04T00:52:20.2941589Z ✔ a hairline table rule grazing black text is not a background, but covers and stripes still are (1.056177ms)
2026-10-04T00:52:20.4533359Z ✔ Helvetica: real PDF bytes with a three-line AP header retain all ten columns and every movement (159.640459ms)
2026-10-04T00:52:20.4944479Z ✔ Helvetica: explicit-cut re-read used during export exactly reproduces automatic PDF extraction and accounting provenance (43.037242ms)
2026-10-04T00:52:20.5505767Z ✔ Helvetica: multiple PDF pages keep their repeated logical headers, original fragments and exact movement page lineage (51.31348ms)
2026-10-04T00:52:20.5640405Z ✔ Courier: real PDF bytes with a three-line AP header retain all ten columns and every movement (16.525402ms)
2026-10-04T00:52:20.5942434Z ✔ Courier: explicit-cut re-read used during export exactly reproduces automatic PDF extraction and accounting provenance (31.19855ms)
2026-10-04T00:52:20.6312358Z ✔ Courier: multiple PDF pages keep their repeated logical headers, original fragments and exact movement page lineage (37.703384ms)
2026-10-04T00:52:21.1590686Z ✔ Helvetica: export and session restoration re-prove wrapped-header cells and page provenance from original PDF bytes (525.826881ms)
2026-10-04T00:52:21.3836578Z ✔ Courier: export and session restoration re-prove wrapped-header cells and page provenance from original PDF bytes (226.109853ms)
2026-10-04T00:52:21.4062289Z ✔ manual PDF page-title exclusion cannot disguise an unproved page counter (20.218454ms)
2026-10-04T00:52:21.4291032Z ✔ PDF stream integrity: a late malformed shading cannot leave a silently accepted financial prefix (381.54131ms)
2026-10-04T00:52:21.4293100Z ✔ PDF stream integrity: early parser errors reject single-page and multipage imports (16.865207ms)
2026-10-04T00:52:21.4295185Z ✔ PDF stream integrity: actual PDF.js prefix resolution cannot bypass the document-local guard (49.248914ms)
2026-10-04T00:52:21.4297483Z ✔ PDF stream integrity: unsupported internals and a changed PDF.js version fail closed (0.805931ms)
2026-10-04T00:52:21.4299425Z ✔ PDF stream integrity: successful stream must deliver its final chunk and close (0.47215ms)
2026-10-04T00:52:21.4301258Z ✔ PDF stream integrity: an error after the apparent final chunk is still fatal (0.581443ms)
2026-10-04T00:52:21.4302962Z ✔ PDF stream integrity: truncated, cancelled and malformed stream contracts fail closed (4.292276ms)
2026-10-04T00:52:21.4304948Z ✔ PDF stream integrity: unrelated text streams are untouched and a restored document does not affect another (0.415875ms)
2026-10-04T00:52:21.4306885Z ✔ native visible PDF transaction text retains signs and exact cells (205.097966ms)
2026-10-04T00:52:21.4308979Z ✔ actual PDF rejects transparent and partially transparent fill/stroke text (94.656892ms)
2026-10-04T00:52:21.4310583Z ✔ actual PDF rejects white text in RGB, gray and CMYK color spaces (29.213771ms)
2026-10-04T00:52:21.4312253Z ✔ restoring or explicitly resetting color and alpha permits subsequent visible text (20.334671ms)
2026-10-04T00:52:21.4313884Z ✔ actual PDF rejects clipped transaction text and text clipping modes (41.391376ms)
2026-10-04T00:52:21.4315467Z ✔ clipping restored before transaction text does not reject visible data (7.522213ms)
2026-10-04T00:52:21.4317113Z ✔ actual PDF soft masks reject text rather than trusting an invisible text layer (7.400256ms)
2026-10-04T00:52:21.4318869Z ✔ a disabled soft mask no longer marks later plain text as masked (7.387101ms)
2026-10-04T00:52:21.4319896Z ✔ unsupported blending rejects active text but a restored blend does not leak (23.393379ms)
2026-10-04T00:52:21.4320811Z ✔ actual inline raster images reject regardless of area or neighboring native text (25.972313ms)
2026-10-04T00:52:21.4321739Z ✔ actual image XObjects and solid image masks cannot bypass the raster guard (7.636797ms)
2026-10-04T00:52:21.4322622Z ✔ unsupported Form XObject clipping rejects extracted text with an explicit error (4.4932ms)
2026-10-04T00:52:21.5678797Z Warning: Indexing all PDF objects
2026-10-04T00:52:21.5937088Z ✔ oversized PDF cells reject before reaching Excel and malformed PDFs do not poison later reads (175.66179ms)
2026-10-04T00:52:21.5960207Z ✔ OCR invisible text and large raster backgrounds cannot pass as native PDF text (1.62708ms)
2026-10-04T00:52:21.6210188Z ✔ PDF actual bytes preserve columns, signs, row provenance and original bytes (25.569041ms)
2026-10-04T00:52:21.6339877Z ✔ PDF cannot reconcile without explicit extraction review (16.572282ms)
2026-10-04T00:52:21.6573855Z ✔ multi-page PDF keeps repeated headers and page lineage instead of silently deleting rows (22.396762ms)
2026-10-04T00:52:21.6889964Z ✔ blank/scanned page rejects the entire PDF including text/image mixed documents (31.27312ms)
2026-10-04T00:52:21.7129739Z ✔ fake PDF and more than 100 pages fail closed (20.918819ms)
2026-10-04T00:52:21.7154139Z ✔ column boundary crossings and duplicate overlay glyphs produce blocking row issues (0.689314ms)
2026-10-04T00:52:21.7194051Z ✔ invalid column cuts, coordinates and replacement characters fail closed (0.374949ms)
2026-10-04T00:52:21.7209606Z ✔ Arabic glyph text is preserved without reversing references or guessing numbers (0.294648ms)
2026-10-04T00:52:22.1177373Z ✔ PDF export re-extracts original bytes and session restoration keeps the same result (405.513922ms)
2026-10-04T00:52:22.2710016Z ✔ bounded performance export verifier accepts native dates, negative credits and explicit payment bank identity (212.428609ms)
2026-10-04T00:52:22.3017583Z ✔ bounded performance export verifier detects a reversed amount sign (33.562635ms)
2026-10-04T00:52:22.3194634Z ✔ bounded performance export verifier detects a forged reference despite unchanged financial totals (18.300281ms)
2026-10-04T00:52:22.3377138Z ✔ bounded performance export verifier detects a native Excel date shifted by one day (16.79155ms)
2026-10-04T00:52:22.3604925Z ✔ bounded performance export verifier detects a missing exported row (23.099011ms)
2026-10-04T00:52:22.3724656Z ✔ bounded performance export verifier rejects a formula even with its original correct cached amount (14.546548ms)
2026-10-04T00:52:22.4042010Z ✔ RSS sums every requested process independent of ps ordering (1.679078ms)
2026-10-04T00:52:22.4045990Z ✔ an incomplete process snapshot cannot masquerade as lower memory use (0.571765ms)
2026-10-04T00:52:22.4047709Z ✔ RSS rejects invalid counters and process identifiers (0.634442ms)
2026-10-04T00:52:22.4083051Z ✔ a hung memory sample fails within a deadline so browser cleanup can run (23.9902ms)
2026-10-04T00:52:22.4853236Z ✔ transaction comparison needs verified scope but not optional descriptive names (242.140714ms)
2026-10-04T00:52:22.4860088Z ✔ known currency precision is explicit and unknown currencies are not assigned two decimals (0.404424ms)
2026-10-04T00:52:22.4879814Z ✔ currency precision changes the ambiguity assessment, not the transaction value (5.184408ms)
2026-10-04T00:52:22.6957720Z ✔ PDF automatic column suggestions retain required human review and original row provenance (209.202425ms)
2026-10-04T00:52:22.6989826Z ✔ transaction column spans do not invalidate intact labeled PDF metadata; other parsing issues do (5.972756ms)
2026-10-04T00:52:22.8820354Z ✔ partial date case must preserve its one independently valid pair and both invalid rows (11.289729ms)
2026-10-04T00:52:23.3442487Z ✔ every recompute path gives the core result: ordinary match, amount variance, balances (demo) (470.597706ms)
2026-10-04T00:52:23.5711658Z ✔ every recompute path gives the core result: manual decision and rejected link (demo) (255.205754ms)
2026-10-04T00:52:23.6988675Z ✔ every recompute path gives the core result: proven one-to-many group (128.597692ms)
2026-10-04T00:52:23.8121091Z ✔ every recompute path gives the core result: the same ambiguity, answered (102.763844ms)
2026-10-04T00:52:23.9360264Z ✔ every recompute path gives the core result: split columns with proven direction (130.285351ms)
2026-10-04T00:52:24.0959970Z ✔ every recompute path gives the core result: partial result with an impossible companion date (140.724372ms)
2026-10-04T00:52:24.0969408Z ✔ the cases hold what they are named for (16.679742ms)
2026-10-04T00:52:24.1063280Z ✔ every path refuses FORMAT_AMBIGUOUS_UNRESOLVED: unresolved number-format ambiguity (18.577698ms)
2026-10-04T00:52:24.1692763Z ✔ exportWorkbook itself refuses an unanswered format ambiguity (57.77804ms)
2026-10-04T00:52:24.2788478Z ✔ a result changed after comparing is not exported (115.018063ms)
2026-10-04T00:52:24.2979654Z ✔ a saved format choice that no longer fits is refused (19.094117ms)
2026-10-04T00:52:24.3364938Z ✔ a debit/credit direction claim the source does not prove (14.602277ms)
2026-10-04T00:52:24.3366662Z ✔ compare re-proves a claimed debit/credit direction before showing a result (15.007364ms)
2026-10-04T00:52:24.3927268Z ✔ a direction claim whose facts hold but whose explanation was edited (54.177227ms)
2026-10-04T00:52:24.3944549Z ✔ two faults at once: the format guard, then the direction proof (3.803584ms)
2026-10-04T00:52:24.3948630Z ✔ the shared recompute reports its stages in order (7.232473ms)
2026-10-04T00:52:24.3950207Z ✔ the recompute paths share one entry point; the verifier does not (0.747743ms)
2026-10-04T00:52:24.4280498Z ✔ an explicit document number cannot outvote the references the accountant chose (42.931495ms)
2026-10-04T00:52:24.4298991Z ✔ identities equal only after normalisation are never approved where no chosen reference can differ (15.457084ms)
2026-10-04T00:52:24.4319351Z ✔ a batch, an account or an order chosen as the reference does not prove a document (6.48456ms)
2026-10-04T00:52:24.4339301Z ✔ one value in two fields of different roles does not prove the invoice (2.601035ms)
2026-10-04T00:52:24.4356684Z ✔ matching amount and reference with conflicting document types stay for review (9.277834ms)
2026-10-04T00:52:24.4358542Z ✔ Type = Invoice with a description opening with another documented role is a conflict (19.11585ms)
2026-10-04T00:52:24.4360248Z ✔ an unknown or party-specific code stays unknown, is not guessed, and the pair is shown for review (11.410226ms)
2026-10-04T00:52:24.4361842Z ✔ with no reference column chosen, nothing is approved, as the interface says (15.263584ms)
2026-10-04T00:52:24.4363483Z ✔ an unchosen voucher cannot prove a document even when the unselected references agree or are blank (7.50017ms)
2026-10-04T00:52:24.4365034Z ✔ the accountant can still confirm by hand rows whose chosen references differ (2.812489ms)
2026-10-04T00:52:24.4366536Z ✔ invoice lines naming different purchase orders are shown for review with that reason (2.979312ms)
2026-10-04T00:52:24.4368481Z ✔ P1 proves repeated-document pairs with explicit selected reference provenance and honest evidence (79.784627ms)
2026-10-04T00:52:24.4370238Z ✔ P1 preserves leading zeros, punctuation and case instead of matching normalized lookalikes (34.681936ms)
2026-10-04T00:52:24.4371822Z ✔ P1 requires literal document identity even when normalization collides (26.275737ms)
2026-10-04T00:52:24.4373552Z ✔ P1 does not use unselected references or selected local voucher/order columns as positive identity (25.68528ms)
2026-10-04T00:52:24.4375216Z ✔ P1 counts all discriminator occurrences before amount, date or consumption filtering (11.22987ms)
2026-10-04T00:52:24.4376916Z ✔ P1 missing, placeholder and unsafe discriminators leave the entire document bucket unresolved (58.151348ms)
2026-10-04T00:52:24.4402635Z ✔ P1 contextual discriminator accepts literal numeric and alphabetic references in either language (14.726814ms)
2026-10-04T00:52:24.4404470Z ✔ P1 contextual references are unique within a document, not across unrelated documents (3.875269ms)
2026-10-04T00:52:24.4406316Z ✔ P1 formula-like and error references remain literal, visible and unapproved in every automatic path (31.861539ms)
2026-10-04T00:52:24.4428366Z ✔ P1 direct-source comparisons cannot omit issue flags to bypass unsafe-reference checks (10.785785ms)
2026-10-04T00:52:24.4430195Z ✔ P1 assistant proposal verification rejects a case copy with altered discriminator evidence (9.450595ms)
2026-10-04T00:52:24.4431822Z ✔ P1 keeps amount, sign, date, type, PO conflict and source-reading guards (14.340524ms)
2026-10-04T00:52:24.4433457Z ✔ P1 excluded same-document evidence blocks uniqueness while an unrelated total does not (4.210273ms)
2026-10-04T00:52:24.4435029Z ✔ P1 rejects an invalid source date even when compare is called directly (5.182314ms)
2026-10-04T00:52:24.4436529Z ✔ P1 honors rejection, manual decisions and self-comparison without losing rows (4.13371ms)
2026-10-04T00:52:24.4438464Z ✔ P1 case identity follows the discriminator when identical-amount/date rows are reordered (4.528246ms)
2026-10-04T00:52:24.4440469Z ✔ P1 preserves genuine whole-document groups instead of splitting duplicate discriminators (1.619267ms)
2026-10-04T00:52:24.4442512Z ✔ P1 missing Type is allowed but numeric document roles must be explicit on both sources (4.136044ms)
2026-10-04T00:52:24.4444149Z ✔ P1 restore and verified Excel export preserve pairs and reject altered provenance (220.68266ms)
2026-10-04T00:52:24.5024998Z ✔ F03 native own/related roles: different-credit-notes (439.096697ms)
2026-10-04T00:52:24.5027490Z ✔ F03 native own/related roles: own-credit-note (177.612812ms)
2026-10-04T00:52:24.5029531Z ✔ F03 native own/related roles: generic-own-and-invoice (132.900447ms)
2026-10-04T00:52:24.6954777Z ✔ F03 native own/related roles: short-own-credit-note (188.60811ms)
2026-10-04T00:52:24.8185740Z ✔ F03 native own/related roles: conflicting-related-invoice (126.584539ms)
2026-10-04T00:52:24.9499938Z ✔ F03 native own/related roles: credit-note-invoice-only (129.55875ms)
2026-10-04T00:52:25.0716351Z ✔ F03 native own/related roles: payment-invoice-only (123.845367ms)
2026-10-04T00:52:25.1925832Z ✔ F03 native own/related roles: journal-invoice-only (117.844177ms)
2026-10-04T00:52:25.3565472Z ✔ F03 native own/related roles: ordinary-invoice (164.216139ms)
2026-10-04T00:52:25.5111464Z ✔ F03 native own/related roles: payment-bank-identity (156.288899ms)
2026-10-04T00:52:25.6636124Z ✔ F03 native own/related roles: whole-credit-note-group (107.443341ms)
2026-10-04T00:52:25.6650309Z ✔ F03 selected related-invoice column supplies neither own identity nor discriminator authority (4.660632ms)
2026-10-04T00:52:25.6729403Z ✔ F03 different selected roles permit the same proven short credit note (1.240872ms)
2026-10-04T00:52:25.6759196Z ✔ F03 column permutation and explicit Arabic headers preserve roles (1.568482ms)
2026-10-04T00:52:25.6834228Z ✔ F03 keeps ambiguous evidence for review: duplicate own headers (1.436005ms)
2026-10-04T00:52:25.6835624Z ✔ F03 keeps ambiguous evidence for review: duplicate related headers (2.484949ms)
2026-10-04T00:52:25.6849170Z ✔ F03 keeps ambiguous evidence for review: hidden own cell (1.190699ms)
2026-10-04T00:52:25.6851070Z ✔ F03 keeps ambiguous evidence for review: unsafe related cell (1.008409ms)
2026-10-04T00:52:25.6856506Z ✔ F03 keeps ambiguous evidence for review: different chosen generic reference (1.216977ms)
2026-10-04T00:52:25.6858212Z ✔ F03 an own-number competitor remains after excluded (4.172443ms)
2026-10-04T00:52:25.6859545Z ✔ F03 an own-number competitor remains after outside-period (3.427314ms)
2026-10-04T00:52:25.6860834Z ✔ F03 an own-number competitor remains after failed amount (2.078ms)
2026-10-04T00:52:25.6862396Z ✔ F03 chat cites the original invoice without substituting it for a credit-note identity (13.584426ms)
2026-10-04T00:52:25.6868634Z ✔ F03 AI cannot resolve a related-invoice contradiction or forge its provenance (6.564298ms)
2026-10-04T00:52:25.8150035Z ✔ F03 native PDF uses own credit-note number: own-credit-note (151.108621ms)
2026-10-04T00:52:25.8258359Z ✔ F03 native PDF uses own credit-note number: short-own-credit-note (10.90267ms)
2026-10-04T00:52:25.8589417Z ✔ F03 native PDF uses own credit-note number: different-credit-notes (9.639027ms)
2026-10-04T00:52:25.8594138Z ✔ F03 original invoice cannot partition repeated credit-note numbers (1.58883ms)
2026-10-04T00:52:25.8616182Z ✔ F03 local model context keeps own/related roles and their canonical source columns (4.426075ms)
2026-10-04T00:52:25.8670018Z ✔ F03 an exact candidate with unverified type stays one review case with both source rows (1.519721ms)
2026-10-04T00:52:25.8676524Z ✔ F03 a shared native Document No cannot erase contradictory document types (3.152313ms)
2026-10-04T00:52:25.8678612Z ✔ F03 bank/receipt roles cannot authorize a voucher-only credit note or journal (12.485999ms)
2026-10-04T00:52:25.9408764Z ✔ 046 Arabic text PDF reportlab-arabic-balances: actual fields, provenance, matches and independent Excel values (516.113176ms)
2026-10-04T00:52:25.9413810Z ✔ 046 Arabic text PDF reportlab-rtl: actual fields, provenance, matches and independent Excel values (117.168051ms)
2026-10-04T00:52:25.9416507Z ✔ 046 Arabic text PDF reportlab-permuted: actual fields, provenance, matches and independent Excel values (120.364512ms)
2026-10-04T00:52:25.9422612Z ✔ 046 Arabic text PDF reportlab-wrapped-header: actual fields, provenance, matches and independent Excel values (137.509117ms)
2026-10-04T00:52:25.9425394Z ✔ 046 Arabic text PDF reportlab-multipage: actual fields, provenance, matches and independent Excel values (161.641397ms)
2026-10-04T00:52:25.9427699Z ✔ 046 Arabic text PDF libreoffice-arabic: actual fields, provenance, matches and independent Excel values (117.956456ms)
2026-10-04T00:52:25.9429949Z ✔ 046 Arabic text PDF libreoffice-mixed: actual fields, provenance, matches and independent Excel values (97.3816ms)
2026-10-04T00:52:25.9431781Z ✔ 046 Arabic continuation and second account table remain visible and cannot claim complete reading (56.280322ms)
2026-10-04T00:52:25.9433571Z ✔ 046 glyph provenance uses pinned bidi ordering without mutating Latin references or numeric signs (1.693845ms)
2026-10-04T00:52:25.9435417Z ✔ 046 source geometry may attach adjacent sign fragments but never guesses separated digits (0.518957ms)
2026-10-04T00:52:25.9442381Z ✔ 046 Arabic word fragments follow RTL geometry while financial fragments retain their source sequence (1.722919ms)
2026-10-04T00:52:25.9444337Z ✔ 046 full-page rectangular clips accept visible statements but partial and unknown clips reject (11.377595ms)
2026-10-04T00:52:25.9446187Z ✔ 046 native Arabic source followed by an unreadable page cannot return partial accounting data (21.608494ms)
2026-10-04T00:52:25.9448260Z ✔ 045 original document value cannot be compared as open-item outstanding even when numbers coincide (28.95578ms)
2026-10-04T00:52:25.9450179Z ✔ 045 running balance, paid amount and aging buckets cannot masquerade as movement values (8.502489ms)
2026-10-04T00:52:25.9452049Z ✔ 045 explicit remaining values require an open-items report and never become period movements (6.060249ms)
2026-10-04T00:52:25.9453946Z ✔ 045 supported original transaction values and remaining open items continue to auto-match (4.117421ms)
2026-10-04T00:52:25.9455985Z ✔ 045 supplier and legal entity conflicts in explicit same-role metadata block automatic and manual comparison (5.838967ms)
2026-10-04T00:52:25.9458143Z ✔ 045 different account roles are not falsely equated across supplier and AP systems (1.227436ms)
2026-10-04T00:52:25.9460002Z ✔ 045 mixed supplier, entity or account columns stop the affected comparison without dropping either row (5.790216ms)
2026-10-04T00:52:25.9463891Z ✔ 045 explicit single-role row identity must agree between the two sources (1.260678ms)
2026-10-04T00:52:25.9465852Z ✔ 045 explicit currency column cannot be ignored by leaving it unmapped (1.26667ms)
2026-10-04T00:52:25.9467766Z ✔ 045 open-item snapshots dated after the requested cutoff cannot reconstruct historical outstanding (1.945464ms)
2026-10-04T00:52:25.9469882Z ✔ 045 a malformed or contradictory declared period cannot certify the arithmetic bridge (3.498928ms)
2026-10-04T00:52:25.9471289Z ✔ 045 a clean declared snapshot at cutoff remains supported (1.578701ms)
2026-10-04T00:52:25.9472681Z ✔ 045 a systemic parsing/semantic failure cannot be bypassed by a manual match (1.084952ms)
2026-10-04T00:52:25.9474328Z ✔ 045 declared transaction period constrains inclusion before the balance equation is checked (7.85854ms)
2026-10-04T00:52:25.9476366Z ✔ 045 an opening balance from a different declared period cannot be certified by coincidental equality (1.467073ms)
2026-10-04T00:52:25.9478679Z ✔ F03 preserves old numeric Invoice No inputs: an invoice can match, its credit note cannot borrow that identity (7.979315ms)
2026-10-04T00:52:25.9480785Z ✔ 045 numeric general references, unknown types, payments, shortened IDs and numeric groups stay unapproved (5.87247ms)
2026-10-04T00:52:25.9482796Z ✔ 045 an explicit as-of snapshot is checked against cutoff without treating a preparation date as snapshot evidence (5.36253ms)
2026-10-04T00:52:25.9484665Z ✔ 045 manually entering a closing balance cannot hide a conflicting balance currency (2.666667ms)
2026-10-04T00:52:25.9486485Z ✔ 045 bounded whole-reference groups retain all source rows for review beyond the automatic limit (64.811805ms)
2026-10-04T00:52:25.9488601Z ✔ 045 explicit conflicting document labels in descriptions veto a match but never certify one (4.034085ms)
2026-10-04T00:52:26.0048452Z ✔ R045 independent exported workbook oracle accepts signed amounts, empty references, Arabic and an opening difference (230.29686ms)
2026-10-04T00:52:26.8539170Z ✔ R045 independent verifier rejects amount, sign, visible reference, row count and cached formula mutations (852.283866ms)
2026-10-04T00:52:26.8543566Z ✔ R045 independent decimal oracle rejects lost minor precision rather than rounding (0.686348ms)
2026-10-04T00:52:27.0342628Z ✔ R045 independent verifier covers transaction-only, zero-effect rejected cases, manual decisions and currency precision (180.088045ms)
2026-10-04T00:52:28.0848321Z ✔ R045 versioned partial output contract preserves every reading issue and rejects corrupted disclosure (1051.027626ms)
2026-10-04T00:52:28.2799435Z ✔ independent corpus manifest has 5000 cases in declared categories and disjoint layout holdout (71.753234ms)
2026-10-04T00:52:28.2811716Z ✔ all forty hand-calculated anchors independently agree with generated balances and explicit pairs (22.358463ms)
2026-10-04T00:52:28.2819612Z ✔ truth and observable approval are separate for an unreferenced payment allocation (4.501275ms)
2026-10-04T00:52:28.2830719Z ✔ equal balances do not hide countervailing invoice errors (6.773466ms)
2026-10-04T00:52:28.2843677Z ✔ cutoff exclusions are explicit and do not disappear from source observations (7.313762ms)
2026-10-04T00:52:28.2845584Z ✔ integer minor formatting preserves zero and three decimals without production money helpers (0.691107ms)
2026-10-04T00:52:28.2853291Z ✔ development scenarios are reproducible and contain economic diversity beyond labels and layout (1302.618165ms)
2026-10-04T00:52:28.2879499Z ✔ forty foundation source pairs are real files and never embed hidden lineage or oracle keys (491.475873ms)
2026-10-04T00:52:28.3139852Z ✔ generator, manifest and renderers cannot import production reconciliation code (4.315939ms)
2026-10-04T00:52:28.3191380Z ✔ a wrong closing balance blocks balance verification without banning independently proved movement matches (4.920756ms)
2026-10-04T00:52:28.3219347Z ✔ invalid source values affect their rows while scope conflicts stop the affected comparison (5.818077ms)
2026-10-04T00:52:28.3245471Z ✔ numeric invoice identity is explicit while an equally long generic reference needs review (10.303922ms)
2026-10-04T00:52:28.3513751Z ✔ file-specific scenarios really contain their named structures (27.563982ms)
2026-10-04T00:52:28.3516033Z ✔ revision 1.0.1 keeps allocation lineage shared while physical row identities remain distinct (9.646759ms)
2026-10-04T00:52:28.3518621Z ✔ ambiguous decimal case exposes two defensible interpretations and requires format confirmation before normalization (4.372264ms)
2026-10-04T00:52:28.3573691Z ✔ PDF monetary banners use the same decimal convention as transaction cells (11.608272ms)
2026-10-04T00:52:28.3977121Z ✔ 046 explicit shared bank identity proves a whole payment in either 1:N direction (29.26132ms)
2026-10-04T00:52:28.3979389Z ✔ 046 explicit receipt identity supports payment groups without a bank column value (3.241668ms)
2026-10-04T00:52:28.3981294Z ✔ 046 generic shared payment references and unique amount subsets remain review, not proof (9.338266ms)
2026-10-04T00:52:28.3983292Z ✔ 046 payment identity cannot allocate invoices or override document, amount, sign, date or receipt conflicts (14.3329ms)
2026-10-04T00:52:28.3985252Z ✔ 046 bank-reference groups never search a matching subset or ignore a competing same-identity row (7.67071ms)
2026-10-04T00:52:28.3986818Z ✔ 046 a duplicate component cannot be disguised by changing its description (4.14426ms)
2026-10-04T00:52:28.3988625Z ✔ 046 explicit original invoice lines retain the existing 6750 = 2500 + 2250 + 2000 capability (3.651402ms)
2026-10-04T00:52:28.3990930Z ✔ 046 explicit source errors, hidden evidence and excluded same-payment rows prevent complete-group approval (9.322316ms)
2026-10-04T00:52:28.3993137Z ✔ 046 currency and amount-basis conflicts are not group evidence even after user confirmation (5.498764ms)
2026-10-04T00:52:28.3995712Z ✔ 046 row-level amount basis cannot mix original and remaining values under a generic amount header (12.960417ms)
2026-10-04T00:52:28.3998227Z ✔ 046 payment group rejection is preserved and source ordering never selects a subset (4.722337ms)
2026-10-04T00:52:28.3999964Z ✔ 046 a search limit is exposed with all group rows retained (32.981768ms)
2026-10-04T00:52:28.4001692Z ✔ 046 a manual decision cannot override explicit document identity or PO conflicts (5.245873ms)
2026-10-04T00:52:28.4003869Z ✔ 046 payment proof is re-read from original bytes for export and sessions, never trusted from an annotated result (178.209912ms)
2026-10-04T00:52:28.4005813Z ✔ a completed-balance flag cannot replace a missing verified bridge (76.557192ms)
2026-10-04T00:52:28.4007706Z ✔ independent evaluator accepts healthy exact matches and a controlled invalid-source rejection (410.865456ms)
2026-10-04T00:52:28.4009712Z ✔ evaluator independently checks source totals against source transactions (18.239975ms)
2026-10-04T00:52:28.4011456Z ✔ evaluator rejects disagreement between accepted cases and the public match list (15.671741ms)
2026-10-04T00:52:28.4013261Z ✔ evaluator does not reward abstaining from every provable automatic match (80.803905ms)
2026-10-04T00:52:28.4015201Z ✔ runtime errors and cancellation on corrupt input are failures rather than valid rejections (33.423314ms)
2026-10-04T00:52:28.4017408Z ✔ equal-valued invoices with swapped counterparties are false matches even when counts and arithmetic agree (111.478867ms)
2026-10-04T00:52:32.2540470Z ✔ P2 capability requires nine proved groups across the 20 existing focused files with independent workbook verification (3406.899884ms)
2026-10-04T00:52:32.4441814Z ✔ P2 oracle migration keeps the default 046 N:M rejection and the same visible source facts (201.010804ms)
2026-10-04T00:52:32.5110313Z ✔ P2 N:M permission requires visible complete identity and does not reward abstention or equal totals alone (76.795954ms)
2026-10-04T00:52:32.5633506Z ✔ disabling every group fails required completion and cannot be counted as success (52.979145ms)
2026-10-04T00:52:32.6072413Z ✔ forcing a group on equal sums without bank or receipt proof is a false match (43.663297ms)
2026-10-04T00:52:32.6803222Z ✔ hidden metadata changes after rendering cannot change any engine input (73.02323ms)
2026-10-04T00:52:32.6960100Z ✔ ambiguous decimal convention stays unresolved without outside information and is labelled external when provided (14.406915ms)
2026-10-04T00:52:32.8122844Z ✔ the workbook verifier rejects accepted groups outside an independently supplied permission set (114.622623ms)
2026-10-04T00:52:32.8669284Z ✔ a diagnostic result with source errors is never labelled a completed comparison (51.26012ms)
2026-10-04T00:52:32.9515079Z ✔ invalid format inference records an unproven implicit default even when downstream parsing returns values (96.412764ms)
2026-10-04T00:52:33.0039701Z ✔ R045 XML second sheetData cannot replace earlier financial rows (116.905765ms)
2026-10-04T00:52:33.0049463Z ✔ R045 mixed cell payloads cannot concatenate into a different amount (115.24955ms)
2026-10-04T00:52:33.0051171Z ✔ R045 invalid row coordinates cannot silently discard a movement (90.92569ms)
2026-10-04T00:52:33.0052890Z ✔ R045 valid reordered columns, inline text and long references remain exact (78.581546ms)
2026-10-04T00:52:33.0056196Z ✔ R045 closing balance currency is evidence, not disposable footer text (62.61594ms)
2026-10-04T00:52:33.0058499Z ✔ R045 native formula cache validation does not reinterpret decimal point as grouping (38.06892ms)
2026-10-04T00:52:33.0060420Z ✔ R045 duplicate workbook containers and worksheet IDs cannot discard a complete sheet (28.874152ms)
2026-10-04T00:52:33.0063106Z ✔ R045 explicit as-of metadata is retained independently of prepared date (131.366311ms)
2026-10-04T00:52:33.0064991Z ✔ R045 duplicate date systems or style definitions cannot change dates or erase reference zeros (33.859245ms)
2026-10-04T00:52:33.0070537Z ✔ R045 missing or aliased worksheet parts cannot silently remove or relabel source data (40.509055ms)
2026-10-04T00:52:33.0072339Z ✔ R045 balance metadata rejects a wrong formula cache and retains a matching currency (42.184538ms)
2026-10-04T00:52:33.0074575Z ✔ R045 conflicting or ambiguous snapshot metadata cannot produce a verified date (79.298979ms)
2026-10-04T00:52:33.0077735Z ✔ R045 an uncached transaction formula remains an explicit issue rather than zero or a deleted row (44.968035ms)
2026-10-04T00:52:33.0082975Z ✔ R045 standard 1904 dates, sparse rows and deterministic omitted subsequent cell coordinates remain supported (27.951103ms)
2026-10-04T00:52:33.0084659Z ✔ R045 running balance column currency cannot be borrowed from a different currency scope (25.335394ms)
2026-10-04T00:52:33.0086228Z ✔ 045 PDF foundation 3: real files preserve metadata, balances, footer and all movements (353.115841ms)
2026-10-04T00:52:33.0087761Z ✔ 045 PDF foundation 4: real files preserve metadata, balances, footer and all movements (47.397575ms)
2026-10-04T00:52:33.0092747Z ✔ 045 PDF foundation 19: real files preserve metadata, balances, footer and all movements (91.840578ms)
2026-10-04T00:52:33.0094640Z ✔ 045 PDF reordered multi-page source C01436 retains every movement and excludes only repeated page metadata (66.912963ms)
2026-10-04T00:52:33.0096588Z ✔ 045 PDF reordered multi-page source C03754 retains every movement and excludes only repeated page metadata (95.020733ms)
2026-10-04T00:52:33.0098752Z ✔ 045 a later-page changed identity or a transaction before the repeated header is never excluded as metadata (3.460235ms)
2026-10-04T00:52:33.0100120Z ✔ 045 only an isolated exact page-number footer is excluded (5.490066ms)
2026-10-04T00:52:33.0101445Z ✔ 045 inline closing balances retain amount and source evidence without erasing a dated invoice (2.065056ms)
2026-10-04T00:52:33.0102922Z ✔ 045 PDF metadata outside table columns can span cuts without concatenating financial values (8.22437ms)
2026-10-04T00:52:33.0104813Z ✔ 045 all 24 supported four-column PDF orders preserve the same financial fields (126.04135ms)
2026-10-04T00:52:33.0107204Z ✔ metamorphic real CSV files preserve decisions after reordering columns and plain transaction rows (78.514203ms)
2026-10-04T00:52:33.0113998Z ✔ Arabic money digits, decimal comma and alternate explicit date formats preserve economic meaning (21.324292ms)
2026-10-04T00:52:33.0115752Z ✔ determinism includes complete decisions, evidence, bridge and source row identities (8.528736ms)
2026-10-04T00:52:33.0117368Z ✔ a currency conflict cannot cross into automatic matches or a proven balance bridge (8.961422ms)
2026-10-04T00:52:33.0124120Z ✔ reference normalization collisions do not become identities merely because amounts agree (6.742779ms)
2026-10-04T00:52:33.0126026Z ✔ independent invariant probes detect deliberate source reuse, numeric alteration and sign inversion (9.00826ms)
2026-10-04T00:52:33.0128201Z ✔ published file-size and parsed-row limits reject at import rather than returning partial success (95.128729ms)
2026-10-04T00:52:33.0134051Z ✔ 046 stopping every clear case cannot be reported as accurate work (5.316041ms)
2026-10-04T00:52:33.0135460Z ✔ 046 a false match is never absorbed into the correct-match total (1.255488ms)
2026-10-04T00:52:33.0136799Z ✔ 046 amounts of different currencies are never summed together (0.358588ms)
2026-10-04T00:52:33.0138598Z ✔ 046 confirmations are counted per kind so an oracle-fed format is visible (0.292335ms)
2026-10-04T00:52:33.0140088Z ✔ declared aging cannot be accepted by choosing the transactions default (60.582714ms)
2026-10-04T00:52:33.0141560Z ✔ generic accounts cannot be merged merely because reference and amount agree (12.77884ms)
2026-10-04T00:52:33.0143186Z ✔ source-level currency conflicts never relabel a foreign transaction as the scope currency (5.331611ms)
2026-10-04T00:52:33.0144891Z ✔ an explicitly balanced empty period can be compared but an unproven empty file cannot (7.358085ms)
2026-10-04T00:52:33.0146397Z ✔ same input yields byte-identical engine evidence across 20 runs (80.763044ms)
2026-10-04T00:52:33.0148543Z ✔ punctuation normalization is suggestion-only; never proves reference equality (5.715008ms)
2026-10-04T00:52:33.0150337Z ✔ reference reused with different amounts prevents both automatic matches (2.445275ms)
2026-10-04T00:52:33.0151884Z ✔ sign conflict is explicit and does not change balances or signed values (3.123128ms)
2026-10-04T00:52:33.0153192Z ✔ invalid mappings and multipliers fail at engine boundary (0.787908ms)
2026-10-04T00:52:33.0154365Z ✔ safe sums reject invalid operands even if they cancel (0.361624ms)
2026-10-04T00:52:33.0155526Z ✔ ambiguous CSV delimiter is rejected instead of guessed (1.024068ms)
2026-10-04T00:52:33.0156894Z ✔ Excel merged data rows block normalization without rejecting unrelated sheets (135.337174ms)
2026-10-04T00:52:33.0158841Z ✔ Excel cell errors and overprecision numeric references block selected data rows (71.360461ms)
2026-10-04T00:52:33.0160343Z ✔ an Excel timestamp reads as its day and the dropped time is reported (40.823287ms)
2026-10-04T00:52:33.0162058Z ✔ all matched transactions have exact amounts, original reference equality, uniqueness and evidence (5.278485ms)
2026-10-04T00:52:33.0163470Z ✔ 500 seeded exact money roundtrips and signed sums (4.549244ms)
2026-10-04T00:52:33.0164888Z ✔ assistant reports actual delta and never adopts number or instructions in question (8.898815ms)
2026-10-04T00:52:33.0166521Z ✔ assistant declines unknown question, missing transaction and unsupported balance (11.226992ms)
2026-10-04T00:52:33.0168346Z ✔ transaction explanations cite existing rows and expose reference variant (6.73251ms)
2026-10-04T00:52:33.0169667Z ✔ assistant and hypotheses cannot mutate engine state (5.552702ms)
2026-10-04T00:52:33.0171174Z ✔ hypothesis rejects invented amounts, unknown IDs, duplicates, used rows and rejected pairs (4.512104ms)
2026-10-04T00:52:33.0172709Z ✔ equal totals and different totals both stay unconfirmed hypotheses (3.789809ms)
2026-10-04T00:52:33.0174055Z ✔ export includes structured match evidence and diagnostics (178.376767ms)
2026-10-04T00:52:33.0175426Z ✔ export rechecks sources and refuses altered balance, match and source (32.301597ms)
2026-10-04T00:52:33.0176858Z ✔ the same file on both sides is a labelled diagnostic, never approved (37.008683ms)
2026-10-04T00:52:33.0184012Z ✔ a copy under another name is still the same source (5.811906ms)
2026-10-04T00:52:33.0185543Z ✔ the same file read with its columns listed or chosen differently is still the same source (6.926973ms)
2026-10-04T00:52:33.0186940Z ✔ similar names on two different sources are two sources (5.658961ms)
2026-10-04T00:52:33.0188386Z ✔ two different sheets of one workbook are two sources (145.363592ms)
2026-10-04T00:52:33.0189796Z ✔ restoring, comparing again and exporting keep the self-comparison unapproved (165.733056ms)
2026-10-04T00:52:33.0191548Z ✔ explicit metadata from a nine-column supplier layout retains source evidence and uses period end (10.54906ms)
2026-10-04T00:52:33.0193318Z ✔ Arabic labels and explicit inline metadata work before a PDF table without column cuts (2.929167ms)
2026-10-04T00:52:33.0195100Z ✔ PDF inline labels separated only by spaces remain anchored and preserve role across both sides (0.906098ms)
2026-10-04T00:52:33.0197035Z ✔ different explicit dates, entities, accounts and currencies remain conflicts without a chosen value (1.176962ms)
2026-10-04T00:52:33.0199398Z ✔ nothing comes from filename, company title, generic account, statement date, transaction extrema or other sheets (0.757511ms)
2026-10-04T00:52:33.0201412Z ✔ a complete mapped currency column provides one currency with auditable rows; unmapped helpers do not (4.95522ms)
2026-10-04T00:52:33.0203329Z ✔ incomplete currency columns block prefill and mixed currencies are exposed even when a row is blank (2.114629ms)
2026-10-04T00:52:33.0205254Z ✔ only selected amount headers are currency evidence and their contradictions prevent prefill (0.490945ms)
2026-10-04T00:52:33.0206976Z ✔ invalid explicit metadata cannot be overridden by another valid label or a header (1.491057ms)
2026-10-04T00:52:33.0209549Z ✔ ambiguous numeric metadata is not filled even when transaction date order is configured (1.199795ms)
2026-10-04T00:52:33.0211423Z ✔ hidden, formula, and parser-flagged metadata cannot become suggestions (2.229953ms)
2026-10-04T00:52:33.0213286Z ✔ suggestions are deterministic, do not mutate source/mappings and never supply approvals or balance evidence (0.59624ms)
2026-10-04T00:52:33.0215114Z ✔ a valid transaction stays a transaction when its entire description is a summary word (12.478994ms)
2026-10-04T00:52:33.0216686Z ✔ a summary word in an unused helper cannot remove a real transaction (0.675268ms)
2026-10-04T00:52:33.0218455Z ✔ a duplicate with description Total remains visible and prevents an automatic match (8.581281ms)
2026-10-04T00:52:33.0220464Z ✔ unreadable potential duplicates leave readable data available but cannot prove any automatic match (19.422447ms)
2026-10-04T00:52:33.0222317Z ✔ summary wording cannot bypass a mapped parsing or formula defect in a transaction (1.40087ms)
2026-10-04T00:52:33.0223840Z ✔ a decimal quantity is not inferred as a monetary amount (1.977744ms)
2026-10-04T00:52:33.0225258Z ✔ a due date is not inferred as the transaction date merely because it parses (0.533775ms)
2026-10-04T00:52:33.0226832Z ✔ an unknown identifier column does not become an invoice reference through uniqueness (1.442096ms)
2026-10-04T00:52:33.0228838Z ✔ two explicit reference headers cannot be resolved by preferring the column without duplicates (2.15256ms)
2026-10-04T00:52:33.0230556Z ✔ structural opening and total lines remain accounted for without manual exclusions (2.466925ms)
2026-10-04T00:52:33.0232218Z ✔ reordered columns cannot turn a dated transaction with a numeric reference into a total (1.224871ms)
2026-10-04T00:52:33.0233881Z ✔ missing or malformed dates with numeric document references remain reviewable rows (3.268338ms)
2026-10-04T00:52:33.0235569Z ✔ dated opening and closing records need dedicated balance identities, never invoice numbers (1.437558ms)
2026-10-04T00:52:33.0237058Z ✔ one source: a guarded reading becomes a normalised source (17.730176ms)
2026-10-04T00:52:33.0245071Z ✔ two sources: the same boundary the supplier recompute uses (10.663642ms)
2026-10-04T00:52:33.0246452Z ✔ an edited explanation of a proven direction comes back canonical (1.772612ms)
2026-10-04T00:52:33.0247659Z ✔ first refusal on every path: ok | ok → ok (228.593892ms)
2026-10-04T00:52:33.0249200Z ✔ first refusal on every path: ok | format → FORMAT_AMBIGUOUS_UNRESOLVED (16.667716ms)
2026-10-04T00:52:33.0250477Z ✔ first refusal on every path: ok | direction → direction (11.565182ms)
2026-10-04T00:52:33.0251871Z ✔ first refusal on every path: ok | format+direction → FORMAT_AMBIGUOUS_UNRESOLVED (12.302555ms)
2026-10-04T00:52:33.0253352Z ✔ first refusal on every path: format | ok → FORMAT_AMBIGUOUS_UNRESOLVED (11.664977ms)
2026-10-04T00:52:33.0284019Z ✔ first refusal on every path: format | format → FORMAT_AMBIGUOUS_UNRESOLVED (7.81174ms)
2026-10-04T00:52:33.0353864Z ✔ first refusal on every path: format | direction → FORMAT_AMBIGUOUS_UNRESOLVED (7.544212ms)
2026-10-04T00:52:33.0411553Z ✔ first refusal on every path: format | format+direction → FORMAT_AMBIGUOUS_UNRESOLVED (5.201589ms)
2026-10-04T00:52:33.0505065Z ✔ first refusal on every path: direction | ok → direction (7.297382ms)
2026-10-04T00:52:33.0551801Z ✔ first refusal on every path: direction | format → FORMAT_AMBIGUOUS_UNRESOLVED (6.755372ms)
2026-10-04T00:52:33.0627169Z ✔ first refusal on every path: direction | direction → direction (7.563479ms)
2026-10-04T00:52:33.0700081Z ✔ first refusal on every path: direction | format+direction → FORMAT_AMBIGUOUS_UNRESOLVED (5.766932ms)
2026-10-04T00:52:33.0792465Z ✔ first refusal on every path: format+direction | ok → FORMAT_AMBIGUOUS_UNRESOLVED (7.211192ms)
2026-10-04T00:52:33.0841748Z ✔ first refusal on every path: format+direction | format → FORMAT_AMBIGUOUS_UNRESOLVED (7.621426ms)
2026-10-04T00:52:33.0924883Z ✔ first refusal on every path: format+direction | direction → FORMAT_AMBIGUOUS_UNRESOLVED (8.170449ms)
2026-10-04T00:52:33.1110140Z ✔ first refusal on every path: format+direction | format+direction → FORMAT_AMBIGUOUS_UNRESOLVED (9.073091ms)
2026-10-04T00:52:33.1112433Z ✔ a reading that is not an object is named as such first (1.110459ms)
2026-10-04T00:52:33.1180545Z ✔ after the gates, scope, currency and cutoff stay with normalisation (11.283809ms)
2026-10-04T00:52:33.2315481Z ✔ an export of a proven direction with an edited explanation still succeeds (114.234748ms)
2026-10-04T00:52:33.2368836Z ✔ the gates are assembled in one place (4.030127ms)
2026-10-04T00:52:33.2809855Z ✔ both supplier and AP directions require exact running-balance recurrences (9.618836ms)
2026-10-04T00:52:33.2839414Z ✔ an explicit leading label can supply the baseline without invented zero opening (0.64984ms)
2026-10-04T00:52:33.2840780Z ✔ no single recurrence or zero-only activity can establish direction (0.83232ms)
2026-10-04T00:52:33.2875767Z ✔ any later inconsistency cancels earlier proof, including zero movements with balance changes (0.919473ms)
2026-10-04T00:52:33.2879586Z ✔ malformed or omitted movements cannot be skipped to recover a sign suggestion (1.647649ms)
2026-10-04T00:52:33.2881338Z ✔ descending dates, negative split values and simultaneous debit/credit prevent proof (1.068841ms)
2026-10-04T00:52:33.2882744Z ✔ only a unique explicit running-balance column qualifies (0.24182ms)
2026-10-04T00:52:33.2900877Z ✔ native Excel numeric values are read independently of displayed locale (0.911318ms)
2026-10-04T00:52:33.2902619Z ✔ currency precision and Arabic numeric notation use exact engine parsing (1.074491ms)
2026-10-04T00:52:33.2904254Z ✔ selected-cell issues, unsafe opening identities and formula-only metadata cancel proof (1.681592ms)
2026-10-04T00:52:33.2905877Z ✔ repeated headers and structural footers preserve the full recurrence chain (2.130047ms)
2026-10-04T00:52:33.2907488Z ✔ a late opening record or transaction named Total cannot reset or evade the chain (0.716875ms)
2026-10-04T00:52:33.2909557Z ✔ an independently aligned closing footer must have exactly one matching amount beside its currency (1.632561ms)
2026-10-04T00:52:33.7830099Z ✔ explicit English month names are calendar-checked independently of numeric date order (3.144277ms)
2026-10-04T00:52:33.7832382Z ✔ currency-tagged debit/credit headers select transaction values and preserve signs (14.599053ms)
2026-10-04T00:52:33.7842158Z ✔ a header currency mismatch or duplicate debit column is never guessed away (1.416468ms)
2026-10-04T00:52:33.9262234Z ✔ styled PDF flows through strict normalization with exact source rows and amounts (150.040264ms)
2026-10-04T00:52:46.7897179Z ✔ 3000 seeded bilingual generated reconciliations agree with independent brute-force oracle (8520.154109ms)
2026-10-04T00:52:46.7898997Z ✔ 10000 decimal format/sign/Arabic digit cases preserve exact integer units (151.913124ms)
2026-10-04T00:52:46.7900284Z ✔ 1000 quoted multilingual CSV roundtrips preserve commas, newlines and quotes (51.509807ms)
2026-10-04T00:52:46.7901538Z ✔ 20000 repeated references remain unpaired and bounded in time (4353.935233ms)
2026-10-04T00:52:46.9430354Z ✔ bilingual workbook export preserves source text, numbers and formula-looking content across all transaction sheets (228.380234ms)
2026-10-04T00:52:49.0230318Z ✔ XML-incompatible control characters cannot silently change during CSV to Excel export (4.188613ms)
2026-10-04T00:52:49.0232065Z ✔ 2000 prefix reference questions and model routing attacks never select existing shorter document (470.862926ms)
2026-10-04T00:52:49.0233753Z ✔ 200 input permutations preserve economic matches and totals without relying on row position (1421.4676ms)
2026-10-04T00:53:05.9023730Z ✔ 5000-row XLSX import, reconciliation and export preserve every original numeric amount (17066.196902ms)
2026-10-04T00:53:05.9025359Z ✔ invalid XML controls and unpaired surrogates are rejected while legitimate multilingual text survives (0.663967ms)
2026-10-04T00:53:05.9244293Z ✔ malformed UTF-8 bytes cannot become replacement characters in imported references (22.156232ms)
2026-10-04T00:53:06.0000433Z ✔ date-window boundaries hold across leap days, year changes and either source order (97.027155ms)
2026-10-04T00:53:06.0002852Z ✔ supplier layout end-to-end oracle: csv/0/signed/dot/English (366.151956ms)
2026-10-04T00:53:06.0004569Z ✔ supplier layout end-to-end oracle: csv/0/signed/dot/Arabic-reversed (94.598317ms)
2026-10-04T00:53:06.0006088Z ✔ supplier layout end-to-end oracle: csv/0/signed/comma/English (77.258654ms)
2026-10-04T00:53:06.0007650Z ✔ supplier layout end-to-end oracle: csv/0/signed/comma/Arabic-reversed (72.415695ms)
2026-10-04T00:53:06.0009493Z ✔ supplier layout end-to-end oracle: csv/0/split/dot/English (90.874097ms)
2026-10-04T00:53:06.0011054Z ✔ supplier layout end-to-end oracle: csv/0/split/dot/Arabic-reversed (70.36721ms)
2026-10-04T00:53:06.0012527Z ✔ supplier layout end-to-end oracle: csv/0/split/comma/English (71.417867ms)
2026-10-04T00:53:06.0014009Z ✔ supplier layout end-to-end oracle: csv/0/split/comma/Arabic-reversed (77.650258ms)
2026-10-04T00:53:06.0015193Z ✔ supplier layout end-to-end oracle: csv/2/signed/dot/English (53.847068ms)
2026-10-04T00:53:06.0016378Z ✔ supplier layout end-to-end oracle: csv/2/signed/dot/Arabic-reversed (49.879248ms)
2026-10-04T00:53:06.0017523Z ✔ supplier layout end-to-end oracle: csv/2/signed/comma/English (52.974629ms)
2026-10-04T00:53:06.0019016Z ✔ supplier layout end-to-end oracle: csv/2/signed/comma/Arabic-reversed (54.312486ms)
2026-10-04T00:53:06.0020119Z ✔ supplier layout end-to-end oracle: csv/2/split/dot/English (62.4452ms)
2026-10-04T00:53:06.0021331Z ✔ supplier layout end-to-end oracle: csv/2/split/dot/Arabic-reversed (67.374823ms)
2026-10-04T00:53:06.0022591Z ✔ supplier layout end-to-end oracle: csv/2/split/comma/English (57.232877ms)
2026-10-04T00:53:06.0023890Z ✔ supplier layout end-to-end oracle: csv/2/split/comma/Arabic-reversed (51.072459ms)
2026-10-04T00:53:06.0025276Z ✔ supplier layout end-to-end oracle: csv/3/signed/dot/English (60.806854ms)
2026-10-04T00:53:06.0029389Z ✔ supplier layout end-to-end oracle: csv/3/signed/dot/Arabic-reversed (80.593357ms)
2026-10-04T00:53:06.0030995Z ✔ supplier layout end-to-end oracle: csv/3/signed/comma/English (84.589132ms)
2026-10-04T00:53:06.0032642Z ✔ supplier layout end-to-end oracle: csv/3/signed/comma/Arabic-reversed (120.421857ms)
2026-10-04T00:53:06.0034223Z ✔ supplier layout end-to-end oracle: csv/3/split/dot/English (142.281279ms)
2026-10-04T00:53:06.0035742Z ✔ supplier layout end-to-end oracle: csv/3/split/dot/Arabic-reversed (71.835638ms)
2026-10-04T00:53:06.0037267Z ✔ supplier layout end-to-end oracle: csv/3/split/comma/English (47.742259ms)
2026-10-04T00:53:06.0039054Z ✔ supplier layout end-to-end oracle: csv/3/split/comma/Arabic-reversed (50.923779ms)
2026-10-04T00:53:06.0040740Z ✔ supplier layout end-to-end oracle: xlsx/0/signed/dot/English (221.200753ms)
2026-10-04T00:53:06.0042442Z ✔ supplier layout end-to-end oracle: xlsx/0/signed/dot/Arabic-reversed (193.937393ms)
2026-10-04T00:53:06.0044154Z ✔ supplier layout end-to-end oracle: xlsx/0/signed/comma/English (190.139529ms)
2026-10-04T00:53:06.0045842Z ✔ supplier layout end-to-end oracle: xlsx/0/signed/comma/Arabic-reversed (176.506941ms)
2026-10-04T00:53:06.0047501Z ✔ supplier layout end-to-end oracle: xlsx/0/split/dot/English (162.826132ms)
2026-10-04T00:53:06.0049433Z ✔ supplier layout end-to-end oracle: xlsx/0/split/dot/Arabic-reversed (153.195606ms)
2026-10-04T00:53:06.0051137Z ✔ supplier layout end-to-end oracle: xlsx/0/split/comma/English (112.305431ms)
2026-10-04T00:53:06.0052836Z ✔ supplier layout end-to-end oracle: xlsx/0/split/comma/Arabic-reversed (168.83144ms)
2026-10-04T00:53:06.0054544Z ✔ supplier layout end-to-end oracle: xlsx/2/signed/dot/English (149.815651ms)
2026-10-04T00:53:06.0056256Z ✔ supplier layout end-to-end oracle: xlsx/2/signed/dot/Arabic-reversed (176.322987ms)
2026-10-04T00:53:06.0058294Z ✔ supplier layout end-to-end oracle: xlsx/2/signed/comma/English (151.192826ms)
2026-10-04T00:53:06.0060399Z ✔ supplier layout end-to-end oracle: xlsx/2/signed/comma/Arabic-reversed (154.385805ms)
2026-10-04T00:53:06.0062103Z ✔ supplier layout end-to-end oracle: xlsx/2/split/dot/English (136.509128ms)
2026-10-04T00:53:06.0063804Z ✔ supplier layout end-to-end oracle: xlsx/2/split/dot/Arabic-reversed (173.998037ms)
2026-10-04T00:53:06.0065250Z ✔ supplier layout end-to-end oracle: xlsx/2/split/comma/English (107.664878ms)
2026-10-04T00:53:06.0066664Z ✔ supplier layout end-to-end oracle: xlsx/2/split/comma/Arabic-reversed (195.756696ms)
2026-10-04T00:53:06.0068312Z ✔ supplier layout end-to-end oracle: xlsx/3/signed/dot/English (140.222993ms)
2026-10-04T00:53:06.0069628Z ✔ supplier layout end-to-end oracle: xlsx/3/signed/dot/Arabic-reversed (132.790883ms)
2026-10-04T00:53:06.0070893Z ✔ supplier layout end-to-end oracle: xlsx/3/signed/comma/English (121.42188ms)
2026-10-04T00:53:06.0072242Z ✔ supplier layout end-to-end oracle: xlsx/3/signed/comma/Arabic-reversed (119.565282ms)
2026-10-04T00:53:06.0073509Z ✔ supplier layout end-to-end oracle: xlsx/3/split/dot/English (138.490769ms)
2026-10-04T00:53:06.0074705Z ✔ supplier layout end-to-end oracle: xlsx/3/split/dot/Arabic-reversed (145.042922ms)
2026-10-04T00:53:06.0075900Z ✔ supplier layout end-to-end oracle: xlsx/3/split/comma/English (139.775535ms)
2026-10-04T00:53:06.0076679Z ✔ supplier layout end-to-end oracle: xlsx/3/split/comma/Arabic-reversed (170.24157ms)
2026-10-04T00:53:06.0077520Z ✔ legacy templates lose source facts, sign conventions and format assumptions when migrated (2.183447ms)
2026-10-04T00:53:06.0078769Z ✔ templates never recover financial values or proof even through forged v2 fields (0.275753ms)
2026-10-04T00:53:06.0079549Z ✔ old-engine sessions cannot bypass reprocessing by carrying old approvals (1.070424ms)
2026-10-04T00:53:06.0080412Z ✔ current sessions re-read originals and recompute; forged source and stale export cannot survive (67.743293ms)
2026-10-04T00:53:06.0081238Z ✔ typed short literal CN-3: native rows require a successful exact 1:1 proof (45.707266ms)
2026-10-04T00:53:06.0081980Z ✔ typed short literal C3: native rows require a successful exact 1:1 proof (4.876993ms)
2026-10-04T00:53:06.0082680Z ✔ typed short literal I1: native rows require a successful exact 1:1 proof (4.807574ms)
2026-10-04T00:53:06.0083380Z ✔ typed short literal ف١: native rows require a successful exact 1:1 proof (4.669808ms)
2026-10-04T00:53:06.0083964Z ✔ typed short safety: missing type in supplier (4.123898ms)
2026-10-04T00:53:06.0084459Z ✔ typed short safety: missing type in ledger (2.84454ms)
2026-10-04T00:53:06.0085019Z ✔ typed short safety: issuer-specific type code is not a type (2.119728ms)
2026-10-04T00:53:06.0085607Z ✔ typed short safety: description cannot supply type (2.266291ms)
2026-10-04T00:53:06.0086130Z ✔ typed short safety: different explicit types (2.316605ms)
2026-10-04T00:53:06.0086670Z ✔ typed short safety: payment is not a short document (5.501937ms)
2026-10-04T00:53:06.0087225Z ✔ typed short safety: journal is not a short document (2.436647ms)
2026-10-04T00:53:06.0087784Z ✔ typed short safety: credit note with positive sign (2.51269ms)
2026-10-04T00:53:06.0088663Z ✔ typed short safety: invoice with negative sign (2.335039ms)
2026-10-04T00:53:06.0089167Z ✔ typed short safety: zero cannot be approved (3.673612ms)
2026-10-04T00:53:06.0089804Z ✔ typed short safety: numeric-only short identifier stays outside this rule (2.657199ms)
2026-10-04T00:53:06.0090503Z ✔ typed short safety: letter-only identifier stays outside this rule (1.477191ms)
2026-10-04T00:53:06.0091191Z ✔ typed short safety: date gap of one day is too much for a short identifier (2.065554ms)
2026-10-04T00:53:06.0091747Z ✔ typed short safety: different amount (1.352479ms)
2026-10-04T00:53:06.0092308Z ✔ typed short safety: normalization cannot grant literal equality (3.328722ms)
2026-10-04T00:53:06.0092971Z ✔ typed short safety: case normalization cannot grant literal equality (2.047714ms)
2026-10-04T00:53:06.0093665Z ✔ typed short safety: Unicode normalization cannot grant literal equality (2.43256ms)
2026-10-04T00:53:06.0094417Z ✔ typed short safety: conflicting order (4.29532ms)
2026-10-04T00:53:06.0094885Z ✔ typed short safety: conflicting description (2.821275ms)
2026-10-04T00:53:06.0095738Z ✔ typed short safety: generic chosen Reference is not an explicit document number (3.514235ms)
2026-10-04T00:53:06.0096472Z ✔ typed short safety: voucher number is not an explicit document number (2.149583ms)
2026-10-04T00:53:06.0097199Z ✔ typed short safety: repeated original short reference with a different amount (2.567291ms)
2026-10-04T00:53:06.0098242Z ✔ typed short safety: invoice number on a credit note may identify the original invoice (3.902979ms)
2026-10-04T00:53:06.0099003Z ✔ typed short safety: generic supplier reference is not a document number (3.294907ms)
2026-10-04T00:53:06.0099720Z ✔ typed short safety: repeated normalized reference with different spelling (2.493795ms)
2026-10-04T00:53:06.0100340Z ✔ typed short safety: manually excluded competitor (7.555932ms)
2026-10-04T00:53:06.0100832Z ✔ typed short safety: unread competitor (5.002247ms)
2026-10-04T00:53:06.0101466Z ✔ typed short safety: outside-period competitor still occupies the identity (3.020976ms)
2026-10-04T00:53:06.0102172Z ✔ typed short safety: two short credit parts are not a certified group (2.472174ms)
2026-10-04T00:53:06.0102874Z ✔ typed short safety: formula-like source text is never identity authority (4.516311ms)
2026-10-04T00:53:06.0103557Z ✔ typed short safety: a conflicting selected reference is retained (2.119428ms)
2026-10-04T00:53:06.0104220Z ✔ typed short safety: an unread row with no identity cannot be isolated (5.448337ms)
2026-10-04T00:53:06.0104935Z ✔ typed short: an isolated unrelated bad amount does not disable a proven match (2.806337ms)
2026-10-04T00:53:06.0105728Z ✔ typed short: Arabic and English type/header labels name the same explicit source role (4.85348ms)
2026-10-04T00:53:06.0106462Z ✔ typed short: Invoice No supplies number authority for an invoice only (1.800484ms)
2026-10-04T00:53:06.0107182Z ✔ typed short: row order and a disjoint decoy do not change approved membership (5.595882ms)
2026-10-04T00:53:06.0108162Z ✔ typed short: original membership survives a manual decision consuming the rival (2.037114ms)
2026-10-04T00:53:06.0108891Z ✔ typed short: a rejected pair cannot be recreated by the new rule (2.481702ms)
2026-10-04T00:53:06.0109630Z ✔ typed short: chat resolves complete C3, refuses C30 and never manufactures approval (13.028315ms)
2026-10-04T00:53:06.0110491Z ✔ F02-E: actual OOXML files give all required matches and keep the equal-sum conflict unapproved (125.061538ms)
2026-10-04T00:53:06.0111236Z ✔ Unknown credit role native xlsx: different-untyped-credit (385.198425ms)
2026-10-04T00:53:06.0111840Z ✔ Unknown credit role native xlsx: same-untyped-credit (124.526092ms)
2026-10-04T00:53:06.0112432Z ✔ Unknown credit role native xlsx: arabic-untyped-credit (114.369375ms)
2026-10-04T00:53:06.0113058Z ✔ Unknown credit role native xlsx: chosen-generic-untyped-credit (100.711465ms)
2026-10-04T00:53:06.0113726Z ✔ Unknown credit role native xlsx: blank-credit-ordinary-invoice (147.729446ms)
2026-10-04T00:53:06.0114354Z ✔ Unknown credit role native csv: different-untyped-credit (97.929968ms)
2026-10-04T00:53:06.0114941Z ✔ Unknown credit role native csv: same-untyped-credit (66.154931ms)
2026-10-04T00:53:06.0115511Z ✔ Unknown credit role native csv: arabic-untyped-credit (60.108328ms)
2026-10-04T00:53:06.0116131Z ✔ Unknown credit role native csv: chosen-generic-untyped-credit (93.691614ms)
2026-10-04T00:53:06.0116771Z ✔ Unknown credit role native csv: blank-credit-ordinary-invoice (73.579411ms)
2026-10-04T00:53:06.0117361Z ✔ Unknown credit cue cannot bypass review: hidden cell (2.326994ms)
2026-10-04T00:53:06.0118173Z ✔ Unknown credit cue cannot bypass review: unsafe value (1.204884ms)
2026-10-04T00:53:06.0118787Z ✔ Unknown credit cue cannot bypass review: duplicate header (1.583981ms)
2026-10-04T00:53:06.0119503Z ✔ Unknown credit cue remains negative even if the chosen reference is its credit number (0.976218ms)
2026-10-04T00:53:06.0120450Z ✔ Explicit native credit type verifies roles while removing the type never does (2.28159ms)
2026-10-04T00:53:06.0121182Z ✔ A mixed file keeps proved invoice work alongside untyped credit warnings (1.496918ms)
2026-10-04T00:53:06.0121996Z ✔ AI cannot erase retained native credit cues from canonical case members (1.993523ms)
2026-10-04T00:53:06.0122905Z ✔ unmapped reference conflicts veto a document match while agreeing and absent references still match (75.193803ms)
2026-10-04T00:53:06.0124423Z ✔ choosing Document No does not discard a conflicting explicit Reference column (4.088665ms)
2026-10-04T00:53:06.0126153Z ✔ a secondary reference is retained with its source header and never supplies positive matching evidence (3.197444ms)
2026-10-04T00:53:06.0128085Z ✔ ambiguous or unsafe unselected reference evidence cannot be silently ignored (7.456538ms)
2026-10-04T00:53:06.0129584Z ✔ reference conflicts in one invoice-group member veto the whole group (11.640562ms)
2026-10-04T00:53:06.0131098Z ✔ payment and journal identities remain independent of per-book reference columns (5.576525ms)
2026-10-04T00:53:06.0132979Z ✔ reference evidence survives restore and verified export, and permits an explicit accountant decision (231.207798ms)
2026-10-04T00:53:06.0135060Z ✔ reviewed visual source proves a partial match without substituting the nearby balance or inventing a damaged amount (630.14468ms)
2026-10-04T00:53:06.0136935Z ✔ human-reviewed images never prove full balances even under caller coverage flags (194.720273ms)
2026-10-04T00:53:06.0138836Z ✔ unregistered cloned sources must replay the full original record before normalization (748.053482ms)
2026-10-04T00:53:06.0140536Z ✔ removing a kind or adding native-looking original CSV cannot launder the visual source (1038.987632ms)
2026-10-04T00:53:06.0142494Z ✔ mapping, sign, amount-vs-balance, report and source exclusions are bound on normalize, reconcile, session and export (10677.54464ms)
2026-10-04T00:53:06.0144052Z ✔ economic context and side cannot drift silently (160.821989ms)
2026-10-04T00:53:06.0145359Z ✔ missing or wrong header meanings cannot acquire amount/reference authority (0.781936ms)
2026-10-04T00:53:06.0146678Z ✔ record edits cannot reuse table or interpretation receipts (1387.364932ms)
2026-10-04T00:53:06.0148443Z ✔ context/headers snapshot before crypto and reject accessors without invoking them (2.814392ms)
2026-10-04T00:53:06.0150027Z ✔ failed row identities suppress plausible competitors instead of creating uniqueness (547.013033ms)
2026-10-04T00:53:06.0151498Z ✔ values valid only in another locale participate in contradiction detection (673.067597ms)
2026-10-04T00:53:06.0152516Z ✔ an explicit ambiguous-format interpretation is source-bound and independently parsed (696.914154ms)
2026-10-04T00:53:06.0154170Z ✔ session restores original PNG and all source proofs then recomputes the same partial result (1033.714912ms)
2026-10-04T00:53:06.0155309Z ✔ workpaper replays sources and carries the entire reviewed record, exact original PNG, unread row and required match (1750.70581ms)
2026-10-04T00:53:06.0156383Z ✔ mutable original bytes or stale result totals are refused at export (683.951489ms)
2026-10-04T00:53:06.0157065Z ✔ currency needs a reviewed source crop and compatible precision (0.889166ms)
2026-10-04T00:53:06.0157820Z ✔ same PNG cannot become independent evidence by changing its record context or side (663.460173ms)
2026-10-04T00:53:06.0158943Z ✔ old blank footer exclusions have no authority to create automatic uniqueness (492.00329ms)
2026-10-04T00:53:06.0159727Z ✔ classifying a competing movement as non-movement does not certify its exclusion (984.348603ms)
2026-10-04T00:53:06.0160578Z ✔ omitting reviewed in-row facts prevents an exclusion from isolating itself to one reference (886.168611ms)
2026-10-04T00:53:06.0161505Z ✔ visual drafts cannot normalize even with plausible fabricated accounting sheets and approval flags (12.443585ms)
2026-10-04T00:53:06.0162471Z ✔ workpaper export rejects a visual draft before original reread or no-original fallback on either side (128.694329ms)
2026-10-04T00:53:06.0163597Z ✔ session save rejects visual drafts instead of laundering their sheets through demoBytes (24.715429ms)
2026-10-04T00:53:06.0164613Z ✔ session restore does not discard a visual-draft marker and treat accompanying CSV bytes as native (7.708967ms)
2026-10-04T00:53:06.0165613Z ✔ reviewed visual cells are evidence only: every accounting gate rejects the marker even with native CSV sheets (12.403731ms)
2026-10-04T00:53:06.0166512Z ✔ crop drag is direction-independent, bounded and rounds outwards to native pixels (2.321333ms)
2026-10-04T00:53:06.0167378Z ✔ keyboard movement preserves size and image boundaries; resizing cannot invert or empty the crop (0.607011ms)
2026-10-04T00:53:06.0168705Z ✔ visual factory preserves literal bilingual observations and never creates financial interpretation or approval (5.683074ms)
2026-10-04T00:53:06.0169680Z ✔ zero, perfect and unknown confidence remain unverified and are never converted to authority (4.515089ms)
2026-10-04T00:53:06.0170583Z ✔ source hash is required and bound independently; document values never enter validation errors (0.900256ms)
2026-10-04T00:53:06.0171498Z ✔ fixed OCR engine identity and bounded asset hash inventory reject unsafe or invented configuration (1.270997ms)
2026-10-04T00:53:06.0172396Z ✔ every declared page is required in order and empty OCR pages remain visible unverified pages (1.030489ms)
2026-10-04T00:53:06.0173377Z ✔ word hierarchy must be present: omitted blocks output cannot masquerade as a successfully read blank page (1.42322ms)
2026-10-04T00:53:06.0174251Z ✔ non-text words, invalid coordinates and accessors reject instead of being coerced (4.769383ms)
2026-10-04T00:53:06.0174992Z ✔ only local bounded PNG previews with matching dimensions are accepted (1.38505ms)
2026-10-04T00:53:06.0175783Z ✔ word and character limits apply across all pages, with a valid exact-limit draft retained (348.907335ms)
2026-10-04T00:53:06.0176632Z ✔ stable IDs derive from page, word order and geometry; outputs share no mutable OCR objects (0.999882ms)
2026-10-04T00:53:06.0177371Z ✔ PNG dimensions are bounded before any image decoder is called (2.567993ms)
2026-10-04T00:53:06.0178469Z ✔ JPEG dimensions are read from SOF; oversized, truncated and disguised images reject (0.410915ms)
2026-10-04T00:53:06.0179177Z ✔ PNG chunk lengths and all image byte counts are bounded (0.313484ms)
2026-10-04T00:53:06.0179937Z ✔ fixed same-origin bootstrap and exact vendor protocol load both languages without fetching (36.73132ms)
2026-10-04T00:53:06.0180783Z ✔ only blocks leave recognition; caller PNG bytes are neither detached nor overwritten (2.266201ms)
2026-10-04T00:53:06.0181632Z ✔ foreign, credentialed, query/hash and non-HTTP asset bases never construct a worker (3.180083ms)
2026-10-04T00:53:06.0182602Z ✔ abort before and during every startup stage terminates immediately without an initialization handle (2.935998ms)
2026-10-04T00:53:06.0183632Z ✔ abort during worker construction still revokes and terminates the owned handle (0.921186ms)
2026-10-04T00:53:06.0184447Z ✔ one startup deadline covers all stages even if the worker keeps emitting progress (15.471855ms)
2026-10-04T00:53:06.0185304Z ✔ page deadline hard-terminates a hung recognition and future pages cannot reuse the worker (16.268499ms)
2026-10-04T00:53:06.0186159Z ✔ abort or destroy during recognition settles the page and releases every listener and Blob (1.81995ms)
2026-10-04T00:53:06.0186982Z ✔ concurrent recognition is rejected without changing the active page or its input (1.167554ms)
2026-10-04T00:53:06.0187719Z ✔ unknown, stale and cross-action replies never resolve the active page (1.934904ms)
2026-10-04T00:53:06.0188786Z ✔ initialize failures are sanitized and late vendor resolve messages cannot resurrect the worker (2.216879ms)
2026-10-04T00:53:06.0189690Z ✔ malformed recognition data, worker errors and decode errors are sanitized and release resources (1.23533ms)
2026-10-04T00:53:06.0190580Z ✔ progress uses fixed status labels, rejects malformed status, and never exposes raw worker text (0.706937ms)
2026-10-04T00:53:06.0191600Z ✔ invalid image input never reaches the worker and factory exceptions revoke the Blob (0.733857ms)
2026-10-04T00:53:06.0192448Z ✔ PNG full decoding: 3 channels, filters 0, independent expected RGBA (74.218537ms)
2026-10-04T00:53:06.0193131Z ✔ PNG full decoding: 3 channels, filters 1, independent expected RGBA (33.399584ms)
2026-10-04T00:53:06.0193793Z ✔ PNG full decoding: 3 channels, filters 2, independent expected RGBA (27.313539ms)
2026-10-04T00:53:06.0194455Z ✔ PNG full decoding: 3 channels, filters 3, independent expected RGBA (12.592793ms)
2026-10-04T00:53:06.0195124Z ✔ PNG full decoding: 3 channels, filters 4, independent expected RGBA (8.388372ms)
2026-10-04T00:53:06.0195820Z ✔ PNG full decoding: 3 channels, filters 0,1,2,3,4, independent expected RGBA (9.250199ms)
2026-10-04T00:53:06.0196512Z ✔ PNG full decoding: 4 channels, filters 0, independent expected RGBA (15.108839ms)
2026-10-04T00:53:06.0197177Z ✔ PNG full decoding: 4 channels, filters 1, independent expected RGBA (10.998677ms)
2026-10-04T00:53:06.0198142Z ✔ PNG full decoding: 4 channels, filters 2, independent expected RGBA (10.132451ms)
2026-10-04T00:53:06.0198931Z ✔ PNG full decoding: 4 channels, filters 3, independent expected RGBA (9.629251ms)
2026-10-04T00:53:06.0199605Z ✔ PNG full decoding: 4 channels, filters 4, independent expected RGBA (11.294084ms)
2026-10-04T00:53:06.0200360Z ✔ PNG full decoding: 4 channels, filters 0,1,2,3,4, independent expected RGBA (5.828096ms)
2026-10-04T00:53:06.0201212Z ✔ PNG rejects CRC damage, missing end, trailing data and ambiguous colour/orientation/animation chunks (60.840431ms)
2026-10-04T00:53:06.0202112Z ✔ PNG bounds decompressed data and rejects wrong filters, short scanlines and nonopaque RGBA (77.911577ms)
2026-10-04T00:53:06.0202982Z ✔ PNG dimensions, byte budget and canonical base64 are bounded before large allocation (5.194376ms)
2026-10-04T00:53:06.0203742Z ✔ valid chunk CRC cannot hide a corrupt, truncated or trailing zlib stream (19.026362ms)
2026-10-04T00:53:06.0204724Z ✔ manual source crop records an omitted Arabic literal even when OCR finds no words; v2 replays without financial promotion (135.762823ms)
2026-10-04T00:53:06.0205819Z ✔ all intersecting observations and partial words are retained; neighboring words outside the crop cannot leak in (65.970183ms)
2026-10-04T00:53:06.0206820Z ✔ literal sign, role and crop edits revoke only the affected region review, including after restoration (105.068275ms)
2026-10-04T00:53:06.0208111Z ✔ v1 records and word receipts remain compatible when manually selected regions are added and removed (78.587818ms)
2026-10-04T00:53:06.0209766Z ✔ restore rejects changed crop, sign, raw observations, origin, timestamp, fingerprint, duplicate ID and schema downgrade (113.509624ms)
2026-10-04T00:53:06.0210895Z ✔ manual crops reject non-integral, empty, reversed, out-of-image and accessor geometry without invoking document code (10.810007ms)
2026-10-04T00:53:06.0212250Z ✔ region evidence cannot duplicate a whole page of words or oversized observations into every cell (21.296551ms)
2026-10-04T00:53:06.0213356Z ✔ visual PDF renderer: sequential complete pages provide exact geometry and await consumers before releasing canvases (13.674572ms)
2026-10-04T00:53:06.0214502Z ✔ visual PDF renderer: source bytes are copied and resource/network fallbacks are disabled (1.26712ms)
2026-10-04T00:53:06.0215477Z ✔ visual PDF renderer: missing fonts, missing resources and null decoded images never reach OCR (4.278389ms)
2026-10-04T00:53:06.0216398Z ✔ visual PDF renderer: a swallowed render stream failure cannot deliver a plausible PNG (1.20168ms)
2026-10-04T00:53:06.0217301Z ✔ visual PDF renderer: page, byte, pixel, edge and geometry limits reject before drawing (2.939696ms)
2026-10-04T00:53:06.0218535Z ✔ visual PDF renderer: protected, layered and interactive sources require a flattened supported source (0.710884ms)
2026-10-04T00:53:06.0219562Z ✔ visual PDF renderer: cancellation and PNG failure release resources without any handoff (1.833866ms)
2026-10-04T00:53:06.0220858Z ✔ visual PDF renderer: later-page failure invalidates the document and consumer errors stop subsequent processing (1.403174ms)
2026-10-04T00:53:06.0222189Z ✔ visual PDF renderer: rotated pages retain their actual viewport transform instead of rewriting coordinates (0.804929ms)
2026-10-04T00:53:06.0223327Z ✔ cell evidence is immutable, source/pixel bound, locally saved and fully replayed; it is never financial approval (144.334116ms)
2026-10-04T00:53:06.0224360Z ✔ each literal correction, role or crop edit invalidates that cell only and requires a new review (94.592229ms)
2026-10-04T00:53:06.0225283Z ✔ a matching written SHA is insufficient when displayed PNG pixels were substituted (27.400331ms)
2026-10-04T00:53:06.0226234Z ✔ draft and original are snapshotted before awaits; edits to caller data cannot rewrite review evidence (23.697273ms)
2026-10-04T00:53:06.0227136Z ✔ malformed records and accessors are rejected without invoking document code (35.699629ms)
2026-10-04T00:53:06.0228483Z ✔ restore rejects every changed proof member, OCR observation, source, revision, engine, duplicate ID and financial status (197.796102ms)
2026-10-04T00:53:06.0229571Z ✔ plain JSON cannot bypass registered evidence or crop, literal, role and timestamp validation (13.091577ms)
2026-10-04T00:53:06.0230589Z ✔ complete row inventory retains unreadable rows and separates movement amounts from running balances (109.711132ms)
2026-10-04T00:53:06.0231644Z ✔ missing cells and untouched rows cannot be mistaken for complete values (57.615005ms)
2026-10-04T00:53:06.0232759Z ✔ geometry covers every vertical and horizontal band exactly once and rejects gaps, zero bands and limits (23.364281ms)
2026-10-04T00:53:06.0233867Z ✔ amount-vs-balance swaps, wrong row, wrong role, unknown or unreviewed region and double assignment are rejected (19.447076ms)
2026-10-04T00:53:06.0234914Z ✔ a crop reaching into another column or another row cannot be assigned even if its literal was reviewed (11.063409ms)
2026-10-04T00:53:06.0235989Z ✔ exclusions require a reason and their own source-bound review; unreadable rows cannot acquire exclusion proof (11.304088ms)
2026-10-04T00:53:06.0237136Z ✔ row changes revoke inventory proof and the changed exclusion, while source or geometry changes create a fresh inventory (11.479213ms)
2026-10-04T00:53:06.0238628Z ✔ excluded rows retain reviewed cells with the same geometry and replay rules and edits revoke their receipts (30.620129ms)
2026-10-04T00:53:06.0239800Z ✔ restore rejects changed rows, grid, cells, source, raw observations, fingerprints, missing rows and added authority (233.232876ms)
2026-10-04T00:53:06.0240919Z ✔ empty pending inventory is explicitly serializable without acquiring completeness or financial authority (39.688883ms)
2026-10-04T00:53:06.0242021Z ✔ caller changes across an async create cannot rewrite the geometry; plain copied table objects are not registered (15.28902ms)
2026-10-04T00:53:06.0243104Z ✔ getters and sparse arrays are rejected before execution and invalid receipts cannot use non-canonical dates (24.749243ms)
2026-10-04T00:53:06.0244211Z ✔ typed PDF failure survives the worker without producing a partial source (5.888749ms)
2026-10-04T00:53:06.0245175Z ✔ unvalidated or misplaced diagnosis remains a plain failure, never trusted metadata (0.656403ms)
2026-10-04T00:53:06.0246099Z ✔ worker wire protocol ignores library messages and stale ids instead of resolving undefined (0.511292ms)
2026-10-04T00:53:06.0246957Z ✔ empty error messages always reject, and the next import gets a clean worker (0.460869ms)
2026-10-04T00:53:06.0247782Z ✔ missing value, malformed sheets, wrong source and wrong action cannot reach the UI (2.037625ms)
2026-10-04T00:53:06.0248977Z ✔ abort, worker errors, message errors and timeout recover without poisoning subsequent requests (12.160863ms)
2026-10-04T00:53:06.0249881Z ✔ readiness checks engine version and concurrent calls cannot steal another response (1.268833ms)
2026-10-04T00:53:06.0250698Z ✔ worker dispatcher only accepts explicitly namespaced accounting requests (0.324103ms)
2026-10-04T00:53:06.0251519Z ✔ verified PDF progress is bounded metadata and never resolves the source request (1.831171ms)
2026-10-04T00:53:06.0252319Z ✔ progress cannot bypass final source validation or typed late-page failure (0.872035ms)
2026-10-04T00:53:06.0266029Z ✔ malformed or misplaced current-request progress fails closed (1.866607ms)
2026-10-04T00:53:06.0266924Z ✔ PDF progress rejects regressions, changed totals and premature or reversed stages (1.051879ms)
2026-10-04T00:53:06.0268055Z ✔ library and stale progress are ignored; abort clears the sequence for the next worker (0.594567ms)
2026-10-04T00:53:06.0268967Z ✔ PDF deadlines cover the request; progress never extends the fixed deadline (1.632892ms)
2026-10-04T00:53:06.0269820Z ✔ longer deadlines apply only to PDF import or original-source session/export checks (0.343369ms)
2026-10-04T00:53:06.0270714Z ✔ reviewed image worker replies replay originals before gaining in-memory authority (1286.613261ms)
2026-10-04T00:53:06.0271642Z ✔ abort during async image replay cannot resolve or disturb the following worker request (681.703274ms)
2026-10-04T00:53:06.0272529Z ✔ numeric XML must be a whole valid number, never a parseFloat prefix (170.713084ms)
2026-10-04T00:53:06.0273444Z ✔ equivalent valid numeric spellings are retained exactly without locale guesses (134.119708ms)
2026-10-04T00:53:06.0274311Z ✔ duplicate cells, duplicate rows and coordinate conflicts cannot overwrite source transactions (67.782154ms)
2026-10-04T00:53:06.0275292Z ✔ precision lost by Number conversion becomes a cell issue, never an apparently exact financial amount (95.118016ms)
2026-10-04T00:53:06.0276584Z ✔ precision observations use workbook relationships and only block selected cells (30.253296ms)
2026-10-04T00:53:06.0278365Z ✔ rich text and hyperlink display text obey the same mapped-cell visibility rules as plain strings (254.34987ms)
2026-10-04T00:53:06.0279419Z ✔ ordinary rich text, hyperlinks, currency and accounting formats retain exact source values (178.045372ms)
2026-10-04T00:53:06.0280372Z ✔ seeded independent minor-unit oracle survives both Excel date epochs and all supported precisions (316.777037ms)
2026-10-04T00:53:06.0281234Z ✔ repeated safe page headers do not make proven Excel formats ambiguous or invalid (28.212674ms)
2026-10-04T00:53:06.0282003Z ✔ untrusted or hidden repeated headers cannot be used to prove input formats (96.244605ms)
2026-10-04T00:53:06.0282723Z ✔ shared-string indices cannot be truncated into another source value (22.138129ms)
2026-10-04T00:53:06.0283502Z ✔ implicit next-column addresses remain supported but cannot conceal a duplicate cell (17.949256ms)
2026-10-04T00:53:06.0284346Z ✔ native ISO date cells retain their lexical dates and can never become year-sized amounts (60.896446ms)
2026-10-04T00:53:06.0285406Z ✔ prefixed SpreadsheetML workbook, styles, shared strings, worksheets and relationship parts are accepted without changing values (209.791229ms)
2026-10-04T00:53:06.0286504Z ✔ ordinary canonical workbook is passed through without repacking (18.978774ms)
2026-10-04T00:53:06.0287276Z ✔ namespace conversion retains formulas and dangerous sign formats as review blockers (77.226262ms)
2026-10-04T00:53:06.0288650Z ✔ foreign namespace lookalikes are rejected instead of stripped into accounting fields (55.403224ms)
2026-10-04T00:53:06.0289592Z ✔ undeclared XML prefixes and DTDs fail explicitly without accepting incomplete worksheets (59.501319ms)
2026-10-04T00:53:06.0290494Z ✔ namespaced and canonical Excel reads are independent in either order and after an invalid file (124.993335ms)
2026-10-04T00:53:06.0291508Z ✔ 046 valid openpyxl ar: merged preamble, native dates, long/zero-prefixed references and hidden row retained once (124.030778ms)
2026-10-04T00:53:06.0292568Z ✔ 046 valid openpyxl en: merged preamble, native dates, long/zero-prefixed references and hidden row retained once (52.84488ms)
2026-10-04T00:53:06.0293624Z ✔ 046 valid xlsxwriter ar: merged preamble, native dates, long/zero-prefixed references and hidden row retained once (32.405224ms)
2026-10-04T00:53:06.0295398Z ✔ 046 valid xlsxwriter en: merged preamble, native dates, long/zero-prefixed references and hidden row retained once (28.402138ms)
2026-10-04T00:53:06.0296498Z ℹ tests 1089
2026-10-04T00:53:06.0296871Z ℹ suites 0
2026-10-04T00:53:06.0297227Z ℹ pass 1077
2026-10-04T00:53:06.0297583Z ℹ fail 0
2026-10-04T00:53:06.0298157Z ℹ cancelled 0
2026-10-04T00:53:06.0298542Z ℹ skipped 12
2026-10-04T00:53:06.0298896Z ℹ todo 0
2026-10-04T00:53:06.0299314Z ℹ duration_ms 79371.564343
2026-10-04T00:53:06.0365385Z ##[group]Run python3 -m unittest discover -s audit/local-provider -p 'test_*.py' -v
2026-10-04T00:53:06.0366021Z [36;1mpython3 -m unittest discover -s audit/local-provider -p 'test_*.py' -v[0m
2026-10-04T00:53:06.0428540Z shell: /usr/bin/bash -e {0}
2026-10-04T00:53:06.0428822Z env:
2026-10-04T00:53:06.0429108Z   PNPM_HOME: /home/runner/setup-pnpm/node_modules/.bin
2026-10-04T00:53:06.0429484Z ##[endgroup]
2026-10-04T00:53:06.1400159Z test_actual_runs_verify (test_check_results.IndependentProviderOracleTests.test_actual_runs_verify) ... ok
2026-10-04T00:53:06.1698727Z test_false_success_and_fabricated_evidence_are_rejected (test_check_results.IndependentProviderOracleTests.test_false_success_and_fabricated_evidence_are_rejected) ... ok
2026-10-04T00:53:06.1699808Z 
2026-10-04T00:53:06.1700177Z ----------------------------------------------------------------------
2026-10-04T00:53:06.1700763Z Ran 2 tests in 0.034s
2026-10-04T00:53:06.1700990Z 
2026-10-04T00:53:06.1701121Z OK
2026-10-04T00:53:06.1824846Z ##[group]Run python3 -m unittest discover -s audit/visual-cell-review -p 'test_*.py' -v
2026-10-04T00:53:06.1826018Z [36;1mpython3 -m unittest discover -s audit/visual-cell-review -p 'test_*.py' -v[0m
2026-10-04T00:53:06.1899430Z shell: /usr/bin/bash -e {0}
2026-10-04T00:53:06.1899700Z env:
2026-10-04T00:53:06.1899972Z   PNPM_HOME: /home/runner/setup-pnpm/node_modules/.bin
2026-10-04T00:53:06.1900303Z ##[endgroup]
2026-10-04T00:53:06.4649546Z test_corruptions_cannot_pass_the_independent_checker (test_record.IndependentReviewTests.test_corruptions_cannot_pass_the_independent_checker) ... ok
2026-10-04T00:53:06.5298843Z test_source_bytes_crc_and_crop_damage (test_record.IndependentReviewTests.test_source_bytes_crc_and_crop_damage) ... ok
2026-10-04T00:53:06.5611789Z test_valid_known_literals_and_pixels (test_record.IndependentReviewTests.test_valid_known_literals_and_pixels) ... ok
2026-10-04T00:53:06.5612523Z 
2026-10-04T00:53:06.5612916Z ----------------------------------------------------------------------
2026-10-04T00:53:06.5613442Z Ran 3 tests in 0.314s
2026-10-04T00:53:06.5613659Z 
2026-10-04T00:53:06.5613779Z OK
2026-10-04T00:53:06.5739955Z ##[group]Run python3 -m unittest discover -s audit/visual-numeric -p 'test_*.py' -v
2026-10-04T00:53:06.5741041Z [36;1mpython3 -m unittest discover -s audit/visual-numeric -p 'test_*.py' -v[0m
2026-10-04T00:53:06.5812180Z shell: /usr/bin/bash -e {0}
2026-10-04T00:53:06.5812631Z env:
2026-10-04T00:53:06.5812911Z   PNPM_HOME: /home/runner/setup-pnpm/node_modules/.bin
2026-10-04T00:53:06.5813240Z ##[endgroup]
2026-10-04T00:53:06.6752048Z test_failed_ocr_observations_remain_visible_and_metrics_are_recomputed (test_evidence.EvidenceTests.test_failed_ocr_observations_remain_visible_and_metrics_are_recomputed) ... ok
2026-10-04T00:53:16.7600933Z test_native_manual_arabic_receipt (test_evidence.EvidenceTests.test_native_manual_arabic_receipt) ... ok
2026-10-04T00:53:16.7792215Z test_receipt_corruption_is_detected (test_evidence.EvidenceTests.test_receipt_corruption_is_detected) ... ok
2026-10-04T00:53:16.7792980Z 
2026-10-04T00:53:16.7793439Z ----------------------------------------------------------------------
2026-10-04T00:53:16.7794016Z Ran 3 tests in 10.138s
2026-10-04T00:53:16.7794239Z 
2026-10-04T00:53:16.7794375Z OK
2026-10-04T00:53:16.7932010Z ##[group]Run python3 -m unittest discover -s audit/visual-table -p 'test_*.py' -v
2026-10-04T00:53:16.7933077Z [36;1mpython3 -m unittest discover -s audit/visual-table -p 'test_*.py' -v[0m
2026-10-04T00:53:16.8014622Z shell: /usr/bin/bash -e {0}
2026-10-04T00:53:16.8014882Z env:
2026-10-04T00:53:16.8015156Z   PNPM_HOME: /home/runner/setup-pnpm/node_modules/.bin
2026-10-04T00:53:16.8015478Z ##[endgroup]
2026-10-04T00:53:20.6762821Z test_detects_omission_sign_role_reuse_geometry_receipt_and_source_corruption (test_evidence.TableEvidence.test_detects_omission_sign_role_reuse_geometry_receipt_and_source_corruption) ... ok
2026-10-04T00:53:20.6807202Z test_independent_truth_detects_wrong_literal_even_after_every_public_checksum_is_recomputed (test_evidence.TableEvidence.test_independent_truth_detects_wrong_literal_even_after_every_public_checksum_is_recomputed) ... ok
2026-10-04T00:53:20.6847601Z test_known_native_record (test_evidence.TableEvidence.test_known_native_record) ... ok
2026-10-04T00:53:20.6848754Z 
2026-10-04T00:53:20.6849284Z ----------------------------------------------------------------------
2026-10-04T00:53:20.6850097Z Ran 3 tests in 3.826s
2026-10-04T00:53:20.6850397Z 
2026-10-04T00:53:20.6850579Z OK
2026-10-04T00:53:20.6962928Z ##[group]Run python3 -m unittest discover -s audit/visual-accounting -p 'test_*.py' -v
2026-10-04T00:53:20.6963588Z [36;1mpython3 -m unittest discover -s audit/visual-accounting -p 'test_*.py' -v[0m
2026-10-04T00:53:20.6964171Z [36;1mnode --experimental-strip-types audit/visual-accounting/make_record.mjs[0m
2026-10-04T00:53:20.6964746Z [36;1mnode --experimental-strip-types audit/visual-accounting/export_fixture.mjs[0m
2026-10-04T00:53:20.6965596Z [36;1mpython3 audit/visual-accounting/check_record.py work/visual-accounting/statement.tarasuf-reviewed.json audit/visual-table/fixtures/statement.png[0m
2026-10-04T00:53:20.6966617Z [36;1mpython3 audit/visual-accounting/check_export.py work/visual-accounting/direct.xlsx work/visual-accounting/restored.xlsx[0m
2026-10-04T00:53:20.7028568Z shell: /usr/bin/bash -e {0}
2026-10-04T00:53:20.7028831Z env:
2026-10-04T00:53:20.7029114Z   PNPM_HOME: /home/runner/setup-pnpm/node_modules/.bin
2026-10-04T00:53:20.7029431Z ##[endgroup]
2026-10-04T00:53:24.6530316Z test_changed_workbook_membership_image_and_missing_error_are_detected (test_evidence.ReviewedSourceOracle.test_changed_workbook_membership_image_and_missing_error_are_detected) ... ok
2026-10-04T00:53:24.6976633Z test_known_record_and_excel (test_evidence.ReviewedSourceOracle.test_known_record_and_excel) ... ok
2026-10-04T00:53:24.7229901Z test_previous_unproved_footer_export_is_detected (test_evidence.ReviewedSourceOracle.test_previous_unproved_footer_export_is_detected) ... ok
2026-10-04T00:53:24.7689180Z test_wrong_literals_context_headers_and_row_omission_fail_even_with_recomputed_public_hashes (test_evidence.ReviewedSourceOracle.test_wrong_literals_context_headers_and_row_omission_fail_even_with_recomputed_public_hashes) ... ok
2026-10-04T00:53:24.7690586Z 
2026-10-04T00:53:24.7690960Z ----------------------------------------------------------------------
2026-10-04T00:53:24.7691911Z Ran 4 tests in 3.995s
2026-10-04T00:53:24.7692130Z 
2026-10-04T00:53:24.7692257Z OK
2026-10-04T00:53:25.2769498Z {"out":"work/visual-accounting","sourceBytes":240314,"kind":"reviewed-visual-source","manual":true,"training":false}
2026-10-04T00:53:30.9559361Z {"status": "pass", "imageRows": 3, "manualValues": 12, "missingAmounts": 1, "reviewedExclusions": 1, "interpretationBound": true, "fullBalanceReconciliation": false, "automaticOCR": false}
2026-10-04T00:53:34.8296836Z [
2026-10-04T00:53:34.8297213Z   {
2026-10-04T00:53:34.8297708Z     "workbook": "work/visual-accounting/direct.xlsx",
2026-10-04T00:53:34.8302087Z     "verified": true,
2026-10-04T00:53:34.8302443Z     "matches": 1,
2026-10-04T00:53:34.8302777Z     "damagedRows": 1,
2026-10-04T00:53:34.8303146Z     "originalPng": true,
2026-10-04T00:53:34.8303687Z     "fullRecord": true,
2026-10-04T00:53:34.8304133Z     "fullBalanceReconciliation": false
2026-10-04T00:53:34.8304572Z   },
2026-10-04T00:53:34.8304841Z   {
2026-10-04T00:53:34.8305279Z     "workbook": "work/visual-accounting/restored.xlsx",
2026-10-04T00:53:34.8305814Z     "verified": true,
2026-10-04T00:53:34.8306181Z     "matches": 1,
2026-10-04T00:53:34.8306506Z     "damagedRows": 1,
2026-10-04T00:53:34.8306862Z     "originalPng": true,
2026-10-04T00:53:34.8307238Z     "fullRecord": true,
2026-10-04T00:53:34.8307707Z     "fullBalanceReconciliation": false
2026-10-04T00:53:34.8308441Z   }
2026-10-04T00:53:34.8308762Z ]
2026-10-04T00:53:34.8406261Z ##[group]Run python3 -m unittest discover -s audit/export-design -p 'test_*.py' -v
2026-10-04T00:53:34.8406904Z [36;1mpython3 -m unittest discover -s audit/export-design -p 'test_*.py' -v[0m
2026-10-04T00:53:34.8468897Z shell: /usr/bin/bash -e {0}
2026-10-04T00:53:34.8469151Z env:
2026-10-04T00:53:34.8469413Z   PNPM_HOME: /home/runner/setup-pnpm/node_modules/.bin
2026-10-04T00:53:34.8469738Z ##[endgroup]
2026-10-04T00:53:34.9179929Z test_build_fingerprint_changes_with_asset_bytes (test_accept_paired.PairedAcceptanceTests.test_build_fingerprint_changes_with_asset_bytes) ... ok
2026-10-04T00:53:34.9298820Z test_contradictory_or_incomplete_package_verdicts_fail (test_accept_paired.PairedAcceptanceTests.test_contradictory_or_incomplete_package_verdicts_fail) ... ok
2026-10-04T00:53:34.9308150Z test_current_schema_with_valid_samples_and_builds_passes (test_accept_paired.PairedAcceptanceTests.test_current_schema_with_valid_samples_and_builds_passes) ... ok
2026-10-04T00:53:34.9314797Z test_export_sample_count_cannot_exceed_all_samples (test_accept_paired.PairedAcceptanceTests.test_export_sample_count_cannot_exceed_all_samples) ... ok
2026-10-04T00:53:34.9341724Z test_extreme_numbers_and_nonfinite_ratios_refuse_without_crashing (test_accept_paired.PairedAcceptanceTests.test_extreme_numbers_and_nonfinite_ratios_refuse_without_crashing) ... ok
2026-10-04T00:53:34.9347054Z test_historical_report_cannot_claim_complete_new_acceptance (test_accept_paired.PairedAcceptanceTests.test_historical_report_cannot_claim_complete_new_acceptance) ... ok
2026-10-04T00:53:34.9366980Z test_last_pair_checkpoint_is_not_a_completed_measurement (test_accept_paired.PairedAcceptanceTests.test_last_pair_checkpoint_is_not_a_completed_measurement) ... ok
2026-10-04T00:53:34.9390348Z test_missing_and_bad_memory_samples_fail (test_accept_paired.PairedAcceptanceTests.test_missing_and_bad_memory_samples_fail) ... ok
2026-10-04T00:53:34.9429503Z test_missing_changed_or_malformed_final_build_fingerprints_fail (test_accept_paired.PairedAcceptanceTests.test_missing_changed_or_malformed_final_build_fingerprints_fail) ... ok
2026-10-04T00:53:34.9436191Z test_missing_worker_timing_fails_instead_of_looking_fast (test_accept_paired.PairedAcceptanceTests.test_missing_worker_timing_fails_instead_of_looking_fast) ... ok
2026-10-04T00:53:34.9443180Z test_one_missing_or_repeated_pair_fails (test_accept_paired.PairedAcceptanceTests.test_one_missing_or_repeated_pair_fails) ... ok
2026-10-04T00:53:34.9452930Z test_regression_in_xlsx_fails_despite_csv_improvement (test_accept_paired.PairedAcceptanceTests.test_regression_in_xlsx_fails_despite_csv_improvement) ... ok
2026-10-04T00:53:34.9595946Z test_required_recovery_attestations_are_individually_required (test_accept_paired.PairedAcceptanceTests.test_required_recovery_attestations_are_individually_required) ... ok
2026-10-04T00:53:34.9604839Z test_retained_measurements_pass_with_original_declared_limits (test_accept_paired.PairedAcceptanceTests.test_retained_measurements_pass_with_original_declared_limits) ... ok
2026-10-04T00:53:34.9636722Z test_runner_failure_cannot_be_overridden_by_stale_acceptance (test_accept_paired.PairedAcceptanceTests.test_runner_failure_cannot_be_overridden_by_stale_acceptance) ... ok
2026-10-04T00:53:35.0163101Z test_source_and_membership_attestations_are_required_for_both_variants (test_accept_paired.PairedAcceptanceTests.test_source_and_membership_attestations_are_required_for_both_variants) ... ok
2026-10-04T00:53:35.0176893Z test_swapped_input_bytes_or_nonidentical_workbook_fails (test_accept_paired.PairedAcceptanceTests.test_swapped_input_bytes_or_nonidentical_workbook_fails) ... ok
2026-10-04T00:53:35.1673711Z test_ambiguous_duplicate_cannot_be_approved (test_check_membership.MembershipOracleTests.test_ambiguous_duplicate_cannot_be_approved) ... ok
2026-10-04T00:53:35.2398843Z test_cell_address_must_agree_with_physical_row (test_check_membership.MembershipOracleTests.test_cell_address_must_agree_with_physical_row) ... ok
2026-10-04T00:53:35.3813729Z test_duplicate_evidence_member_fails (test_check_membership.MembershipOracleTests.test_duplicate_evidence_member_fails) ... ok
2026-10-04T00:53:35.4580881Z test_duplicate_physical_row_fails (test_check_membership.MembershipOracleTests.test_duplicate_physical_row_fails) ... ok
2026-10-04T00:53:35.6042172Z test_equal_amount_cross_block_member_swap_fails_with_source_sheets_unchanged (test_check_membership.MembershipOracleTests.test_equal_amount_cross_block_member_swap_fails_with_source_sheets_unchanged) ... ok
2026-10-04T00:53:35.7482410Z test_fraction_beyond_decimal_context_precision_fails (test_check_membership.MembershipOracleTests.test_fraction_beyond_decimal_context_precision_fails) ... ok
2026-10-04T00:53:35.8911720Z test_fractional_cent_evidence_fails (test_check_membership.MembershipOracleTests.test_fractional_cent_evidence_fails) ... ok
2026-10-04T00:53:36.0181857Z test_fractional_cent_match_total_fails (test_check_membership.MembershipOracleTests.test_fractional_cent_match_total_fails) ... ok
2026-10-04T00:53:36.1286625Z test_frozen_product_workbook_passes (test_check_membership.MembershipOracleTests.test_frozen_product_workbook_passes) ... ok
2026-10-04T00:53:36.2562878Z test_match_displayed_date_fails (test_check_membership.MembershipOracleTests.test_match_displayed_date_fails) ... ok
2026-10-04T00:53:36.3816605Z test_match_displayed_reference_fails (test_check_membership.MembershipOracleTests.test_match_displayed_reference_fails) ... ok
2026-10-04T00:53:36.5086044Z test_match_rule_must_agree_with_evidence (test_check_membership.MembershipOracleTests.test_match_rule_must_agree_with_evidence) ... ok
2026-10-04T00:53:36.6375278Z test_match_source_text_change_fails (test_check_membership.MembershipOracleTests.test_match_source_text_change_fails) ... ok
2026-10-04T00:53:36.7794753Z test_missing_evidence_member_fails (test_check_membership.MembershipOracleTests.test_missing_evidence_member_fails) ... ok
2026-10-04T00:53:36.8559906Z test_moved_parsed_row_breaks_actual_link_destination (test_check_membership.MembershipOracleTests.test_moved_parsed_row_breaks_actual_link_destination) ... ok
2026-10-04T00:53:37.2849220Z test_non_finite_or_malformed_amount_returns_json_failure (test_check_membership.MembershipOracleTests.test_non_finite_or_malformed_amount_returns_json_failure) ... ok
2026-10-04T00:53:37.4100197Z test_review_source_link_fails_even_when_relationship_agrees (test_check_membership.MembershipOracleTests.test_review_source_link_fails_even_when_relationship_agrees) ... ok
2026-10-04T00:53:37.5346663Z test_review_source_text_fails (test_check_membership.MembershipOracleTests.test_review_source_text_fails) ... ok
2026-10-04T00:53:37.6582037Z test_review_total_fails (test_check_membership.MembershipOracleTests.test_review_total_fails) ... ok
2026-10-04T00:53:37.8001900Z test_signed_amount_mutation_fails (test_check_membership.MembershipOracleTests.test_signed_amount_mutation_fails) ... ok
2026-10-04T00:53:37.9447135Z test_wrong_link_target_fails_even_when_relationship_agrees (test_check_membership.MembershipOracleTests.test_wrong_link_target_fails_even_when_relationship_agrees) ... ok
2026-10-04T00:53:37.9852365Z test_changed_matches_fails_even_when_transactions_unchanged (test_check_package_identity.PackageIdentityTests.test_changed_matches_fails_even_when_transactions_unchanged) ... ok
2026-10-04T00:53:38.0248002Z test_corrupt_deflate_returns_json_failure (test_check_package_identity.PackageIdentityTests.test_corrupt_deflate_returns_json_failure) ... ok
2026-10-04T00:53:38.0641858Z test_crc_error_fails (test_check_package_identity.PackageIdentityTests.test_crc_error_fails) ... ok
2026-10-04T00:53:38.1048748Z test_duplicate_name_fails (test_check_package_identity.PackageIdentityTests.test_duplicate_name_fails) ... ok
2026-10-04T00:53:38.1449911Z test_explicit_directory_entries_are_container_only (test_check_package_identity.PackageIdentityTests.test_explicit_directory_entries_are_container_only) ... ok
2026-10-04T00:53:38.2238424Z test_missing_or_extra_part_fails (test_check_package_identity.PackageIdentityTests.test_missing_or_extra_part_fails) ... ok
2026-10-04T00:53:38.2638606Z test_recompressed_identical_package_passes (test_check_package_identity.PackageIdentityTests.test_recompressed_identical_package_passes) ... ok
2026-10-04T00:53:38.2639275Z 
2026-10-04T00:53:38.2639548Z ----------------------------------------------------------------------
2026-10-04T00:53:38.2639932Z Ran 45 tests in 3.348s
2026-10-04T00:53:38.2640087Z 
2026-10-04T00:53:38.2640178Z OK
2026-10-04T00:53:38.2766032Z ##[group]Run python3 audit/layered-statement/check_contract.py
2026-10-04T00:53:38.2766558Z [36;1mpython3 audit/layered-statement/check_contract.py[0m
2026-10-04T00:53:38.2767251Z [36;1mpython3 audit/astra-cycle4/check_r13.py work/layered-headers/r13-fixed-workpaper.xlsx --expected-engine 0.3.26-experimental[0m
2026-10-04T00:53:38.2768245Z [36;1mpython3 -m unittest discover -s audit/astra-cycle4 -p 'test_*.py' -v[0m
2026-10-04T00:53:38.2768807Z [36;1mpython3 -m unittest discover -s audit/layered-statement -p 'test_*.py' -v[0m
2026-10-04T00:53:38.2830849Z shell: /usr/bin/bash -e {0}
2026-10-04T00:53:38.2831129Z env:
2026-10-04T00:53:38.2831406Z   PNPM_HOME: /home/runner/setup-pnpm/node_modules/.bin
2026-10-04T00:53:38.2831749Z ##[endgroup]
2026-10-04T00:53:38.3276945Z {
2026-10-04T00:53:38.3277477Z   "verified": true,
2026-10-04T00:53:38.3278820Z   "contractSha256": "88c68039bc4b6f38e2e7ca36471b278047e22fec77a5eb0f305c84a4b77938c2",
2026-10-04T00:53:38.3279789Z   "positiveSupplierRows": [
2026-10-04T00:53:38.3280241Z     6,
2026-10-04T00:53:38.3280579Z     7,
2026-10-04T00:53:38.3280910Z     8,
2026-10-04T00:53:38.3281227Z     9
2026-10-04T00:53:38.3281449Z   ],
2026-10-04T00:53:38.3281757Z   "negativeAmountTotalUnchanged": true,
2026-10-04T00:53:38.3282112Z   "ledgerRows": [
2026-10-04T00:53:38.3282362Z     2,
2026-10-04T00:53:38.3282580Z     3,
2026-10-04T00:53:38.3282803Z     4
2026-10-04T00:53:38.3283029Z   ]
2026-10-04T00:53:38.3283242Z }
2026-10-04T00:53:38.3739519Z {
2026-10-04T00:53:38.3739984Z   "verified": true,
2026-10-04T00:53:38.3740812Z   "originalFailureSourceHash": "a085499d9e6ae2d165cd6716034f0945ecbb7151ad561bca70a4926a94250958",
2026-10-04T00:53:38.3741483Z   "approvedCases": 0,
2026-10-04T00:53:38.3741805Z   "readableSupplierRows": [
2026-10-04T00:53:38.3742122Z     6,
2026-10-04T00:53:38.3742359Z     7,
2026-10-04T00:53:38.3742596Z     8,
2026-10-04T00:53:38.3742831Z     9
2026-10-04T00:53:38.3743059Z   ],
2026-10-04T00:53:38.3743336Z   "excludedCompetitor": 11,
2026-10-04T00:53:38.3743668Z   "sourceRowFates": 11,
2026-10-04T00:53:38.3744185Z   "basis": "Frozen literal OOXML facts, not a product-generated expectation"
2026-10-04T00:53:38.3744996Z }
2026-10-04T00:53:38.4380440Z test_exact_failure_replay (test_check_r13.R13OracleTests.test_exact_failure_replay) ... ok
2026-10-04T00:53:38.5099179Z test_financial_membership_or_source_tampering_is_rejected (test_check_r13.R13OracleTests.test_financial_membership_or_source_tampering_is_rejected) ... ok
2026-10-04T00:53:38.5100022Z 
2026-10-04T00:53:38.5100347Z ----------------------------------------------------------------------
2026-10-04T00:53:38.5100836Z Ran 2 tests in 0.077s
2026-10-04T00:53:38.5101025Z 
2026-10-04T00:53:38.5101137Z OK
2026-10-04T00:53:38.5823351Z test_positive (test_check_export.ExportOracleTests.test_positive) ... ok
2026-10-04T00:53:38.6680950Z test_reject_changed_evidence_and_financial_members (test_check_export.ExportOracleTests.test_reject_changed_evidence_and_financial_members) ... ok
2026-10-04T00:53:38.6681932Z 
2026-10-04T00:53:38.6682309Z ----------------------------------------------------------------------
2026-10-04T00:53:38.6682926Z Ran 2 tests in 0.094s
2026-10-04T00:53:38.6683140Z 
2026-10-04T00:53:38.6683275Z OK
2026-10-04T00:53:38.6802756Z ##[group]Run REQUIRE_F03_PASS=1 node --experimental-strip-types audit/related-invoice/run.mjs . work/f03-native
2026-10-04T00:53:38.6803585Z [36;1mREQUIRE_F03_PASS=1 node --experimental-strip-types audit/related-invoice/run.mjs . work/f03-native[0m
2026-10-04T00:53:38.6804326Z [36;1mREQUIRE_F03_PASS=1 node --experimental-strip-types audit/related-invoice/run.mjs . work/f03-pdf pdf[0m
2026-10-04T00:53:38.6805030Z [36;1mpython3 audit/related-invoice/check_export.py work/f03-native/*.xlsx work/f03-pdf/*.xlsx[0m
2026-10-04T00:53:38.6805646Z [36;1mpython3 -m unittest discover -s audit/related-invoice -p 'test_*.py' -v[0m
2026-10-04T00:53:38.6868509Z shell: /usr/bin/bash -e {0}
2026-10-04T00:53:38.6868773Z env:
2026-10-04T00:53:38.6869030Z   PNPM_HOME: /home/runner/setup-pnpm/node_modules/.bin
2026-10-04T00:53:38.6869367Z ##[endgroup]
2026-10-04T00:53:39.8840977Z {"engine":"0.3.26-experimental","passed":11,"total":11,"cases":[{"id":"different-credit-notes","passed":true,"approved":[]},{"id":"own-credit-note","passed":true,"approved":[{"supplierRows":[2],"ledgerRows":[2],"amountMinor":-5000,"rule":"EXACT_REFERENCE_SIGNED_AMOUNT_UNIQUE_V2","primary":"CN-701"}]},{"id":"generic-own-and-invoice","passed":true,"approved":[{"supplierRows":[2],"ledgerRows":[2],"amountMinor":-5000,"rule":"EXACT_REFERENCE_SIGNED_AMOUNT_UNIQUE_V2","primary":"CN-701"}]},{"id":"short-own-credit-note","passed":true,"approved":[{"supplierRows":[2],"ledgerRows":[2],"amountMinor":-5000,"rule":"EXPLICIT_SHORT_DOCUMENT_EXACT_DATE_V1","primary":"CN-3"}]},{"id":"conflicting-related-invoice","passed":true,"approved":[]},{"id":"credit-note-invoice-only","passed":true,"approved":[]},{"id":"payment-invoice-only","passed":true,"approved":[]},{"id":"journal-invoice-only","passed":true,"approved":[]},{"id":"ordinary-invoice","passed":true,"approved":[{"supplierRows":[2],"ledgerRows":[2],"amountMinor":5000,"rule":"EXACT_REFERENCE_SIGNED_AMOUNT_UNIQUE_V2","primary":"INV-401"}]},{"id":"payment-bank-identity","passed":true,"approved":[{"supplierRows":[2],"ledgerRows":[2],"amountMinor":-5000,"rule":"EXACT_REFERENCE_SIGNED_AMOUNT_UNIQUE_V2","primary":"BANK-714"}]},{"id":"whole-credit-note-group","passed":true,"approved":[{"supplierRows":[2],"ledgerRows":[2,3],"amountMinor":-5000,"rule":"EXACT_REFERENCE_GROUP_TOTAL_V1","primary":"CN-701"}]}]}
2026-10-04T00:53:40.6095675Z {"engine":"0.3.26-experimental","passed":3,"total":3,"cases":[{"id":"different-credit-notes","passed":true,"approved":[]},{"id":"own-credit-note","passed":true,"approved":[{"supplierRows":[2],"ledgerRows":[2],"amountMinor":-5000,"rule":"EXACT_REFERENCE_SIGNED_AMOUNT_UNIQUE_V2","primary":"CN-701"}]},{"id":"short-own-credit-note","passed":true,"approved":[{"supplierRows":[2],"ledgerRows":[2],"amountMinor":-5000,"rule":"EXPLICIT_SHORT_DOCUMENT_EXACT_DATE_V1","primary":"CN-3"}]}]}
2026-10-04T00:53:40.8062142Z [
2026-10-04T00:53:40.8062566Z   {
2026-10-04T00:53:40.8063204Z     "workbook": "work/f03-native/conflicting-related-invoice-direct.xlsx",
2026-10-04T00:53:40.8064253Z     "verified": true,
2026-10-04T00:53:40.8064712Z     "id": "conflicting-related-invoice",
2026-10-04T00:53:40.8065175Z     "sourceFormat": "xlsx",
2026-10-04T00:53:40.8065493Z     "approved": 0,
2026-10-04T00:53:40.8065812Z     "engine": "0.3.26-experimental"
2026-10-04T00:53:40.8066142Z   },
2026-10-04T00:53:40.8066372Z   {
2026-10-04T00:53:40.8066840Z     "workbook": "work/f03-native/conflicting-related-invoice-restored.xlsx",
2026-10-04T00:53:40.8067362Z     "verified": true,
2026-10-04T00:53:40.8067708Z     "id": "conflicting-related-invoice",
2026-10-04T00:53:40.8068593Z     "sourceFormat": "xlsx",
2026-10-04T00:53:40.8068926Z     "approved": 0,
2026-10-04T00:53:40.8069250Z     "engine": "0.3.26-experimental"
2026-10-04T00:53:40.8069577Z   },
2026-10-04T00:53:40.8069814Z   {
2026-10-04T00:53:40.8070249Z     "workbook": "work/f03-native/credit-note-invoice-only-direct.xlsx",
2026-10-04T00:53:40.8070744Z     "verified": true,
2026-10-04T00:53:40.8071099Z     "id": "credit-note-invoice-only",
2026-10-04T00:53:40.8071703Z     "sourceFormat": "xlsx",
2026-10-04T00:53:40.8072022Z     "approved": 0,
2026-10-04T00:53:40.8072331Z     "engine": "0.3.26-experimental"
2026-10-04T00:53:40.8072653Z   },
2026-10-04T00:53:40.8072882Z   {
2026-10-04T00:53:40.8073318Z     "workbook": "work/f03-native/credit-note-invoice-only-restored.xlsx",
2026-10-04T00:53:40.8073817Z     "verified": true,
2026-10-04T00:53:40.8074156Z     "id": "credit-note-invoice-only",
2026-10-04T00:53:40.8074518Z     "sourceFormat": "xlsx",
2026-10-04T00:53:40.8074825Z     "approved": 0,
2026-10-04T00:53:40.8075140Z     "engine": "0.3.26-experimental"
2026-10-04T00:53:40.8075460Z   },
2026-10-04T00:53:40.8075687Z   {
2026-10-04T00:53:40.8076068Z     "workbook": "work/f03-native/different-credit-notes-direct.xlsx",
2026-10-04T00:53:40.8076440Z     "verified": true,
2026-10-04T00:53:40.8076694Z     "id": "different-credit-notes",
2026-10-04T00:53:40.8076978Z     "sourceFormat": "xlsx",
2026-10-04T00:53:40.8077224Z     "approved": 0,
2026-10-04T00:53:40.8077478Z     "engine": "0.3.26-experimental"
2026-10-04T00:53:40.8077735Z   },
2026-10-04T00:53:40.8078084Z   {
2026-10-04T00:53:40.8078427Z     "workbook": "work/f03-native/different-credit-notes-restored.xlsx",
2026-10-04T00:53:40.8078811Z     "verified": true,
2026-10-04T00:53:40.8079073Z     "id": "different-credit-notes",
2026-10-04T00:53:40.8079338Z     "sourceFormat": "xlsx",
2026-10-04T00:53:40.8079575Z     "approved": 0,
2026-10-04T00:53:40.8079811Z     "engine": "0.3.26-experimental"
2026-10-04T00:53:40.8080056Z   },
2026-10-04T00:53:40.8080225Z   {
2026-10-04T00:53:40.8080540Z     "workbook": "work/f03-native/generic-own-and-invoice-direct.xlsx",
2026-10-04T00:53:40.8080924Z     "verified": true,
2026-10-04T00:53:40.8081182Z     "id": "generic-own-and-invoice",
2026-10-04T00:53:40.8081455Z     "sourceFormat": "xlsx",
2026-10-04T00:53:40.8081685Z     "approved": 1,
2026-10-04T00:53:40.8081924Z     "engine": "0.3.26-experimental"
2026-10-04T00:53:40.8082165Z   },
2026-10-04T00:53:40.8082338Z   {
2026-10-04T00:53:40.8082672Z     "workbook": "work/f03-native/generic-own-and-invoice-restored.xlsx",
2026-10-04T00:53:40.8083047Z     "verified": true,
2026-10-04T00:53:40.8083294Z     "id": "generic-own-and-invoice",
2026-10-04T00:53:40.8083559Z     "sourceFormat": "xlsx",
2026-10-04T00:53:40.8083792Z     "approved": 1,
2026-10-04T00:53:40.8084020Z     "engine": "0.3.26-experimental"
2026-10-04T00:53:40.8084255Z   },
2026-10-04T00:53:40.8084430Z   {
2026-10-04T00:53:40.8084727Z     "workbook": "work/f03-native/journal-invoice-only-direct.xlsx",
2026-10-04T00:53:40.8085084Z     "verified": true,
2026-10-04T00:53:40.8085328Z     "id": "journal-invoice-only",
2026-10-04T00:53:40.8085593Z     "sourceFormat": "xlsx",
2026-10-04T00:53:40.8085820Z     "approved": 0,
2026-10-04T00:53:40.8086050Z     "engine": "0.3.26-experimental"
2026-10-04T00:53:40.8086289Z   },
2026-10-04T00:53:40.8086459Z   {
2026-10-04T00:53:40.8086912Z     "workbook": "work/f03-native/journal-invoice-only-restored.xlsx",
2026-10-04T00:53:40.8087277Z     "verified": true,
2026-10-04T00:53:40.8087527Z     "id": "journal-invoice-only",
2026-10-04T00:53:40.8087790Z     "sourceFormat": "xlsx",
2026-10-04T00:53:40.8088393Z     "approved": 0,
2026-10-04T00:53:40.8088642Z     "engine": "0.3.26-experimental"
2026-10-04T00:53:40.8088881Z   },
2026-10-04T00:53:40.8089055Z   {
2026-10-04T00:53:40.8089358Z     "workbook": "work/f03-native/ordinary-invoice-direct.xlsx",
2026-10-04T00:53:40.8089705Z     "verified": true,
2026-10-04T00:53:40.8089932Z     "id": "ordinary-invoice",
2026-10-04T00:53:40.8090190Z     "sourceFormat": "xlsx",
2026-10-04T00:53:40.8090422Z     "approved": 1,
2026-10-04T00:53:40.8090657Z     "engine": "0.3.26-experimental"
2026-10-04T00:53:40.8090904Z   },
2026-10-04T00:53:40.8091078Z   {
2026-10-04T00:53:40.8091379Z     "workbook": "work/f03-native/ordinary-invoice-restored.xlsx",
2026-10-04T00:53:40.8091729Z     "verified": true,
2026-10-04T00:53:40.8091971Z     "id": "ordinary-invoice",
2026-10-04T00:53:40.8092372Z     "sourceFormat": "xlsx",
2026-10-04T00:53:40.8092610Z     "approved": 1,
2026-10-04T00:53:40.8092852Z     "engine": "0.3.26-experimental"
2026-10-04T00:53:40.8093091Z   },
2026-10-04T00:53:40.8093262Z   {
2026-10-04T00:53:40.8093555Z     "workbook": "work/f03-native/own-credit-note-direct.xlsx",
2026-10-04T00:53:40.8093885Z     "verified": true,
2026-10-04T00:53:40.8094104Z     "id": "own-credit-note",
2026-10-04T00:53:40.8094353Z     "sourceFormat": "xlsx",
2026-10-04T00:53:40.8094578Z     "approved": 1,
2026-10-04T00:53:40.8094808Z     "engine": "0.3.26-experimental"
2026-10-04T00:53:40.8095047Z   },
2026-10-04T00:53:40.8095231Z   {
2026-10-04T00:53:40.8095522Z     "workbook": "work/f03-native/own-credit-note-restored.xlsx",
2026-10-04T00:53:40.8095862Z     "verified": true,
2026-10-04T00:53:40.8096085Z     "id": "own-credit-note",
2026-10-04T00:53:40.8096324Z     "sourceFormat": "xlsx",
2026-10-04T00:53:40.8096551Z     "approved": 1,
2026-10-04T00:53:40.8096794Z     "engine": "0.3.26-experimental"
2026-10-04T00:53:40.8097037Z   },
2026-10-04T00:53:40.8097207Z   {
2026-10-04T00:53:40.8097515Z     "workbook": "work/f03-native/payment-bank-identity-direct.xlsx",
2026-10-04T00:53:40.8098086Z     "verified": true,
2026-10-04T00:53:40.8098390Z     "id": "payment-bank-identity",
2026-10-04T00:53:40.8098666Z     "sourceFormat": "xlsx",
2026-10-04T00:53:40.8098909Z     "approved": 1,
2026-10-04T00:53:40.8099151Z     "engine": "0.3.26-experimental"
2026-10-04T00:53:40.8099398Z   },
2026-10-04T00:53:40.8099578Z   {
2026-10-04T00:53:40.8099901Z     "workbook": "work/f03-native/payment-bank-identity-restored.xlsx",
2026-10-04T00:53:40.8100275Z     "verified": true,
2026-10-04T00:53:40.8100543Z     "id": "payment-bank-identity",
2026-10-04T00:53:40.8100811Z     "sourceFormat": "xlsx",
2026-10-04T00:53:40.8101047Z     "approved": 1,
2026-10-04T00:53:40.8101283Z     "engine": "0.3.26-experimental"
2026-10-04T00:53:40.8101534Z   },
2026-10-04T00:53:40.8101719Z   {
2026-10-04T00:53:40.8102031Z     "workbook": "work/f03-native/payment-invoice-only-direct.xlsx",
2026-10-04T00:53:40.8102394Z     "verified": true,
2026-10-04T00:53:40.8102649Z     "id": "payment-invoice-only",
2026-10-04T00:53:40.8102913Z     "sourceFormat": "xlsx",
2026-10-04T00:53:40.8103146Z     "approved": 0,
2026-10-04T00:53:40.8103382Z     "engine": "0.3.26-experimental"
2026-10-04T00:53:40.8103620Z   },
2026-10-04T00:53:40.8103795Z   {
2026-10-04T00:53:40.8104113Z     "workbook": "work/f03-native/payment-invoice-only-restored.xlsx",
2026-10-04T00:53:40.8104469Z     "verified": true,
2026-10-04T00:53:40.8104716Z     "id": "payment-invoice-only",
2026-10-04T00:53:40.8104984Z     "sourceFormat": "xlsx",
2026-10-04T00:53:40.8105267Z     "approved": 0,
2026-10-04T00:53:40.8105508Z     "engine": "0.3.26-experimental"
2026-10-04T00:53:40.8105767Z   },
2026-10-04T00:53:40.8105945Z   {
2026-10-04T00:53:40.8106263Z     "workbook": "work/f03-native/short-own-credit-note-direct.xlsx",
2026-10-04T00:53:40.8106771Z     "verified": true,
2026-10-04T00:53:40.8107032Z     "id": "short-own-credit-note",
2026-10-04T00:53:40.8107297Z     "sourceFormat": "xlsx",
2026-10-04T00:53:40.8107529Z     "approved": 1,
2026-10-04T00:53:40.8107771Z     "engine": "0.3.26-experimental"
2026-10-04T00:53:40.8108263Z   },
2026-10-04T00:53:40.8108443Z   {
2026-10-04T00:53:40.8108774Z     "workbook": "work/f03-native/short-own-credit-note-restored.xlsx",
2026-10-04T00:53:40.8109144Z     "verified": true,
2026-10-04T00:53:40.8109392Z     "id": "short-own-credit-note",
2026-10-04T00:53:40.8109659Z     "sourceFormat": "xlsx",
2026-10-04T00:53:40.8109888Z     "approved": 1,
2026-10-04T00:53:40.8110124Z     "engine": "0.3.26-experimental"
2026-10-04T00:53:40.8110363Z   },
2026-10-04T00:53:40.8110542Z   {
2026-10-04T00:53:40.8110857Z     "workbook": "work/f03-native/whole-credit-note-group-direct.xlsx",
2026-10-04T00:53:40.8111212Z     "verified": true,
2026-10-04T00:53:40.8111464Z     "id": "whole-credit-note-group",
2026-10-04T00:53:40.8111739Z     "sourceFormat": "xlsx",
2026-10-04T00:53:40.8111968Z     "approved": 1,
2026-10-04T00:53:40.8112332Z     "engine": "0.3.26-experimental"
2026-10-04T00:53:40.8112577Z   },
2026-10-04T00:53:40.8112748Z   {
2026-10-04T00:53:40.8113075Z     "workbook": "work/f03-native/whole-credit-note-group-restored.xlsx",
2026-10-04T00:53:40.8113442Z     "verified": true,
2026-10-04T00:53:40.8113690Z     "id": "whole-credit-note-group",
2026-10-04T00:53:40.8113953Z     "sourceFormat": "xlsx",
2026-10-04T00:53:40.8114187Z     "approved": 1,
2026-10-04T00:53:40.8114420Z     "engine": "0.3.26-experimental"
2026-10-04T00:53:40.8114654Z   },
2026-10-04T00:53:40.8114832Z   {
2026-10-04T00:53:40.8115134Z     "workbook": "work/f03-pdf/different-credit-notes-direct.xlsx",
2026-10-04T00:53:40.8115486Z     "verified": true,
2026-10-04T00:53:40.8115738Z     "id": "different-credit-notes",
2026-10-04T00:53:40.8116010Z     "sourceFormat": "pdf",
2026-10-04T00:53:40.8116242Z     "approved": 0,
2026-10-04T00:53:40.8116479Z     "engine": "0.3.26-experimental"
2026-10-04T00:53:40.8116728Z   },
2026-10-04T00:53:40.8116908Z   {
2026-10-04T00:53:40.8117219Z     "workbook": "work/f03-pdf/different-credit-notes-restored.xlsx",
2026-10-04T00:53:40.8117580Z     "verified": true,
2026-10-04T00:53:40.8117825Z     "id": "different-credit-notes",
2026-10-04T00:53:40.8118264Z     "sourceFormat": "pdf",
2026-10-04T00:53:40.8118505Z     "approved": 0,
2026-10-04T00:53:40.8118739Z     "engine": "0.3.26-experimental"
2026-10-04T00:53:40.8118977Z   },
2026-10-04T00:53:40.8119154Z   {
2026-10-04T00:53:40.8119427Z     "workbook": "work/f03-pdf/own-credit-note-direct.xlsx",
2026-10-04T00:53:40.8119754Z     "verified": true,
2026-10-04T00:53:40.8119981Z     "id": "own-credit-note",
2026-10-04T00:53:40.8120231Z     "sourceFormat": "pdf",
2026-10-04T00:53:40.8120457Z     "approved": 1,
2026-10-04T00:53:40.8120687Z     "engine": "0.3.26-experimental"
2026-10-04T00:53:40.8120932Z   },
2026-10-04T00:53:40.8121109Z   {
2026-10-04T00:53:40.8121393Z     "workbook": "work/f03-pdf/own-credit-note-restored.xlsx",
2026-10-04T00:53:40.8121738Z     "verified": true,
2026-10-04T00:53:40.8121959Z     "id": "own-credit-note",
2026-10-04T00:53:40.8122215Z     "sourceFormat": "pdf",
2026-10-04T00:53:40.8122452Z     "approved": 1,
2026-10-04T00:53:40.8122687Z     "engine": "0.3.26-experimental"
2026-10-04T00:53:40.8122925Z   },
2026-10-04T00:53:40.8123097Z   {
2026-10-04T00:53:40.8123413Z     "workbook": "work/f03-pdf/short-own-credit-note-direct.xlsx",
2026-10-04T00:53:40.8123759Z     "verified": true,
2026-10-04T00:53:40.8124013Z     "id": "short-own-credit-note",
2026-10-04T00:53:40.8124286Z     "sourceFormat": "pdf",
2026-10-04T00:53:40.8124516Z     "approved": 1,
2026-10-04T00:53:40.8124750Z     "engine": "0.3.26-experimental"
2026-10-04T00:53:40.8124994Z   },
2026-10-04T00:53:40.8125169Z   {
2026-10-04T00:53:40.8125472Z     "workbook": "work/f03-pdf/short-own-credit-note-restored.xlsx",
2026-10-04T00:53:40.8125823Z     "verified": true,
2026-10-04T00:53:40.8126076Z     "id": "short-own-credit-note",
2026-10-04T00:53:40.8126464Z     "sourceFormat": "pdf",
2026-10-04T00:53:40.8126698Z     "approved": 1,
2026-10-04T00:53:40.8126938Z     "engine": "0.3.26-experimental"
2026-10-04T00:53:40.8127176Z   }
2026-10-04T00:53:40.8127355Z ]
2026-10-04T00:53:40.9850803Z test_all_native_and_restored_sources (test_check_export.RelatedInvoiceOracle.test_all_native_and_restored_sources) ... ok
2026-10-04T00:53:41.0503289Z test_role_source_amount_and_membership_tampering (test_check_export.RelatedInvoiceOracle.test_role_source_amount_and_membership_tampering) ... ok
2026-10-04T00:53:41.0504195Z 
2026-10-04T00:53:41.0504543Z ----------------------------------------------------------------------
2026-10-04T00:53:41.0505072Z Ran 2 tests in 0.180s
2026-10-04T00:53:41.0505277Z 
2026-10-04T00:53:41.0505394Z OK
2026-10-04T00:53:41.0641291Z ##[group]Run REQUIRE_UNKNOWN_PASS=1 node --experimental-strip-types audit/related-invoice/unknown-role/run.mjs . work/unknown-role
2026-10-04T00:53:41.0642245Z [36;1mREQUIRE_UNKNOWN_PASS=1 node --experimental-strip-types audit/related-invoice/unknown-role/run.mjs . work/unknown-role[0m
2026-10-04T00:53:41.0643024Z [36;1mpython3 audit/related-invoice/unknown-role/check_export.py work/unknown-role/*.xlsx[0m
2026-10-04T00:53:41.0643686Z [36;1mpython3 -m unittest discover -s audit/related-invoice/unknown-role -p 'test_*.py' -v[0m
2026-10-04T00:53:41.0706344Z shell: /usr/bin/bash -e {0}
2026-10-04T00:53:41.0706609Z env:
2026-10-04T00:53:41.0706871Z   PNPM_HOME: /home/runner/setup-pnpm/node_modules/.bin
2026-10-04T00:53:41.0707202Z ##[endgroup]
2026-10-04T00:53:42.0508324Z {"engine":"0.3.26-experimental","passed":10,"total":10,"cases":[{"id":"different-untyped-credit","format":"xlsx","approved":0,"passed":true},{"id":"same-untyped-credit","format":"xlsx","approved":0,"passed":true},{"id":"arabic-untyped-credit","format":"xlsx","approved":0,"passed":true},{"id":"chosen-generic-untyped-credit","format":"xlsx","approved":0,"passed":true},{"id":"blank-credit-ordinary-invoice","format":"xlsx","approved":1,"passed":true},{"id":"different-untyped-credit","format":"csv","approved":0,"passed":true},{"id":"same-untyped-credit","format":"csv","approved":0,"passed":true},{"id":"arabic-untyped-credit","format":"csv","approved":0,"passed":true},{"id":"chosen-generic-untyped-credit","format":"csv","approved":0,"passed":true},{"id":"blank-credit-ordinary-invoice","format":"csv","approved":1,"passed":true}]}
2026-10-04T00:53:42.1878445Z [
2026-10-04T00:53:42.1878932Z   {
2026-10-04T00:53:42.1879604Z     "workbook": "work/unknown-role/arabic-untyped-credit-csv-direct.xlsx",
2026-10-04T00:53:42.1880278Z     "verified": true,
2026-10-04T00:53:42.1880700Z     "id": "arabic-untyped-credit",
2026-10-04T00:53:42.1881143Z     "format": "csv",
2026-10-04T00:53:42.1881500Z     "approved": 0,
2026-10-04T00:53:42.1881916Z     "engine": "0.3.26-experimental"
2026-10-04T00:53:42.1882331Z   },
2026-10-04T00:53:42.1882613Z   {
2026-10-04T00:53:42.1883182Z     "workbook": "work/unknown-role/arabic-untyped-credit-csv-restored.xlsx",
2026-10-04T00:53:42.1883845Z     "verified": true,
2026-10-04T00:53:42.1884249Z     "id": "arabic-untyped-credit",
2026-10-04T00:53:42.1884647Z     "format": "csv",
2026-10-04T00:53:42.1884985Z     "approved": 0,
2026-10-04T00:53:42.1885359Z     "engine": "0.3.26-experimental"
2026-10-04T00:53:42.1885738Z   },
2026-10-04T00:53:42.1886006Z   {
2026-10-04T00:53:42.1886571Z     "workbook": "work/unknown-role/arabic-untyped-credit-xlsx-direct.xlsx",
2026-10-04T00:53:42.1887191Z     "verified": true,
2026-10-04T00:53:42.1887588Z     "id": "arabic-untyped-credit",
2026-10-04T00:53:42.1888246Z     "format": "xlsx",
2026-10-04T00:53:42.1888595Z     "approved": 0,
2026-10-04T00:53:42.1888995Z     "engine": "0.3.26-experimental"
2026-10-04T00:53:42.1889387Z   },
2026-10-04T00:53:42.1889653Z   {
2026-10-04T00:53:42.1890231Z     "workbook": "work/unknown-role/arabic-untyped-credit-xlsx-restored.xlsx",
2026-10-04T00:53:42.1890871Z     "verified": true,
2026-10-04T00:53:42.1891286Z     "id": "arabic-untyped-credit",
2026-10-04T00:53:42.1892102Z     "format": "xlsx",
2026-10-04T00:53:42.1892476Z     "approved": 0,
2026-10-04T00:53:42.1892878Z     "engine": "0.3.26-experimental"
2026-10-04T00:53:42.1893290Z   },
2026-10-04T00:53:42.1893573Z   {
2026-10-04T00:53:42.1894202Z     "workbook": "work/unknown-role/blank-credit-ordinary-invoice-csv-direct.xlsx",
2026-10-04T00:53:42.1894886Z     "verified": true,
2026-10-04T00:53:42.1908471Z     "id": "blank-credit-ordinary-invoice",
2026-10-04T00:53:42.1909028Z     "format": "csv",
2026-10-04T00:53:42.1909412Z     "approved": 1,
2026-10-04T00:53:42.1909827Z     "engine": "0.3.26-experimental"
2026-10-04T00:53:42.1910271Z   },
2026-10-04T00:53:42.1910569Z   {
2026-10-04T00:53:42.1911245Z     "workbook": "work/unknown-role/blank-credit-ordinary-invoice-csv-restored.xlsx",
2026-10-04T00:53:42.1912319Z     "verified": true,
2026-10-04T00:53:42.1912793Z     "id": "blank-credit-ordinary-invoice",
2026-10-04T00:53:42.1913270Z     "format": "csv",
2026-10-04T00:53:42.1913632Z     "approved": 1,
2026-10-04T00:53:42.1914038Z     "engine": "0.3.26-experimental"
2026-10-04T00:53:42.1914450Z   },
2026-10-04T00:53:42.1914743Z   {
2026-10-04T00:53:42.1915399Z     "workbook": "work/unknown-role/blank-credit-ordinary-invoice-xlsx-direct.xlsx",
2026-10-04T00:53:42.1916100Z     "verified": true,
2026-10-04T00:53:42.1916569Z     "id": "blank-credit-ordinary-invoice",
2026-10-04T00:53:42.1917078Z     "format": "xlsx",
2026-10-04T00:53:42.1917457Z     "approved": 1,
2026-10-04T00:53:42.1918085Z     "engine": "0.3.26-experimental"
2026-10-04T00:53:42.1918537Z   },
2026-10-04T00:53:42.1918850Z   {
2026-10-04T00:53:42.1919574Z     "workbook": "work/unknown-role/blank-credit-ordinary-invoice-xlsx-restored.xlsx",
2026-10-04T00:53:42.1920328Z     "verified": true,
2026-10-04T00:53:42.1920803Z     "id": "blank-credit-ordinary-invoice",
2026-10-04T00:53:42.1921221Z     "format": "xlsx",
2026-10-04T00:53:42.1921557Z     "approved": 1,
2026-10-04T00:53:42.1921983Z     "engine": "0.3.26-experimental"
2026-10-04T00:53:42.1922450Z   },
2026-10-04T00:53:42.1922763Z   {
2026-10-04T00:53:42.1923418Z     "workbook": "work/unknown-role/chosen-generic-untyped-credit-csv-direct.xlsx",
2026-10-04T00:53:42.1924216Z     "verified": true,
2026-10-04T00:53:42.1924720Z     "id": "chosen-generic-untyped-credit",
2026-10-04T00:53:42.1925252Z     "format": "csv",
2026-10-04T00:53:42.1925621Z     "approved": 0,
2026-10-04T00:53:42.1926002Z     "engine": "0.3.26-experimental"
2026-10-04T00:53:42.1926376Z   },
2026-10-04T00:53:42.1926653Z   {
2026-10-04T00:53:42.1927346Z     "workbook": "work/unknown-role/chosen-generic-untyped-credit-csv-restored.xlsx",
2026-10-04T00:53:42.1928283Z     "verified": true,
2026-10-04T00:53:42.1928788Z     "id": "chosen-generic-untyped-credit",
2026-10-04T00:53:42.1929290Z     "format": "csv",
2026-10-04T00:53:42.1929663Z     "approved": 0,
2026-10-04T00:53:42.1930079Z     "engine": "0.3.26-experimental"
2026-10-04T00:53:42.1930505Z   },
2026-10-04T00:53:42.1930815Z   {
2026-10-04T00:53:42.1931522Z     "workbook": "work/unknown-role/chosen-generic-untyped-credit-xlsx-direct.xlsx",
2026-10-04T00:53:42.1932283Z     "verified": true,
2026-10-04T00:53:42.1932760Z     "id": "chosen-generic-untyped-credit",
2026-10-04T00:53:42.1933256Z     "format": "xlsx",
2026-10-04T00:53:42.1933639Z     "approved": 0,
2026-10-04T00:53:42.1934058Z     "engine": "0.3.26-experimental"
2026-10-04T00:53:42.1934486Z   },
2026-10-04T00:53:42.1934785Z   {
2026-10-04T00:53:42.1935471Z     "workbook": "work/unknown-role/chosen-generic-untyped-credit-xlsx-restored.xlsx",
2026-10-04T00:53:42.1936239Z     "verified": true,
2026-10-04T00:53:42.1936718Z     "id": "chosen-generic-untyped-credit",
2026-10-04T00:53:42.1937193Z     "format": "xlsx",
2026-10-04T00:53:42.1937559Z     "approved": 0,
2026-10-04T00:53:42.1938169Z     "engine": "0.3.26-experimental"
2026-10-04T00:53:42.1938606Z   },
2026-10-04T00:53:42.1938906Z   {
2026-10-04T00:53:42.1939529Z     "workbook": "work/unknown-role/different-untyped-credit-csv-direct.xlsx",
2026-10-04T00:53:42.1940489Z     "verified": true,
2026-10-04T00:53:42.1940975Z     "id": "different-untyped-credit",
2026-10-04T00:53:42.1941481Z     "format": "csv",
2026-10-04T00:53:42.1941882Z     "approved": 0,
2026-10-04T00:53:42.1942316Z     "engine": "0.3.26-experimental"
2026-10-04T00:53:42.1942767Z   },
2026-10-04T00:53:42.1943083Z   {
2026-10-04T00:53:42.1943720Z     "workbook": "work/unknown-role/different-untyped-credit-csv-restored.xlsx",
2026-10-04T00:53:42.1944396Z     "verified": true,
2026-10-04T00:53:42.1944859Z     "id": "different-untyped-credit",
2026-10-04T00:53:42.1945345Z     "format": "csv",
2026-10-04T00:53:42.1945730Z     "approved": 0,
2026-10-04T00:53:42.1946148Z     "engine": "0.3.26-experimental"
2026-10-04T00:53:42.1946581Z   },
2026-10-04T00:53:42.1946900Z   {
2026-10-04T00:53:42.1947759Z     "workbook": "work/unknown-role/different-untyped-credit-xlsx-direct.xlsx",
2026-10-04T00:53:42.1948741Z     "verified": true,
2026-10-04T00:53:42.1949226Z     "id": "different-untyped-credit",
2026-10-04T00:53:42.1949712Z     "format": "xlsx",
2026-10-04T00:53:42.1950077Z     "approved": 0,
2026-10-04T00:53:42.1950508Z     "engine": "0.3.26-experimental"
2026-10-04T00:53:42.1950946Z   },
2026-10-04T00:53:42.1951254Z   {
2026-10-04T00:53:42.1951946Z     "workbook": "work/unknown-role/different-untyped-credit-xlsx-restored.xlsx",
2026-10-04T00:53:42.1952658Z     "verified": true,
2026-10-04T00:53:42.1953097Z     "id": "different-untyped-credit",
2026-10-04T00:53:42.1953540Z     "format": "xlsx",
2026-10-04T00:53:42.1953887Z     "approved": 0,
2026-10-04T00:53:42.1954297Z     "engine": "0.3.26-experimental"
2026-10-04T00:53:42.1954709Z   },
2026-10-04T00:53:42.1955006Z   {
2026-10-04T00:53:42.1955580Z     "workbook": "work/unknown-role/same-untyped-credit-csv-direct.xlsx",
2026-10-04T00:53:42.1956262Z     "verified": true,
2026-10-04T00:53:42.1956698Z     "id": "same-untyped-credit",
2026-10-04T00:53:42.1957153Z     "format": "csv",
2026-10-04T00:53:42.1957492Z     "approved": 0,
2026-10-04T00:53:42.1958064Z     "engine": "0.3.26-experimental"
2026-10-04T00:53:42.1958475Z   },
2026-10-04T00:53:42.1958779Z   {
2026-10-04T00:53:42.1959372Z     "workbook": "work/unknown-role/same-untyped-credit-csv-restored.xlsx",
2026-10-04T00:53:42.1959985Z     "verified": true,
2026-10-04T00:53:42.1960379Z     "id": "same-untyped-credit",
2026-10-04T00:53:42.1960807Z     "format": "csv",
2026-10-04T00:53:42.1961140Z     "approved": 0,
2026-10-04T00:53:42.1961503Z     "engine": "0.3.26-experimental"
2026-10-04T00:53:42.1961887Z   },
2026-10-04T00:53:42.1962167Z   {
2026-10-04T00:53:42.1962737Z     "workbook": "work/unknown-role/same-untyped-credit-xlsx-direct.xlsx",
2026-10-04T00:53:42.1963449Z     "verified": true,
2026-10-04T00:53:42.1963845Z     "id": "same-untyped-credit",
2026-10-04T00:53:42.1964247Z     "format": "xlsx",
2026-10-04T00:53:42.1964589Z     "approved": 0,
2026-10-04T00:53:42.1964966Z     "engine": "0.3.26-experimental"
2026-10-04T00:53:42.1965356Z   },
2026-10-04T00:53:42.1965631Z   {
2026-10-04T00:53:42.1966232Z     "workbook": "work/unknown-role/same-untyped-credit-xlsx-restored.xlsx",
2026-10-04T00:53:42.1966904Z     "verified": true,
2026-10-04T00:53:42.1967294Z     "id": "same-untyped-credit",
2026-10-04T00:53:42.1967692Z     "format": "xlsx",
2026-10-04T00:53:42.1968249Z     "approved": 0,
2026-10-04T00:53:42.1968646Z     "engine": "0.3.26-experimental"
2026-10-04T00:53:42.1969032Z   }
2026-10-04T00:53:42.1969316Z ]
2026-10-04T00:53:42.3329659Z test_native_and_restored_exports (test_check_export.UnknownCreditOracle.test_native_and_restored_exports) ... ok
2026-10-04T00:53:42.3948611Z test_native_role_and_financial_tampering (test_check_export.UnknownCreditOracle.test_native_role_and_financial_tampering) ... ok
2026-10-04T00:53:42.3949353Z 
2026-10-04T00:53:42.3949697Z ----------------------------------------------------------------------
2026-10-04T00:53:42.3950176Z Ran 2 tests in 0.143s
2026-10-04T00:53:42.3950366Z 
2026-10-04T00:53:42.3950479Z OK
2026-10-04T00:53:42.4073582Z ##[group]Run REQUIRE_P5_PASS=1 node --experimental-strip-types audit/assistant-evidence/run.mjs . work/p5-native
2026-10-04T00:53:42.4074636Z [36;1mREQUIRE_P5_PASS=1 node --experimental-strip-types audit/assistant-evidence/run.mjs . work/p5-native[0m
2026-10-04T00:53:42.4075513Z [36;1mpython3 audit/assistant-evidence/check_export.py work/p5-native/*.xlsx --answers work/p5-native/observations.json[0m
2026-10-04T00:53:42.4076206Z [36;1mpython3 -m unittest discover -s audit/assistant-evidence -p 'test_*.py' -v[0m
2026-10-04T00:53:42.4138613Z shell: /usr/bin/bash -e {0}
2026-10-04T00:53:42.4138869Z env:
2026-10-04T00:53:42.4139125Z   PNPM_HOME: /home/runner/setup-pnpm/node_modules/.bin
2026-10-04T00:53:42.4139448Z ##[endgroup]
2026-10-04T00:53:43.0136579Z {"engine":"0.3.26-experimental","passed":4,"total":4,"cases":[{"id":"untyped-credit","passed":true,"kind":"transaction","lookup":["supplier:0:2"],"probes":[]},{"id":"unselected-reference","passed":true,"kind":"transaction","lookup":["supplier:0:2","ledger:0:2"],"probes":[]},{"id":"balanced-variance","passed":true,"kind":"difference","lookup":[],"probes":[{"name":"invented-case-total","passed":true},{"name":"invented-bridge","passed":true},{"name":"invented-count","passed":true},{"name":"display-member-drift","passed":true}]},{"id":"partial-source","passed":true,"kind":"transaction","lookup":["supplier:0:2","ledger:0:2"],"probes":[]}]}
2026-10-04T00:53:43.0991364Z {
2026-10-04T00:53:43.0991933Z   "workbooks": [
2026-10-04T00:53:43.0992424Z     {
2026-10-04T00:53:43.0993085Z       "workbook": "work/p5-native/balanced-variance-direct.xlsx",
2026-10-04T00:53:43.0993650Z       "verified": true,
2026-10-04T00:53:43.0994050Z       "id": "balanced-variance",
2026-10-04T00:53:43.0994428Z       "approved": 0,
2026-10-04T00:53:43.0994807Z       "engine": "0.3.26-experimental"
2026-10-04T00:53:43.0995202Z     },
2026-10-04T00:53:43.0995466Z     {
2026-10-04T00:53:43.0995945Z       "workbook": "work/p5-native/balanced-variance-restored.xlsx",
2026-10-04T00:53:43.0996525Z       "verified": true,
2026-10-04T00:53:43.0996915Z       "id": "balanced-variance",
2026-10-04T00:53:43.0997283Z       "approved": 0,
2026-10-04T00:53:43.0997650Z       "engine": "0.3.26-experimental"
2026-10-04T00:53:43.0998415Z     },
2026-10-04T00:53:43.0998753Z     {
2026-10-04T00:53:43.0999145Z       "workbook": "work/p5-native/partial-source-direct.xlsx",
2026-10-04T00:53:43.0999594Z       "verified": true,
2026-10-04T00:53:43.0999907Z       "id": "partial-source",
2026-10-04T00:53:43.1000228Z       "approved": 1,
2026-10-04T00:53:43.1000552Z       "engine": "0.3.26-experimental"
2026-10-04T00:53:43.1000889Z     },
2026-10-04T00:53:43.1001123Z     {
2026-10-04T00:53:43.1001515Z       "workbook": "work/p5-native/partial-source-restored.xlsx",
2026-10-04T00:53:43.1001976Z       "verified": true,
2026-10-04T00:53:43.1002270Z       "id": "partial-source",
2026-10-04T00:53:43.1002580Z       "approved": 1,
2026-10-04T00:53:43.1002901Z       "engine": "0.3.26-experimental"
2026-10-04T00:53:43.1003228Z     },
2026-10-04T00:53:43.1003461Z     {
2026-10-04T00:53:43.1003866Z       "workbook": "work/p5-native/unselected-reference-direct.xlsx",
2026-10-04T00:53:43.1004337Z       "verified": true,
2026-10-04T00:53:43.1004666Z       "id": "unselected-reference",
2026-10-04T00:53:43.1005016Z       "approved": 1,
2026-10-04T00:53:43.1005330Z       "engine": "0.3.26-experimental"
2026-10-04T00:53:43.1005649Z     },
2026-10-04T00:53:43.1005874Z     {
2026-10-04T00:53:43.1006289Z       "workbook": "work/p5-native/unselected-reference-restored.xlsx",
2026-10-04T00:53:43.1006763Z       "verified": true,
2026-10-04T00:53:43.1007084Z       "id": "unselected-reference",
2026-10-04T00:53:43.1007423Z       "approved": 1,
2026-10-04T00:53:43.1007735Z       "engine": "0.3.26-experimental"
2026-10-04T00:53:43.1008188Z     },
2026-10-04T00:53:43.1008421Z     {
2026-10-04T00:53:43.1008759Z       "workbook": "work/p5-native/untyped-credit-direct.xlsx",
2026-10-04T00:53:43.1009093Z       "verified": true,
2026-10-04T00:53:43.1009632Z       "id": "untyped-credit",
2026-10-04T00:53:43.1010042Z       "approved": 0,
2026-10-04T00:53:43.1010292Z       "engine": "0.3.26-experimental"
2026-10-04T00:53:43.1010536Z     },
2026-10-04T00:53:43.1010718Z     {
2026-10-04T00:53:43.1011019Z       "workbook": "work/p5-native/untyped-credit-restored.xlsx",
2026-10-04T00:53:43.1011361Z       "verified": true,
2026-10-04T00:53:43.1011595Z       "id": "untyped-credit",
2026-10-04T00:53:43.1011836Z       "approved": 0,
2026-10-04T00:53:43.1012083Z       "engine": "0.3.26-experimental"
2026-10-04T00:53:43.1012326Z     }
2026-10-04T00:53:43.1012507Z   ],
2026-10-04T00:53:43.1012693Z   "answers": {
2026-10-04T00:53:43.1012913Z     "answersVerified": 4,
2026-10-04T00:53:43.1013186Z     "engine": "0.3.26-experimental"
2026-10-04T00:53:43.1013429Z   },
2026-10-04T00:53:43.1013613Z   "browser": null
2026-10-04T00:53:43.1013815Z }
2026-10-04T00:53:43.1930023Z test_native_and_restored_exports_and_answers (test_check_export.AssistantEvidenceOracle.test_native_and_restored_exports_and_answers) ... ok
2026-10-04T00:53:43.2404289Z test_oracle_rejects_source_money_and_answer_tampering (test_check_export.AssistantEvidenceOracle.test_oracle_rejects_source_money_and_answer_tampering) ... ok
2026-10-04T00:53:43.2405224Z 
2026-10-04T00:53:43.2405568Z ----------------------------------------------------------------------
2026-10-04T00:53:43.2406082Z Ran 2 tests in 0.080s
2026-10-04T00:53:43.2406283Z 
2026-10-04T00:53:43.2406405Z OK
2026-10-04T00:53:43.2524432Z ##[group]Run pnpm test:reliability:p2
2026-10-04T00:53:43.2524777Z [36;1mpnpm test:reliability:p2[0m
2026-10-04T00:53:43.2586769Z shell: /usr/bin/bash -e {0}
2026-10-04T00:53:43.2587047Z env:
2026-10-04T00:53:43.2587324Z   PNPM_HOME: /home/runner/setup-pnpm/node_modules/.bin
2026-10-04T00:53:43.2587674Z ##[endgroup]
2026-10-04T00:53:44.1581439Z Already up to date
2026-10-04T00:53:44.1589467Z Done in 419ms using pnpm v11.19.0
2026-10-04T00:53:44.1726221Z $ node scripts/test-p2-contracts.mjs
2026-10-04T00:53:44.7585765Z {
2026-10-04T00:53:44.7586364Z   "engineVersion": "0.3.26-experimental",
2026-10-04T00:53:44.7586938Z   "cases": 19,
2026-10-04T00:53:44.7587327Z   "passed": 19,
2026-10-04T00:53:44.7587722Z   "failed": 0,
2026-10-04T00:53:44.7588449Z   "requiredAutoGroups": 11,
2026-10-04T00:53:44.7589000Z   "satisfiedRequiredGroups": 11,
2026-10-04T00:53:44.7589535Z   "falseApprovedGroups": 0,
2026-10-04T00:53:44.7589956Z   "operationExceptions": 0,
2026-10-04T00:53:44.7590462Z   "engineLibFilesUnchanged": true,
2026-10-04T00:53:44.7590901Z   "failedIds": [],
2026-10-04T00:53:44.7591677Z   "output": "/home/runner/work/accounting/accounting/work/p2-regression/run-DIe8dE/independent.json"
2026-10-04T00:53:44.7592446Z }
2026-10-04T00:53:45.2099239Z {
2026-10-04T00:53:45.2099674Z   "engineVersion": "0.3.26-experimental",
2026-10-04T00:53:45.2100073Z   "cases": 10,
2026-10-04T00:53:45.2100353Z   "passed": 10,
2026-10-04T00:53:45.2100622Z   "failed": 0,
2026-10-04T00:53:45.2100903Z   "requiredAutoGroups": 7,
2026-10-04T00:53:45.2101279Z   "satisfiedRequiredGroups": 7,
2026-10-04T00:53:45.2101671Z   "falseApprovedGroups": 0,
2026-10-04T00:53:45.2102002Z   "operationExceptions": 0,
2026-10-04T00:53:45.2102368Z   "engineLibFilesUnchanged": true,
2026-10-04T00:53:45.2102723Z   "failedIds": [],
2026-10-04T00:53:45.2103341Z   "output": "/home/runner/work/accounting/accounting/work/p2-regression/run-DIe8dE/holdout.json"
2026-10-04T00:53:45.2103950Z }
2026-10-04T00:53:45.6582122Z {
2026-10-04T00:53:45.6582723Z   "engineVersion": "0.3.26-experimental",
2026-10-04T00:53:45.6583289Z   "cases": 8,
2026-10-04T00:53:45.6583677Z   "passed": 8,
2026-10-04T00:53:45.6584068Z   "failed": 0,
2026-10-04T00:53:45.6584476Z   "requiredAutoGroups": 6,
2026-10-04T00:53:45.6585030Z   "satisfiedRequiredGroups": 6,
2026-10-04T00:53:45.6585566Z   "falseApprovedGroups": 0,
2026-10-04T00:53:45.6586055Z   "operationExceptions": 0,
2026-10-04T00:53:45.6586529Z   "engineLibFilesUnchanged": true,
2026-10-04T00:53:45.6586975Z   "failedIds": [],
2026-10-04T00:53:45.6587761Z   "output": "/home/runner/work/accounting/accounting/work/p2-regression/run-DIe8dE/holdout-v2.json"
2026-10-04T00:53:45.6589110Z }
2026-10-04T00:53:45.6703724Z P2 regression contracts passed. Evidence: /home/runner/work/accounting/accounting/work/p2-regression/run-DIe8dE
2026-10-04T00:53:45.6900762Z ##[group]Run pnpm test:reliability:partial
2026-10-04T00:53:45.6901137Z [36;1mpnpm test:reliability:partial[0m
2026-10-04T00:53:45.6963207Z shell: /usr/bin/bash -e {0}
2026-10-04T00:53:45.6963470Z env:
2026-10-04T00:53:45.6963729Z   PNPM_HOME: /home/runner/setup-pnpm/node_modules/.bin
2026-10-04T00:53:45.6964066Z ##[endgroup]
2026-10-04T00:53:46.5955144Z Already up to date
2026-10-04T00:53:46.5963114Z Done in 418ms using pnpm v11.19.0
2026-10-04T00:53:46.6108327Z $ node scripts/test-partial-contracts.mjs
2026-10-04T00:53:47.7867337Z {
2026-10-04T00:53:47.7867761Z   "cases": 16,
2026-10-04T00:53:47.7868400Z   "passed": 16,
2026-10-04T00:53:47.7868670Z   "failed": 0,
2026-10-04T00:53:47.7868948Z   "requiredPositiveSets": 15,
2026-10-04T00:53:47.7869348Z   "satisfiedPositiveSets": 15,
2026-10-04T00:53:47.7869679Z   "falseApprovedSets": 0,
2026-10-04T00:53:47.7870036Z   "unexpectedOperationExceptions": 0,
2026-10-04T00:53:47.7870431Z   "engineLibFilesUnchanged": true,
2026-10-04T00:53:47.7871136Z   "out": "/home/runner/work/accounting/accounting/work/partial-regression/run-icYny3/contracts.json"
2026-10-04T00:53:47.7871729Z }
2026-10-04T00:53:48.2787219Z {
2026-10-04T00:53:48.2787690Z   "completed": true,
2026-10-04T00:53:48.2788361Z   "engineUnchanged": true,
2026-10-04T00:53:48.2788744Z   "engine": "0.3.26-experimental",
2026-10-04T00:53:48.2789419Z   "out": "/home/runner/work/accounting/accounting/work/partial-regression/run-icYny3/reviewed"
2026-10-04T00:53:48.2790020Z }
2026-10-04T00:53:48.3553738Z {"checkerSha256": "6475352b77f71a35c0ecf8ccfa51ec71630c5f8e80eacde37514e1c873014bdf", "observedAtUtc": "2026-10-04T00:53:48.332461+00:00", "passed": true, "frozenBefore": "0b10b982659d984e9298082c0a76bb183fcd6d30abb8c34a5be520fed9a57e7e", "workbookSha256": "95e0aa638f73b75151af8f7930ea1e283e0bc59ae3da518437ce12e42f60c9b7", "observations": {"originalSourcePreservation": {"passed": true, "readableRows": 5, "readingIssues": [{"sourceRowId": "supplier:0:3", "reason": "المبلغ غير صالح أو يتجاوز عدد المنازل العشرية للعملة", "originalAmount": "12x.34"}], "issueTraceEncoding": "Source File + Side + Source Sheet CSV + Source Row; contract IDs reconstructed for selected sheet 0"}, "partialSummaryAndReview": {"passed": true, "processedTotalsMinor": {"supplier": 8550, "ledger": 9784}, "processedTotalFields": {"supplier": "Supplier Processed Transaction Total", "ledger": "Ledger Processed Transaction Total"}, "partialSummaryFields": {"Reading Status": "Partial — reading issues remain open", "Workbook Mode": "Partial transaction snapshot for review. Reading issues remain open; totals cover processed transactions only. Not a complete reconciliation."}, "bridgeStatus": "Balance bridge prerequisites incomplete", "reviewCompleted": "Review recorded; reading issues remain open", "reviewApproval": "Not approved — review completion is not an approval declaration"}, "originalSourceHashBinding": {"passed": true, "sourceProvenance": {"manifestSha256": "0b10b982659d984e9298082c0a76bb183fcd6d30abb8c34a5be520fed9a57e7e"}}, "requiredCompletion": {"requiredPairs": 2, "actualMatchedCases": 2, "requiredMemberSets": [{"supplierRows": [2], "ledgerRows": [2], "supplierTotalMinor": 12575, "ledgerTotalMinor": 12575}, {"supplierRows": [4], "ledgerRows": [4], "supplierTotalMinor": -4025, "ledgerTotalMinor": -4025}]}}, "contract": "PR01", "requiredPairs": 2, "requiredPairsSatisfied": 2, "falseApprovedPairs": 0, "matchedSourceRows": 4, "readableSourceRows": 5, "invalidRowsRetained": [{"sourceRowId": "supplier:0:3", "reason": "المبلغ غير صالح أو يتجاوز عدد المنازل العشرية للعملة", "originalAmount": "12x.34"}], "processedTotalsMinor": {"supplier": 8550, "ledger": 9784}, "processedTotalFields": {"supplier": "Supplier Processed Transaction Total", "ledger": "Ledger Processed Transaction Total"}, "partialSummaryFields": {"Reading Status": "Partial — reading issues remain open", "Workbook Mode": "Partial transaction snapshot for review. Reading issues remain open; totals cover processed transactions only. Not a complete reconciliation."}, "bridgeStatus": "Balance bridge prerequisites incomplete", "reviewCompleted": "Review recorded; reading issues remain open", "reviewApproval": "Not approved — review completion is not an approval declaration", "xmlPartsParsed": 33, "sourceProvenance": {"manifestSha256": "0b10b982659d984e9298082c0a76bb183fcd6d30abb8c34a5be520fed9a57e7e"}, "scope": "Independent synthetic literal sources, error preservation and financial member sets. No engine/ExcelJS imports or formula recalculation.", "frozenAfter": "0b10b982659d984e9298082c0a76bb183fcd6d30abb8c34a5be520fed9a57e7e"}
2026-10-04T00:53:48.3618820Z Partial reconciliation regression evidence: /home/runner/work/accounting/accounting/work/partial-regression/run-icYny3
2026-10-04T00:53:48.3822179Z ##[group]Run pnpm test:reliability:quick
2026-10-04T00:53:48.3822550Z [36;1mpnpm test:reliability:quick[0m
2026-10-04T00:53:48.3884782Z shell: /usr/bin/bash -e {0}
2026-10-04T00:53:48.3885038Z env:
2026-10-04T00:53:48.3885309Z   PNPM_HOME: /home/runner/setup-pnpm/node_modules/.bin
2026-10-04T00:53:48.3885634Z ##[endgroup]
2026-10-04T00:53:49.2881739Z Already up to date
2026-10-04T00:53:49.2889597Z Done in 420ms using pnpm v11.19.0
2026-10-04T00:53:49.3030704Z $ node --experimental-strip-types audit/reliability/run.mjs --quick
2026-10-04T00:53:51.2675683Z {"completed":40,"total":40,"pass":40,"safetyFailures":0,"elapsedSeconds":2}
2026-10-04T00:53:51.2726888Z {"output":"/home/runner/work/accounting/accounting/work/reliability/2026-10-04T00-53-49-657Z","overall":{"cases":40,"passed":40,"safetyPassed":40,"resultsProduced":22,"completeSourceReads":22,"partialOrUnverifiedResults":0,"sourceReadErrors":0,"unprovenFormatDefaults":2,"casesWithUnprovenFormatDefaults":2,"completedComparisons":22,"completedWithoutManualCorrection":0,"automaticallyDerivedInputs":15,"explicitAttestations":192,"needsChosenInterpretation":16,"suppliedExternalFacts":0,"conditionalRequiredMatches":13,"resolvedInputRequiredMatches":12,"completedAutomatically":0,"outcomes":{"external-information-required":15,"completed-comparison":22,"controlled-stop":3},"interventionLevels":{"limited-confirmation":16,"manual-correction":24},"requiredInterventionLevels":{"human-external":15,"manual-correction":24,"limited-confirmation":1},"byIntervention":{"automatic":{"cases":0,"completedComparisons":0},"limited-confirmation":{"cases":16,"completedComparisons":0},"manual-correction":{"cases":24,"completedComparisons":22},"human-external":{"cases":0,"completedComparisons":0}},"ambiguityGate":{"refused":15},"ambiguityGateAnswered":{"accepted-with-choice":14,"blocked-by-other-field":1},"unresolvedInputs":{"supplier.numberFormat":11,"ledger.numberFormat":4},"permittedMatches":25,"expectedMatches":25,"correctRequiredMatches":12,"correctMatches":12,"missedRequiredMatches":13,"permittedGroups":0,"acceptedGroups":0,"requiredGroups":0,"acceptedRequiredGroups":0,"missedRequiredGroups":0,"groupAssessmentClasses":{"review":2},"groupBusinessTasks":{"payment-matching":2},"falseMatches":0,"falseMatchMinorByCurrency":{},"expectedRows":102,"validExpectedRows":97,"extractedRows":55,"excludedRows":1,"exportsChecked":22,"bridgesChecked":22,"automaticColumnSelection":40,"stopped":18,"exceptionRows":51,"handledExceptionRows":51,"confirmations":{"supplier: numberFormat needs outside-document information; no oracle default supplied":11,"ledger: PDF visual review required":5,"ledger: numberFormat needs outside-document information; no oracle default supplied":4,"supplier: PDF visual review required":6},"failures":{},"metricDefinitions":{"resultProduced":"The engine returned a result object, including diagnostic partial results. This is not completed accounting work.","completedComparison":"A result was produced after both sources had no row errors or independently detected missing/changed rows and no unproven format default. Correctness and required-decision completion are separately reported.","unprovenFormatDefaults":"Diagnostic normalization used the product default after format inference returned invalid/unavailable. This is not a confirmed or automatically proved interpretation.","passed":"All evaluator assertions passed; a safe unresolved-input stop is NOT a completed reconciliation.","completedAutomatically":"Completed with no confirmation, manual mapping or external information. Ordinary Reconcile clicks do not count as interpretation. Actual scope/sign/PDF attestations do count.","expectedMatches":"Expected decisions conditional on resolving any ambiguous input convention; conditionalRequiredMatches are separated from resolvedInputRequiredMatches. Missed counts include cases stopped before comparison.","falseMatchDenominator":"Accepted decisions only; report alongside required completion and unresolved-input counts, never alone.","groupUnit":"One document-lines or whole-payment reconciliation decision, not individual source rows or payment-to-invoice allocation."}},"elapsedSeconds":1.59042365}
2026-10-04T00:53:51.3101547Z ##[group]Run node --experimental-strip-types audit/stress/export-corpus.mjs
2026-10-04T00:53:51.3102617Z [36;1mnode --experimental-strip-types audit/stress/export-corpus.mjs[0m
2026-10-04T00:53:51.3103417Z [36;1mpython3 audit/stress/check_openxml.py[0m
2026-10-04T00:53:51.3174466Z shell: /usr/bin/bash -e {0}
2026-10-04T00:53:51.3174737Z env:
2026-10-04T00:53:51.3175007Z   PNPM_HOME: /home/runner/setup-pnpm/node_modules/.bin
2026-10-04T00:53:51.3175340Z ##[endgroup]
2026-10-04T00:53:52.1520629Z 18 independent-check workbooks generated
2026-10-04T00:53:52.3544361Z {
2026-10-04T00:53:52.3544761Z   "workbooks": 18,
2026-10-04T00:53:52.3545188Z   "numeric_cells_verified_exactly": 288,
2026-10-04T00:53:52.3545672Z   "native_dates_verified": 504,
2026-10-04T00:53:52.3546079Z   "decimal_formats": "pass",
2026-10-04T00:53:52.3546511Z   "engine_formula_cells_verified": 180,
2026-10-04T00:53:52.3546973Z   "untrusted_formula_cells": 0,
2026-10-04T00:53:52.3547393Z   "zip_crc": "pass",
2026-10-04T00:53:52.3547760Z   "xml_parse": "pass",
2026-10-04T00:53:52.3548473Z   "bilingual_text": "pass",
2026-10-04T00:53:52.3549056Z   "verifier": "Python stdlib ZIP/XML/Decimal; independent of ExcelJS"
2026-10-04T00:53:52.3549607Z }
2026-10-04T00:53:52.3649503Z ##[group]Run pnpm build
2026-10-04T00:53:52.3649782Z [36;1mpnpm build[0m
2026-10-04T00:53:52.3711302Z shell: /usr/bin/bash -e {0}
2026-10-04T00:53:52.3711562Z env:
2026-10-04T00:53:52.3711813Z   PNPM_HOME: /home/runner/setup-pnpm/node_modules/.bin
2026-10-04T00:53:52.3712125Z ##[endgroup]
2026-10-04T00:53:53.2574020Z Already up to date
2026-10-04T00:53:53.2581762Z Done in 413ms using pnpm v11.19.0
2026-10-04T00:53:53.2726863Z $ node scripts/prepare-ocr-assets.mjs && vite build && node scripts/harden-build.mjs
2026-10-04T00:53:53.3496400Z Prepared local OCR assets: pinned English/Arabic models; no data connections.
2026-10-04T00:53:53.6829240Z [36mvite v8.0.16 [32mbuilding client environment for production...[36m[39m
2026-10-04T00:53:53.6990356Z [2K
2026-10-04T00:53:55.3098219Z transforming...✓ 2145 modules transformed.
2026-10-04T00:53:55.4651690Z rendering chunks...
2026-10-04T00:53:55.6999237Z computing gzip size...
2026-10-04T00:53:55.7542755Z dist/index.html                                3.30 kB │ gzip:     1.08 kB
2026-10-04T00:53:55.7543873Z dist/assets/index-CNGhaTo_.css               234.41 kB │ gzip:    39.16 kB
2026-10-04T00:53:55.7544937Z dist/assets/visual-image-CaZsk65l.js           3.06 kB │ gzip:     1.53 kB
2026-10-04T00:53:55.7545802Z dist/assets/visual-ocr-client-BhVKcJsu.js      5.05 kB │ gzip:     2.30 kB
2026-10-04T00:53:55.7546574Z dist/assets/visual-renderer-yMZCkSFj.js        8.81 kB │ gzip:     3.89 kB
2026-10-04T00:53:55.7547334Z dist/assets/pdfjs-BvlvQ5M7.js              1,601.95 kB │ gzip:   492.96 kB
2026-10-04T00:53:55.7548465Z dist/assets/index-BLF97kaJ.js              3,724.23 kB │ gzip: 1,120.40 kB
2026-10-04T00:53:55.7548841Z 
2026-10-04T00:53:55.7558793Z [33m[33m[INEFFECTIVE_DYNAMIC_IMPORT] [0mlib/reconciliation/visual-draft.ts is dynamically imported by components/visual-reader.tsx but also statically imported by lib/reconciliation/visual-review.ts, dynamic import will not move module into another chunk.
2026-10-04T00:53:55.7560852Z [39m
2026-10-04T00:53:55.7561425Z [33m[plugin builtin:vite-reporter] 
2026-10-04T00:53:55.7562276Z (!) Some chunks are larger than 500 kB after minification. Consider:
2026-10-04T00:53:55.7563181Z - Using dynamic import() to code-split the application
2026-10-04T00:53:55.7564682Z - Use build.rolldownOptions.output.codeSplitting to improve chunking: https://rolldown.rs/reference/OutputOptions.codeSplitting
2026-10-04T00:53:55.7566430Z - Adjust chunk size limit for this warning via build.chunkSizeWarningLimit.[39m
2026-10-04T00:53:55.7569817Z [33m[33m[INEFFECTIVE_DYNAMIC_IMPORT] [0mlib/reconciliation/visual-assets.ts is dynamically imported by components/visual-reader.tsx but also statically imported by lib/reconciliation/visual-review.ts, dynamic import will not move module into another chunk.
2026-10-04T00:53:55.7571070Z [39m
2026-10-04T00:53:55.7573222Z [33m[33m[INEFFECTIVE_DYNAMIC_IMPORT] [0mlib/reconciliation/visual-accounting-source.ts is dynamically imported by lib/reconciliation/worker-client.ts but also statically imported by app/page.tsx, components/visual-accounting-review.tsx, components/visual-reader.tsx, lib/reconciliation/core.ts, lib/reconciliation/source-boundary.ts, dynamic import will not move module into another chunk.
2026-10-04T00:53:55.7574865Z [39m
2026-10-04T00:53:55.7575337Z [32m✓ built in 2.07s[39m
2026-10-04T00:53:55.8274354Z Static social metadata verified: local PNG, 1200 × 630, 38861 bytes, no JavaScript required.
2026-10-04T00:53:55.8432315Z Static build hardened: local scripts/worker, no app data connections, relative paths.
2026-10-04T00:53:55.8634025Z ##[group]Run pnpm exec playwright install --with-deps chromium
2026-10-04T00:53:55.8634514Z [36;1mpnpm exec playwright install --with-deps chromium[0m
2026-10-04T00:53:55.8696593Z shell: /usr/bin/bash -e {0}
2026-10-04T00:53:55.8696858Z env:
2026-10-04T00:53:55.8697115Z   PNPM_HOME: /home/runner/setup-pnpm/node_modules/.bin
2026-10-04T00:53:55.8697427Z ##[endgroup]
2026-10-04T00:53:56.7575767Z Already up to date
2026-10-04T00:53:56.7583055Z Done in 414ms using pnpm v11.19.0
2026-10-04T00:53:57.2686664Z Installing dependencies...
2026-10-04T00:53:57.2768241Z Switching to root user to install dependencies...
2026-10-04T00:53:57.3719497Z Get:1 file:/etc/apt/apt-mirrors.txt Mirrorlist [144 B]
2026-10-04T00:53:57.4009581Z Hit:2 http://azure.archive.ubuntu.com/ubuntu noble InRelease
2026-10-04T00:53:57.4010982Z Get:6 https://packages.microsoft.com/ubuntu/24.04/prod noble InRelease [3600 B]
2026-10-04T00:53:57.4029595Z Get:3 http://azure.archive.ubuntu.com/ubuntu noble-updates InRelease [126 kB]
2026-10-04T00:53:57.4079153Z Get:4 http://azure.archive.ubuntu.com/ubuntu noble-backports InRelease [126 kB]
2026-10-04T00:53:57.4080707Z Get:5 http://azure.archive.ubuntu.com/ubuntu noble-security InRelease [126 kB]
2026-10-04T00:53:57.5269464Z Get:7 https://packages.microsoft.com/ubuntu/24.04/prod noble/main amd64 Packages [511 kB]
2026-10-04T00:53:57.5374614Z Get:8 https://packages.microsoft.com/ubuntu/24.04/prod noble/main armhf Packages [12.6 kB]
2026-10-04T00:53:57.5400776Z Get:9 https://packages.microsoft.com/ubuntu/24.04/prod noble/main arm64 Packages [458 kB]
2026-10-04T00:53:57.5763928Z Get:10 http://azure.archive.ubuntu.com/ubuntu noble-updates/main amd64 Packages [1364 kB]
2026-10-04T00:53:57.5830613Z Get:11 http://azure.archive.ubuntu.com/ubuntu noble-updates/main Translation-en [304 kB]
2026-10-04T00:53:57.5859712Z Get:12 http://azure.archive.ubuntu.com/ubuntu noble-updates/main amd64 Components [181 kB]
2026-10-04T00:53:57.5869802Z Get:13 http://azure.archive.ubuntu.com/ubuntu noble-updates/universe amd64 Packages [1699 kB]
2026-10-04T00:53:57.5941325Z Get:14 http://azure.archive.ubuntu.com/ubuntu noble-updates/universe Translation-en [341 kB]
2026-10-04T00:53:57.5961758Z Get:15 http://azure.archive.ubuntu.com/ubuntu noble-updates/universe amd64 Components [388 kB]
2026-10-04T00:53:57.5986531Z Get:16 http://azure.archive.ubuntu.com/ubuntu noble-updates/restricted amd64 Packages [1720 kB]
2026-10-04T00:53:57.6090651Z Get:17 http://azure.archive.ubuntu.com/ubuntu noble-updates/restricted Translation-en [394 kB]
2026-10-04T00:53:57.6100884Z Get:18 http://azure.archive.ubuntu.com/ubuntu noble-updates/multiverse amd64 Components [940 B]
2026-10-04T00:53:57.6351712Z Get:19 http://azure.archive.ubuntu.com/ubuntu noble-backports/main amd64 Components [5736 B]
2026-10-04T00:53:57.6769066Z Get:20 http://azure.archive.ubuntu.com/ubuntu noble-backports/universe amd64 Components [12.6 kB]
2026-10-04T00:53:57.6870271Z Get:21 http://azure.archive.ubuntu.com/ubuntu noble-security/main amd64 Packages [1069 kB]
2026-10-04T00:53:57.6921871Z Get:22 http://azure.archive.ubuntu.com/ubuntu noble-security/main Translation-en [221 kB]
2026-10-04T00:53:57.6945141Z Get:23 http://azure.archive.ubuntu.com/ubuntu noble-security/main amd64 Components [46.5 kB]
2026-10-04T00:53:57.6952856Z Get:24 http://azure.archive.ubuntu.com/ubuntu noble-security/universe amd64 Packages [1216 kB]
2026-10-04T00:53:57.7006448Z Get:25 http://azure.archive.ubuntu.com/ubuntu noble-security/universe Translation-en [244 kB]
2026-10-04T00:53:57.7020291Z Get:26 http://azure.archive.ubuntu.com/ubuntu noble-security/universe amd64 Components [76.3 kB]
2026-10-04T00:53:57.7028468Z Get:27 http://azure.archive.ubuntu.com/ubuntu noble-security/restricted amd64 Packages [1566 kB]
2026-10-04T00:53:57.7098558Z Get:28 http://azure.archive.ubuntu.com/ubuntu noble-security/restricted Translation-en [361 kB]
2026-10-04T00:54:01.9620698Z Fetched 12.6 MB in 1s (9421 kB/s)
2026-10-04T00:54:02.7984221Z Reading package lists...
2026-10-04T00:54:02.8219997Z Reading package lists...
2026-10-04T00:54:02.9958220Z Building dependency tree...
2026-10-04T00:54:02.9965663Z Reading state information...
2026-10-04T00:54:03.1321286Z libasound2t64 is already the newest version (1.2.11-1ubuntu0.3).
2026-10-04T00:54:03.1322487Z libasound2t64 set to manually installed.
2026-10-04T00:54:03.1323293Z libatk-bridge2.0-0t64 is already the newest version (2.52.0-1build1).
2026-10-04T00:54:03.1323903Z libatk-bridge2.0-0t64 set to manually installed.
2026-10-04T00:54:03.1324482Z libatk1.0-0t64 is already the newest version (2.52.0-1build1).
2026-10-04T00:54:03.1325331Z libatk1.0-0t64 set to manually installed.
2026-10-04T00:54:03.1326026Z libatspi2.0-0t64 is already the newest version (2.52.0-1build1).
2026-10-04T00:54:03.1326576Z libatspi2.0-0t64 set to manually installed.
2026-10-04T00:54:03.1327114Z libcairo2 is already the newest version (1.18.0-3build1).
2026-10-04T00:54:03.1327608Z libcairo2 set to manually installed.
2026-10-04T00:54:03.1328556Z libcups2t64 is already the newest version (2.4.7-1.2ubuntu7.14).
2026-10-04T00:54:03.1329123Z libcups2t64 set to manually installed.
2026-10-04T00:54:03.1329671Z libdbus-1-3 is already the newest version (1.14.10-4ubuntu4.1).
2026-10-04T00:54:03.1330198Z libdbus-1-3 set to manually installed.
2026-10-04T00:54:03.1330755Z libdrm2 is already the newest version (2.4.125-1ubuntu0.1~24.04.2).
2026-10-04T00:54:03.1331273Z libdrm2 set to manually installed.
2026-10-04T00:54:03.1332108Z libglib2.0-0t64 is already the newest version (2.80.0-6ubuntu3.9).
2026-10-04T00:54:03.1332771Z libglib2.0-0t64 set to manually installed.
2026-10-04T00:54:03.1333327Z libnspr4 is already the newest version (2:4.35-1.1build1).
2026-10-04T00:54:03.1333808Z libnspr4 set to manually installed.
2026-10-04T00:54:03.1334195Z libnss3 is already the newest version (2:3.98-1ubuntu0.2).
2026-10-04T00:54:03.1334567Z libnss3 set to manually installed.
2026-10-04T00:54:03.1334968Z libpango-1.0-0 is already the newest version (1.52.1+ds-1build1).
2026-10-04T00:54:03.1335383Z libpango-1.0-0 set to manually installed.
2026-10-04T00:54:03.1335785Z libx11-6 is already the newest version (2:1.8.7-1build1).
2026-10-04T00:54:03.1336524Z libx11-6 set to manually installed.
2026-10-04T00:54:03.1336882Z libxcb1 is already the newest version (1.15-1ubuntu2).
2026-10-04T00:54:03.1337237Z libxcb1 set to manually installed.
2026-10-04T00:54:03.1337638Z libxcomposite1 is already the newest version (1:0.4.5-1build3).
2026-10-04T00:54:03.1338251Z libxcomposite1 set to manually installed.
2026-10-04T00:54:03.1338664Z libxdamage1 is already the newest version (1:1.1.6-1build1).
2026-10-04T00:54:03.1339046Z libxdamage1 set to manually installed.
2026-10-04T00:54:03.1339427Z libxext6 is already the newest version (2:1.3.4-1build2).
2026-10-04T00:54:03.1339790Z libxext6 set to manually installed.
2026-10-04T00:54:03.1340170Z libxfixes3 is already the newest version (1:6.0.0-2build1).
2026-10-04T00:54:03.1340546Z libxfixes3 set to manually installed.
2026-10-04T00:54:03.1340944Z libxkbcommon0 is already the newest version (1.6.0-1build1).
2026-10-04T00:54:03.1341336Z libxkbcommon0 set to manually installed.
2026-10-04T00:54:03.1341735Z libxrandr2 is already the newest version (2:1.5.2-2build1).
2026-10-04T00:54:03.1342116Z libxrandr2 set to manually installed.
2026-10-04T00:54:03.1342500Z xvfb is already the newest version (2:21.1.12-1ubuntu1.8).
2026-10-04T00:54:03.1343025Z fonts-noto-color-emoji is already the newest version (2.047-0ubuntu0.24.04.1).
2026-10-04T00:54:03.1343581Z libfontconfig1 is already the newest version (2.15.0-1.1ubuntu2).
2026-10-04T00:54:03.1343995Z libfontconfig1 set to manually installed.
2026-10-04T00:54:03.1344430Z libfreetype6 is already the newest version (2.13.2+dfsg-1ubuntu0.1).
2026-10-04T00:54:03.1344842Z libfreetype6 set to manually installed.
2026-10-04T00:54:03.1345250Z fonts-liberation is already the newest version (1:2.1.5-3).
2026-10-04T00:54:03.1345655Z fonts-liberation set to manually installed.
2026-10-04T00:54:03.1346209Z The following additional packages will be installed:
2026-10-04T00:54:03.1346711Z   libgl1-mesa-dri libglx-mesa0 mesa-libgallium xfonts-encodings xfonts-utils
2026-10-04T00:54:03.1347127Z Recommended packages:
2026-10-04T00:54:03.1347404Z   fonts-ipafont-mincho fonts-tlwg-loma
2026-10-04T00:54:03.1529273Z The following NEW packages will be installed:
2026-10-04T00:54:03.1530209Z   fonts-freefont-ttf fonts-ipafont-gothic fonts-tlwg-loma-otf fonts-unifont
2026-10-04T00:54:03.1535772Z   fonts-wqy-zenhei xfonts-cyrillic xfonts-encodings xfonts-scalable
2026-10-04T00:54:03.1536476Z   xfonts-utils
2026-10-04T00:54:03.1540859Z The following packages will be upgraded:
2026-10-04T00:54:03.1545523Z   libgbm1 libgl1-mesa-dri libglx-mesa0 mesa-libgallium
2026-10-04T00:54:03.1709331Z 4 upgraded, 9 newly installed, 0 to remove and 21 not upgraded.
2026-10-04T00:54:03.1710128Z Need to get 32.1 MB of archives.
2026-10-04T00:54:03.1710909Z After this operation, 79.5 MB of additional disk space will be used.
2026-10-04T00:54:03.1711833Z Get:1 file:/etc/apt/apt-mirrors.txt Mirrorlist [144 B]
2026-10-04T00:54:03.2605014Z Get:2 http://azure.archive.ubuntu.com/ubuntu noble/universe amd64 fonts-ipafont-gothic all 00303-21ubuntu1 [3513 kB]
2026-10-04T00:54:03.4139480Z Get:3 http://azure.archive.ubuntu.com/ubuntu noble/main amd64 fonts-freefont-ttf all 20211204+svn4273-2 [5641 kB]
2026-10-04T00:54:03.6160361Z Get:4 http://azure.archive.ubuntu.com/ubuntu noble/universe amd64 fonts-tlwg-loma-otf all 1:0.7.3-1 [107 kB]
2026-10-04T00:54:03.6962419Z Get:5 http://azure.archive.ubuntu.com/ubuntu noble/universe amd64 fonts-unifont all 1:15.1.01-1build1 [2993 kB]
2026-10-04T00:54:03.8370319Z Get:6 http://azure.archive.ubuntu.com/ubuntu noble/universe amd64 fonts-wqy-zenhei all 0.9.45-8 [7472 kB]
2026-10-04T00:54:04.0839338Z Get:7 http://azure.archive.ubuntu.com/ubuntu noble-updates/main amd64 libgl1-mesa-dri amd64 25.2.8-0ubuntu0.24.04.4 [38.0 kB]
2026-10-04T00:54:04.1566523Z Get:8 http://azure.archive.ubuntu.com/ubuntu noble-updates/main amd64 libglx-mesa0 amd64 25.2.8-0ubuntu0.24.04.4 [110 kB]
2026-10-04T00:54:04.2316670Z Get:9 http://azure.archive.ubuntu.com/ubuntu noble-updates/main amd64 libgbm1 amd64 25.2.8-0ubuntu0.24.04.4 [34.2 kB]
2026-10-04T00:54:04.3044784Z Get:10 http://azure.archive.ubuntu.com/ubuntu noble-updates/main amd64 mesa-libgallium amd64 25.2.8-0ubuntu0.24.04.4 [10.8 MB]
2026-10-04T00:54:04.6260861Z Get:11 http://azure.archive.ubuntu.com/ubuntu noble/main amd64 xfonts-encodings all 1:1.0.5-0ubuntu2 [578 kB]
2026-10-04T00:54:04.7111871Z Get:12 http://azure.archive.ubuntu.com/ubuntu noble/main amd64 xfonts-utils amd64 1:7.7+6build3 [94.4 kB]
2026-10-04T00:54:04.7853927Z Get:13 http://azure.archive.ubuntu.com/ubuntu noble/universe amd64 xfonts-cyrillic all 1:1.0.5+nmu1 [384 kB]
2026-10-04T00:54:04.8662906Z Get:14 http://azure.archive.ubuntu.com/ubuntu noble/main amd64 xfonts-scalable all 1:1.0.3-1.3 [304 kB]
2026-10-04T00:54:05.1170002Z Fetched 32.1 MB in 2s (18.7 MB/s)
2026-10-04T00:54:05.1407328Z Selecting previously unselected package fonts-ipafont-gothic.
2026-10-04T00:54:05.1715850Z (Reading database ... 
2026-10-04T00:54:05.1716369Z (Reading database ... 5%
2026-10-04T00:54:05.1717025Z (Reading database ... 10%
2026-10-04T00:54:05.1717515Z (Reading database ... 15%
2026-10-04T00:54:05.1718321Z (Reading database ... 20%
2026-10-04T00:54:05.1718616Z (Reading database ... 25%
2026-10-04T00:54:05.1718872Z (Reading database ... 30%
2026-10-04T00:54:05.1719127Z (Reading database ... 35%
2026-10-04T00:54:05.1719380Z (Reading database ... 40%
2026-10-04T00:54:05.1719618Z (Reading database ... 45%
2026-10-04T00:54:05.1719865Z (Reading database ... 50%
2026-10-04T00:54:05.1766436Z (Reading database ... 55%
2026-10-04T00:54:05.3009084Z (Reading database ... 60%
2026-10-04T00:54:05.5098796Z (Reading database ... 65%
2026-10-04T00:54:05.6973227Z (Reading database ... 70%
2026-10-04T00:54:05.8980307Z (Reading database ... 75%
2026-10-04T00:54:06.0603114Z (Reading database ... 80%
2026-10-04T00:54:06.2428812Z (Reading database ... 85%
2026-10-04T00:54:06.3666030Z (Reading database ... 90%
2026-10-04T00:54:06.5541252Z (Reading database ... 95%
2026-10-04T00:54:06.5541796Z (Reading database ... 100%
2026-10-04T00:54:06.5542507Z (Reading database ... 202296 files and directories currently installed.)
2026-10-04T00:54:06.5582142Z Preparing to unpack .../00-fonts-ipafont-gothic_00303-21ubuntu1_all.deb ...
2026-10-04T00:54:06.5676348Z Unpacking fonts-ipafont-gothic (00303-21ubuntu1) ...
2026-10-04T00:54:06.7921623Z Selecting previously unselected package fonts-freefont-ttf.
2026-10-04T00:54:06.8045873Z Preparing to unpack .../01-fonts-freefont-ttf_20211204+svn4273-2_all.deb ...
2026-10-04T00:54:06.8053457Z Unpacking fonts-freefont-ttf (20211204+svn4273-2) ...
2026-10-04T00:54:06.8830563Z Selecting previously unselected package fonts-tlwg-loma-otf.
2026-10-04T00:54:06.8956670Z Preparing to unpack .../02-fonts-tlwg-loma-otf_1%3a0.7.3-1_all.deb ...
2026-10-04T00:54:06.8965290Z Unpacking fonts-tlwg-loma-otf (1:0.7.3-1) ...
2026-10-04T00:54:06.9183302Z Selecting previously unselected package fonts-unifont.
2026-10-04T00:54:06.9311641Z Preparing to unpack .../03-fonts-unifont_1%3a15.1.01-1build1_all.deb ...
2026-10-04T00:54:06.9319629Z Unpacking fonts-unifont (1:15.1.01-1build1) ...
2026-10-04T00:54:07.0368935Z Selecting previously unselected package fonts-wqy-zenhei.
2026-10-04T00:54:07.0496407Z Preparing to unpack .../04-fonts-wqy-zenhei_0.9.45-8_all.deb ...
2026-10-04T00:54:07.0592596Z Unpacking fonts-wqy-zenhei (0.9.45-8) ...
2026-10-04T00:54:07.5351396Z Preparing to unpack .../05-libgl1-mesa-dri_25.2.8-0ubuntu0.24.04.4_amd64.deb ...
2026-10-04T00:54:07.5489026Z Unpacking libgl1-mesa-dri:amd64 (25.2.8-0ubuntu0.24.04.4) over (25.2.8-0ubuntu0.24.04.2) ...
2026-10-04T00:54:07.5957482Z Preparing to unpack .../06-libglx-mesa0_25.2.8-0ubuntu0.24.04.4_amd64.deb ...
2026-10-04T00:54:07.5999106Z Unpacking libglx-mesa0:amd64 (25.2.8-0ubuntu0.24.04.4) over (25.2.8-0ubuntu0.24.04.2) ...
2026-10-04T00:54:07.6361310Z Preparing to unpack .../07-libgbm1_25.2.8-0ubuntu0.24.04.4_amd64.deb ...
2026-10-04T00:54:07.6383986Z Unpacking libgbm1:amd64 (25.2.8-0ubuntu0.24.04.4) over (25.2.8-0ubuntu0.24.04.2) ...
2026-10-04T00:54:07.6739378Z Preparing to unpack .../08-mesa-libgallium_25.2.8-0ubuntu0.24.04.4_amd64.deb ...
2026-10-04T00:54:07.6762645Z Unpacking mesa-libgallium:amd64 (25.2.8-0ubuntu0.24.04.4) over (25.2.8-0ubuntu0.24.04.2) ...
2026-10-04T00:54:07.8423197Z Selecting previously unselected package xfonts-encodings.
2026-10-04T00:54:07.8549127Z Preparing to unpack .../09-xfonts-encodings_1%3a1.0.5-0ubuntu2_all.deb ...
2026-10-04T00:54:07.8556217Z Unpacking xfonts-encodings (1:1.0.5-0ubuntu2) ...
2026-10-04T00:54:07.8835963Z Selecting previously unselected package xfonts-utils.
2026-10-04T00:54:07.8960774Z Preparing to unpack .../10-xfonts-utils_1%3a7.7+6build3_amd64.deb ...
2026-10-04T00:54:07.8966988Z Unpacking xfonts-utils (1:7.7+6build3) ...
2026-10-04T00:54:07.9338800Z Selecting previously unselected package xfonts-cyrillic.
2026-10-04T00:54:07.9460902Z Preparing to unpack .../11-xfonts-cyrillic_1%3a1.0.5+nmu1_all.deb ...
2026-10-04T00:54:07.9471752Z Unpacking xfonts-cyrillic (1:1.0.5+nmu1) ...
2026-10-04T00:54:07.9799924Z Selecting previously unselected package xfonts-scalable.
2026-10-04T00:54:07.9923528Z Preparing to unpack .../12-xfonts-scalable_1%3a1.0.3-1.3_all.deb ...
2026-10-04T00:54:07.9931959Z Unpacking xfonts-scalable (1:1.0.3-1.3) ...
2026-10-04T00:54:08.0373532Z Setting up mesa-libgallium:amd64 (25.2.8-0ubuntu0.24.04.4) ...
2026-10-04T00:54:08.0444080Z Setting up libgbm1:amd64 (25.2.8-0ubuntu0.24.04.4) ...
2026-10-04T00:54:08.0461047Z Setting up libgl1-mesa-dri:amd64 (25.2.8-0ubuntu0.24.04.4) ...
2026-10-04T00:54:08.0536748Z Setting up fonts-wqy-zenhei (0.9.45-8) ...
2026-10-04T00:54:08.0654059Z Setting up fonts-freefont-ttf (20211204+svn4273-2) ...
2026-10-04T00:54:08.0670673Z Setting up fonts-tlwg-loma-otf (1:0.7.3-1) ...
2026-10-04T00:54:08.0692654Z Setting up xfonts-encodings (1:1.0.5-0ubuntu2) ...
2026-10-04T00:54:08.0711675Z Setting up fonts-ipafont-gothic (00303-21ubuntu1) ...
2026-10-04T00:54:08.0777417Z update-alternatives: using /usr/share/fonts/opentype/ipafont-gothic/ipag.ttf to provide /usr/share/fonts/truetype/fonts-japanese-gothic.ttf (fonts-japanese-gothic.ttf) in auto mode
2026-10-04T00:54:08.0792951Z Setting up fonts-unifont (1:15.1.01-1build1) ...
2026-10-04T00:54:08.0810897Z Setting up libglx-mesa0:amd64 (25.2.8-0ubuntu0.24.04.4) ...
2026-10-04T00:54:08.0830540Z Setting up xfonts-utils (1:7.7+6build3) ...
2026-10-04T00:54:08.0872898Z Setting up xfonts-cyrillic (1:1.0.5+nmu1) ...
2026-10-04T00:54:08.1166720Z Setting up xfonts-scalable (1:1.0.3-1.3) ...
2026-10-04T00:54:08.1505909Z Processing triggers for libc-bin (2.39-0ubuntu8.9) ...
2026-10-04T00:54:08.1845725Z Processing triggers for man-db (2.12.0-4build2) ...
2026-10-04T00:54:08.1868825Z Not building database; man-db/auto-update is not 'true'.
2026-10-04T00:54:08.1883335Z Processing triggers for fontconfig (2.15.0-1.1ubuntu2) ...
2026-10-04T00:54:08.9313505Z 
2026-10-04T00:54:08.9314352Z Running kernel seems to be up-to-date.
2026-10-04T00:54:08.9314826Z 
2026-10-04T00:54:08.9315089Z No services need to be restarted.
2026-10-04T00:54:08.9315418Z 
2026-10-04T00:54:08.9315670Z No containers need to be restarted.
2026-10-04T00:54:08.9315997Z 
2026-10-04T00:54:08.9316321Z No user sessions are running outdated binaries.
2026-10-04T00:54:08.9316682Z 
2026-10-04T00:54:08.9317171Z No VM guests are running outdated hypervisor (qemu) binaries on this host.
2026-10-04T00:54:09.7811628Z Downloading Chrome for Testing 151.0.7922.34 (playwright chromium v1234) from https://cdn.playwright.dev/builds/cft/151.0.7922.34/linux64/chrome-linux64.zip
2026-10-04T00:54:10.8284656Z |                                                                                |   0% of 184.3 MiB
2026-10-04T00:54:11.0563560Z |■■■■■■■■                                                                        |  10% of 184.3 MiB
2026-10-04T00:54:11.2329892Z |■■■■■■■■■■■■■■■■                                                                |  20% of 184.3 MiB
2026-10-04T00:54:11.3523567Z |■■■■■■■■■■■■■■■■■■■■■■■■                                                        |  30% of 184.3 MiB
2026-10-04T00:54:11.8696458Z |■■■■■■■■■■■■■■■■■■■■■■■■■■■■■■■■                                                |  40% of 184.3 MiB
2026-10-04T00:54:12.0218543Z |■■■■■■■■■■■■■■■■■■■■■■■■■■■■■■■■■■■■■■■■                                        |  50% of 184.3 MiB
2026-10-04T00:54:12.2545579Z |■■■■■■■■■■■■■■■■■■■■■■■■■■■■■■■■■■■■■■■■■■■■■■■■                                |  60% of 184.3 MiB
2026-10-04T00:54:12.4446193Z |■■■■■■■■■■■■■■■■■■■■■■■■■■■■■■■■■■■■■■■■■■■■■■■■■■■■■■■■                        |  70% of 184.3 MiB
2026-10-04T00:54:12.5649712Z |■■■■■■■■■■■■■■■■■■■■■■■■■■■■■■■■■■■■■■■■■■■■■■■■■■■■■■■■■■■■■■■■                |  80% of 184.3 MiB
2026-10-04T00:54:12.8522876Z |■■■■■■■■■■■■■■■■■■■■■■■■■■■■■■■■■■■■■■■■■■■■■■■■■■■■■■■■■■■■■■■■■■■■■■■■        |  90% of 184.3 MiB
2026-10-04T00:54:12.9902694Z |■■■■■■■■■■■■■■■■■■■■■■■■■■■■■■■■■■■■■■■■■■■■■■■■■■■■■■■■■■■■■■■■■■■■■■■■■■■■■■■■| 100% of 184.3 MiB
2026-10-04T00:54:16.1052825Z Chrome for Testing 151.0.7922.34 (playwright chromium v1234) downloaded to /home/runner/.cache/ms-playwright/chromium-1234
2026-10-04T00:54:16.1056577Z Downloading FFmpeg (playwright ffmpeg v1011) from https://cdn.playwright.dev/dbazure/download/playwright/builds/ffmpeg/1011/ffmpeg-linux.zip
2026-10-04T00:54:17.0552956Z |                                                                                |   0% of 2.3 MiB
2026-10-04T00:54:17.0597524Z |■■■■■■■■                                                                        |  10% of 2.3 MiB
2026-10-04T00:54:17.0627128Z |■■■■■■■■■■■■■■■■                                                                |  20% of 2.3 MiB
2026-10-04T00:54:17.0640608Z |■■■■■■■■■■■■■■■■■■■■■■■■                                                        |  30% of 2.3 MiB
2026-10-04T00:54:17.0658140Z |■■■■■■■■■■■■■■■■■■■■■■■■■■■■■■■■                                                |  40% of 2.3 MiB
2026-10-04T00:54:17.0674649Z |■■■■■■■■■■■■■■■■■■■■■■■■■■■■■■■■■■■■■■■■                                        |  50% of 2.3 MiB
2026-10-04T00:54:17.0691058Z |■■■■■■■■■■■■■■■■■■■■■■■■■■■■■■■■■■■■■■■■■■■■■■■■                                |  60% of 2.3 MiB
2026-10-04T00:54:17.0710010Z |■■■■■■■■■■■■■■■■■■■■■■■■■■■■■■■■■■■■■■■■■■■■■■■■■■■■■■■■                        |  70% of 2.3 MiB
2026-10-04T00:54:17.0727534Z |■■■■■■■■■■■■■■■■■■■■■■■■■■■■■■■■■■■■■■■■■■■■■■■■■■■■■■■■■■■■■■■■                |  80% of 2.3 MiB
2026-10-04T00:54:17.0743372Z |■■■■■■■■■■■■■■■■■■■■■■■■■■■■■■■■■■■■■■■■■■■■■■■■■■■■■■■■■■■■■■■■■■■■■■■■        |  90% of 2.3 MiB
2026-10-04T00:54:17.0756163Z |■■■■■■■■■■■■■■■■■■■■■■■■■■■■■■■■■■■■■■■■■■■■■■■■■■■■■■■■■■■■■■■■■■■■■■■■■■■■■■■■| 100% of 2.3 MiB
2026-10-04T00:54:17.1377212Z FFmpeg (playwright ffmpeg v1011) downloaded to /home/runner/.cache/ms-playwright/ffmpeg-1011
2026-10-04T00:54:17.1380651Z Downloading Chrome Headless Shell 151.0.7922.34 (playwright chromium-headless-shell v1234) from https://cdn.playwright.dev/builds/cft/151.0.7922.34/linux64/chrome-headless-shell-linux64.zip
2026-10-04T00:54:18.1541406Z |                                                                                |   0% of 114.7 MiB
2026-10-04T00:54:18.2839555Z |■■■■■■■■                                                                        |  10% of 114.7 MiB
2026-10-04T00:54:18.3749775Z |■■■■■■■■■■■■■■■■                                                                |  20% of 114.7 MiB
2026-10-04T00:54:18.4377670Z |■■■■■■■■■■■■■■■■■■■■■■■■                                                        |  30% of 114.7 MiB
2026-10-04T00:54:18.5003371Z |■■■■■■■■■■■■■■■■■■■■■■■■■■■■■■■■                                                |  40% of 114.7 MiB
2026-10-04T00:54:18.5878252Z |■■■■■■■■■■■■■■■■■■■■■■■■■■■■■■■■■■■■■■■■                                        |  50% of 114.7 MiB
2026-10-04T00:54:18.6479350Z |■■■■■■■■■■■■■■■■■■■■■■■■■■■■■■■■■■■■■■■■■■■■■■■■                                |  60% of 114.7 MiB
2026-10-04T00:54:18.7339412Z |■■■■■■■■■■■■■■■■■■■■■■■■■■■■■■■■■■■■■■■■■■■■■■■■■■■■■■■■                        |  70% of 114.7 MiB
2026-10-04T00:54:18.8060806Z |■■■■■■■■■■■■■■■■■■■■■■■■■■■■■■■■■■■■■■■■■■■■■■■■■■■■■■■■■■■■■■■■                |  80% of 114.7 MiB
2026-10-04T00:54:18.8931307Z |■■■■■■■■■■■■■■■■■■■■■■■■■■■■■■■■■■■■■■■■■■■■■■■■■■■■■■■■■■■■■■■■■■■■■■■■        |  90% of 114.7 MiB
2026-10-04T00:54:18.9670000Z |■■■■■■■■■■■■■■■■■■■■■■■■■■■■■■■■■■■■■■■■■■■■■■■■■■■■■■■■■■■■■■■■■■■■■■■■■■■■■■■■| 100% of 114.7 MiB
2026-10-04T00:54:21.2472447Z Chrome Headless Shell 151.0.7922.34 (playwright chromium-headless-shell v1234) downloaded to /home/runner/.cache/ms-playwright/chromium_headless_shell-1234
2026-10-04T00:54:21.2833655Z ##[group]Run pnpm test:browser
2026-10-04T00:54:21.2833964Z [36;1mpnpm test:browser[0m
2026-10-04T00:54:21.2896325Z shell: /usr/bin/bash -e {0}
2026-10-04T00:54:21.2896582Z env:
2026-10-04T00:54:21.2896835Z   PNPM_HOME: /home/runner/setup-pnpm/node_modules/.bin
2026-10-04T00:54:21.2897151Z ##[endgroup]
2026-10-04T00:54:22.1978237Z Already up to date
2026-10-04T00:54:22.1985707Z Done in 432ms using pnpm v11.19.0
2026-10-04T00:54:22.2132860Z $ node scripts/browser-test.mjs
2026-10-04T00:54:23.1072989Z [browser] page
2026-10-04T00:54:33.5987713Z [browser] uploadPage
2026-10-04T00:54:35.5812441Z [browser] workpaperPage
2026-10-04T00:54:37.8005607Z [browser] pdfPage
2026-10-04T00:54:38.9749449Z [browser] recoveryPage
2026-10-04T00:54:41.9632439Z [browser] importAiPage
2026-10-04T00:54:42.9186840Z [browser] importAiPage
2026-10-04T00:54:43.8829697Z [browser] importAiPage
2026-10-04T00:54:44.8189238Z [browser] quickPage
2026-10-04T00:54:46.5172022Z [browser] ambiguityPage
2026-10-04T00:54:48.2003211Z [browser] precisionPage
2026-10-04T00:54:48.9956340Z [browser] autoPdfPage
2026-10-04T00:54:50.1222111Z [browser] directionPage
2026-10-04T00:54:51.7415509Z [browser] directionPage
2026-10-04T00:54:54.3729265Z [browser] bothPdfPage
2026-10-04T00:54:55.7980902Z [browser] native layered XLSX headers
2026-10-04T00:54:59.5982033Z [browser] explicitly typed short documents
2026-10-04T00:55:03.4774939Z [browser] own-document and related-invoice roles
2026-10-04T00:55:08.3388539Z [browser] unknown credit-note role
2026-10-04T00:55:11.4446575Z [browser] canonical assistant evidence
2026-10-04T00:55:15.5826997Z [browser] template lifecycle
2026-10-04T00:55:16.0905651Z [browser] template cycle 1
2026-10-04T00:55:16.9271282Z [browser] template cycle 2
2026-10-04T00:55:17.6680780Z [browser] template cycle 3
2026-10-04T00:55:18.4495579Z [browser] visual reader
2026-10-04T00:55:23.5217176Z [browser] P6 actual OCR: cell correction, invalidation, bilingual save, restore and tamper rejection passed; financial promotion remains disabled
2026-10-04T00:55:25.9411162Z {"check":"arabic-visual-ocr-observation","status":"unverified","financialAccuracy":"not-established","expected":{"headingWords":["كشف","حساب","المورد"],"amounts":["١٬٢٥٠٫٠٠","-٢٥٠٫٠٠","١٬٠٠٠٫٠٠"]},"observed":["كشف","حساب","المورد","فاتورة","م70","‎YO,","-","429)‏","الإجمالي","‎Vee,‏"],"exactAmountCount":0,"expectedAmountCount":3,"numericCoverageGap":true,"comparisonRule":"exact Unicode words; ordinary bidi marks only are ignored; no digit, sign or separator substitution"}
2026-10-04T00:55:25.9414854Z ARABIC OCR NUMERIC COVERAGE GAP: 0/3 exact amounts. This is an unverified observation, not financial success.
2026-10-04T00:55:30.3660626Z [browser] manual visual regions
2026-10-04T00:55:42.0918294Z [browser] visual regions: real Arabic OCR, manual crop, review invalidation, cancel, save/restore, AR/EN/mobile and financial isolation passed
2026-10-04T00:55:42.0919714Z [browser] Arabic and English
2026-10-04T00:55:42.1297155Z [browser] visual table inventory
2026-10-04T00:55:49.3126192Z [browser] table inventory: real OCR, four reviewed literals, unreadable row, reviewed total, replay, AR/EN/mobile, stale source and accounting isolation passed
2026-10-04T00:55:49.3494864Z [browser] reviewed image accounting source
2026-10-04T00:55:54.2856399Z [browser] reviewed image: explicit transfer, partial match, bound context, currency denial, PNG/record export, AR/EN/mobile and session replay passed
2026-10-04T00:55:54.3207218Z [browser] languages
2026-10-04T00:55:56.5056860Z {
2026-10-04T00:55:56.5057342Z   "passed": true,
2026-10-04T00:55:56.5057782Z   "checks": [
2026-10-04T00:55:56.5058398Z     "GitHub subpath assets",
2026-10-04T00:55:56.5059349Z     "legacy templates migrate to positions only; three offline compare/export/reset sessions retain fresh amounts and references",
2026-10-04T00:55:56.5060040Z     "production CSP",
2026-10-04T00:55:56.5061048Z     "Arabic-only TARASUF identity, authentic local native fonts, keyboard-accessible uploads and atomic multi-file-drop rejection",
2026-10-04T00:55:56.5062351Z     "true A4 vector paper proportions, unique local clips and per-paper scans across 17 animation samples at six widths; all scene motion pauses offscreen or on request",
2026-10-04T00:55:56.5064154Z     "320/390/768/820/1024/1280px layouts without overflow; four grounded features, readable workflow labels, anchor/keyboard reveals and reduced-motion privacy navigation",
2026-10-04T00:55:56.5065937Z     "offline native confirm/review/export headings retain correct font and focus; longest title wraps at 320px without shrinking",
2026-10-04T00:55:56.5075012Z     "offline first comparison",
2026-10-04T00:55:56.5075561Z     "engine/io cases run separately",
2026-10-04T00:55:56.5076082Z     "grounded assistant offline",
2026-10-04T00:55:56.5076614Z     "cancel and confirm session reset",
2026-10-04T00:55:56.5077097Z     "reject auto match",
2026-10-04T00:55:56.5077383Z     "Excel download roundtrip",
2026-10-04T00:55:56.5077759Z     "invalid export text rejected and correction retried",
2026-10-04T00:55:56.5078507Z     "mapping invalidation",
2026-10-04T00:55:56.5078757Z     "390px layout",
2026-10-04T00:55:56.5079012Z     "actual CSV upload offline",
2026-10-04T00:55:56.5079448Z     "XLSX upload with helper formulas, percentages and multiple sheets offline",
2026-10-04T00:55:56.5080035Z     "case workpaper reimport chooses parsed sources without restoring approvals",
2026-10-04T00:55:56.5080587Z     "bordered PDF upload, review, comparison and Excel export offline",
2026-10-04T00:55:56.5081507Z     "covered PDF rejected, XLSX retry succeeds, colored PDF comparison and numeric export succeed offline",
2026-10-04T00:55:56.5084029Z     "typed image-only and first-failing-page PDF diagnoses retain the existing XLSX and recover on the next readable PDF",
2026-10-04T00:55:56.5085854Z     "synthetic ready local-model advice requires explicit Apply before comparison; absent/downloadable providers never create sessions and retain manual mapping",
2026-10-04T00:55:56.5087662Z     "clear files show no mandatory input fields; explicit metadata and unambiguous formats filled and numeric export verified",
2026-10-04T00:55:56.5089156Z     "both ambiguous date and 3-decimal amount formats require independent choices",
2026-10-04T00:55:56.5090324Z     "unknown currency precision requires an explicit choice including the existing two-decimal value",
2026-10-04T00:55:56.5091513Z     "PDF columns detected from geometry with a reachable review box",
2026-10-04T00:55:56.5092751Z     "namespaced XLSX source pairs: zero mandatory fields with proven opposite directions and exact numeric Excel export",
2026-10-04T00:55:56.5094092Z     "formula running balances require separate essential supplier/AP sign choices before comparison",
2026-10-04T00:55:56.5095583Z     "header selection preserves proven AP direction; failed XLSX replacement preserves the retained file manual sign choice",
2026-10-04T00:55:56.5097026Z     "two PDF review approvals remain independent; replacing a multi-page PDF resets its preview and approval",
2026-10-04T00:55:56.5098875Z     "real local PNG/raster-PDF OCR, source hash, word coordinates, cancel/clear, native-source isolation and static-assets-only network",
2026-10-04T00:55:56.5101205Z     "Arabic RTL by default; switching to English LTR mid-review keeps files, results, tab, assistant answers and notes; identical figures and workpaper; no stray Arabic in English or English in Arabic; choice persists",
2026-10-04T00:55:56.5102708Z     "no observed external or POST requests"
2026-10-04T00:55:56.5103154Z   ],
2026-10-04T00:55:56.5103513Z   "screenshots": "work/qa"
2026-10-04T00:55:56.5103905Z }
2026-10-04T00:55:56.5890405Z ##[group]Run python3 audit/visual-cell-review/check_record.py work/qa/p6-reviewed.json work/qa/p6-source.png
2026-10-04T00:55:56.5891200Z [36;1mpython3 audit/visual-cell-review/check_record.py work/qa/p6-reviewed.json work/qa/p6-source.png[0m
2026-10-04T00:55:56.5953471Z shell: /usr/bin/bash -e {0}
2026-10-04T00:55:56.5953731Z env:
2026-10-04T00:55:56.5953985Z   PNPM_HOME: /home/runner/setup-pnpm/node_modules/.bin
2026-10-04T00:55:56.5954297Z ##[endgroup]
2026-10-04T00:56:03.8242659Z {"status": "pass", "cells": 2, "pixelIdentity": true, "financialPromotion": false}
2026-10-04T00:56:03.8327817Z ##[group]Run python3 audit/visual-numeric/check_record.py work/qa/p6-region-reviewed.json work/qa/p6-region-source.png
2026-10-04T00:56:03.8328938Z [36;1mpython3 audit/visual-numeric/check_record.py work/qa/p6-region-reviewed.json work/qa/p6-region-source.png[0m
2026-10-04T00:56:03.8391087Z shell: /usr/bin/bash -e {0}
2026-10-04T00:56:03.8391366Z env:
2026-10-04T00:56:03.8391624Z   PNPM_HOME: /home/runner/setup-pnpm/node_modules/.bin
2026-10-04T00:56:03.8391943Z ##[endgroup]
2026-10-04T00:56:14.1385018Z {"status": "pass", "manualRegions": 1, "arabicLiteral": "-٢٥٠٫٠٠", "pixelIdentity": true, "financialPromotion": false}
2026-10-04T00:56:14.1468680Z ##[group]Run python3 audit/visual-table/check_record.py work/qa/p6-table-reviewed.json work/qa/p6-table-source.png
2026-10-04T00:56:14.1469507Z [36;1mpython3 audit/visual-table/check_record.py work/qa/p6-table-reviewed.json work/qa/p6-table-source.png[0m
2026-10-04T00:56:14.1531414Z shell: /usr/bin/bash -e {0}
2026-10-04T00:56:14.1531673Z env:
2026-10-04T00:56:14.1531925Z   PNPM_HOME: /home/runner/setup-pnpm/node_modules/.bin
2026-10-04T00:56:14.1532242Z ##[endgroup]
2026-10-04T00:56:17.9799680Z {"status": "pass", "rows": 3, "manualValues": 4, "unreadableRows": 1, "reviewedExclusions": 1, "financialPromotion": false}
2026-10-04T00:56:17.9886287Z ##[group]Run python3 audit/visual-accounting/check_record.py work/qa/p6-accounting-source.json work/qa/p6-accounting-source.png
2026-10-04T00:56:17.9887378Z [36;1mpython3 audit/visual-accounting/check_record.py work/qa/p6-accounting-source.json work/qa/p6-accounting-source.png[0m
2026-10-04T00:56:17.9888630Z [36;1mpython3 audit/visual-accounting/check_export.py work/qa/p6-accounting-ar.xlsx work/qa/p6-accounting-en.xlsx work/qa/p6-accounting-restored.xlsx[0m
2026-10-04T00:56:17.9951895Z shell: /usr/bin/bash -e {0}
2026-10-04T00:56:17.9952165Z env:
2026-10-04T00:56:17.9952441Z   PNPM_HOME: /home/runner/setup-pnpm/node_modules/.bin
2026-10-04T00:56:17.9952801Z ##[endgroup]
2026-10-04T00:56:21.8083135Z {"status": "pass", "imageRows": 3, "manualValues": 12, "missingAmounts": 1, "reviewedExclusions": 1, "interpretationBound": true, "fullBalanceReconciliation": false, "automaticOCR": false}
2026-10-04T00:56:25.6976436Z [
2026-10-04T00:56:25.6976814Z   {
2026-10-04T00:56:25.6977347Z     "workbook": "work/qa/p6-accounting-ar.xlsx",
2026-10-04T00:56:25.6978897Z     "verified": true,
2026-10-04T00:56:25.6979331Z     "matches": 1,
2026-10-04T00:56:25.6979682Z     "damagedRows": 1,
2026-10-04T00:56:25.6980060Z     "originalPng": true,
2026-10-04T00:56:25.6980443Z     "fullRecord": true,
2026-10-04T00:56:25.6980894Z     "fullBalanceReconciliation": false
2026-10-04T00:56:25.6981385Z   },
2026-10-04T00:56:25.6981659Z   {
2026-10-04T00:56:25.6982043Z     "workbook": "work/qa/p6-accounting-en.xlsx",
2026-10-04T00:56:25.6982515Z     "verified": true,
2026-10-04T00:56:25.6982849Z     "matches": 1,
2026-10-04T00:56:25.6983163Z     "damagedRows": 1,
2026-10-04T00:56:25.6983519Z     "originalPng": true,
2026-10-04T00:56:25.6983872Z     "fullRecord": true,
2026-10-04T00:56:25.6984300Z     "fullBalanceReconciliation": false
2026-10-04T00:56:25.6984713Z   },
2026-10-04T00:56:25.6984974Z   {
2026-10-04T00:56:25.6985386Z     "workbook": "work/qa/p6-accounting-restored.xlsx",
2026-10-04T00:56:25.6985875Z     "verified": true,
2026-10-04T00:56:25.6986218Z     "matches": 1,
2026-10-04T00:56:25.6986543Z     "damagedRows": 1,
2026-10-04T00:56:25.6986884Z     "originalPng": true,
2026-10-04T00:56:25.6987247Z     "fullRecord": true,
2026-10-04T00:56:25.6987672Z     "fullBalanceReconciliation": false
2026-10-04T00:56:25.6989024Z   }
2026-10-04T00:56:25.6989349Z ]
2026-10-04T00:56:25.7101939Z ##[group]Run actions/upload-artifact@ea165f8d65b6e75b540449e92b4886f43607fa02
2026-10-04T00:56:25.7102349Z with:
2026-10-04T00:56:25.7102561Z   name: visual-review-evidence
2026-10-04T00:56:25.7102811Z   path: work/qa/p6-*
2026-10-04T00:56:25.7103039Z   if-no-files-found: ignore
2026-10-04T00:56:25.7103270Z   retention-days: 7
2026-10-04T00:56:25.7103490Z   compression-level: 6
2026-10-04T00:56:25.7103705Z   overwrite: false
2026-10-04T00:56:25.7103919Z   include-hidden-files: false
2026-10-04T00:56:25.7104161Z env:
2026-10-04T00:56:25.7104401Z   PNPM_HOME: /home/runner/setup-pnpm/node_modules/.bin
2026-10-04T00:56:25.7104705Z ##[endgroup]
2026-10-04T00:56:25.8778873Z (node:5163) [DEP0040] DeprecationWarning: The `punycode` module is deprecated. Please use a userland alternative instead.
2026-10-04T00:56:25.8779729Z (Use `node --trace-deprecation ...` to show where the warning was created)
2026-10-04T00:56:25.8903430Z With the provided path, there will be 26 files uploaded
2026-10-04T00:56:25.8909489Z Artifact name is valid!
2026-10-04T00:56:25.8910148Z Root directory input is valid!
2026-10-04T00:56:26.2906297Z Beginning upload of artifact content to blob storage
2026-10-04T00:56:26.4400067Z (node:5163) [DEP0169] DeprecationWarning: `url.parse()` behavior is not standardized and prone to errors that have security implications. Use the WHATWG URL API instead. CVEs are not issued for `url.parse()` vulnerabilities.
2026-10-04T00:56:27.2403243Z Uploaded bytes 2759294
2026-10-04T00:56:27.3205364Z Finished uploading artifact content to blob storage!
2026-10-04T00:56:27.3206715Z SHA256 digest of uploaded artifact zip is acabad264f10de724ea5974bf4a1addebcc0b871c224823d90f3b4a6be6c6773
2026-10-04T00:56:27.3207803Z Finalizing artifact upload
2026-10-04T00:56:27.5572243Z Artifact visual-review-evidence.zip successfully finalized. Artifact ID 11289034909
2026-10-04T00:56:27.5574039Z Artifact visual-review-evidence has been successfully uploaded! Final size is 2759294 bytes. Artifact ID is 11289034909
2026-10-04T00:56:27.5578678Z Artifact download URL: https://github.com/mjodshamrani-ux/accounting/actions/runs/37166195028/artifacts/11289034909
2026-10-04T00:56:27.5706088Z ##[group]Run python3 audit/related-invoice/check_export.py work/qa/f03-*.xlsx
2026-10-04T00:56:27.5706647Z [36;1mpython3 audit/related-invoice/check_export.py work/qa/f03-*.xlsx[0m
2026-10-04T00:56:27.5769751Z shell: /usr/bin/bash -e {0}
2026-10-04T00:56:27.5770013Z env:
2026-10-04T00:56:27.5770267Z   PNPM_HOME: /home/runner/setup-pnpm/node_modules/.bin
2026-10-04T00:56:27.5770584Z ##[endgroup]
2026-10-04T00:56:27.6558643Z [
2026-10-04T00:56:27.6559148Z   {
2026-10-04T00:56:27.6559911Z     "workbook": "work/qa/f03-different-credit-notes-direct.xlsx",
2026-10-04T00:56:27.6560523Z     "verified": true,
2026-10-04T00:56:27.6560852Z     "id": "different-credit-notes",
2026-10-04T00:56:27.6561196Z     "sourceFormat": "xlsx",
2026-10-04T00:56:27.6561497Z     "approved": 0,
2026-10-04T00:56:27.6561796Z     "engine": "0.3.26-experimental"
2026-10-04T00:56:27.6562110Z   },
2026-10-04T00:56:27.6562328Z   {
2026-10-04T00:56:27.6562752Z     "workbook": "work/qa/f03-different-credit-notes-restored.xlsx",
2026-10-04T00:56:27.6563203Z     "verified": true,
2026-10-04T00:56:27.6563516Z     "id": "different-credit-notes",
2026-10-04T00:56:27.6563838Z     "sourceFormat": "xlsx",
2026-10-04T00:56:27.6564130Z     "approved": 0,
2026-10-04T00:56:27.6564417Z     "engine": "0.3.26-experimental"
2026-10-04T00:56:27.6564722Z   },
2026-10-04T00:56:27.6564941Z   {
2026-10-04T00:56:27.6565278Z     "workbook": "work/qa/f03-own-credit-note-direct.xlsx",
2026-10-04T00:56:27.6565680Z     "verified": true,
2026-10-04T00:56:27.6565954Z     "id": "own-credit-note",
2026-10-04T00:56:27.6566264Z     "sourceFormat": "xlsx",
2026-10-04T00:56:27.6566548Z     "approved": 1,
2026-10-04T00:56:27.6566838Z     "engine": "0.3.26-experimental"
2026-10-04T00:56:27.6567142Z   },
2026-10-04T00:56:27.6567617Z   {
2026-10-04T00:56:27.6568437Z     "workbook": "work/qa/f03-own-credit-note-restored.xlsx",
2026-10-04T00:56:27.6568965Z     "verified": true,
2026-10-04T00:56:27.6569421Z     "id": "own-credit-note",
2026-10-04T00:56:27.6569906Z     "sourceFormat": "xlsx",
2026-10-04T00:56:27.6570338Z     "approved": 1,
2026-10-04T00:56:27.6570751Z     "engine": "0.3.26-experimental"
2026-10-04T00:56:27.6571121Z   },
2026-10-04T00:56:27.6571483Z   {
2026-10-04T00:56:27.6571870Z     "workbook": "work/qa/f03-short-own-credit-note-direct.xlsx",
2026-10-04T00:56:27.6572384Z     "verified": true,
2026-10-04T00:56:27.6572774Z     "id": "short-own-credit-note",
2026-10-04T00:56:27.6573192Z     "sourceFormat": "pdf",
2026-10-04T00:56:27.6573600Z     "approved": 1,
2026-10-04T00:56:27.6573964Z     "engine": "0.3.26-experimental"
2026-10-04T00:56:27.6574368Z   },
2026-10-04T00:56:27.6574623Z   {
2026-10-04T00:56:27.6575151Z     "workbook": "work/qa/f03-short-own-credit-note-restored.xlsx",
2026-10-04T00:56:27.6575607Z     "verified": true,
2026-10-04T00:56:27.6576042Z     "id": "short-own-credit-note",
2026-10-04T00:56:27.6576406Z     "sourceFormat": "pdf",
2026-10-04T00:56:27.6576822Z     "approved": 1,
2026-10-04T00:56:27.6577196Z     "engine": "0.3.26-experimental"
2026-10-04T00:56:27.6577530Z   }
2026-10-04T00:56:27.6578060Z ]
2026-10-04T00:56:27.6654948Z ##[group]Run python3 audit/related-invoice/unknown-role/check_export.py work/qa/unknown-*.xlsx
2026-10-04T00:56:27.6655747Z [36;1mpython3 audit/related-invoice/unknown-role/check_export.py work/qa/unknown-*.xlsx[0m
2026-10-04T00:56:27.6718124Z shell: /usr/bin/bash -e {0}
2026-10-04T00:56:27.6718597Z env:
2026-10-04T00:56:27.6718986Z   PNPM_HOME: /home/runner/setup-pnpm/node_modules/.bin
2026-10-04T00:56:27.6719470Z ##[endgroup]
2026-10-04T00:56:27.7355369Z [
2026-10-04T00:56:27.7356164Z   {
2026-10-04T00:56:27.7357059Z     "workbook": "work/qa/unknown-blank-credit-ordinary-invoice-direct.xlsx",
2026-10-04T00:56:27.7358387Z     "verified": true,
2026-10-04T00:56:27.7359281Z     "id": "blank-credit-ordinary-invoice",
2026-10-04T00:56:27.7359913Z     "format": "xlsx",
2026-10-04T00:56:27.7360423Z     "approved": 1,
2026-10-04T00:56:27.7360945Z     "engine": "0.3.26-experimental"
2026-10-04T00:56:27.7361486Z   },
2026-10-04T00:56:27.7361904Z   {
2026-10-04T00:56:27.7362634Z     "workbook": "work/qa/unknown-blank-credit-ordinary-invoice-restored.xlsx",
2026-10-04T00:56:27.7363268Z     "verified": true,
2026-10-04T00:56:27.7363733Z     "id": "blank-credit-ordinary-invoice",
2026-10-04T00:56:27.7364259Z     "format": "xlsx",
2026-10-04T00:56:27.7364622Z     "approved": 1,
2026-10-04T00:56:27.7365093Z     "engine": "0.3.26-experimental"
2026-10-04T00:56:27.7365531Z   },
2026-10-04T00:56:27.7365909Z   {
2026-10-04T00:56:27.7366435Z     "workbook": "work/qa/unknown-different-untyped-credit-direct.xlsx",
2026-10-04T00:56:27.7367029Z     "verified": true,
2026-10-04T00:56:27.7367500Z     "id": "different-untyped-credit",
2026-10-04T00:56:27.7368145Z     "format": "xlsx",
2026-10-04T00:56:27.7368558Z     "approved": 0,
2026-10-04T00:56:27.7368981Z     "engine": "0.3.26-experimental"
2026-10-04T00:56:27.7369409Z   },
2026-10-04T00:56:27.7369765Z   {
2026-10-04T00:56:27.7370303Z     "workbook": "work/qa/unknown-different-untyped-credit-restored.xlsx",
2026-10-04T00:56:27.7370937Z     "verified": true,
2026-10-04T00:56:27.7371387Z     "id": "different-untyped-credit",
2026-10-04T00:56:27.7371840Z     "format": "xlsx",
2026-10-04T00:56:27.7372245Z     "approved": 0,
2026-10-04T00:56:27.7372625Z     "engine": "0.3.26-experimental"
2026-10-04T00:56:27.7373037Z   }
2026-10-04T00:56:27.7373299Z ]
2026-10-04T00:56:27.7442829Z ##[group]Run python3 audit/assistant-evidence/check_export.py work/qa/p5-*.xlsx --browser work/qa/p5-browser.json
2026-10-04T00:56:27.7443656Z [36;1mpython3 audit/assistant-evidence/check_export.py work/qa/p5-*.xlsx --browser work/qa/p5-browser.json[0m
2026-10-04T00:56:27.7505430Z shell: /usr/bin/bash -e {0}
2026-10-04T00:56:27.7505690Z env:
2026-10-04T00:56:27.7505952Z   PNPM_HOME: /home/runner/setup-pnpm/node_modules/.bin
2026-10-04T00:56:27.7506277Z ##[endgroup]
2026-10-04T00:56:27.8212441Z {
2026-10-04T00:56:27.8213175Z   "workbooks": [
2026-10-04T00:56:27.8213820Z     {
2026-10-04T00:56:27.8214460Z       "workbook": "work/qa/p5-partial-source-direct.xlsx",
2026-10-04T00:56:27.8215167Z       "verified": true,
2026-10-04T00:56:27.8215646Z       "id": "partial-source",
2026-10-04T00:56:27.8216140Z       "approved": 1,
2026-10-04T00:56:27.8216656Z       "engine": "0.3.26-experimental"
2026-10-04T00:56:27.8217146Z     },
2026-10-04T00:56:27.8217487Z     {
2026-10-04T00:56:27.8218377Z       "workbook": "work/qa/p5-partial-source-restored.xlsx",
2026-10-04T00:56:27.8219023Z       "verified": true,
2026-10-04T00:56:27.8219482Z       "id": "partial-source",
2026-10-04T00:56:27.8219942Z       "approved": 1,
2026-10-04T00:56:27.8220409Z       "engine": "0.3.26-experimental"
2026-10-04T00:56:27.8220874Z     },
2026-10-04T00:56:27.8221200Z     {
2026-10-04T00:56:27.8221728Z       "workbook": "work/qa/p5-untyped-credit-direct.xlsx",
2026-10-04T00:56:27.8222332Z       "verified": true,
2026-10-04T00:56:27.8222801Z       "id": "untyped-credit",
2026-10-04T00:56:27.8223261Z       "approved": 0,
2026-10-04T00:56:27.8223736Z       "engine": "0.3.26-experimental"
2026-10-04T00:56:27.8224218Z     },
2026-10-04T00:56:27.8224567Z     {
2026-10-04T00:56:27.8225187Z       "workbook": "work/qa/p5-untyped-credit-restored.xlsx",
2026-10-04T00:56:27.8225909Z       "verified": true,
2026-10-04T00:56:27.8226404Z       "id": "untyped-credit",
2026-10-04T00:56:27.8226892Z       "approved": 0,
2026-10-04T00:56:27.8227411Z       "engine": "0.3.26-experimental"
2026-10-04T00:56:27.8228193Z     }
2026-10-04T00:56:27.8228568Z   ],
2026-10-04T00:56:27.8228941Z   "answers": null,
2026-10-04T00:56:27.8229355Z   "browser": {
2026-10-04T00:56:27.8230210Z     "browserAnswersVerified": 2,
2026-10-04T00:56:27.8230788Z     "engine": "0.3.26-experimental"
2026-10-04T00:56:27.8231282Z   }
2026-10-04T00:56:27.8231623Z }
2026-10-04T00:56:27.8324679Z ##[group]Run actions/upload-artifact@ea165f8d65b6e75b540449e92b4886f43607fa02
2026-10-04T00:56:27.8325107Z with:
2026-10-04T00:56:27.8325327Z   name: assistant-evidence
2026-10-04T00:56:27.8325665Z   path: work/p5-native
work/qa/p5-*.xlsx
work/qa/p5-browser.json

2026-10-04T00:56:27.8326036Z   if-no-files-found: ignore
2026-10-04T00:56:27.8326279Z   retention-days: 7
2026-10-04T00:56:27.8326498Z   compression-level: 6
2026-10-04T00:56:27.8326726Z   overwrite: false
2026-10-04T00:56:27.8326945Z   include-hidden-files: false
2026-10-04T00:56:27.8327187Z env:
2026-10-04T00:56:27.8327435Z   PNPM_HOME: /home/runner/setup-pnpm/node_modules/.bin
2026-10-04T00:56:27.8327740Z ##[endgroup]
2026-10-04T00:56:28.0038722Z (node:5181) [DEP0040] DeprecationWarning: The `punycode` module is deprecated. Please use a userland alternative instead.
2026-10-04T00:56:28.0040264Z (Use `node --trace-deprecation ...` to show where the warning was created)
2026-10-04T00:56:28.0161482Z Multiple search paths detected. Calculating the least common ancestor of all paths
2026-10-04T00:56:28.0164271Z The least common ancestor is /home/runner/work/accounting/accounting/work. This will be the root directory of the artifact
2026-10-04T00:56:28.0165246Z With the provided path, there will be 14 files uploaded
2026-10-04T00:56:28.0170728Z Artifact name is valid!
2026-10-04T00:56:28.0171515Z Root directory input is valid!
2026-10-04T00:56:28.4021737Z Beginning upload of artifact content to blob storage
2026-10-04T00:56:28.4492738Z (node:5181) [DEP0169] DeprecationWarning: `url.parse()` behavior is not standardized and prone to errors that have security implications. Use the WHATWG URL API instead. CVEs are not issued for `url.parse()` vulnerabilities.
2026-10-04T00:56:28.9915683Z Uploaded bytes 326670
2026-10-04T00:56:29.0680550Z Finished uploading artifact content to blob storage!
2026-10-04T00:56:29.0682277Z SHA256 digest of uploaded artifact zip is 606580e274404e8fc157ff9c6f0e619112319d6ecf67b5e545e050d491f6f637
2026-10-04T00:56:29.0683852Z Finalizing artifact upload
2026-10-04T00:56:29.3301409Z Artifact assistant-evidence.zip successfully finalized. Artifact ID 11289169422
2026-10-04T00:56:29.3303091Z Artifact assistant-evidence has been successfully uploaded! Final size is 326670 bytes. Artifact ID is 11289169422
2026-10-04T00:56:29.3309507Z Artifact download URL: https://github.com/mjodshamrani-ux/accounting/actions/runs/37166195028/artifacts/11289169422
2026-10-04T00:56:29.3461109Z ##[group]Run actions/upload-artifact@ea165f8d65b6e75b540449e92b4886f43607fa02
2026-10-04T00:56:29.3461550Z with:
2026-10-04T00:56:29.3461777Z   name: related-invoice-evidence
2026-10-04T00:56:29.3462423Z   path: work/f03-native
work/f03-pdf
work/unknown-role
work/qa/unknown-*.xlsx
work/qa/unknown-browser.json
work/qa/f03-*.xlsx
work/qa/f03-browser.json

2026-10-04T00:56:29.3463089Z   if-no-files-found: ignore
2026-10-04T00:56:29.3463334Z   retention-days: 7
2026-10-04T00:56:29.3463562Z   compression-level: 6
2026-10-04T00:56:29.3463791Z   overwrite: false
2026-10-04T00:56:29.3464024Z   include-hidden-files: false
2026-10-04T00:56:29.3464270Z env:
2026-10-04T00:56:29.3464529Z   PNPM_HOME: /home/runner/setup-pnpm/node_modules/.bin
2026-10-04T00:56:29.3464848Z ##[endgroup]
2026-10-04T00:56:29.5143749Z (node:5193) [DEP0040] DeprecationWarning: The `punycode` module is deprecated. Please use a userland alternative instead.
2026-10-04T00:56:29.5144887Z (Use `node --trace-deprecation ...` to show where the warning was created)
2026-10-04T00:56:29.5377226Z Multiple search paths detected. Calculating the least common ancestor of all paths
2026-10-04T00:56:29.5380939Z The least common ancestor is /home/runner/work/accounting/accounting/work. This will be the root directory of the artifact
2026-10-04T00:56:29.5382240Z With the provided path, there will be 63 files uploaded
2026-10-04T00:56:29.5387783Z Artifact name is valid!
2026-10-04T00:56:29.5388607Z Root directory input is valid!
2026-10-04T00:56:29.9386370Z Beginning upload of artifact content to blob storage
2026-10-04T00:56:30.0589403Z (node:5193) [DEP0169] DeprecationWarning: `url.parse()` behavior is not standardized and prone to errors that have security implications. Use the WHATWG URL API instead. CVEs are not issued for `url.parse()` vulnerabilities.
2026-10-04T00:56:30.7876918Z Uploaded bytes 1530550
2026-10-04T00:56:30.8683412Z Finished uploading artifact content to blob storage!
2026-10-04T00:56:30.8684343Z SHA256 digest of uploaded artifact zip is ee58b2c17530a084653fb72087c0b88c28ce2bf3427b6ef9c357fe522445bba4
2026-10-04T00:56:30.8686232Z Finalizing artifact upload
2026-10-04T00:56:31.1395442Z Artifact related-invoice-evidence.zip successfully finalized. Artifact ID 11289760519
2026-10-04T00:56:31.1397471Z Artifact related-invoice-evidence has been successfully uploaded! Final size is 1530550 bytes. Artifact ID is 11289760519
2026-10-04T00:56:31.1404906Z Artifact download URL: https://github.com/mjodshamrani-ux/accounting/actions/runs/37166195028/artifacts/11289760519
2026-10-04T00:56:31.1535676Z ##[group]Run python3 audit/layered-statement/check_export.py work/qa/layered-0-direct.xlsx work/qa/layered-0-restored.xlsx work/qa/layered-1-direct.xlsx work/qa/layered-1-restored.xlsx
2026-10-04T00:56:31.1536957Z [36;1mpython3 audit/layered-statement/check_export.py work/qa/layered-0-direct.xlsx work/qa/layered-0-restored.xlsx work/qa/layered-1-direct.xlsx work/qa/layered-1-restored.xlsx[0m
2026-10-04T00:56:31.1601110Z shell: /usr/bin/bash -e {0}
2026-10-04T00:56:31.1601379Z env:
2026-10-04T00:56:31.1601649Z   PNPM_HOME: /home/runner/setup-pnpm/node_modules/.bin
2026-10-04T00:56:31.1601979Z ##[endgroup]
2026-10-04T00:56:31.2260339Z [
2026-10-04T00:56:31.2260830Z   {
2026-10-04T00:56:31.2261450Z     "workbook": "work/qa/layered-0-direct.xlsx",
2026-10-04T00:56:31.2261918Z     "verified": true,
2026-10-04T00:56:31.2262365Z     "source": "supplier-layered-proven.xlsx",
2026-10-04T00:56:31.2263076Z     "sourceHash": "ed920ea60d9c302e2d319f76920f048227366fc5b01fdbb5229bab584fc93e8a",
2026-10-04T00:56:31.2263656Z     "movements": 4,
2026-10-04T00:56:31.2263955Z     "rowFates": 10,
2026-10-04T00:56:31.2264272Z     "approvedSupplierRows": [
2026-10-04T00:56:31.2264607Z       8
2026-10-04T00:56:31.2264851Z     ],
2026-10-04T00:56:31.2265110Z     "headerBand": [
2026-10-04T00:56:31.2265386Z       3,
2026-10-04T00:56:31.2265628Z       4
2026-10-04T00:56:31.2265860Z     ],
2026-10-04T00:56:31.2266163Z     "fullReconciliation": false
2026-10-04T00:56:31.2266552Z   },
2026-10-04T00:56:31.2266799Z   {
2026-10-04T00:56:31.2267131Z     "workbook": "work/qa/layered-0-restored.xlsx",
2026-10-04T00:56:31.2267524Z     "verified": true,
2026-10-04T00:56:31.2268081Z     "source": "supplier-layered-proven.xlsx",
2026-10-04T00:56:31.2268721Z     "sourceHash": "ed920ea60d9c302e2d319f76920f048227366fc5b01fdbb5229bab584fc93e8a",
2026-10-04T00:56:31.2269269Z     "movements": 4,
2026-10-04T00:56:31.2269542Z     "rowFates": 10,
2026-10-04T00:56:31.2269832Z     "approvedSupplierRows": [
2026-10-04T00:56:31.2270150Z       8
2026-10-04T00:56:31.2270386Z     ],
2026-10-04T00:56:31.2270628Z     "headerBand": [
2026-10-04T00:56:31.2270882Z       3,
2026-10-04T00:56:31.2271117Z       4
2026-10-04T00:56:31.2271349Z     ],
2026-10-04T00:56:31.2271622Z     "fullReconciliation": false
2026-10-04T00:56:31.2271935Z   },
2026-10-04T00:56:31.2272204Z   {
2026-10-04T00:56:31.2272522Z     "workbook": "work/qa/layered-1-direct.xlsx",
2026-10-04T00:56:31.2272898Z     "verified": true,
2026-10-04T00:56:31.2273261Z     "source": "supplier-layered-conflict.xlsx",
2026-10-04T00:56:31.2273879Z     "sourceHash": "9d4133c437598504fc8284d61f993e6977cf9bf699c44e3bb6fb499f85f859b4",
2026-10-04T00:56:31.2274416Z     "movements": 4,
2026-10-04T00:56:31.2274684Z     "rowFates": 10,
2026-10-04T00:56:31.2274971Z     "approvedSupplierRows": [
2026-10-04T00:56:31.2275283Z       8
2026-10-04T00:56:31.2275815Z     ],
2026-10-04T00:56:31.2276056Z     "headerBand": [
2026-10-04T00:56:31.2276330Z       3,
2026-10-04T00:56:31.2276563Z       4
2026-10-04T00:56:31.2276806Z     ],
2026-10-04T00:56:31.2277085Z     "fullReconciliation": false
2026-10-04T00:56:31.2277395Z   },
2026-10-04T00:56:31.2277626Z   {
2026-10-04T00:56:31.2278052Z     "workbook": "work/qa/layered-1-restored.xlsx",
2026-10-04T00:56:31.2278380Z     "verified": true,
2026-10-04T00:56:31.2278684Z     "source": "supplier-layered-conflict.xlsx",
2026-10-04T00:56:31.2279186Z     "sourceHash": "9d4133c437598504fc8284d61f993e6977cf9bf699c44e3bb6fb499f85f859b4",
2026-10-04T00:56:31.2279602Z     "movements": 4,
2026-10-04T00:56:31.2279828Z     "rowFates": 10,
2026-10-04T00:56:31.2280066Z     "approvedSupplierRows": [
2026-10-04T00:56:31.2280321Z       8
2026-10-04T00:56:31.2280513Z     ],
2026-10-04T00:56:31.2280717Z     "headerBand": [
2026-10-04T00:56:31.2280928Z       3,
2026-10-04T00:56:31.2281122Z       4
2026-10-04T00:56:31.2281311Z     ],
2026-10-04T00:56:31.2281550Z     "fullReconciliation": false
2026-10-04T00:56:31.2281803Z   }
2026-10-04T00:56:31.2281994Z ]
2026-10-04T00:56:31.2358476Z ##[group]Run python3 audit/typed-document/check_export.py work/qa/typed-0-direct.xlsx work/qa/typed-0-restored.xlsx work/qa/typed-1-direct.xlsx work/qa/typed-1-restored.xlsx
2026-10-04T00:56:31.2360680Z [36;1mpython3 audit/typed-document/check_export.py work/qa/typed-0-direct.xlsx work/qa/typed-0-restored.xlsx work/qa/typed-1-direct.xlsx work/qa/typed-1-restored.xlsx[0m
2026-10-04T00:56:31.2362267Z [36;1mpython3 -m unittest discover -s audit/typed-document -p 'test_*.py' -v[0m
2026-10-04T00:56:31.2429683Z shell: /usr/bin/bash -e {0}
2026-10-04T00:56:31.2429963Z env:
2026-10-04T00:56:31.2430238Z   PNPM_HOME: /home/runner/setup-pnpm/node_modules/.bin
2026-10-04T00:56:31.2430577Z ##[endgroup]
2026-10-04T00:56:31.3136774Z [
2026-10-04T00:56:31.3137251Z   {
2026-10-04T00:56:31.3137796Z     "workbook": "work/qa/typed-0-direct.xlsx",
2026-10-04T00:56:31.3138712Z     "verified": true,
2026-10-04T00:56:31.3139308Z     "source": "supplier-typed-proven.xlsx",
2026-10-04T00:56:31.3139847Z     "engine": "0.3.26-experimental",
2026-10-04T00:56:31.3140270Z     "supplierMovements": 4,
2026-10-04T00:56:31.3140646Z     "supplierRowFates": 10,
2026-10-04T00:56:31.3141024Z     "approvedMemberSets": [
2026-10-04T00:56:31.3141374Z       {
2026-10-04T00:56:31.3141682Z         "supplierRows": [
2026-10-04T00:56:31.3142019Z           8
2026-10-04T00:56:31.3142296Z         ],
2026-10-04T00:56:31.3142582Z         "ledgerRows": [
2026-10-04T00:56:31.3142898Z           3
2026-10-04T00:56:31.3143167Z         ],
2026-10-04T00:56:31.3143458Z         "amountMinor": -35000
2026-10-04T00:56:31.3143812Z       },
2026-10-04T00:56:31.3144082Z       {
2026-10-04T00:56:31.3144367Z         "supplierRows": [
2026-10-04T00:56:31.3144691Z           9
2026-10-04T00:56:31.3144963Z         ],
2026-10-04T00:56:31.3145250Z         "ledgerRows": [
2026-10-04T00:56:31.3145557Z           4
2026-10-04T00:56:31.3145833Z         ],
2026-10-04T00:56:31.3146127Z         "amountMinor": -5000
2026-10-04T00:56:31.3146475Z       },
2026-10-04T00:56:31.3146742Z       {
2026-10-04T00:56:31.3147029Z         "supplierRows": [
2026-10-04T00:56:31.3147364Z           6,
2026-10-04T00:56:31.3147691Z           7
2026-10-04T00:56:31.3148136Z         ],
2026-10-04T00:56:31.3148423Z         "ledgerRows": [
2026-10-04T00:56:31.3148676Z           2
2026-10-04T00:56:31.3148895Z         ],
2026-10-04T00:56:31.3149124Z         "amountMinor": 100000
2026-10-04T00:56:31.3149399Z       }
2026-10-04T00:56:31.3149613Z     ],
2026-10-04T00:56:31.3149871Z     "fullReconciliation": false
2026-10-04T00:56:31.3150160Z   },
2026-10-04T00:56:31.3150372Z   {
2026-10-04T00:56:31.3150671Z     "workbook": "work/qa/typed-0-restored.xlsx",
2026-10-04T00:56:31.3151024Z     "verified": true,
2026-10-04T00:56:31.3151343Z     "source": "supplier-typed-proven.xlsx",
2026-10-04T00:56:31.3151716Z     "engine": "0.3.26-experimental",
2026-10-04T00:56:31.3152314Z     "supplierMovements": 4,
2026-10-04T00:56:31.3152611Z     "supplierRowFates": 10,
2026-10-04T00:56:31.3152905Z     "approvedMemberSets": [
2026-10-04T00:56:31.3153174Z       {
2026-10-04T00:56:31.3153400Z         "supplierRows": [
2026-10-04T00:56:31.3153663Z           8
2026-10-04T00:56:31.3153881Z         ],
2026-10-04T00:56:31.3154110Z         "ledgerRows": [
2026-10-04T00:56:31.3154362Z           3
2026-10-04T00:56:31.3154580Z         ],
2026-10-04T00:56:31.3154816Z         "amountMinor": -35000
2026-10-04T00:56:31.3155087Z       },
2026-10-04T00:56:31.3155304Z       {
2026-10-04T00:56:31.3155531Z         "supplierRows": [
2026-10-04T00:56:31.3155796Z           9
2026-10-04T00:56:31.3156013Z         ],
2026-10-04T00:56:31.3156241Z         "ledgerRows": [
2026-10-04T00:56:31.3156491Z           4
2026-10-04T00:56:31.3156702Z         ],
2026-10-04T00:56:31.3156934Z         "amountMinor": -5000
2026-10-04T00:56:31.3157211Z       },
2026-10-04T00:56:31.3157427Z       {
2026-10-04T00:56:31.3157655Z         "supplierRows": [
2026-10-04T00:56:31.3158079Z           6,
2026-10-04T00:56:31.3158308Z           7
2026-10-04T00:56:31.3158725Z         ],
2026-10-04T00:56:31.3158967Z         "ledgerRows": [
2026-10-04T00:56:31.3159214Z           2
2026-10-04T00:56:31.3159405Z         ],
2026-10-04T00:56:31.3159621Z         "amountMinor": 100000
2026-10-04T00:56:31.3159882Z       }
2026-10-04T00:56:31.3160079Z     ],
2026-10-04T00:56:31.3160315Z     "fullReconciliation": false
2026-10-04T00:56:31.3160577Z   },
2026-10-04T00:56:31.3160774Z   {
2026-10-04T00:56:31.3161040Z     "workbook": "work/qa/typed-1-direct.xlsx",
2026-10-04T00:56:31.3161352Z     "verified": true,
2026-10-04T00:56:31.3161653Z     "source": "supplier-typed-conflict.xlsx",
2026-10-04T00:56:31.3162003Z     "engine": "0.3.26-experimental",
2026-10-04T00:56:31.3162301Z     "supplierMovements": 4,
2026-10-04T00:56:31.3162582Z     "supplierRowFates": 10,
2026-10-04T00:56:31.3162843Z     "approvedMemberSets": [
2026-10-04T00:56:31.3163088Z       {
2026-10-04T00:56:31.3163300Z         "supplierRows": [
2026-10-04T00:56:31.3163546Z           8
2026-10-04T00:56:31.3163747Z         ],
2026-10-04T00:56:31.3163957Z         "ledgerRows": [
2026-10-04T00:56:31.3164190Z           3
2026-10-04T00:56:31.3164386Z         ],
2026-10-04T00:56:31.3164606Z         "amountMinor": -35000
2026-10-04T00:56:31.3164855Z       },
2026-10-04T00:56:31.3165049Z       {
2026-10-04T00:56:31.3165256Z         "supplierRows": [
2026-10-04T00:56:31.3165487Z           9
2026-10-04T00:56:31.3165682Z         ],
2026-10-04T00:56:31.3165892Z         "ledgerRows": [
2026-10-04T00:56:31.3166121Z           4
2026-10-04T00:56:31.3166312Z         ],
2026-10-04T00:56:31.3166528Z         "amountMinor": -5000
2026-10-04T00:56:31.3166773Z       }
2026-10-04T00:56:31.3166958Z     ],
2026-10-04T00:56:31.3167195Z     "fullReconciliation": false
2026-10-04T00:56:31.3167454Z   },
2026-10-04T00:56:31.3167643Z   {
2026-10-04T00:56:31.3168039Z     "workbook": "work/qa/typed-1-restored.xlsx",
2026-10-04T00:56:31.3168372Z     "verified": true,
2026-10-04T00:56:31.3168670Z     "source": "supplier-typed-conflict.xlsx",
2026-10-04T00:56:31.3169014Z     "engine": "0.3.26-experimental",
2026-10-04T00:56:31.3169301Z     "supplierMovements": 4,
2026-10-04T00:56:31.3169563Z     "supplierRowFates": 10,
2026-10-04T00:56:31.3169822Z     "approvedMemberSets": [
2026-10-04T00:56:31.3170057Z       {
2026-10-04T00:56:31.3170268Z         "supplierRows": [
2026-10-04T00:56:31.3170504Z           8
2026-10-04T00:56:31.3170701Z         ],
2026-10-04T00:56:31.3170900Z         "ledgerRows": [
2026-10-04T00:56:31.3171126Z           3
2026-10-04T00:56:31.3171320Z         ],
2026-10-04T00:56:31.3171528Z         "amountMinor": -35000
2026-10-04T00:56:31.3171778Z       },
2026-10-04T00:56:31.3171973Z       {
2026-10-04T00:56:31.3172184Z         "supplierRows": [
2026-10-04T00:56:31.3172414Z           9
2026-10-04T00:56:31.3172606Z         ],
2026-10-04T00:56:31.3172837Z         "ledgerRows": [
2026-10-04T00:56:31.3173065Z           4
2026-10-04T00:56:31.3173410Z         ],
2026-10-04T00:56:31.3173624Z         "amountMinor": -5000
2026-10-04T00:56:31.3173874Z       }
2026-10-04T00:56:31.3174116Z     ],
2026-10-04T00:56:31.3174351Z     "fullReconciliation": false
2026-10-04T00:56:31.3174607Z   }
2026-10-04T00:56:31.3174803Z ]
2026-10-04T00:56:31.3990553Z test_all_native_and_restored_workbooks (test_check_export.TypedExportOracle.test_all_native_and_restored_workbooks) ... ok
2026-10-04T00:56:31.4755676Z test_deliberate_financial_and_source_tampering_is_rejected (test_check_export.TypedExportOracle.test_deliberate_financial_and_source_tampering_is_rejected) ... ok
2026-10-04T00:56:31.4756593Z 
2026-10-04T00:56:31.4756931Z ----------------------------------------------------------------------
2026-10-04T00:56:31.4770982Z Ran 2 tests in 0.101s
2026-10-04T00:56:31.4771267Z 
2026-10-04T00:56:31.4771444Z OK
2026-10-04T00:56:31.4872539Z ##[group]Run node audit/partial-input/browser/run.mjs ci-partial isolated
2026-10-04T00:56:31.4873127Z [36;1mnode audit/partial-input/browser/run.mjs ci-partial isolated[0m
2026-10-04T00:56:31.4874496Z [36;1mpython3 audit/partial-reconciliation/check_openxml.py --xlsx audit/partial-input/browser/ci-partial/partial.xlsx --out audit/partial-input/browser/ci-partial/openxml.json --browser-oracle audit/partial-input/browser/fixtures-isolated/oracle.json --require-reviewed --expected-engine 0.3.26-experimental[0m
2026-10-04T00:56:31.4875866Z [36;1mnode audit/partial-input/browser/run.mjs ci-partial-original original[0m
2026-10-04T00:56:31.4877263Z [36;1mpython3 audit/partial-reconciliation/check_openxml.py --xlsx audit/partial-input/browser/ci-partial-original/partial.xlsx --out audit/partial-input/browser/ci-partial-original/openxml.json --browser-oracle audit/partial-input/browser/fixtures/oracle.json --require-reviewed --expected-engine 0.3.26-experimental[0m
2026-10-04T00:56:31.4940936Z shell: /usr/bin/bash -e {0}
2026-10-04T00:56:31.4941201Z env:
2026-10-04T00:56:31.4941469Z   PNPM_HOME: /home/runner/setup-pnpm/node_modules/.bin
2026-10-04T00:56:31.4941806Z ##[endgroup]
2026-10-04T00:56:36.8334775Z {"passed":true,"stage":"final-integrity","result":"/home/runner/work/accounting/accounting/audit/partial-input/browser/ci-partial/result.json"}
2026-10-04T00:56:36.9197074Z {"checkerSha256": "6475352b77f71a35c0ecf8ccfa51ec71630c5f8e80eacde37514e1c873014bdf", "observedAtUtc": "2026-10-04T00:56:36.895226+00:00", "passed": true, "frozenBefore": "0b10b982659d984e9298082c0a76bb183fcd6d30abb8c34a5be520fed9a57e7e", "workbookSha256": "546c6614575f3bae0415ce394d573f4c3e57d26f4c389502d1c97fa1f69ee964", "observations": {"originalSourcePreservation": {"passed": true, "readableRows": 4, "readingIssues": [{"sourceRowId": "supplier:0:3", "reason": "المبلغ غير صالح أو يتجاوز عدد المنازل العشرية للعملة", "originalAmount": "unread"}, {"sourceRowId": "supplier:0:4", "reason": "المبلغ غير صالح أو يتجاوز عدد المنازل العشرية للعملة", "originalAmount": "unread"}, {"sourceRowId": "supplier:0:5", "reason": "المبلغ غير صالح أو يتجاوز عدد المنازل العشرية للعملة", "originalAmount": "unread"}, {"sourceRowId": "supplier:0:6", "reason": "المبلغ غير صالح أو يتجاوز عدد المنازل العشرية للعملة", "originalAmount": "unread"}, {"sourceRowId": "supplier:0:7", "reason": "المبلغ غير صالح أو يتجاوز عدد المنازل العشرية للعملة", "originalAmount": "unread"}, {"sourceRowId": "supplier:0:8", "reason": "المبلغ غير صالح أو يتجاوز عدد المنازل العشرية للعملة", "originalAmount": "unread"}, {"sourceRowId": "supplier:0:9", "reason": "المبلغ غير صالح أو يتجاوز عدد المنازل العشرية للعملة", "originalAmount": "unread"}, {"sourceRowId": "supplier:0:10", "reason": "المبلغ غير صالح أو يتجاوز عدد المنازل العشرية للعملة", "originalAmount": "unread"}, {"sourceRowId": "supplier:0:11", "reason": "المبلغ غير صالح أو يتجاوز عدد المنازل العشرية للعملة", "originalAmount": "unread"}, {"sourceRowId": "supplier:0:12", "reason": "المبلغ غير صالح أو يتجاوز عدد المنازل العشرية للعملة", "originalAmount": "unread"}, {"sourceRowId": "supplier:0:13", "reason": "المبلغ غير صالح أو يتجاوز عدد المنازل العشرية للعملة", "originalAmount": "unread"}, {"sourceRowId": "supplier:0:14", "reason": "المبلغ غير صالح أو يتجاوز عدد المنازل العشرية للعملة", "originalAmount": "unread"}, {"sourceRowId": "supplier:0:15", "reason": "المبلغ غير صالح أو يتجاوز عدد المنازل العشرية للعملة", "originalAmount": "unread"}], "issueTraceEncoding": "Source File + Side + Source Sheet CSV + Source Row; contract IDs reconstructed for selected sheet 0"}, "partialSummaryAndReview": {"passed": true, "processedTotalsMinor": {"supplier": 35000, "ledger": 35000}, "processedTotalFields": {"supplier": "Supplier Processed Transaction Total", "ledger": "Ledger Processed Transaction Total"}, "partialSummaryFields": {"Reading Status": "Partial — reading issues remain open", "Workbook Mode": "Partial transaction snapshot for review. Reading issues remain open; totals cover processed transactions only. Not a complete reconciliation."}, "bridgeStatus": "Balance bridge prerequisites incomplete", "reviewCompleted": "Review recorded; reading issues remain open", "reviewApproval": "Not approved — review completion is not an approval declaration"}, "originalSourceHashBinding": {"passed": true, "sourceProvenance": {"oracleSha256": "c2d5a00ade4e27354e3e9a24bc8136b371ef1728c2516253dc55630a1adf2ac3", "sourceSha256": {"supplier": "66db9ee7c99881d80cf0818553d8c01e4407c1e810de562e0b8095a4354ebe01", "ledger": "3298df6aa51c4b1ea3f34f0bd197f90ef458eb5c956f830eced1100d39db9007"}, "contractScope": "Separately authored plain-unread positive contract. Passing this contract does not satisfy the original unread-1..13 contract.", "originalCompletionMiss": "audit/partial-input/browser/original-contract-miss.json"}}, "requiredCompletion": {"requiredPairs": 2, "actualMatchedCases": 2, "requiredMemberSets": [{"supplierRows": [2], "ledgerRows": [2]}, {"supplierRows": [16], "ledgerRows": [3]}]}}, "contract": "browser-isolated-amount", "requiredPairs": 2, "requiredPairsSatisfied": 2, "falseApprovedPairs": 0, "matchedSourceRows": 4, "readableSourceRows": 4, "invalidRowsRetained": [{"sourceRowId": "supplier:0:3", "reason": "المبلغ غير صالح أو يتجاوز عدد المنازل العشرية للعملة", "originalAmount": "unread"}, {"sourceRowId": "supplier:0:4", "reason": "المبلغ غير صالح أو يتجاوز عدد المنازل العشرية للعملة", "originalAmount": "unread"}, {"sourceRowId": "supplier:0:5", "reason": "المبلغ غير صالح أو يتجاوز عدد المنازل العشرية للعملة", "originalAmount": "unread"}, {"sourceRowId": "supplier:0:6", "reason": "المبلغ غير صالح أو يتجاوز عدد المنازل العشرية للعملة", "originalAmount": "unread"}, {"sourceRowId": "supplier:0:7", "reason": "المبلغ غير صالح أو يتجاوز عدد المنازل العشرية للعملة", "originalAmount": "unread"}, {"sourceRowId": "supplier:0:8", "reason": "المبلغ غير صالح أو يتجاوز عدد المنازل العشرية للعملة", "originalAmount": "unread"}, {"sourceRowId": "supplier:0:9", "reason": "المبلغ غير صالح أو يتجاوز عدد المنازل العشرية للعملة", "originalAmount": "unread"}, {"sourceRowId": "supplier:0:10", "reason": "المبلغ غير صالح أو يتجاوز عدد المنازل العشرية للعملة", "originalAmount": "unread"}, {"sourceRowId": "supplier:0:11", "reason": "المبلغ غير صالح أو يتجاوز عدد المنازل العشرية للعملة", "originalAmount": "unread"}, {"sourceRowId": "supplier:0:12", "reason": "المبلغ غير صالح أو يتجاوز عدد المنازل العشرية للعملة", "originalAmount": "unread"}, {"sourceRowId": "supplier:0:13", "reason": "المبلغ غير صالح أو يتجاوز عدد المنازل العشرية للعملة", "originalAmount": "unread"}, {"sourceRowId": "supplier:0:14", "reason": "المبلغ غير صالح أو يتجاوز عدد المنازل العشرية للعملة", "originalAmount": "unread"}, {"sourceRowId": "supplier:0:15", "reason": "المبلغ غير صالح أو يتجاوز عدد المنازل العشرية للعملة", "originalAmount": "unread"}], "processedTotalsMinor": {"supplier": 35000, "ledger": 35000}, "processedTotalFields": {"supplier": "Supplier Processed Transaction Total", "ledger": "Ledger Processed Transaction Total"}, "partialSummaryFields": {"Reading Status": "Partial — reading issues remain open", "Workbook Mode": "Partial transaction snapshot for review. Reading issues remain open; totals cover processed transactions only. Not a complete reconciliation."}, "bridgeStatus": "Balance bridge prerequisites incomplete", "reviewCompleted": "Review recorded; reading issues remain open", "reviewApproval": "Not approved — review completion is not an approval declaration", "xmlPartsParsed": 31, "sourceProvenance": {"oracleSha256": "c2d5a00ade4e27354e3e9a24bc8136b371ef1728c2516253dc55630a1adf2ac3", "sourceSha256": {"supplier": "66db9ee7c99881d80cf0818553d8c01e4407c1e810de562e0b8095a4354ebe01", "ledger": "3298df6aa51c4b1ea3f34f0bd197f90ef458eb5c956f830eced1100d39db9007"}, "contractScope": "Separately authored plain-unread positive contract. Passing this contract does not satisfy the original unread-1..13 contract.", "originalCompletionMiss": "audit/partial-input/browser/original-contract-miss.json"}, "scope": "Independent synthetic literal sources, error preservation and financial member sets. No engine/ExcelJS imports or formula recalculation.", "frozenAfter": "0b10b982659d984e9298082c0a76bb183fcd6d30abb8c34a5be520fed9a57e7e"}
2026-10-04T00:56:42.2335701Z {"passed":true,"stage":"final-integrity","result":"/home/runner/work/accounting/accounting/audit/partial-input/browser/ci-partial-original/result.json"}
2026-10-04T00:56:42.3212475Z {"checkerSha256": "6475352b77f71a35c0ecf8ccfa51ec71630c5f8e80eacde37514e1c873014bdf", "observedAtUtc": "2026-10-04T00:56:42.296662+00:00", "passed": true, "frozenBefore": "0b10b982659d984e9298082c0a76bb183fcd6d30abb8c34a5be520fed9a57e7e", "workbookSha256": "57cf7391ccd055d557085e6232986f271a187c3763488bdf78990939d93db35c", "observations": {"originalSourcePreservation": {"passed": true, "readableRows": 4, "readingIssues": [{"sourceRowId": "supplier:0:3", "reason": "المبلغ غير صالح أو يتجاوز عدد المنازل العشرية للعملة", "originalAmount": "unread-1"}, {"sourceRowId": "supplier:0:4", "reason": "المبلغ غير صالح أو يتجاوز عدد المنازل العشرية للعملة", "originalAmount": "unread-2"}, {"sourceRowId": "supplier:0:5", "reason": "المبلغ غير صالح أو يتجاوز عدد المنازل العشرية للعملة", "originalAmount": "unread-3"}, {"sourceRowId": "supplier:0:6", "reason": "المبلغ غير صالح أو يتجاوز عدد المنازل العشرية للعملة", "originalAmount": "unread-4"}, {"sourceRowId": "supplier:0:7", "reason": "المبلغ غير صالح أو يتجاوز عدد المنازل العشرية للعملة", "originalAmount": "unread-5"}, {"sourceRowId": "supplier:0:8", "reason": "المبلغ غير صالح أو يتجاوز عدد المنازل العشرية للعملة", "originalAmount": "unread-6"}, {"sourceRowId": "supplier:0:9", "reason": "المبلغ غير صالح أو يتجاوز عدد المنازل العشرية للعملة", "originalAmount": "unread-7"}, {"sourceRowId": "supplier:0:10", "reason": "المبلغ غير صالح أو يتجاوز عدد المنازل العشرية للعملة", "originalAmount": "unread-8"}, {"sourceRowId": "supplier:0:11", "reason": "المبلغ غير صالح أو يتجاوز عدد المنازل العشرية للعملة", "originalAmount": "unread-9"}, {"sourceRowId": "supplier:0:12", "reason": "المبلغ غير صالح أو يتجاوز عدد المنازل العشرية للعملة", "originalAmount": "unread-10"}, {"sourceRowId": "supplier:0:13", "reason": "المبلغ غير صالح أو يتجاوز عدد المنازل العشرية للعملة", "originalAmount": "unread-11"}, {"sourceRowId": "supplier:0:14", "reason": "المبلغ غير صالح أو يتجاوز عدد المنازل العشرية للعملة", "originalAmount": "unread-12"}, {"sourceRowId": "supplier:0:15", "reason": "المبلغ غير صالح أو يتجاوز عدد المنازل العشرية للعملة", "originalAmount": "unread-13"}], "issueTraceEncoding": "Source File + Side + Source Sheet CSV + Source Row; contract IDs reconstructed for selected sheet 0"}, "partialSummaryAndReview": {"passed": true, "processedTotalsMinor": {"supplier": 35000, "ledger": 35000}, "processedTotalFields": {"supplier": "Supplier Processed Transaction Total", "ledger": "Ledger Processed Transaction Total"}, "partialSummaryFields": {"Reading Status": "Partial — reading issues remain open", "Workbook Mode": "Partial transaction snapshot for review. Reading issues remain open; totals cover processed transactions only. Not a complete reconciliation."}, "bridgeStatus": "Balance bridge prerequisites incomplete", "reviewCompleted": "Review recorded; reading issues remain open", "reviewApproval": "Not approved — review completion is not an approval declaration"}, "originalSourceHashBinding": {"passed": true, "sourceProvenance": {"oracleSha256": "892a5d52634752a1b976cfb25836381ae054c4c72fb706d9e6df8234f983cbc6", "sourceSha256": {"supplier": "e8f5e8d6f28f3ab613302cf6e28ef466f04cc49713f6281cce0ebc87d6b59b82", "ledger": "3298df6aa51c4b1ea3f34f0bd197f90ef458eb5c956f830eced1100d39db9007"}, "contractScope": "Original unread-1..13 completion contract. Still requires both positive pairs; its recorded completion miss is not reclassified as a pass.", "originalCompletionMiss": "audit/partial-input/browser/original-contract-miss.json"}}, "requiredCompletion": {"requiredPairs": 2, "actualMatchedCases": 2, "requiredMemberSets": [{"supplierRows": [2], "ledgerRows": [2]}, {"supplierRows": [16], "ledgerRows": [3]}]}}, "contract": "browser-original-displaced-amount", "requiredPairs": 2, "requiredPairsSatisfied": 2, "falseApprovedPairs": 0, "matchedSourceRows": 4, "readableSourceRows": 4, "invalidRowsRetained": [{"sourceRowId": "supplier:0:3", "reason": "المبلغ غير صالح أو يتجاوز عدد المنازل العشرية للعملة", "originalAmount": "unread-1"}, {"sourceRowId": "supplier:0:4", "reason": "المبلغ غير صالح أو يتجاوز عدد المنازل العشرية للعملة", "originalAmount": "unread-2"}, {"sourceRowId": "supplier:0:5", "reason": "المبلغ غير صالح أو يتجاوز عدد المنازل العشرية للعملة", "originalAmount": "unread-3"}, {"sourceRowId": "supplier:0:6", "reason": "المبلغ غير صالح أو يتجاوز عدد المنازل العشرية للعملة", "originalAmount": "unread-4"}, {"sourceRowId": "supplier:0:7", "reason": "المبلغ غير صالح أو يتجاوز عدد المنازل العشرية للعملة", "originalAmount": "unread-5"}, {"sourceRowId": "supplier:0:8", "reason": "المبلغ غير صالح أو يتجاوز عدد المنازل العشرية للعملة", "originalAmount": "unread-6"}, {"sourceRowId": "supplier:0:9", "reason": "المبلغ غير صالح أو يتجاوز عدد المنازل العشرية للعملة", "originalAmount": "unread-7"}, {"sourceRowId": "supplier:0:10", "reason": "المبلغ غير صالح أو يتجاوز عدد المنازل العشرية للعملة", "originalAmount": "unread-8"}, {"sourceRowId": "supplier:0:11", "reason": "المبلغ غير صالح أو يتجاوز عدد المنازل العشرية للعملة", "originalAmount": "unread-9"}, {"sourceRowId": "supplier:0:12", "reason": "المبلغ غير صالح أو يتجاوز عدد المنازل العشرية للعملة", "originalAmount": "unread-10"}, {"sourceRowId": "supplier:0:13", "reason": "المبلغ غير صالح أو يتجاوز عدد المنازل العشرية للعملة", "originalAmount": "unread-11"}, {"sourceRowId": "supplier:0:14", "reason": "المبلغ غير صالح أو يتجاوز عدد المنازل العشرية للعملة", "originalAmount": "unread-12"}, {"sourceRowId": "supplier:0:15", "reason": "المبلغ غير صالح أو يتجاوز عدد المنازل العشرية للعملة", "originalAmount": "unread-13"}], "processedTotalsMinor": {"supplier": 35000, "ledger": 35000}, "processedTotalFields": {"supplier": "Supplier Processed Transaction Total", "ledger": "Ledger Processed Transaction Total"}, "partialSummaryFields": {"Reading Status": "Partial — reading issues remain open", "Workbook Mode": "Partial transaction snapshot for review. Reading issues remain open; totals cover processed transactions only. Not a complete reconciliation."}, "bridgeStatus": "Balance bridge prerequisites incomplete", "reviewCompleted": "Review recorded; reading issues remain open", "reviewApproval": "Not approved — review completion is not an approval declaration", "xmlPartsParsed": 31, "sourceProvenance": {"oracleSha256": "892a5d52634752a1b976cfb25836381ae054c4c72fb706d9e6df8234f983cbc6", "sourceSha256": {"supplier": "e8f5e8d6f28f3ab613302cf6e28ef466f04cc49713f6281cce0ebc87d6b59b82", "ledger": "3298df6aa51c4b1ea3f34f0bd197f90ef458eb5c956f830eced1100d39db9007"}, "contractScope": "Original unread-1..13 completion contract. Still requires both positive pairs; its recorded completion miss is not reclassified as a pass.", "originalCompletionMiss": "audit/partial-input/browser/original-contract-miss.json"}, "scope": "Independent synthetic literal sources, error preservation and financial member sets. No engine/ExcelJS imports or formula recalculation.", "frozenAfter": "0b10b982659d984e9298082c0a76bb183fcd6d30abb8c34a5be520fed9a57e7e"}
2026-10-04T00:56:42.3289105Z ##[group]Run actions/upload-artifact@ea165f8d65b6e75b540449e92b4886f43607fa02
2026-10-04T00:56:42.3289560Z with:
2026-10-04T00:56:42.3289804Z   name: partial-reconciliation-evidence
2026-10-04T00:56:42.3290406Z   path: audit/partial-input/browser/ci-partial
audit/partial-input/browser/ci-partial-original
work/partial-regression

2026-10-04T00:56:42.3290987Z   if-no-files-found: ignore
2026-10-04T00:56:42.3291239Z   retention-days: 7
2026-10-04T00:56:42.3291472Z   compression-level: 6
2026-10-04T00:56:42.3291711Z   overwrite: false
2026-10-04T00:56:42.3291944Z   include-hidden-files: false
2026-10-04T00:56:42.3292204Z env:
2026-10-04T00:56:42.3292469Z   PNPM_HOME: /home/runner/setup-pnpm/node_modules/.bin
2026-10-04T00:56:42.3292794Z ##[endgroup]
2026-10-04T00:56:42.4977105Z (node:5406) [DEP0040] DeprecationWarning: The `punycode` module is deprecated. Please use a userland alternative instead.
2026-10-04T00:56:42.4978989Z (Use `node --trace-deprecation ...` to show where the warning was created)
2026-10-04T00:56:42.5104951Z Multiple search paths detected. Calculating the least common ancestor of all paths
2026-10-04T00:56:42.5107665Z The least common ancestor is /home/runner/work/accounting/accounting. This will be the root directory of the artifact
2026-10-04T00:56:42.5109102Z With the provided path, there will be 24 files uploaded
2026-10-04T00:56:42.5122280Z Artifact name is valid!
2026-10-04T00:56:42.5122968Z Root directory input is valid!
2026-10-04T00:56:42.8956673Z Beginning upload of artifact content to blob storage
2026-10-04T00:56:42.9897620Z (node:5406) [DEP0169] DeprecationWarning: `url.parse()` behavior is not standardized and prone to errors that have security implications. Use the WHATWG URL API instead. CVEs are not issued for `url.parse()` vulnerabilities.
2026-10-04T00:56:43.6561057Z Uploaded bytes 1322599
2026-10-04T00:56:43.7325998Z Finished uploading artifact content to blob storage!
2026-10-04T00:56:43.7327470Z SHA256 digest of uploaded artifact zip is 766e15aa36c4cd4b12dfa91aba1115a5dbf491047a5accb830eb3ac36ef79803
2026-10-04T00:56:43.7329006Z Finalizing artifact upload
2026-10-04T00:56:43.9869650Z Artifact partial-reconciliation-evidence.zip successfully finalized. Artifact ID 11289179359
2026-10-04T00:56:43.9871149Z Artifact partial-reconciliation-evidence has been successfully uploaded! Final size is 1322599 bytes. Artifact ID is 11289179359
2026-10-04T00:56:43.9877040Z Artifact download URL: https://github.com/mjodshamrani-ux/accounting/actions/runs/37166195028/artifacts/11289179359
2026-10-04T00:56:44.0006516Z ##[group]Run node audit/large-statements/browser/run.mjs ci-large-native
2026-10-04T00:56:44.0007093Z [36;1mnode audit/large-statements/browser/run.mjs ci-large-native[0m
2026-10-04T00:56:44.0008458Z [36;1mpython3 audit/large-statements/check_openxml.py --browser-dir audit/large-statements/browser/ci-large-native --out audit/large-statements/browser/ci-large-native/openxml.json --expected-engine 0.3.26-experimental[0m
2026-10-04T00:56:44.0071816Z shell: /usr/bin/bash -e {0}
2026-10-04T00:56:44.0072098Z env:
2026-10-04T00:56:44.0072380Z   PNPM_HOME: /home/runner/setup-pnpm/node_modules/.bin
2026-10-04T00:56:44.0072723Z ##[endgroup]
2026-10-04T00:57:00.0906802Z {"passed":true,"stage":"final-integrity","result":"/home/runner/work/accounting/accounting/audit/large-statements/browser/ci-large-native/result.json"}
2026-10-04T00:57:02.3606267Z {"passed": true, "result": "audit/large-statements/browser/ci-large-native/openxml.json", "counts": {"supplierTransactions": 2240, "ledgerTransactions": 2240, "requiredPairs": 2240, "requiredPairsSatisfied": 2240, "falseApprovedPairs": 0, "missingPairs": 0, "exactEvidenceMembers": 4480, "parsedSupplierRows": 2450, "parsedLedgerRows": 2241, "pdfOrigins": 2450, "excludedSupplierRows": 210, "excludedLedgerRows": 1, "totalMinorEachSide": 40779520, "xmlPartsParsed": 30}, "error": null}
2026-10-04T00:57:02.3766188Z ##[group]Run actions/upload-artifact@ea165f8d65b6e75b540449e92b4886f43607fa02
2026-10-04T00:57:02.3766955Z with:
2026-10-04T00:57:02.3767398Z   name: large-statement-browser-evidence
2026-10-04T00:57:02.3768319Z   path: audit/large-statements/browser/ci-large-native
2026-10-04T00:57:02.3768936Z   if-no-files-found: ignore
2026-10-04T00:57:02.3769395Z   retention-days: 7
2026-10-04T00:57:02.3769819Z   compression-level: 6
2026-10-04T00:57:02.3770253Z   overwrite: false
2026-10-04T00:57:02.3770670Z   include-hidden-files: false
2026-10-04T00:57:02.3771140Z env:
2026-10-04T00:57:02.3771589Z   PNPM_HOME: /home/runner/setup-pnpm/node_modules/.bin
2026-10-04T00:57:02.3772199Z ##[endgroup]
2026-10-04T00:57:02.5449030Z (node:5520) [DEP0040] DeprecationWarning: The `punycode` module is deprecated. Please use a userland alternative instead.
2026-10-04T00:57:02.5449922Z (Use `node --trace-deprecation ...` to show where the warning was created)
2026-10-04T00:57:02.5527047Z With the provided path, there will be 12 files uploaded
2026-10-04T00:57:02.5534544Z Artifact name is valid!
2026-10-04T00:57:02.5535497Z Root directory input is valid!
2026-10-04T00:57:02.9314115Z Beginning upload of artifact content to blob storage
2026-10-04T00:57:03.0437766Z (node:5520) [DEP0169] DeprecationWarning: `url.parse()` behavior is not standardized and prone to errors that have security implications. Use the WHATWG URL API instead. CVEs are not issued for `url.parse()` vulnerabilities.
2026-10-04T00:57:03.8028204Z Uploaded bytes 1812148
2026-10-04T00:57:03.8790769Z Finished uploading artifact content to blob storage!
2026-10-04T00:57:03.8792864Z SHA256 digest of uploaded artifact zip is 31939ac3e0bc6e05396a57221d562a015e3366d584ff16b6235db76ae4665382
2026-10-04T00:57:03.8794402Z Finalizing artifact upload
2026-10-04T00:57:04.1519318Z Artifact large-statement-browser-evidence.zip successfully finalized. Artifact ID 11289149480
2026-10-04T00:57:04.1521364Z Artifact large-statement-browser-evidence has been successfully uploaded! Final size is 1812148 bytes. Artifact ID is 11289149480
2026-10-04T00:57:04.1527801Z Artifact download URL: https://github.com/mjodshamrani-ux/accounting/actions/runs/37166195028/artifacts/11289149480
2026-10-04T00:57:04.1725661Z ##[group]Run actions/upload-pages-artifact@56afc609e74202658d3ffba0e8f6dda462b719fa
2026-10-04T00:57:04.1726146Z with:
2026-10-04T00:57:04.1726360Z   path: dist
2026-10-04T00:57:04.1726591Z   name: github-pages
2026-10-04T00:57:04.1726839Z   retention-days: 1
2026-10-04T00:57:04.1727063Z env:
2026-10-04T00:57:04.1727330Z   PNPM_HOME: /home/runner/setup-pnpm/node_modules/.bin
2026-10-04T00:57:04.1727663Z ##[endgroup]
2026-10-04T00:57:04.1786615Z ##[start-action display=Archive artifact;id=__actions_upload-pages-artifact.__run]
2026-10-04T00:57:04.1812348Z ##[group]Run echo ::group::Archive artifact
2026-10-04T00:57:04.1812704Z [36;1mecho ::group::Archive artifact[0m
2026-10-04T00:57:04.1813009Z [36;1mtar \[0m
2026-10-04T00:57:04.1813288Z [36;1m  --dereference --hard-dereference \[0m
2026-10-04T00:57:04.1813633Z [36;1m  --directory "$INPUT_PATH" \[0m
2026-10-04T00:57:04.1813978Z [36;1m  -cvf "$RUNNER_TEMP/artifact.tar" \[0m
2026-10-04T00:57:04.1814331Z [36;1m  --exclude=.git \[0m
2026-10-04T00:57:04.1814610Z [36;1m  --exclude=.github \[0m
2026-10-04T00:57:04.1814877Z [36;1m  .[0m
2026-10-04T00:57:04.1815105Z [36;1mecho ::endgroup::[0m
2026-10-04T00:57:04.1841184Z shell: /usr/bin/sh -e {0}
2026-10-04T00:57:04.1841464Z env:
2026-10-04T00:57:04.1841744Z   PNPM_HOME: /home/runner/setup-pnpm/node_modules/.bin
2026-10-04T00:57:04.1842094Z   INPUT_PATH: dist
2026-10-04T00:57:04.1842331Z ##[endgroup]
2026-10-04T00:57:04.1882534Z ##[group]Archive artifact
2026-10-04T00:57:04.1895469Z ./
2026-10-04T00:57:04.1895833Z ./favicon.svg
2026-10-04T00:57:04.1896187Z ./brand/
2026-10-04T00:57:04.1896449Z ./brand/favicon.svg
2026-10-04T00:57:04.1896822Z ./brand/tarasuf-mark.svg
2026-10-04T00:57:04.1897252Z ./brand/apple-touch-icon.png
2026-10-04T00:57:04.1897601Z ./brand/tarasuf-share-v048.png
2026-10-04T00:57:04.1898158Z ./ocr/
2026-10-04T00:57:04.1898489Z ./ocr/TESSERACT-JS-LICENSE.txt
2026-10-04T00:57:04.1898793Z ./ocr/worker.js
2026-10-04T00:57:04.1945686Z ./ocr/worker-vendor.js
2026-10-04T00:57:04.1946983Z ./ocr/TESSERACT-CORE-LICENSE.txt
2026-10-04T00:57:04.1947398Z ./ocr/tesseract-core-lstm.wasm.js
2026-10-04T00:57:04.1978068Z ./.nojekyll
2026-10-04T00:57:04.1978476Z ./assets/
2026-10-04T00:57:04.1978897Z ./assets/visual-ocr-client-BhVKcJsu.js
2026-10-04T00:57:04.1979287Z ./assets/visual-renderer-yMZCkSFj.js
2026-10-04T00:57:04.1979667Z ./assets/visual-image-CaZsk65l.js
2026-10-04T00:57:04.1988747Z ./assets/index-CNGhaTo_.css
2026-10-04T00:57:04.1989137Z ./assets/pdfjs-BvlvQ5M7.js
2026-10-04T00:57:04.1993984Z ./assets/index-BLF97kaJ.js
2026-10-04T00:57:04.2023030Z ./index.html
2026-10-04T00:57:04.2023450Z ./favicon.png
2026-10-04T00:57:04.2023832Z ./fonts/
2026-10-04T00:57:04.2024335Z ./fonts/thmanyah-serif-display-bold.woff2
2026-10-04T00:57:04.2029077Z ./fonts/NotoSansArabic-OFL.txt
2026-10-04T00:57:04.2029719Z ./fonts/Thmanyah-PROVENANCE.txt
2026-10-04T00:57:04.2030237Z ./fonts/README.txt
2026-10-04T00:57:04.2031006Z ./fonts/noto-sans-arabic-variable.woff2
2026-10-04T00:57:04.2031475Z ./fonts/Thmanyah-LICENSE.txt
2026-10-04T00:57:04.2032553Z ##[endgroup]
2026-10-04T00:57:04.2044557Z ##[end-action id=__actions_upload-pages-artifact.__run;outcome=success;conclusion=success;duration_ms=25]
2026-10-04T00:57:04.2048247Z ##[start-action display=Archive artifact;id=__actions_upload-pages-artifact.__run_2]
2026-10-04T00:57:04.2053571Z ##[end-action id=__actions_upload-pages-artifact.__run_2;outcome=skipped;conclusion=skipped;duration_ms=0]
2026-10-04T00:57:04.2056057Z ##[start-action display=Archive artifact;id=__actions_upload-pages-artifact.__run_3]
2026-10-04T00:57:04.2060026Z ##[end-action id=__actions_upload-pages-artifact.__run_3;outcome=skipped;conclusion=skipped;duration_ms=0]
2026-10-04T00:57:04.2061967Z ##[start-action display=Upload artifact;id=__actions_upload-pages-artifact.upload-artifact]
2026-10-04T00:57:04.2112674Z ##[group]Run actions/upload-artifact@v4
2026-10-04T00:57:04.2112984Z with:
2026-10-04T00:57:04.2113216Z   name: github-pages
2026-10-04T00:57:04.2113699Z   path: /home/runner/work/_temp/artifact.tar
2026-10-04T00:57:04.2114037Z   retention-days: 1
2026-10-04T00:57:04.2114286Z   if-no-files-found: error
2026-10-04T00:57:04.2114554Z   compression-level: 6
2026-10-04T00:57:04.2114801Z   overwrite: false
2026-10-04T00:57:04.2115053Z   include-hidden-files: false
2026-10-04T00:57:04.2115318Z env:
2026-10-04T00:57:04.2115582Z   PNPM_HOME: /home/runner/setup-pnpm/node_modules/.bin
2026-10-04T00:57:04.2115917Z ##[endgroup]
2026-10-04T00:57:04.3846640Z (node:5536) [DEP0040] DeprecationWarning: The `punycode` module is deprecated. Please use a userland alternative instead.
2026-10-04T00:57:04.3848736Z (Use `node --trace-deprecation ...` to show where the warning was created)
2026-10-04T00:57:04.3900297Z With the provided path, there will be 1 file uploaded
2026-10-04T00:57:04.3906392Z Artifact name is valid!
2026-10-04T00:57:04.3907298Z Root directory input is valid!
2026-10-04T00:57:04.7554954Z Beginning upload of artifact content to blob storage
2026-10-04T00:57:05.2542396Z (node:5536) [DEP0169] DeprecationWarning: `url.parse()` behavior is not standardized and prone to errors that have security implications. Use the WHATWG URL API instead. CVEs are not issued for `url.parse()` vulnerabilities.
2026-10-04T00:57:06.2777804Z Uploaded bytes 8273243
2026-10-04T00:57:06.3586091Z Finished uploading artifact content to blob storage!
2026-10-04T00:57:06.3587127Z SHA256 digest of uploaded artifact zip is c3b5122da20c7151aa14e5f4a363ce6059706eb2fb53ee444ce48a8948a952be
2026-10-04T00:57:06.3588552Z Finalizing artifact upload
2026-10-04T00:57:06.6419198Z Artifact github-pages.zip successfully finalized. Artifact ID 11289174551
2026-10-04T00:57:06.6420733Z Artifact github-pages has been successfully uploaded! Final size is 8273243 bytes. Artifact ID is 11289174551
2026-10-04T00:57:06.6428773Z Artifact download URL: https://github.com/mjodshamrani-ux/accounting/actions/runs/37166195028/artifacts/11289174551
2026-10-04T00:57:06.6568701Z ##[end-action id=__actions_upload-pages-artifact.upload-artifact;outcome=success;conclusion=success;duration_ms=2450]
2026-10-04T00:57:06.6666817Z Post job cleanup.
2026-10-04T00:57:06.7866104Z (node:5548) [DEP0040] DeprecationWarning: The `punycode` module is deprecated. Please use a userland alternative instead.
2026-10-04T00:57:06.7867736Z (Use `node --trace-deprecation ...` to show where the warning was created)
2026-10-04T00:57:06.7871156Z Cache hit occurred on the primary key node-cache-Linux-x64-pnpm-970ff90c8c5b62d936b78a56179f81cdf02982feb14381f8bba791078d20d9fe, not saving cache.
2026-10-04T00:57:06.7988539Z Post job cleanup.
2026-10-04T00:57:06.9542136Z Pruning is unnecessary.
2026-10-04T00:57:06.9737444Z Post job cleanup.
2026-10-04T00:57:07.0620564Z [command]/usr/bin/git version
2026-10-04T00:57:07.0665151Z git version 2.55.0
2026-10-04T00:57:07.0706351Z Temporarily overriding HOME='/home/runner/work/_temp/2bdacb11-d5b8-41af-b337-9582784f760a' before making global git config changes
2026-10-04T00:57:07.0708736Z Adding repository directory to the temporary git global config as a safe directory
2026-10-04T00:57:07.0713068Z [command]/usr/bin/git config --global --add safe.directory /home/runner/work/accounting/accounting
2026-10-04T00:57:07.0751645Z [command]/usr/bin/git config --local --name-only --get-regexp core\.sshCommand
2026-10-04T00:57:07.0789552Z [command]/usr/bin/git submodule foreach --recursive sh -c "git config --local --name-only --get-regexp 'core\.sshCommand' && git config --local --unset-all 'core.sshCommand' || :"
2026-10-04T00:57:07.1045288Z [command]/usr/bin/git config --local --name-only --get-regexp http\.https\:\/\/github\.com\/\.extraheader
2026-10-04T00:57:07.1075401Z http.https://github.com/.extraheader
2026-10-04T00:57:07.1088105Z [command]/usr/bin/git config --local --unset-all http.https://github.com/.extraheader
2026-10-04T00:57:07.1126528Z [command]/usr/bin/git submodule foreach --recursive sh -c "git config --local --name-only --get-regexp 'http\.https\:\/\/github\.com\/\.extraheader' && git config --local --unset-all 'http.https://github.com/.extraheader' || :"
2026-10-04T00:57:07.1385808Z [command]/usr/bin/git config --local --name-only --get-regexp ^includeIf\.gitdir:
2026-10-04T00:57:07.1425395Z [command]/usr/bin/git submodule foreach --recursive git config --local --show-origin --name-only --get-regexp remote.origin.url
2026-10-04T00:57:07.1822983Z Cleaning up orphan processes
2026-10-04T00:57:07.2234597Z ##[warning]Node.js 20 is deprecated. The following actions target Node.js 20 but are being forced to run on Node.js 24: actions/checkout@11d5960a326750d5838078e36cf38b85af677262, actions/setup-node@49933ea5288caeca8642d1e84afbd3f7d6820020, actions/upload-artifact@ea165f8d65b6e75b540449e92b4886f43607fa02, actions/upload-artifact@v4, pnpm/action-setup@b906affcce14559ad1aafd4ab0e942779e9f58b1. For more information see: https://github.blog/changelog/2025-09-19-deprecation-of-node-20-on-github-actions-runners/
