2026-10-04T00:29:08.4992960Z Current runner version: '2.337.0'
2026-10-04T00:29:08.5016197Z ##[group]Runner Image Provisioner
2026-10-04T00:29:08.5017152Z Hosted Compute Agent
2026-10-04T00:29:08.5017755Z Version: 20260901.588
2026-10-04T00:29:08.5018436Z Commit: f88ec8081b781fac6c440065ac7ff9e710ce3d0b
2026-10-04T00:29:08.5019195Z Build Date: 2026-09-01T19:56:44Z
2026-10-04T00:29:08.5019958Z Worker ID: {cef10aa0-67dd-406b-b6d9-0b8c406dca94}
2026-10-04T00:29:08.5020845Z Azure Region: westus2
2026-10-04T00:29:08.5021784Z ##[endgroup]
2026-10-04T00:29:08.5023371Z ##[group]Operating System
2026-10-04T00:29:08.5024027Z Ubuntu
2026-10-04T00:29:08.5024587Z 24.04.5
2026-10-04T00:29:08.5025146Z LTS
2026-10-04T00:29:08.5025660Z ##[endgroup]
2026-10-04T00:29:08.5026204Z ##[group]Runner Image
2026-10-04T00:29:08.5026876Z Image: ubuntu-24.04
2026-10-04T00:29:08.5027480Z Version: 20260927.320.1
2026-10-04T00:29:08.5028790Z Included Software: https://github.com/actions/runner-images/blob/ubuntu24/20260927.320/images/ubuntu/Ubuntu2404-Readme.md
2026-10-04T00:29:08.5030354Z Image Release: https://github.com/actions/runner-images/releases/tag/ubuntu24%2F20260927.320
2026-10-04T00:29:08.5031759Z ##[endgroup]
2026-10-04T00:29:08.5032933Z ##[group]GITHUB_TOKEN Permissions
2026-10-04T00:29:08.5034913Z Contents: read
2026-10-04T00:29:08.5035527Z Metadata: read
2026-10-04T00:29:08.5036152Z ##[endgroup]
2026-10-04T00:29:08.5038316Z Secret source: Actions
2026-10-04T00:29:08.5039348Z Cache mode: write
2026-10-04T00:29:08.5040045Z Prepare workflow directory
2026-10-04T00:29:08.5375438Z Prepare all required actions
2026-10-04T00:29:08.5423884Z Getting action download info
2026-10-04T00:29:08.9167027Z Download action repository 'actions/checkout@11d5960a326750d5838078e36cf38b85af677262' (SHA:11d5960a326750d5838078e36cf38b85af677262)
2026-10-04T00:29:09.0162853Z Download action repository 'pnpm/action-setup@b906affcce14559ad1aafd4ab0e942779e9f58b1' (SHA:b906affcce14559ad1aafd4ab0e942779e9f58b1)
2026-10-04T00:29:09.2894241Z Download action repository 'actions/setup-node@49933ea5288caeca8642d1e84afbd3f7d6820020' (SHA:49933ea5288caeca8642d1e84afbd3f7d6820020)
2026-10-04T00:29:09.4306892Z Download action repository 'actions/upload-artifact@ea165f8d65b6e75b540449e92b4886f43607fa02' (SHA:ea165f8d65b6e75b540449e92b4886f43607fa02)
2026-10-04T00:29:09.5378988Z Download action repository 'actions/upload-pages-artifact@56afc609e74202658d3ffba0e8f6dda462b719fa' (SHA:56afc609e74202658d3ffba0e8f6dda462b719fa)
2026-10-04T00:29:09.8493025Z Getting action download info
2026-10-04T00:29:10.0592021Z Download action repository 'actions/upload-artifact@v4' (SHA:ea165f8d65b6e75b540449e92b4886f43607fa02)
2026-10-04T00:29:10.2198852Z Complete job name: build
2026-10-04T00:29:10.3447230Z ##[group]Run actions/checkout@11d5960a326750d5838078e36cf38b85af677262
2026-10-04T00:29:10.3449046Z with:
2026-10-04T00:29:10.3449925Z   repository: mjodshamrani-ux/accounting
2026-10-04T00:29:10.3459657Z   token: ***
2026-10-04T00:29:10.3460505Z   ssh-strict: true
2026-10-04T00:29:10.3461490Z   ssh-user: git
2026-10-04T00:29:10.3462391Z   persist-credentials: true
2026-10-04T00:29:10.3463339Z   clean: true
2026-10-04T00:29:10.3464229Z   sparse-checkout-cone-mode: true
2026-10-04T00:29:10.3465259Z   fetch-depth: 1
2026-10-04T00:29:10.3466110Z   fetch-tags: false
2026-10-04T00:29:10.3466987Z   show-progress: true
2026-10-04T00:29:10.3467870Z   lfs: false
2026-10-04T00:29:10.3468712Z   submodules: false
2026-10-04T00:29:10.3469625Z   set-safe-directory: true
2026-10-04T00:29:10.3470648Z   allow-unsafe-pr-checkout: false
2026-10-04T00:29:10.3472141Z ##[endgroup]
2026-10-04T00:29:10.4492055Z Syncing repository: mjodshamrani-ux/accounting
2026-10-04T00:29:10.4496269Z ##[group]Getting Git version info
2026-10-04T00:29:10.4498579Z Working directory is '/home/runner/work/accounting/accounting'
2026-10-04T00:29:10.4502401Z [command]/usr/bin/git version
2026-10-04T00:29:10.4560718Z git version 2.55.0
2026-10-04T00:29:10.4584845Z ##[endgroup]
2026-10-04T00:29:10.4599574Z Temporarily overriding HOME='/home/runner/work/_temp/a448914f-3b2b-4d54-962f-cbff7c78d84b' before making global git config changes
2026-10-04T00:29:10.4605110Z Adding repository directory to the temporary git global config as a safe directory
2026-10-04T00:29:10.4608811Z [command]/usr/bin/git config --global --add safe.directory /home/runner/work/accounting/accounting
2026-10-04T00:29:10.4655061Z Deleting the contents of '/home/runner/work/accounting/accounting'
2026-10-04T00:29:10.4659952Z ##[group]Initializing the repository
2026-10-04T00:29:10.4664338Z [command]/usr/bin/git init /home/runner/work/accounting/accounting
2026-10-04T00:29:10.4781976Z hint: Using 'master' as the name for the initial branch. This default branch name
2026-10-04T00:29:10.4786080Z hint: will change to "main" in Git 3.0. To configure the initial branch name
2026-10-04T00:29:10.4790178Z hint: to use in all of your new repositories, which will suppress this warning,
2026-10-04T00:29:10.4795228Z hint: call:
2026-10-04T00:29:10.4797103Z hint:
2026-10-04T00:29:10.4800121Z hint: 	git config --global init.defaultBranch <name>
2026-10-04T00:29:10.4802637Z hint:
2026-10-04T00:29:10.4804611Z hint: Names commonly chosen instead of 'master' are 'main', 'trunk' and
2026-10-04T00:29:10.4808085Z hint: 'development'. The just-created branch can be renamed via this command:
2026-10-04T00:29:10.4810655Z hint:
2026-10-04T00:29:10.4812226Z hint: 	git branch -m <name>
2026-10-04T00:29:10.4813842Z hint:
2026-10-04T00:29:10.4815974Z hint: Disable this message with "git config set advice.defaultBranchName false"
2026-10-04T00:29:10.4819511Z Initialized empty Git repository in /home/runner/work/accounting/accounting/.git/
2026-10-04T00:29:10.4825330Z [command]/usr/bin/git remote add origin https://github.com/mjodshamrani-ux/accounting
2026-10-04T00:29:10.4852296Z ##[endgroup]
2026-10-04T00:29:10.4855003Z ##[group]Disabling automatic garbage collection
2026-10-04T00:29:10.4857273Z [command]/usr/bin/git config --local gc.auto 0
2026-10-04T00:29:10.4890983Z ##[endgroup]
2026-10-04T00:29:10.4894081Z ##[group]Setting up auth
2026-10-04T00:29:10.4898000Z [command]/usr/bin/git config --local --name-only --get-regexp core\.sshCommand
2026-10-04T00:29:10.4932959Z [command]/usr/bin/git submodule foreach --recursive sh -c "git config --local --name-only --get-regexp 'core\.sshCommand' && git config --local --unset-all 'core.sshCommand' || :"
2026-10-04T00:29:10.5363790Z [command]/usr/bin/git config --local --name-only --get-regexp http\.https\:\/\/github\.com\/\.extraheader
2026-10-04T00:29:10.5423683Z [command]/usr/bin/git submodule foreach --recursive sh -c "git config --local --name-only --get-regexp 'http\.https\:\/\/github\.com\/\.extraheader' && git config --local --unset-all 'http.https://github.com/.extraheader' || :"
2026-10-04T00:29:10.5685922Z [command]/usr/bin/git config --local --name-only --get-regexp ^includeIf\.gitdir:
2026-10-04T00:29:10.5732739Z [command]/usr/bin/git submodule foreach --recursive git config --local --show-origin --name-only --get-regexp remote.origin.url
2026-10-04T00:29:10.5983624Z [command]/usr/bin/git config --local http.https://github.com/.extraheader AUTHORIZATION: basic ***
2026-10-04T00:29:10.6029834Z ##[endgroup]
2026-10-04T00:29:10.6032892Z ##[group]Fetching the repository
2026-10-04T00:29:10.6043559Z [command]/usr/bin/git -c protocol.version=2 fetch --no-tags --prune --no-recurse-submodules --depth=1 origin +c767c1aa79badca8304ea171782209ff69c31f66:refs/remotes/origin/main
2026-10-04T00:29:11.8655467Z From https://github.com/mjodshamrani-ux/accounting
2026-10-04T00:29:11.8656347Z  * [new ref]         c767c1aa79badca8304ea171782209ff69c31f66 -> origin/main
2026-10-04T00:29:11.8660087Z ##[endgroup]
2026-10-04T00:29:11.8660919Z ##[group]Determining the checkout info
2026-10-04T00:29:11.8663386Z ##[endgroup]
2026-10-04T00:29:11.8668934Z [command]/usr/bin/git sparse-checkout disable
2026-10-04T00:29:11.8727375Z [command]/usr/bin/git config --local --unset-all extensions.worktreeConfig
2026-10-04T00:29:11.8763859Z ##[group]Checking out the ref
2026-10-04T00:29:11.8764746Z [command]/usr/bin/git checkout --progress --force -B main refs/remotes/origin/main
2026-10-04T00:29:12.2654781Z Switched to a new branch 'main'
2026-10-04T00:29:12.2658333Z branch 'main' set up to track 'origin/main'.
2026-10-04T00:29:12.2687316Z ##[endgroup]
2026-10-04T00:29:12.2741759Z [command]/usr/bin/git log -1 --format=%H
2026-10-04T00:29:12.2772936Z c767c1aa79badca8304ea171782209ff69c31f66
2026-10-04T00:29:12.3054247Z ##[group]Run pnpm/action-setup@b906affcce14559ad1aafd4ab0e942779e9f58b1
2026-10-04T00:29:12.3054753Z with:
2026-10-04T00:29:12.3055033Z   version: 11.19.0
2026-10-04T00:29:12.3055325Z   dest: ~/setup-pnpm
2026-10-04T00:29:12.3055622Z   run_install: null
2026-10-04T00:29:12.3055925Z   cache: false
2026-10-04T00:29:12.3056228Z   cache_dependency_path: pnpm-lock.yaml
2026-10-04T00:29:12.3056609Z   package_json_file: package.json
2026-10-04T00:29:12.3056952Z   standalone: false
2026-10-04T00:29:12.3057243Z ##[endgroup]
2026-10-04T00:29:12.4505117Z ##[group]Running self-installer...
2026-10-04T00:29:12.8688608Z (node:2344) [DEP0169] DeprecationWarning: `url.parse()` behavior is not standardized and prone to errors that have security implications. Use the WHATWG URL API instead. CVEs are not issued for `url.parse()` vulnerabilities.
2026-10-04T00:29:12.8690561Z (Use `node --trace-deprecation ...` to show where the warning was created)
2026-10-04T00:29:13.0339717Z Progress: resolved 1, reused 0, downloaded 0, added 0
2026-10-04T00:29:13.0440427Z Packages: +1
2026-10-04T00:29:13.0441105Z +
2026-10-04T00:29:13.4841125Z Progress: resolved 1, reused 0, downloaded 1, added 1, done
2026-10-04T00:29:13.5109917Z 
2026-10-04T00:29:13.5110276Z dependencies:
2026-10-04T00:29:13.5110744Z + pnpm 11.19.0 (12.9.1 is available)
2026-10-04T00:29:13.5111096Z 
2026-10-04T00:29:13.5136111Z Done in 883ms
2026-10-04T00:29:13.6325332Z ##[endgroup]
2026-10-04T00:29:13.6325757Z Installation Completed!
2026-10-04T00:29:13.6494111Z ##[group]Run actions/setup-node@49933ea5288caeca8642d1e84afbd3f7d6820020
2026-10-04T00:29:13.6494536Z with:
2026-10-04T00:29:13.6494774Z   node-version: 24
2026-10-04T00:29:13.6494978Z   cache: pnpm
2026-10-04T00:29:13.6495170Z   always-auth: false
2026-10-04T00:29:13.6495381Z   check-latest: false
2026-10-04T00:29:13.6498054Z   token: ***
2026-10-04T00:29:13.6498255Z env:
2026-10-04T00:29:13.6498514Z   PNPM_HOME: /home/runner/setup-pnpm/node_modules/.bin
2026-10-04T00:29:13.6498826Z ##[endgroup]
2026-10-04T00:29:13.8081888Z Found in cache @ /opt/hostedtoolcache/node/24.21.0/x64
2026-10-04T00:29:13.8086290Z (node:2358) [DEP0040] DeprecationWarning: The `punycode` module is deprecated. Please use a userland alternative instead.
2026-10-04T00:29:13.8087248Z (Use `node --trace-deprecation ...` to show where the warning was created)
2026-10-04T00:29:13.8089825Z ##[group]Environment details
2026-10-04T00:29:17.8437341Z node: v24.21.0
2026-10-04T00:29:17.8438027Z npm: 11.19.0
2026-10-04T00:29:17.8438554Z yarn: 1.22.22
2026-10-04T00:29:17.8439964Z ##[endgroup]
2026-10-04T00:29:17.8487635Z [command]/home/runner/setup-pnpm/node_modules/.bin/pnpm store path --silent
2026-10-04T00:29:18.9773424Z /home/runner/setup-pnpm/node_modules/.bin/store/v11
2026-10-04T00:29:19.2470229Z Cache hit for: node-cache-Linux-x64-pnpm-970ff90c8c5b62d936b78a56179f81cdf02982feb14381f8bba791078d20d9fe
2026-10-04T00:29:19.2569395Z (node:2358) [DEP0169] DeprecationWarning: `url.parse()` behavior is not standardized and prone to errors that have security implications. Use the WHATWG URL API instead. CVEs are not issued for `url.parse()` vulnerabilities.
2026-10-04T00:29:20.5474053Z Received 4194304 of 118816928 (3.5%), 4.0 MBs/sec
2026-10-04T00:29:21.4663724Z Received 118816928 of 118816928 (100.0%), 59.0 MBs/sec
2026-10-04T00:29:21.4664788Z Cache Size: ~113 MB (118816928 B)
2026-10-04T00:29:21.4780645Z [command]/usr/bin/tar -xf /home/runner/work/_temp/65550391-8194-485b-a733-16bd08cfaa8e/cache.tzst -P -C /home/runner/work/accounting/accounting --use-compress-program unzstd
2026-10-04T00:29:22.6638536Z Cache restored successfully
2026-10-04T00:29:22.6698227Z Cache restored from key: node-cache-Linux-x64-pnpm-970ff90c8c5b62d936b78a56179f81cdf02982feb14381f8bba791078d20d9fe
2026-10-04T00:29:22.6849220Z ##[group]Run pnpm install --frozen-lockfile
2026-10-04T00:29:22.6849648Z [36;1mpnpm install --frozen-lockfile[0m
2026-10-04T00:29:22.7184580Z shell: /usr/bin/bash -e {0}
2026-10-04T00:29:22.7184951Z env:
2026-10-04T00:29:22.7185303Z   PNPM_HOME: /home/runner/setup-pnpm/node_modules/.bin
2026-10-04T00:29:22.7185750Z ##[endgroup]
2026-10-04T00:29:23.3426581Z ? Verifying lockfile against supply-chain policies (367 entries)...
2026-10-04T00:29:23.3497526Z Lockfile is up to date, resolution step is skipped
2026-10-04T00:29:23.4883037Z Progress: resolved 1, reused 0, downloaded 0, added 0
2026-10-04T00:29:23.5367356Z Packages: +249
2026-10-04T00:29:23.5367986Z ++++++++++++++++++++++++++++++++++++++++++++++++++++++++++++++++++++++++++++++++
2026-10-04T00:29:24.4643353Z Packages are hard linked from the content-addressable store to the virtual store.
2026-10-04T00:29:24.4702467Z   Content-addressable store is at: /home/runner/setup-pnpm/node_modules/.bin/store/v11
2026-10-04T00:29:24.4703635Z   Virtual store is at:             node_modules/.pnpm
2026-10-04T00:29:24.4925922Z Progress: resolved 249, reused 249, downloaded 0, added 5
2026-10-04T00:29:25.2078004Z Progress: resolved 249, reused 249, downloaded 0, added 249, done
2026-10-04T00:29:26.1806524Z ✓ Lockfile passes supply-chain policies (367 entries in 2.8s)
2026-10-04T00:29:26.2352153Z 
2026-10-04T00:29:26.2352703Z dependencies:
2026-10-04T00:29:26.2353329Z + @base-ui/react 1.7.0
2026-10-04T00:29:26.2353875Z + @shadcn/react 0.3.0
2026-10-04T00:29:26.2354296Z + @tesseract.js-data/ara 1.0.0
2026-10-04T00:29:26.2354743Z + @tesseract.js-data/eng 1.0.0
2026-10-04T00:29:26.2355188Z + class-variance-authority 0.7.1
2026-10-04T00:29:26.2355565Z + clsx 2.1.1
2026-10-04T00:29:26.2355858Z + cmdk 1.1.1
2026-10-04T00:29:26.2356150Z + date-fns 4.1.0
2026-10-04T00:29:26.2356492Z + embla-carousel-react 8.5.2
2026-10-04T00:29:26.2356846Z + exceljs 4.4.0
2026-10-04T00:29:26.2357192Z + input-otp 1.4.2
2026-10-04T00:29:26.2357496Z + jszip 3.10.1
2026-10-04T00:29:26.2357830Z + lucide-react 1.31.0
2026-10-04T00:29:26.2358150Z + react 19.2.6
2026-10-04T00:29:26.2358493Z + react-day-picker 9.8.1
2026-10-04T00:29:26.2358849Z + react-dom 19.2.6
2026-10-04T00:29:26.2359233Z + react-resizable-panels 4.5.8
2026-10-04T00:29:26.2359604Z + recharts 3.8.0
2026-10-04T00:29:26.2359897Z + saxes 5.0.1
2026-10-04T00:29:26.2360209Z + tailwind-merge 3.6.0
2026-10-04T00:29:26.2360550Z + tesseract.js 7.0.0
2026-10-04T00:29:26.2360893Z + tw-animate-css 1.4.0
2026-10-04T00:29:26.2361477Z + unpdf 1.8.1
2026-10-04T00:29:26.2361711Z 
2026-10-04T00:29:26.2361848Z devDependencies:
2026-10-04T00:29:26.2362452Z + @tailwindcss/postcss 4.2.1
2026-10-04T00:29:26.2363086Z + @types/node 22.19.19
2026-10-04T00:29:26.2363682Z + @types/react 19.2.14
2026-10-04T00:29:26.2364421Z + @types/react-dom 19.2.3
2026-10-04T00:29:26.2364903Z + @vitejs/plugin-react 6.0.2
2026-10-04T00:29:26.2365261Z + oxfmt 0.61.0
2026-10-04T00:29:26.2365572Z + oxlint 1.76.0
2026-10-04T00:29:26.2365918Z + oxlint-tsgolint 7.0.2001
2026-10-04T00:29:26.2366283Z + playwright 1.62.1
2026-10-04T00:29:26.2366621Z + tailwindcss 4.2.1
2026-10-04T00:29:26.2367131Z + typescript 5.9.3
2026-10-04T00:29:26.2367517Z + vite 8.0.16
2026-10-04T00:29:26.2367745Z 
2026-10-04T00:29:26.2725021Z Done in 3.5s using pnpm v11.19.0
2026-10-04T00:29:26.3204858Z ##[group]Run pnpm audit --prod --audit-level=moderate
2026-10-04T00:29:26.3205311Z [36;1mpnpm audit --prod --audit-level=moderate[0m
2026-10-04T00:29:26.3267915Z shell: /usr/bin/bash -e {0}
2026-10-04T00:29:26.3268197Z env:
2026-10-04T00:29:26.3268479Z   PNPM_HOME: /home/runner/setup-pnpm/node_modules/.bin
2026-10-04T00:29:26.3268843Z ##[endgroup]
2026-10-04T00:29:26.8875165Z No known vulnerabilities found
2026-10-04T00:29:26.9083577Z ##[group]Run pnpm typecheck
2026-10-04T00:29:26.9083978Z [36;1mpnpm typecheck[0m
2026-10-04T00:29:26.9163959Z shell: /usr/bin/bash -e {0}
2026-10-04T00:29:26.9164446Z env:
2026-10-04T00:29:26.9164728Z   PNPM_HOME: /home/runner/setup-pnpm/node_modules/.bin
2026-10-04T00:29:26.9165050Z ##[endgroup]
2026-10-04T00:29:27.8288176Z Already up to date
2026-10-04T00:29:27.8296020Z Done in 415ms using pnpm v11.19.0
2026-10-04T00:29:27.8436656Z $ tsc --noEmit
2026-10-04T00:29:37.9278761Z ##[group]Run pnpm test
2026-10-04T00:29:37.9279216Z [36;1mpnpm test[0m
2026-10-04T00:29:37.9369274Z shell: /usr/bin/bash -e {0}
2026-10-04T00:29:37.9369710Z env:
2026-10-04T00:29:37.9370136Z   PNPM_HOME: /home/runner/setup-pnpm/node_modules/.bin
2026-10-04T00:29:37.9370689Z ##[endgroup]
2026-10-04T00:29:38.8418697Z Already up to date
2026-10-04T00:29:38.8426279Z Done in 418ms using pnpm v11.19.0
2026-10-04T00:29:38.8574301Z $ node --experimental-strip-types --test tests/*.test.ts
2026-10-04T00:29:39.1745392Z ✔ 047 a sound export passes the round (51.072856ms)
2026-10-04T00:29:39.1896627Z ✔ 047 swapping two links fails even though the count is unchanged (18.403222ms)
2026-10-04T00:29:39.2186938Z ✔ 047 a link the case forbids is caught (27.946477ms)
2026-10-04T00:29:39.2423304Z ✔ 047 a dropped row on either side is caught (23.575239ms)
2026-10-04T00:29:39.2867664Z ✔ 047 a changed amount is caught, and a blank one cannot slip through (49.240182ms)
2026-10-04T00:29:39.2963173Z ✔ 047 an item that must stay for review or unmatched is checked (6.563815ms)
2026-10-04T00:29:39.2992798Z ✔ 047 an unchecked export is not an accounting pass (0.473487ms)
2026-10-04T00:29:39.3022781Z ✔ 047 a link count that disagrees with the declared links is not a pass (0.187642ms)
2026-10-04T00:29:39.3052605Z ✔ 047 reaching the results screen is not the criterion for a stop case (0.283471ms)
2026-10-04T00:29:39.7299681Z ✔ canonical source amounts yield facts only, with no state mutation or automatic approval (23.614194ms)
2026-10-04T00:29:39.7309152Z ✔ case-only phantom IDs are rejected even if their invented amounts agree (4.022789ms)
2026-10-04T00:29:39.7310681Z ✔ stale display copies cannot change amount, sign, reference, date, currency or provenance (18.7806ms)
2026-10-04T00:29:39.7373131Z ✔ duplicate or missing canonical rows and foreign case ownership reject the whole proposal result (5.043786ms)
2026-10-04T00:29:39.7374775Z ✔ every source trace must name its actual canonical member exactly once (9.179405ms)
2026-10-04T00:29:39.7402787Z ✔ stale source totals, case totals, variance and bridge values are never reused (9.532375ms)
2026-10-04T00:29:39.7426526Z ✔ unread source rows make uniqueness and proposal verification incomplete (1.152725ms)
2026-10-04T00:29:39.7452562Z ✔ explicit currency, type, purchase order and unreadable reference conflicts are rejected (5.824366ms)
2026-10-04T00:29:39.7473479Z ✔ invalid calendar dates, dates outside the window, zero and offsetting signs cannot prove a relationship (4.203877ms)
2026-10-04T00:29:39.7475310Z ✔ a subset of an ambiguous duplicate-reference group is not a verified hypothesis (3.777851ms)
2026-10-04T00:29:39.7477326Z ✔ matched rows stay unavailable even if a stale case is relabeled reviewable (2.105074ms)
2026-10-04T00:29:39.7479049Z ✔ malformed current result structures fail closed without throwing (5.460525ms)
2026-10-04T00:29:39.7480673Z ✔ untrusted description instructions never become commands, amounts, decisions or model authority (3.111335ms)
2026-10-04T00:29:39.7918292Z ✔ 047 only the guard’s own refusal counts as protection (17.229862ms)
2026-10-04T00:29:39.7942517Z ✔ 047 the answered ambiguity is accepted and produces the chosen values (16.631987ms)
2026-10-04T00:29:39.7943758Z ✔ 047 the worker refuses an unanswered ambiguity on reconcile, compare and export, and completes once answered (185.260302ms)
2026-10-04T00:29:39.8012238Z ✔ 047 session restore refuses an unanswered ambiguity with the same code (13.819651ms)
2026-10-04T00:29:39.8324355Z ✔ AI cannot pick one row from a reference shared by several documents (44.747131ms)
2026-10-04T00:29:39.8352851Z ✔ explicit row ID can disambiguate AI routing, but contradictory references cannot (12.391048ms)
2026-10-04T00:29:39.8382606Z ✔ AI routing rejects irrelevant transaction fields and blank or oversized questions (9.216185ms)
2026-10-04T00:29:39.8412602Z ✔ out-of-range hypothesis differences fail closed without crashing the assistant (5.145667ms)
2026-10-04T00:29:39.8414766Z ✔ hostile model proposals never acquire authority or alter any source evidence (23.561756ms)
2026-10-04T00:29:39.8450425Z ✔ Arabic and aborted requests do not even query a model provider (8.640409ms)
2026-10-04T00:29:40.2016587Z ✔ Arabic and English variance questions find a proved transaction difference without closing balances (83.251054ms)
2026-10-04T00:29:40.2053123Z ✔ thousands separators and Arabic or Persian digits preserve the exact requested minor units (5.225867ms)
2026-10-04T00:29:40.2072854Z ✔ all cases sharing a requested variance are cited without selecting one as the cause (5.413709ms)
2026-10-04T00:29:40.2074495Z ✔ negative variance uses its signed value and the bridge effect has the opposite sign (4.106615ms)
2026-10-04T00:29:40.2076181Z ✔ transaction variance and closing-balance delta remain explicitly separate (4.94957ms)
2026-10-04T00:29:40.2077939Z ✔ missing requested amounts do not select a nearby case or repeat the user amount as a fact (5.239052ms)
2026-10-04T00:29:40.2079800Z ✔ ambiguous numeric conventions, invalid notation and multiple amounts never select a case (6.257084ms)
2026-10-04T00:29:40.2081809Z ✔ an explicit foreign currency or unknown invoice cannot be replaced by a same-number case (2.349601ms)
2026-10-04T00:29:40.2108714Z ✔ stale numeric evidence and unreadable source rows cannot acquire a grounded variance explanation (3.557249ms)
2026-10-04T00:29:40.2110940Z ✔ amount questions and hostile instructions never alter source values or turn cases into matches (6.841036ms)
2026-10-04T00:29:40.6893998Z ✔ A02: native Excel 1.234 never matches native 1234 under comma locale (284.518411ms)
2026-10-04T00:29:41.1170371Z ✔ native/text × dot/comma × 0/2/3 decimal matrix preserves expected minor units (430.198859ms)
2026-10-04T00:29:41.2551155Z ✔ native percentages and excess precision block rather than reinterpret or round (95.165571ms)
2026-10-04T00:29:41.2565124Z ✔ A01: references and row IDs must match whole tokens, never prefixes (21.492658ms)
2026-10-04T00:29:41.2589654Z ✔ model cannot route a question to an unrelated but existing document (11.255236ms)
2026-10-04T00:29:41.2595091Z ✔ Arabic AI path declines before invoking unsupported model API (6.60291ms)
2026-10-04T00:29:41.3674163Z ✔ original bytes and fingerprint survive import; reparsing blocks a corrupted numeric interpretation on export (109.422374ms)
2026-10-04T00:29:41.4253452Z ✔ title merge and errors on unrelated worksheet do not contaminate selected clean data (51.198809ms)
2026-10-04T00:29:41.6059554Z ✔ A04: actual decompressed bytes cannot exceed falsified declared size (13.517434ms)
2026-10-04T00:29:42.1516607Z ✔ actual 33 MB expansion stops at 32 MB budget even when index underreports (724.950677ms)
2026-10-04T00:29:42.1523499Z ✔ ZIP integrity rejects bad CRC and truncated index (2.235838ms)
2026-10-04T00:29:42.1691507Z ✔ session roundtrip reparses originals and never restores reviewer approval (16.372788ms)
2026-10-04T00:29:42.1815224Z ✔ session tampered fingerprint, unknown version and invalid decisions are rejected (10.008808ms)
2026-10-04T00:29:42.2012585Z ✔ patched UUID dependency remains compatible with Excel conditional-formatting export (21.537863ms)
2026-10-04T00:29:42.2273786Z ✔ 046 balance labels after the amount remain structural across column permutations and preserve complete payment groups (37.266241ms)
2026-10-04T00:29:42.2304140Z ✔ 046 a dated invoice named Opening or Closing balance cannot disappear when its amount precedes its description (2.797789ms)
2026-10-04T00:29:42.2308996Z ✔ 046 nonleading balance labels cannot conceal references, malformed dates or amounts, multiple labels or unrelated helper text (9.190447ms)
2026-10-04T00:29:42.2311224Z ✔ 046 unsafe or hidden nonleading balance labels remain source errors and cannot establish complete groups (10.571198ms)
2026-10-04T00:29:42.2314140Z ✔ 046 Arabic presentation forms normalize document categories without rewriting source, references or amounts (40.283235ms)
2026-10-04T00:29:42.2316523Z ✔ 046 actual Arabic PDF balance labels establish arithmetic with original provenance, not coverage (291.924916ms)
2026-10-04T00:29:42.2318589Z ✔ 046 balance category normalization never repairs monetary characters or erases dated documents and unsafe labels (3.275943ms)
2026-10-04T00:29:42.2320546Z ✔ 046 shaped running balance labels retain exact sign proof and reject conflicting recurrences (2.522836ms)
2026-10-04T00:29:42.2322608Z ✔ 046 rectangular PDF clipping cannot ignore nested exclusions, holes or a later opaque cover (42.076619ms)
2026-10-04T00:29:42.2324251Z ✔ ambiguous column meanings are left unmapped instead of selecting the first header (6.020602ms)
2026-10-04T00:29:42.2325741Z ✔ exact summation does not depend on ordering of large offsetting entries (0.398916ms)
2026-10-04T00:29:42.2327458Z ✔ truthy non-boolean confirmations cannot create verified balance evidence (0.547644ms)
2026-10-04T00:29:42.2329212Z ✔ unknown and out-of-range exclusions cannot silently masquerade as reviewed rows (0.481199ms)
2026-10-04T00:29:46.6008403Z ✔ decimal money: no floating arithmetic, Arabic digits and parentheses (2.572317ms)
2026-10-04T00:29:46.6039598Z ✔ reject ambiguous grouping, excessive precision, missing and exponent amounts (0.793113ms)
2026-10-04T00:29:46.6052490Z ✔ dates require explicit format and real calendar dates (0.682315ms)
2026-10-04T00:29:46.6112674Z ✔ reference normalization preserves year and leading zero distinctions (0.379459ms)
2026-10-04T00:29:46.6122390Z ✔ demo retains duplicate ambiguity and produces 2 strict automatic pairs (29.702654ms)
2026-10-04T00:29:46.6153302Z ✔ zero bridge residual never deletes opposite exceptions (3.621729ms)
2026-10-04T00:29:46.6172481Z ✔ duplicate equality is not resolved by order or date (13.755238ms)
2026-10-04T00:29:46.6202664Z ✔ numeric-only weak reference does not auto match (1.693736ms)
2026-10-04T00:29:46.6214210Z ✔ direction must be explicit and sign disagreement cannot auto match (2.392762ms)
2026-10-04T00:29:46.6262538Z ✔ cutoff exclusions retained and blank/header rows accounted for (3.951055ms)
2026-10-04T00:29:46.6264126Z ✔ a formula row blocks, a total row is classified, and no row is skipped silently (2.151281ms)
2026-10-04T00:29:46.6292573Z ✔ manual exclusions require reason and preserve source contents (1.588589ms)
2026-10-04T00:29:46.6314531Z ✔ currency mismatch blocks source (3.200752ms)
2026-10-04T00:29:46.6331633Z ✔ reused column mapping is rejected (0.256239ms)
2026-10-04T00:29:46.6352778Z ✔ arithmetic bridge stays separate from user coverage and invalid balances block it (9.608357ms)
2026-10-04T00:29:46.6382539Z ✔ opening adjustment remains separate and unexplained (4.28584ms)
2026-10-04T00:29:46.6412455Z ✔ open items include old unpaid documents; sum must match closing (1.21966ms)
2026-10-04T00:29:46.6413633Z ✔ mixed report types rejected (7.125266ms)
2026-10-04T00:29:46.6443268Z ✔ manual pair cannot consume a transaction twice or conceal amount discrepancy (2.803048ms)
2026-10-04T00:29:46.6476397Z ✔ rejected automatic match stays a rejected case until a new explicit decision (2.463003ms)
2026-10-04T00:29:46.6502442Z ✔ inference suggests only column indices, no invented scope or balance (1.472923ms)
2026-10-04T00:29:46.6504834Z ✔ 20k rows compare without quadratic candidate search (5299.451338ms)
2026-10-04T00:29:46.6506042Z ✔ generic word reference does not auto match (3.729902ms)
2026-10-04T00:29:46.6507280Z ✔ extra CSV fields cannot silently shift or truncate amount (0.418552ms)
2026-10-04T00:29:46.7315267Z ✔ unused percentage, hidden-sign format, formulas, errors and merged notes do not invalidate mapped transactions (373.650632ms)
2026-10-04T00:29:46.7343011Z ✔ formula in mapped amount still blocks cached values and names its exact cell (32.455003ms)
2026-10-04T00:29:46.7372624Z ✔ uncached formulas cannot disappear as an empty data row (40.797944ms)
2026-10-04T00:29:46.7374762Z ✔ displayed numeric references cannot silently collapse to a different raw identifier (174.686599ms)
2026-10-04T00:29:46.7433063Z ✔ text formats hiding a mapped reference require review; unrelated text formats remain usable (89.870848ms)
2026-10-04T00:29:46.7495981Z ✔ conditional numeric formats are checked only in their affected ranges and selected columns (244.985607ms)
2026-10-04T00:29:46.7522709Z ✔ ordinary conditional accounting formats retain values without evaluating Excel expressions (27.060374ms)
2026-10-04T00:29:46.7561985Z ✔ multisheet workbooks are admitted through the declared sheet limit and fail beyond it (225.175236ms)
2026-10-04T00:29:46.7592879Z ✔ namespaced original-shaped Excel pair reaches exact comparison, audit workbook and restorable session (886.762834ms)
2026-10-04T00:29:46.7595229Z ✔ export and session restore reject stale claimed direction proof even when arithmetic result was otherwise unchanged (777.86847ms)
2026-10-04T00:29:46.7623219Z ✔ export and saved sessions replace arbitrary direction explanation text with freshly computed evidence (494.372473ms)
2026-10-04T00:29:46.7652899Z ✔ manual exclusions retain a safe literal envelope before bad amount or date parsing on either side (44.262605ms)
2026-10-04T00:29:46.7672506Z ✔ literal and normalized manual exclusion collisions block only the affected pair on both sides (20.742126ms)
2026-10-04T00:29:46.7693492Z ✔ every excluded secondary identity blocks matching across reference roles without supplying positive authority (34.111991ms)
2026-10-04T00:29:46.7695894Z ✔ a displaced identity in the manually excluded date or amount remains negative evidence on either side (5.51682ms)
2026-10-04T00:29:46.7698208Z ✔ an excluded unknown or unsafe reference envelope is a wildcard even when the visible document is disjoint (22.767354ms)
2026-10-04T00:29:46.7700464Z ✔ parsed manual exclusions with a missing or empty isolation envelope cannot recover automatic matches (5.383752ms)
2026-10-04T00:29:46.7703251Z ✔ unsafe blank manual exclusions remain wildcard blockers and cannot establish complete balance coverage (4.961804ms)
2026-10-04T00:29:46.7705706Z ✔ excluded cross-role normalized taint follows original transitive memberships after manual acceptance or rejection (16.196808ms)
2026-10-04T00:29:46.7708122Z ✔ outside-period literal or normalized collisions cannot manufacture uniqueness through date filtering (15.826028ms)
2026-10-04T00:29:46.7710173Z ✔ a safely disjoint outside-period movement leaves the in-period pair automatic (3.052455ms)
2026-10-04T00:29:46.7714511Z ✔ confirmed headers, blank rows, summaries, repeated headers and independent footers are non-movements (2.290641ms)
2026-10-04T00:29:46.7716669Z ✔ legacy exclusions use all nonempty raw cells as negative keys regardless of their reason text (13.161919ms)
2026-10-04T00:29:46.7718762Z ✔ legacy exclusions with disjoint raw identities preserve independent automatic pairs (2.33285ms)
2026-10-04T00:29:46.7720775Z ✔ a legacy isolation certificate cannot omit a competing identity still present in a raw cell (3.565073ms)
2026-10-04T00:29:46.7723372Z ✔ explicit manual acceptance remains manual when an excluded possible competitor blocks automatic authority (2.833375ms)
2026-10-04T00:29:46.7725660Z ✔ AI hypotheses reject excluded identity memberships without mutation and leave disjoint proposals for review (7.536696ms)
2026-10-04T00:29:46.7730244Z ✔ offsetting manually excluded movements prevent complete balance reconciliation despite exact arithmetic (5.673875ms)
2026-10-04T00:29:46.7732984Z ✔ manual excluded competitors block complete invoice and payment group proofs while disjoint groups survive (12.375841ms)
2026-10-04T00:29:46.7735071Z ✔ malformed exclusion state rejects an AI proposal without throwing or mutating (1.778194ms)
2026-10-04T00:29:46.7737895Z ✔ P5 native evidence lookup and restored explanation: untyped-credit (58.38014ms)
2026-10-04T00:29:46.7739691Z ✔ P5 native evidence lookup and restored explanation: unselected-reference (17.375026ms)
2026-10-04T00:29:46.7742217Z ✔ P5 native evidence lookup and restored explanation: balanced-variance (20.855718ms)
2026-10-04T00:29:46.7743937Z ✔ P5 native evidence lookup and restored explanation: partial-source (29.268489ms)
2026-10-04T00:29:46.7746002Z ✔ P5 inconsistent case total cannot become a chat figure or model context (6.570479ms)
2026-10-04T00:29:46.7747664Z ✔ P5 inconsistent case variance cannot become a chat figure or model context (4.276142ms)
2026-10-04T00:29:46.7749420Z ✔ P5 inconsistent case bridge effect cannot become a chat figure or model context (4.277635ms)
2026-10-04T00:29:46.7759874Z ✔ P5 inconsistent display member cannot become a chat figure or model context (3.608925ms)
2026-10-04T00:29:46.7761498Z ✔ P5 inconsistent source trace cannot become a chat figure or model context (4.065709ms)
2026-10-04T00:29:46.7762824Z ✔ P5 inconsistent counter cannot become a chat figure or model context (3.753294ms)
2026-10-04T00:29:46.7764123Z ✔ P5 inconsistent bridge delta cannot become a chat figure or model context (3.867438ms)
2026-10-04T00:29:46.7765494Z ✔ P5 inconsistent bridge adjustment cannot become a chat figure or model context (5.53269ms)
2026-10-04T00:29:46.7766900Z ✔ P5 inconsistent closing source drift cannot become a chat figure or model context (2.122056ms)
2026-10-04T00:29:46.7768380Z ✔ P5 inconsistent bridge arithmetic status cannot become a chat figure or model context (2.027901ms)
2026-10-04T00:29:46.7769797Z ✔ P5 inconsistent false full reconciliation cannot become a chat figure or model context (2.823847ms)
2026-10-04T00:29:46.7771179Z ✔ P5 inconsistent missing case cannot become a chat figure or model context (1.960504ms)
2026-10-04T00:29:46.7772824Z ✔ P5 audit-only lookups keep exact spelling, ambiguity and unknown identifiers (1.993435ms)
2026-10-04T00:29:46.7774217Z ✔ P5 source-only views and retained evidence cannot drift from canonical rows (2.305008ms)
2026-10-04T00:29:46.7775633Z ✔ P5 complete model windows carry canonical native cues and complete case membership (4.819257ms)
2026-10-04T00:29:46.7777099Z ✔ P5 an over-budget UTF-8 window declines without truncating evidence or querying a model (3.15119ms)
2026-10-04T00:29:46.7778778Z ✔ P5 exact identifier lookup keeps punctuation and Unicode boundaries during literal screening (0.740804ms)
2026-10-04T00:29:46.7780327Z ✔ Excel formats that conceal or alter displayed values block the row (445.306891ms)
2026-10-04T00:29:46.7811723Z ✔ ordinary numeric, negative and accounting formats retain native exact amounts (453.909781ms)
2026-10-04T00:29:46.7813303Z ✔ conditional numeric formatting cannot silently override the displayed sign (44.59591ms)
2026-10-04T00:29:46.7814903Z ✔ 047 an ambiguous amount format needs a recorded choice, not a value in the mapping (14.630835ms)
2026-10-04T00:29:46.7816475Z ✔ 047 a recorded choice does not travel to another document or another reading (2.352557ms)
2026-10-04T00:29:46.7817831Z ✔ 047 a choice made at another currency precision is not reused (0.85567ms)
2026-10-04T00:29:46.7819102Z ✔ 047 a column template never carries a document-specific choice (1.132437ms)
2026-10-04T00:29:46.7820473Z ✔ 047 formatChoiceColumns follows the mapped amount columns in either mode (0.337291ms)
2026-10-04T00:29:46.7822293Z ✔ 047 a saved session is re-checked on restore and cannot assert its own approval (43.280099ms)
2026-10-04T00:29:46.7824170Z ✔ 047 changing PDF extraction boundaries does not change the file hash (155.445669ms)
2026-10-04T00:29:46.7825777Z ✔ 047 a choice made under one set of extraction boundaries is not reused under another (1.742998ms)
2026-10-04T00:29:46.7827287Z ✔ 047 excluding a row, or typing a balance, asks the format question again (1.534037ms)
2026-10-04T00:29:46.7828628Z ✔ 047 a change that does not touch the values keeps the answer (1.863213ms)
2026-10-04T00:29:46.7829974Z ✔ ISO dates, explicit month names and whole numbers need no locale question (13.787089ms)
2026-10-04T00:29:46.7831833Z ✔ calendar ambiguity remains visible until a whole-column interpretation is unique (2.90546ms)
2026-10-04T00:29:46.7833830Z ✔ impossible dates, short years and mutually incompatible date orders are invalid (1.559414ms)
2026-10-04T00:29:46.7835397Z ✔ number format inference obeys grouping, decimal precision and Arabic separators (1.477832ms)
2026-10-04T00:29:46.7837242Z ✔ three-decimal currencies never guess between decimal and thousands separators (0.954453ms)
2026-10-04T00:29:46.7838968Z ✔ native Excel numeric cells are locale independent, while text cells still constrain format (1.135642ms)
2026-10-04T00:29:46.7840542Z ✔ mapped parser defects and percentage cells cannot become format proof (1.09136ms)
2026-10-04T00:29:46.7842930Z ✔ inference ignores explicit exclusions, preheaders and clear balance rows without changing them (1.496437ms)
2026-10-04T00:29:46.7844554Z ✔ split amounts allow a blank side but not an entirely missing movement value (1.429151ms)
2026-10-04T00:29:46.7845993Z ✔ no sample cutoff hides a late incompatible value or an oversized source (125.68655ms)
2026-10-04T00:29:46.7847562Z ✔ existing entered balances participate in proof and missing mappings stay unavailable (0.646489ms)
2026-10-04T00:29:47.2328569Z ✔ evaluator: the untouched engine passes the cases used below (135.074142ms)
2026-10-04T00:29:47.2332998Z ✔ evaluator: losing a required piece of evidence fails the case (6.772077ms)
2026-10-04T00:29:47.2369416Z ✔ evaluator: the value in a field of another role does not count as kept (22.690228ms)
2026-10-04T00:29:47.2374537Z ✔ evaluator: exact generic reference text and header count as retained under either supported representation (8.192662ms)
2026-10-04T00:29:47.2376632Z ✔ evaluator: an unselected reference needs its exact retained role, header and value (20.178925ms)
2026-10-04T00:29:47.2378444Z ✔ evaluator: retained reference evidence from another source or row does not count (10.37411ms)
2026-10-04T00:29:47.2380180Z ✔ evaluator: preserving unselected references never licenses an automatic match (3.573259ms)
2026-10-04T00:29:47.2382063Z ✔ evaluator: an unexpected internal error is not a successful refusal (8.191069ms)
2026-10-04T00:29:47.2383791Z ✔ evaluator: every invalid case names its own rejection, and another reason fails (78.117835ms)
2026-10-04T00:29:47.2396830Z ✔ evaluator: Needs Review passes as Unmatched only where the contract allows both (15.524846ms)
2026-10-04T00:29:47.2407064Z ✔ evaluator: a required diagnostic is part of the verdict (5.97125ms)
2026-10-04T00:29:47.2408435Z ✔ evaluator: a reference warning does not hide a wrong amount or date (10.961968ms)
2026-10-04T00:29:47.2409944Z ✔ evaluator: a row read under its own document number is not a misread, any other value is (9.781863ms)
2026-10-04T00:29:47.2411637Z ✔ evaluator: unaided and declared runs record assistance separately (12.010608ms)
2026-10-04T00:29:47.3443612Z ✔ T01: documented invoice labels are read as invoices and match (83.885082ms)
2026-10-04T00:29:47.3468595Z ✔ T01 reverse: labels that name another role or no role are not guessed (16.474962ms)
2026-10-04T00:29:47.3478606Z ✔ T01 reverse: a recognised synonym still conflicts with another role (8.915784ms)
2026-10-04T00:29:47.3483003Z ✔ G08: parts of one payment on neighbouring days match through an explicit bank identity (11.399065ms)
2026-10-04T00:29:47.3485241Z ✔ G08 reverse: a spread group without full, unique, in-window identity stays for review (27.377438ms)
2026-10-04T00:29:47.3486611Z ✔ G08 reverse: invoice groups still need one date (3.65477ms)
2026-10-04T00:29:47.3488031Z ✔ R01: each book numbers its own vouchers; the chosen reference still names the invoice (3.356854ms)
2026-10-04T00:29:47.3489361Z ✔ R01 reverse: the chosen reference must itself prove the document (12.267576ms)
2026-10-04T00:29:47.3490705Z ✔ R02: batch, chosen reference and type label are kept with their headers, never as proof (6.046501ms)
2026-10-04T00:29:47.3492588Z ✔ R02: retained evidence survives session restore and is exported beside the row (215.641255ms)
2026-10-04T00:29:47.3594559Z ✔ S01: sources, readings and roles that do not correspond are refused, never dropped (6.79895ms)
2026-10-04T00:29:47.5193981Z ✔ S06: formula-like and long references are exported as the text they are (168.113596ms)
2026-10-04T00:29:47.5283176Z ✔ S06: an export whose retained evidence was changed after comparing is refused (6.283735ms)
2026-10-04T00:29:47.5323223Z ✔ S08: the same file under another name, or overlapping exports, are not consumed twice (6.532809ms)
2026-10-04T00:29:47.5373802Z ✔ compatibility: a session saved by the previous engine is refused, not silently re-decided (4.321327ms)
2026-10-04T00:29:48.5376313Z ✔ English has exactly the Arabic keys, lists and message parameters (49.457035ms)
2026-10-04T00:29:48.5386598Z ✔ English interface copy contains no Arabic (5.676808ms)
2026-10-04T00:29:48.5393294Z ✔ Arabic interface copy has no stray English words (2.544496ms)
2026-10-04T00:29:48.5397250Z ✔ the interface source has no Arabic outside the catalogues (453.135616ms)
2026-10-04T00:29:48.5401969Z ✔ every engine message has English, and every entry is still used (455.015305ms)
2026-10-04T00:29:48.5406599Z ✔ every catalogue entry uses each of its slots, and only those (4.885842ms)
2026-10-04T00:29:48.5411062Z ✔ each engine message is recognised and presented with its own values (11.476019ms)
2026-10-04T00:29:48.5414169Z ✔ every user-data slot keeps Arabic data verbatim, even engine words (6.004222ms)
2026-10-04T00:29:48.5415651Z ✔ user data inside an engine message is never translated (0.322724ms)
2026-10-04T00:29:48.5417124Z ✔ Arabic engine text is shown exactly as the engine wrote it (0.666857ms)
2026-10-04T00:29:48.5418740Z ✔ the assistant gives the same answer to the Arabic and English presets (48.394941ms)
2026-10-04T00:29:48.5420670Z ✔ real engine output reads fully in English apart from user data (18.35221ms)
2026-10-04T00:29:48.5640309Z ✔ mapping suggestions contain only source-bound pending roles and reproducible cell evidence (4.534866ms)
2026-10-04T00:29:48.5643352Z ✔ strict schema forbids model numbers, approvals, rewriting, exclusions, mode and inherited authority (5.916207ms)
2026-10-04T00:29:48.5656223Z ✔ source hash, worksheet, header, every current mapping setting and PDF recuts invalidate pending suggestions (2.945045ms)
2026-10-04T00:29:48.5658288Z ✔ equivalent mapping property order produces the same local revision without relaxing source identity (0.529179ms)
2026-10-04T00:29:48.5660194Z ✔ already assigned roles and duplicate roles cannot be replaced or repurposed (2.718621ms)
2026-10-04T00:29:48.5662199Z ✔ numeric Quantity versus Amount and two valid date meanings never become proven semantics (0.885855ms)
2026-10-04T00:29:48.5664014Z ✔ untrusted source instructions are only quoted, bounded cell evidence (0.442507ms)
2026-10-04T00:29:48.5665946Z ✔ unsafe header cells reject only affected proposals while hidden or unreliable header rows block the context (3.758445ms)
2026-10-04T00:29:48.5667960Z ✔ hidden source transactions need manual mapping; a human exclusion is preserved and bound (0.899762ms)
2026-10-04T00:29:48.5669764Z ✔ late unsafe cells are retained beyond the model samples and remain rejected by the engine (30.034465ms)
2026-10-04T00:29:48.5672385Z ✔ all reader issues remain counted even when preview is compact; blank formula cells stay visible (0.610432ms)
2026-10-04T00:29:48.5674202Z ✔ PDF mapping suggestions never restore image review or advance reconciliation state (0.403965ms)
2026-10-04T00:29:48.5676137Z ✔ large hidden/formula metadata is scanned linearly while all source issues remain counted (111.905876ms)
2026-10-04T00:29:48.5815865Z ✔ upload chooses the only recognizable table after an instructions sheet and normalization preserves exact totals (176.639954ms)
2026-10-04T00:29:48.5829445Z ✔ two plausible source tables require explicit sheet selection instead of defaulting to either (62.04858ms)
2026-10-04T00:29:48.6690629Z ✔ unknown multisheet layouts require sheet choice while unknown single-sheet files remain configurable (86.016783ms)
2026-10-04T00:29:48.8303539Z ✔ a unique debit-credit table is suggested without inferring the debt direction or confirmed balances (49.30817ms)
2026-10-04T00:29:48.8393195Z ✔ a PDF awaiting column boundaries remains accessible without gaining extraction approval (0.541161ms)
2026-10-04T00:29:49.2079147Z ✔ a real synthetic export reimports the appropriate source copy and does not restore old approvals or decisions (488.256923ms)
2026-10-04T00:29:49.2436224Z ✔ familiar workpaper sheet names without the export signatures do not auto-select a side (34.030326ms)
2026-10-04T00:29:49.2464161Z ✔ early review lists only selected cells on included data rows, retaining row-level geometry issues (1.137395ms)
2026-10-04T00:29:49.2667312Z ✔ early review exposes uncached formulas even when the row appears empty (22.660232ms)
2026-10-04T00:29:49.2910111Z ✔ 046 invalid PDF layout cannot use a default locale to emit a silently scaled KWD row even after confirmation (171.505244ms)
2026-10-04T00:29:49.2912635Z ✔ 046 input readiness preserves native Excel value semantics and legitimate empty-period balances (10.058659ms)
2026-10-04T00:29:49.2914988Z ✔ 046 an explicit choice for ambiguous valid formats remains valid but impossible dates do not (2.993565ms)
2026-10-04T00:29:49.2917264Z ✔ 046 real worker entry rejects invalid formats for reconcile, compare and export before returning financial values (53.767585ms)
2026-10-04T00:29:49.4673200Z ✔ CSV quoted comma/newline, escaped quote, semicolon and BOM (5.741734ms)
2026-10-04T00:29:49.4762979Z ✔ broken CSV, invalid encoding, wrong extension rejected (7.692435ms)
2026-10-04T00:29:49.4764240Z ✔ non-ZIP input is rejected by the preliminary archive check (0.424494ms)
2026-10-04T00:29:49.4832950Z ✔ XLSX preserves formatted reference zeros and flags formula rows (127.515487ms)
2026-10-04T00:29:49.6563483Z ✔ Excel export roundtrip retains controls/source and never turns input into formula (300.359226ms)
2026-10-04T00:29:49.6834246Z ﹣ July acceptance 1: Excel and PDF have identical accounting cases and bridge (1.646307ms) # Private July originals unavailable; set MIZAN_SAMPLE_DIR to run this acceptance suite.
2026-10-04T00:29:49.6837696Z ﹣ July acceptance 2: every one of the 23 original rows occurs in exactly one case (0.190216ms) # Private July originals unavailable; set MIZAN_SAMPLE_DIR to run this acceptance suite.
2026-10-04T00:29:49.6863509Z ﹣ July acceptance 3: exactly six original one-to-one matches are automatic (0.204813ms) # Private July originals unavailable; set MIZAN_SAMPLE_DIR to run this acceptance suite.
2026-10-04T00:29:49.6889820Z ﹣ July acceptance 4: INV-260729 is one proven 1:M case, never duplicate or unmatched (0.174305ms) # Private July originals unavailable; set MIZAN_SAMPLE_DIR to run this acceptance suite.
2026-10-04T00:29:49.6893467Z ﹣ July acceptance 5: INV-260710 is one amount-variance review with minus 180 SAR effect (0.204562ms) # Private July originals unavailable; set MIZAN_SAMPLE_DIR to run this acceptance suite.
2026-10-04T00:29:49.6896791Z ﹣ July acceptance 6: the unique 15000 SAR payment remains a zero-net review candidate (0.172473ms) # Private July originals unavailable; set MIZAN_SAMPLE_DIR to run this acceptance suite.
2026-10-04T00:29:49.6900078Z ﹣ July acceptance 7: only the three genuinely one-sided documents are unmatched (0.174005ms) # Private July originals unavailable; set MIZAN_SAMPLE_DIR to run this acceptance suite.
2026-10-04T00:29:49.6903911Z ﹣ July acceptance 8: source balance arithmetic, period and account metadata stay distinct from coverage approval (0.203991ms) # Private July originals unavailable; set MIZAN_SAMPLE_DIR to run this acceptance suite.
2026-10-04T00:29:49.6908899Z ﹣ July acceptance 9: the source-to-ledger bridge explains exactly 6160 SAR (0.232074ms) # Private July originals unavailable; set MIZAN_SAMPLE_DIR to run this acceptance suite.
2026-10-04T00:29:49.6912223Z ﹣ July acceptance 10: case counts and source-member counts are both exact (0.308727ms) # Private July originals unavailable; set MIZAN_SAMPLE_DIR to run this acceptance suite.
2026-10-04T00:29:49.6915367Z ﹣ July acceptance 11: exported workbooks have six visible case sheets and native numeric/date cells (0.200103ms) # Private July originals unavailable; set MIZAN_SAMPLE_DIR to run this acceptance suite.
2026-10-04T00:29:49.6919240Z ﹣ July acceptance 12: diagnostics name the actual group, variance and payment states (0.145923ms) # Private July originals unavailable; set MIZAN_SAMPLE_DIR to run this acceptance suite.
2026-10-04T00:29:51.6882229Z ✔ large native PDF L01: positive (2254.674905ms)
2026-10-04T00:30:06.2947409Z ✔ large native PDF L02: positive (14599.637767ms)
2026-10-04T00:30:06.3160837Z ✔ large native PDF L03: limit-rejection (24.768246ms)
2026-10-04T00:30:07.0913365Z ✔ large native PDF L04: empty-page (772.159292ms)
2026-10-04T00:30:07.6357382Z ✔ large native PDF L05: covered-page (546.528513ms)
2026-10-04T00:30:09.6909758Z ✔ large native PDF L06: geometry-drift (2055.759799ms)
2026-10-04T00:30:10.5784411Z ✔ large native PDF L07: stream-rejection (883.408101ms)
2026-10-04T00:30:10.7913900Z ✔ group rejection preserves late edges and literal row IDs containing separators (41.88344ms)
2026-10-04T00:30:10.7992987Z ✔ 20,000 by 20,000 oversized payment group retains every row and the last rejected edge (9363.692342ms)
2026-10-04T00:30:10.7994243Z ✔ 20,000 interleaved approved, review and unmatched rows preserve ordered ambiguity and ledger diagnostics (8206.194404ms)
2026-10-04T00:30:10.8013554Z ✔ F02-R01/R15: frozen bytes auto-read; preserve every row, signs and conservative matching (157.054516ms)
2026-10-04T00:30:10.8050083Z ✔ F02-R02: permute all columns and rename sheets without coordinate/name assumptions (92.740182ms)
2026-10-04T00:30:10.8072951Z ✔ F02-R03: explicit bilingual labels and consistent parent currency (65.679275ms)
2026-10-04T00:30:10.8113248Z ✔ F02-R09: NFKC currency tags cannot hide a parent/child conflict (42.268823ms)
2026-10-04T00:30:10.8142482Z ✔ F02-R03/R14: NFKC parent currency is inherited and checked against scope (94.763292ms)
2026-10-04T00:30:10.8145690Z ✔ F02-R14: explicit NFKC child currencies remain visible to scope checks (38.304411ms)
2026-10-04T00:30:10.8172611Z ✔ F02-R04 extends into opening/data: keep file and refuse layered inference (36.43775ms)
2026-10-04T00:30:10.8202573Z ✔ F02-R04 extends into first movement: keep file and refuse layered inference (24.512015ms)
2026-10-04T00:30:10.8225564Z ✔ F02-R05 horizontal Date/Ref: keep file and refuse layered inference (28.445462ms)
2026-10-04T00:30:10.8252668Z ✔ F02-R06 missing native vertical geometry: keep file and refuse layered inference (36.043478ms)
2026-10-04T00:30:10.8305947Z ✔ F02-R07 hidden first row: keep file and refuse layered inference (36.962691ms)
2026-10-04T00:30:10.8319419Z ✔ F02-R07 hidden second row: keep file and refuse layered inference (25.647154ms)
2026-10-04T00:30:10.8321892Z ✔ F02-R07 hidden reference column: keep file and refuse layered inference (22.897425ms)
2026-10-04T00:30:10.8323759Z ✔ F02-R08 formula anchor: keep file and refuse layered inference (36.518757ms)
2026-10-04T00:30:10.8325827Z ✔ F02-R08 error anchor: keep file and refuse layered inference (41.417509ms)
2026-10-04T00:30:10.8327587Z ✔ F02-R08 invisible anchor format: keep file and refuse layered inference (53.558922ms)
2026-10-04T00:30:10.8329326Z ✔ F02-R09 unrelated parent: keep file and refuse layered inference (40.339932ms)
2026-10-04T00:30:10.8331122Z ✔ F02-R09 conflicting currencies: keep file and refuse layered inference (35.844003ms)
2026-10-04T00:30:10.8333500Z ✔ F02-R10 duplicate debit children: keep file and refuse layered inference (37.484168ms)
2026-10-04T00:30:10.8335610Z ✔ F02-R10 missing credit child: keep file and refuse layered inference (33.885464ms)
2026-10-04T00:30:10.8337435Z ✔ F02-R10 competing amount role: keep file and refuse layered inference (28.804195ms)
2026-10-04T00:30:10.8339324Z ✔ F02-R11: do not skip an earlier unresolved table or choose between two plausible sheets (54.503195ms)
2026-10-04T00:30:10.8341884Z ✔ F02-R12: frozen different identity never approves the equal-sum invoice group (30.618769ms)
2026-10-04T00:30:10.8343664Z ✔ F02-R13: erroneous competing payment remains a completeness barrier (39.441236ms)
2026-10-04T00:30:10.8345833Z ✔ F02-R14: native header proof never repairs signs or a broken balance (30.185296ms)
2026-10-04T00:30:10.8347571Z ✔ F02-R04: header exception never exempts merged transaction cells (23.093061ms)
2026-10-04T00:30:10.8349708Z ✔ F02-R13 excluded competitor: excluding a rival must not manufacture uniqueness (290.90813ms)
2026-10-04T00:30:10.8354718Z ✔ native layered-header reading preserves 5,004 movements without reparsing per row (3700.394612ms)
2026-10-04T00:30:10.8356576Z ✔ F02-R16: cloned/forged provenance is not source authority; replay uses actual bytes (93.818907ms)
2026-10-04T00:30:10.8358427Z ✔ F02-R16/export: session replay and original-based export retain source provenance and row fates (435.929634ms)
2026-10-04T00:30:10.8360139Z ✔ a richer later header cannot silently erase an earlier transaction table (22.996954ms)
2026-10-04T00:30:10.8362082Z ✔ explicit multiline and bilingual labels map consistently without changing source text (3.383734ms)
2026-10-04T00:30:10.8363715Z ✔ long cover text does not prevent locating the first explicit table (1.259584ms)
2026-10-04T00:30:10.8365225Z ✔ conflicting bilingual money labels and duplicate amount columns stay unresolved (0.516616ms)
2026-10-04T00:30:10.8366733Z ✔ explicit bilingual currency tags prefill the actual currency (1.740173ms)
2026-10-04T00:30:10.8368510Z ✔ currency inference ignores safe repeated headers and summary rows without hiding mixed currencies (2.713753ms)
2026-10-04T00:30:10.8370410Z ✔ 384 independent CSV/XLSX layouts infer columns and retain the same signed economic records (4054.540207ms)
2026-10-04T00:30:10.8372436Z ✔ a model cannot append unrelated proposal IDs to a specific document explanation (36.180575ms)
2026-10-04T00:30:10.8374064Z ✔ a valid source ID still cannot be invented outside the model evidence window (11.033963ms)
2026-10-04T00:30:10.8375695Z ✔ local model receives canonical review cases, including the document asked about (12.114503ms)
2026-10-04T00:30:10.8377508Z ✔ in-place changes to current accounting result invalidate an outstanding model reply (6.666251ms)
2026-10-04T00:30:10.8378839Z ✔ blank prompts never query a local model (3.995839ms)
2026-10-04T00:30:10.8380339Z ✔ large review contexts reserve ten canonical rows per side instead of starving ledger evidence (26.669829ms)
2026-10-04T00:30:10.8382321Z ✔ an explicitly requested late ledger row is prioritized with the same balanced budget (30.410593ms)
2026-10-04T00:30:10.8384183Z ✔ a referenced ambiguous group is admitted whole and remaining capacity stays bounded on both sides (31.784576ms)
2026-10-04T00:30:10.8386043Z ✔ an inconsistent ambiguous display group is refused before model routing (12.236293ms)
2026-10-04T00:30:10.8389234Z ✔ oversized referenced cases fall back before invoking a model and are never truncated (32.58305ms)
2026-10-04T00:30:10.8390903Z ✔ unavailable or downloadable models never create a session or start download (21.123025ms)
2026-10-04T00:30:10.8392787Z ✔ ready model uses same languages, structured output and destroys session (7.862289ms)
2026-10-04T00:30:10.8394402Z ✔ model cannot supply financial facts, approval, prose or nonexistent IDs (2.980048ms)
2026-10-04T00:30:10.8397157Z ✔ model-generated proposal is rechecked without becoming a match (6.059431ms)
2026-10-04T00:30:10.8399037Z ✔ abort and model errors fall back without output or retained session (1.45016ms)
2026-10-04T00:30:10.8401133Z ✔ local import advice can complete unfamiliar mapping only after explicit application and engine checks (27.317207ms)
2026-10-04T00:30:10.8403647Z ✔ download states, absent model and unsupported Arabic never start model creation (2.820049ms)
2026-10-04T00:30:10.8405736Z ✔ model cannot rewrite values, choose inactive fields, change source or grant approval (8.91177ms)
2026-10-04T00:30:10.8407666Z ✔ stale mapping, recut PDF, and even edits beyond the sample invalidate outstanding advice (2.457852ms)
2026-10-04T00:30:10.8409467Z ✔ abort before creation or during prompting discards advice and destroys the session (2.224025ms)
2026-10-04T00:30:10.8411913Z ✔ unparseable, oversized, thrown and unavailable responses fall back without changing the source (1.842242ms)
2026-10-04T00:30:10.8413946Z ✔ numeric plausibility does not promote Quantity-as-Amount into verified semantics (1.612633ms)
2026-10-04T00:30:10.8416436Z ✔ real-model experiment binding keeps bilingual proposals advisory and native source evidence unchanged (46.036081ms)
2026-10-04T00:30:10.8418549Z ✔ local model cannot supply invented numbers, signs, exclusions, approvals or uncited roles (6.306072ms)
2026-10-04T00:30:10.8420231Z ✔ late model proposals are invalidated by unsampled source rows and reading settings (5.016202ms)
2026-10-04T00:30:10.8422153Z ✔ a correct citation does not prove that Quantity is Amount or confer financial authority (5.015361ms)
2026-10-04T00:30:10.8423860Z ✔ explicit human review of a correct role preserves malformed amounts as native read errors (16.226737ms)
2026-10-04T00:30:10.8425603Z ✔ empty model advice abstains and UTF-8 limits do not silently truncate native evidence (2.049339ms)
2026-10-04T00:30:10.8430769Z ✔ safe unrelated bad amounts and dates preserve proven pairs and every erroneous source row (38.25855ms)
2026-10-04T00:30:10.8433039Z ✔ an unread same-reference or normalized-collision row blocks that bucket without blocking a disjoint pair (8.231249ms)
2026-10-04T00:30:10.8435192Z ✔ a displaced reference in a financial cell blocks its original competitor and preserves a disjoint pair (5.600604ms)
2026-10-04T00:30:10.8437510Z ✔ a mixed alphanumeric bad amount is isolated by source evidence and blocks only when its literal token is a competing identity (8.225628ms)
2026-10-04T00:30:10.8439995Z ✔ unparsed literal cells are negative competitor evidence for alphabetic payment references, never repaired transaction facts (7.919928ms)
2026-10-04T00:30:10.8442654Z ✔ every supported secondary reference is blocking evidence even when the bad row has a different primary document (8.985788ms)
2026-10-04T00:30:10.8444999Z ✔ unselected stated references and selected helper values both propagate taint without acquiring positive authority (2.13002ms)
2026-10-04T00:30:10.8447223Z ✔ taint follows transitive original memberships even after a bridge row is manually used or rejected (6.25157ms)
2026-10-04T00:30:10.8449260Z ✔ unknown, structurally damaged, hidden or unsafe reference envelopes remain wildcard blockers (15.892613ms)
2026-10-04T00:30:10.8451553Z ✔ a selected generic helper alone cannot isolate a failed row, while a precise amount-cell issue can (3.983853ms)
2026-10-04T00:30:10.8453486Z ✔ bad-money rows cannot hide a second supplier, entity, currency or generic account (6.998105ms)
2026-10-04T00:30:10.8455542Z ✔ invalid entered balances block arithmetic but preserve independent automatic and documented manual pairs (1.765799ms)
2026-10-04T00:30:10.8457794Z ✔ disjoint invoice groups and repeated-document pairs remain provable, but a failed bucket member blocks its whole proof (6.281666ms)
2026-10-04T00:30:10.8459858Z ✔ whole payment groups remain complete only outside failed-row bank/receipt memberships (6.708433ms)
2026-10-04T00:30:10.8461821Z ✔ legacy direct-source errors without a valid envelope remain conservative (1.614316ms)
2026-10-04T00:30:10.8463813Z ✔ duplicate direct-source IDs are refused even when their identity components have different taint (2.204779ms)
2026-10-04T00:30:10.8465744Z ✔ known contradictory document types never auto-match equal signed amounts and exact references (33.695735ms)
2026-10-04T00:30:10.8488503Z ✔ contradictory explicit PO evidence blocks auto-match while ordinary internal voucher differences do not (2.784162ms)
2026-10-04T00:30:10.8490240Z ✔ a mapped invoice reference is not replaced by an unrelated common PO (1.332138ms)
2026-10-04T00:30:10.8492301Z ✔ PO-only identity remains visible but cannot certify one invoice or a group of invoices (3.731663ms)
2026-10-04T00:30:10.8493903Z ✔ identical repeated posting lines cannot be proved distinct by their sum (4.494757ms)
2026-10-04T00:30:10.8495690Z ✔ F03 preserves historical group sources: Invoice No proves an invoice group but not a credit-note group (15.316559ms)
2026-10-04T00:30:10.8498026Z ✔ one-to-many proof fails with altered amount, date, type, PO, voucher or unreadable identity (19.376512ms)
2026-10-04T00:30:10.8500175Z ✔ mixed signs, competing whole groups and subset coincidences never produce a group match (7.211203ms)
2026-10-04T00:30:10.8502380Z ✔ currency from another normalized scope cannot be compared, including manual decisions (23.579133ms)
2026-10-04T00:30:10.8504158Z ✔ date boundaries, signed zero and reference punctuation do not silently broaden identity (5.216386ms)
2026-10-04T00:30:10.8505988Z ✔ unique payment amount with different references remains review-only under every row permutation (10.927987ms)
2026-10-04T00:30:10.8507952Z ✔ classification and row conservation are invariant under 864 independent source permutations (1121.057971ms)
2026-10-04T00:30:10.8509870Z ✔ exact minor units remain conserved for all supported scales and arithmetic limits reject overflow (4.312477ms)
2026-10-04T00:30:10.8512133Z ✔ repeated headers with formula, hidden or unreadable cells cannot silently leave the transaction population (6.04813ms)
2026-10-04T00:30:10.8514201Z ✔ overlapping rejected edges never choose arbitrary partners under source or decision permutations (42.89528ms)
2026-10-04T00:30:10.8516092Z ✔ an ordinary vendor statement imports and compares without manual row surgery (255.623438ms)
2026-10-04T00:30:10.8517638Z ✔ the dropped time is reported as a note, never as a silent change (38.185804ms)
2026-10-04T00:30:10.8519000Z ✔ a formula inside a total row does not resurrect it as an error (40.242934ms)
2026-10-04T00:30:10.8520381Z ✔ one unreadable row reports itself instead of rejecting both files (5.827257ms)
2026-10-04T00:30:10.8522173Z ✔ the cut-off default is the latest date present, so it excludes nothing (28.719397ms)
2026-10-04T00:30:10.8523637Z ✔ a PDF with unfamiliar headers gets its columns from geometry (136.505567ms)
2026-10-04T00:30:10.8524996Z ✔ geometry detection is independent of the header wording (74.48239ms)
2026-10-04T00:30:10.8526445Z ✔ a reviewed PDF reconciles with no boundary typed by hand (11.15521ms)
2026-10-04T00:30:10.8528215Z ✔ geometry refuses to invent columns when the layout proves none (7.634594ms)
2026-10-04T00:30:10.8537923Z ✔ a cell overflowing a boundary is flagged, never merged quietly (12.099306ms)
2026-10-04T00:30:10.8540026Z ✔ P2 original CSV bank and receipt identities survive normalisation, session restore and N:M export with all source members (514.387647ms)
2026-10-04T00:30:10.8542816Z ✔ P2 group explanation cites every member and distinguishes group totals from individual pairings in both languages (18.050985ms)
2026-10-04T00:30:10.8545102Z ✔ P2 rejecting any member pair atomically unmatches the whole group and restore preserves that rejection (151.903667ms)
2026-10-04T00:30:10.8547088Z ✔ P2 assistant rejects a case-member copy with forged explicit payment identity provenance (15.4258ms)
2026-10-04T00:30:10.8549007Z ✔ P2 changed source bytes invalidate the old group and cannot be exported or restored as its old proof (20.554055ms)
2026-10-04T00:30:10.8551069Z ✔ partial formats isolate malformed dates and amounts without losing original rows or choosing a default (22.748777ms)
2026-10-04T00:30:10.8553147Z ✔ partial formats cannot cherry-pick contradictory but valid conventions (1.28941ms)
2026-10-04T00:30:10.8554653Z ✔ unsafe comma evidence never scales the remaining ambiguous KWD amount (1.120785ms)
2026-10-04T00:30:10.8556235Z ✔ partial formats do not allow a stale chosen convention to bypass proven evidence (1.358028ms)
2026-10-04T00:30:10.8558112Z ✔ native numeric cells remain independent of display format while formula or percentage cells remain errors (4.052735ms)
2026-10-04T00:30:10.8560112Z ✔ no readable date or amount evidence remains an explicit unresolved source, not a default (0.790427ms)
2026-10-04T00:30:10.8562256Z ✔ malformed companion rows cannot answer genuine date ambiguity or transfer a choice to different evidence (2.224377ms)
2026-10-04T00:30:10.8564932Z ✔ partial source rows remain explicit through Excel and original-source session restoration (363.097878ms)
2026-10-04T00:30:10.8567218Z ✔ partial assistant answers disclose incompleteness, prioritize row errors and reject model approval (15.376174ms)
2026-10-04T00:30:10.8569135Z ✔ balance-only issues have no invented row or page and preserve the entered text (2.170597ms)
2026-10-04T00:30:10.8570792Z ✔ clean export and assistant keep their existing status without a partial claim (65.272975ms)
2026-10-04T00:30:10.8573029Z ✔ reference-shaped invalid amounts retain negative collision evidence while disjoint pairs continue (6.886932ms)
2026-10-04T00:30:10.8574996Z ✔ P2 overlapping bank and receipt alternatives are reviewed before any row is consumed (29.231464ms)
2026-10-04T00:30:10.8576783Z ✔ P2 complete N:M payment groups are equivalent groups, never individual pairings (7.644277ms)
2026-10-04T00:30:10.8578772Z ✔ P2 invoice certified subgroups coexist with exact sibling pairs without amount-driven subsets (6.499618ms)
2026-10-04T00:30:10.8580871Z ✔ P2 unbalanced, unsafe and manually consumed competitors never disappear from identity membership (14.612711ms)
2026-10-04T00:30:10.8583249Z ✔ P2 a primary-only unknown member and normalized collisions cannot be dropped from bank groups (5.901069ms)
2026-10-04T00:30:10.8586061Z ✔ P2 an exact payment pair cannot consume a member before overlapping receipts are examined (2.303325ms)
2026-10-04T00:30:10.8588310Z ✔ P2 identical bank and receipt memberships corroborate one group, while one-sided annotations need no guessing (3.624874ms)
2026-10-04T00:30:10.8590601Z ✔ P2 N:M rejects duplicates on either side, sign offsets, wrong dates and incomplete or conflicting evidence (25.668794ms)
2026-10-04T00:30:10.8592839Z ✔ P2 N:M group limit retains every row and never approves a truncated group (30.790867ms)
2026-10-04T00:30:10.8594944Z ✔ P2 unknown document discriminators block invoice subgroups and do not fabricate uniqueness after manual use (7.085162ms)
2026-10-04T00:30:10.8596980Z ✔ P2 an unknown-type original bank member prevents a smaller exact payment pair (2.031237ms)
2026-10-04T00:30:10.8598980Z ✔ P2 invalid calendar dates and direct same-source comparisons cannot become approved groups (8.233448ms)
2026-10-04T00:30:10.8601066Z ✔ P2 explicit numeric receipt identities retain leading zeros across separate N:M and N:1 groups (3.947347ms)
2026-10-04T00:30:10.8603341Z ✔ P2 numeric support never promotes zero, placeholder or formula-like payment identities (14.603123ms)
2026-10-04T00:30:10.8605617Z ✔ P2 certified document identity and shared PO permit different local voucher numbers without weakening whole-document proof (15.392268ms)
2026-10-04T00:30:10.8607643Z ✔ PDF cannot read covered amount text through an opaque vector rectangle (144.786925ms)
2026-10-04T00:30:10.8609314Z ✔ PDF black background cannot silently conceal black transaction text (7.131709ms)
2026-10-04T00:30:10.8610923Z ✔ ordinary white backgrounds and disjoint table lines preserve actual text (18.47532ms)
2026-10-04T00:30:10.8612852Z ✔ bordered supplier tables paint edges, not a solid rectangle over every amount (60.791982ms)
2026-10-04T00:30:10.8614434Z ✔ separate underlines do not connect into an imaginary painted area (5.507403ms)
2026-10-04T00:30:10.8616062Z ✔ stroke width and actual crossing lines still reject covered transaction text (30.570235ms)
2026-10-04T00:30:10.8617645Z ✔ thin filled rectangles used as supplier table borders stay separate (11.426255ms)
2026-10-04T00:30:10.8619081Z ✔ implicit close strokes and curved paths cannot conceal an amount (7.398254ms)
2026-10-04T00:30:10.8620869Z ✔ 100-page native import retains the last page and reports progress without replacing the final source (448.845769ms)
2026-10-04T00:30:10.8623025Z ✔ failure on page 70 does not emit layout or return a usable prefix and the next import is clean (107.512071ms)
2026-10-04T00:30:10.8624774Z ✔ only one explicit complete header and consistent gaps produce PDF suggestions (12.460779ms)
2026-10-04T00:30:10.8626869Z ✔ overlapping, incompatible multi-page or floating tokens cancel automatic suggestions (3.672654ms)
2026-10-04T00:30:10.8628472Z ✔ partial rows tighten a gap without splitting an extended reference (0.542632ms)
2026-10-04T00:30:10.8630491Z ✔ carried-forward lines between pages are structure, not dates or transactions (328.416312ms)
2026-10-04T00:30:10.8632541Z ✔ a table rule at a page break does not make black text count as hidden (143.927072ms)
2026-10-04T00:30:11.8218830Z ✔ PDF diversity: 64 seeded valid layouts preserve independent values under column, font and paint-order changes (1223.335666ms)
2026-10-04T00:30:11.8640614Z ✔ PDF diversity: 2 to 6 pages retain repeated headers, source pages and every unique transaction (43.300025ms)
2026-10-04T00:30:11.8785710Z ✔ PDF diversity requires review: a second-page column reorder cannot silently reuse the first mapping (14.267224ms)
2026-10-04T00:30:11.8996089Z ✔ PDF diversity: a reference displaced into an amount cell cannot hide a competing original row (20.85841ms)
2026-10-04T00:30:11.9103268Z ✔ PDF diversity requires review: wrapped transaction descriptions remain separate source rows, never invented joins (8.964874ms)
2026-10-04T00:30:11.9424089Z ✔ PDF diversity requires review: complete rows drawn across one another are not trustworthy transactions (33.571215ms)
2026-10-04T00:30:11.9608207Z ✔ PDF diversity: close but visibly disjoint rows and staggered side-by-side cells remain accepted (18.081443ms)
2026-10-04T00:30:11.9853988Z ✔ PDF diversity unsupported: partially clipped glyphs at the page edge cannot be accepted as fully visible (24.355229ms)
2026-10-04T00:30:12.0140521Z ✔ PDF diversity unsupported: later covers and hidden text remain rejected while styled table backgrounds are safe (26.528099ms)
2026-10-04T00:30:12.0142833Z ✔ PDF diversity requires review: partial tokens cannot cross the final shared multipage column boundary (0.853455ms)
2026-10-04T00:30:12.0162916Z ✔ PDF diversity: RTL-adjacent Arabic descriptions and Arabic numbers keep exact text without reversing identifiers (0.349644ms)
2026-10-04T00:30:12.0393850Z ✔ two dates and a vertically split AP balance header produce all ten columns with exact line evidence (11.434122ms)
2026-10-04T00:30:12.0396390Z ✔ geometric header evidence remains stable for independent amounts, pages, and wrapped versus unwrapped labels (22.326303ms)
2026-10-04T00:30:12.0398206Z ✔ unknown or misaligned fragments cannot be converted to a known balance heading (1.763488ms)
2026-10-04T00:30:12.0412161Z ✔ a different second-page table, duplicate header or transaction crossing a candidate gap cancels the strict proposal (3.569937ms)
2026-10-04T00:30:12.0413343Z ✔ the existing vocabulary-free geometry fallback remains available without claiming header identity (4.899888ms)
2026-10-04T00:30:12.0414323Z ✔ close split header words have one exact supported interpretation, while wide gaps remain separate (3.184649ms)
2026-10-04T00:30:12.0415259Z ✔ PDF diagnosis: blank and vector-only pages report no extractable text without claiming a scan (165.905891ms)
2026-10-04T00:30:12.0416203Z ✔ PDF diagnosis: image-only bytes report factual image presence with the legacy no-text message (16.953584ms)
2026-10-04T00:30:12.0417109Z ✔ PDF diagnosis: both small and large images mixed with native text retain the original rejection (64.461614ms)
2026-10-04T00:30:12.0417988Z ✔ PDF diagnosis: image-paint counts count occurrences without inferring image content (10.238602ms)
2026-10-04T00:30:12.0418881Z ✔ PDF diagnosis: first blocking page is explicit and never claims the remaining pages were inspected (21.243714ms)
2026-10-04T00:30:12.0419700Z ✔ PDF diagnosis: clean native-text PDFs retain the same exact extracted rows (13.449881ms)
2026-10-04T00:30:12.0420544Z ✔ PDF diagnosis: earlier occlusion and hidden-text failures retain precedence over a later image (14.770392ms)
2026-10-04T00:30:12.0422422Z ✔ PDF diagnosis schema: exact bounded worker round-trip is accepted (0.487479ms)
2026-10-04T00:30:12.0424060Z ✔ PDF diagnosis schema: malformed, contradictory and extended payloads are rejected (1.688709ms)
2026-10-04T00:30:12.0426050Z ✔ PDF diagnosis schema: rejects accessors without reading them and tolerates hostile objects (0.510702ms)
2026-10-04T00:30:12.0427987Z ✔ PDF diagnosis error: immutable validated copy prevents later diagnostic mutation (0.671623ms)
2026-10-04T00:30:12.0429368Z ✔ 046 a repeated page banner no longer blocks the format proof (C01436) (8.509638ms)
2026-10-04T00:30:12.0430668Z ✔ 046 inference and the normalizer classify the same banner rows (22.288843ms)
2026-10-04T00:30:12.0432001Z ✔ 046 no movement is deleted while the banner and footer are cleaned (6.46763ms)
2026-10-04T00:30:12.0433084Z ✔ 046 a banner-shaped row carrying a movement stays a movement (4.008054ms)
2026-10-04T00:30:12.0434360Z ✔ 046 a banner that is not repeated verbatim is not treated as one (1.169711ms)
2026-10-04T00:30:12.0435661Z ✔ 046 without a repeated table header the page prefix is not structural (10.759063ms)
2026-10-04T00:30:12.0437135Z ✔ 046 a damaged banner row remains visible and blocks matching despite readable format evidence (4.383113ms)
2026-10-04T00:30:12.0438636Z ✔ 046 an amount landing in the neighbouring reference keeps the source in review (3.445455ms)
2026-10-04T00:30:12.0439929Z ✔ 046 a thousand-fold separator reading is never proven silently (1.097757ms)
2026-10-04T00:30:12.0441150Z ✔ 046 a balance line is recognised before the number format is known (3.080334ms)
2026-10-04T00:30:12.0442746Z ✔ 046 a malformed balance amount is not excused by trying other readings (5.311745ms)
2026-10-04T00:30:12.0443986Z ✔ 046 a dated, referenced movement is never taken for a balance line (2.142055ms)
2026-10-04T00:30:12.0445403Z ✔ exact glyph binding records when text was painted, including split and merged runs (11.769737ms)
2026-10-04T00:30:12.0446809Z ✔ white text requires an opaque dark background covering its entire box (1.025847ms)
2026-10-04T00:30:12.0448270Z ✔ colored statement headers and pale backgrounds drawn after a title load without hiding data (171.236718ms)
2026-10-04T00:30:12.0449814Z ✔ a later opaque rectangle covering transaction text still prevents import (12.050522ms)
2026-10-04T00:30:12.0451518Z ✔ a hairline table rule grazing black text is not a background, but covers and stripes still are (0.546251ms)
2026-10-04T00:30:12.3510264Z ✔ Helvetica: real PDF bytes with a three-line AP header retain all ten columns and every movement (258.579114ms)
2026-10-04T00:30:12.3950805Z ✔ Helvetica: explicit-cut re-read used during export exactly reproduces automatic PDF extraction and accounting provenance (43.473472ms)
2026-10-04T00:30:12.4373874Z ✔ Helvetica: multiple PDF pages keep their repeated logical headers, original fragments and exact movement page lineage (40.093148ms)
2026-10-04T00:30:12.4457066Z ✔ Courier: real PDF bytes with a three-line AP header retain all ten columns and every movement (11.100526ms)
2026-10-04T00:30:12.4794986Z ✔ Courier: explicit-cut re-read used during export exactly reproduces automatic PDF extraction and accounting provenance (33.31833ms)
2026-10-04T00:30:12.5212858Z ✔ Courier: multiple PDF pages keep their repeated logical headers, original fragments and exact movement page lineage (41.427566ms)
2026-10-04T00:30:12.9989750Z ✔ Helvetica: export and session restoration re-prove wrapped-header cells and page provenance from original PDF bytes (478.148181ms)
2026-10-04T00:30:13.2689606Z ✔ Courier: export and session restoration re-prove wrapped-header cells and page provenance from original PDF bytes (260.792431ms)
2026-10-04T00:30:13.2936980Z ✔ manual PDF page-title exclusion cannot disguise an unproved page counter (30.212134ms)
2026-10-04T00:30:13.3473549Z ✔ PDF stream integrity: a late malformed shading cannot leave a silently accepted financial prefix (290.143046ms)
2026-10-04T00:30:13.3513197Z ✔ PDF stream integrity: early parser errors reject single-page and multipage imports (20.053218ms)
2026-10-04T00:30:13.3553223Z ✔ PDF stream integrity: actual PDF.js prefix resolution cannot bypass the document-local guard (30.642652ms)
2026-10-04T00:30:13.3585269Z ✔ PDF stream integrity: unsupported internals and a changed PDF.js version fail closed (0.433009ms)
2026-10-04T00:30:13.3612656Z ✔ PDF stream integrity: successful stream must deliver its final chunk and close (0.612975ms)
2026-10-04T00:30:13.3643207Z ✔ PDF stream integrity: an error after the apparent final chunk is still fatal (1.273079ms)
2026-10-04T00:30:13.3652614Z ✔ PDF stream integrity: truncated, cancelled and malformed stream contracts fail closed (3.632378ms)
2026-10-04T00:30:13.3682667Z ✔ PDF stream integrity: unrelated text streams are untouched and a restored document does not affect another (2.58944ms)
2026-10-04T00:30:13.3732685Z ✔ native visible PDF transaction text retains signs and exact cells (153.425002ms)
2026-10-04T00:30:13.3768493Z ✔ actual PDF rejects transparent and partially transparent fill/stroke text (63.14826ms)
2026-10-04T00:30:13.3772422Z ✔ actual PDF rejects white text in RGB, gray and CMYK color spaces (25.679032ms)
2026-10-04T00:30:13.3822574Z ✔ restoring or explicitly resetting color and alpha permits subsequent visible text (18.430145ms)
2026-10-04T00:30:13.3828029Z ✔ actual PDF rejects clipped transaction text and text clipping modes (36.03096ms)
2026-10-04T00:30:13.3862589Z ✔ clipping restored before transaction text does not reject visible data (5.58633ms)
2026-10-04T00:30:13.3872147Z ✔ actual PDF soft masks reject text rather than trusting an invisible text layer (7.837467ms)
2026-10-04T00:30:13.3873947Z ✔ a disabled soft mask no longer marks later plain text as masked (5.315003ms)
2026-10-04T00:30:13.3875845Z ✔ unsupported blending rejects active text but a restored blend does not leak (34.762078ms)
2026-10-04T00:30:13.3877647Z ✔ actual inline raster images reject regardless of area or neighboring native text (33.133796ms)
2026-10-04T00:30:13.3879777Z ✔ actual image XObjects and solid image masks cannot bypass the raster guard (9.456103ms)
2026-10-04T00:30:13.3882133Z ✔ unsupported Form XObject clipping rejects extracted text with an explicit error (4.523194ms)
2026-10-04T00:30:13.8317533Z Warning: Indexing all PDF objects
2026-10-04T00:30:13.8669119Z ✔ oversized PDF cells reject before reaching Excel and malformed PDFs do not poison later reads (208.700589ms)
2026-10-04T00:30:13.8680626Z ✔ OCR invisible text and large raster backgrounds cannot pass as native PDF text (1.12874ms)
2026-10-04T00:30:13.8918628Z ✔ PDF actual bytes preserve columns, signs, row provenance and original bytes (33.459354ms)
2026-10-04T00:30:13.9026528Z ✔ PDF cannot reconcile without explicit extraction review (12.77211ms)
2026-10-04T00:30:13.9243486Z ✔ multi-page PDF keeps repeated headers and page lineage instead of silently deleting rows (20.539988ms)
2026-10-04T00:30:13.9384153Z ✔ blank/scanned page rejects the entire PDF including text/image mixed documents (14.866181ms)
2026-10-04T00:30:13.9576429Z ✔ fake PDF and more than 100 pages fail closed (16.033879ms)
2026-10-04T00:30:13.9594301Z ✔ column boundary crossings and duplicate overlay glyphs produce blocking row issues (0.828969ms)
2026-10-04T00:30:13.9596099Z ✔ invalid column cuts, coordinates and replacement characters fail closed (0.573172ms)
2026-10-04T00:30:13.9597788Z ✔ Arabic glyph text is preserved without reversing references or guessing numbers (0.305952ms)
2026-10-04T00:30:14.3363467Z ✔ PDF export re-extracts original bytes and session restoration keeps the same result (373.157147ms)
2026-10-04T00:30:14.3694370Z ✔ bounded performance export verifier accepts native dates, negative credits and explicit payment bank identity (252.79693ms)
2026-10-04T00:30:14.3719683Z ✔ bounded performance export verifier detects a reversed amount sign (18.440094ms)
2026-10-04T00:30:14.3747392Z ✔ bounded performance export verifier detects a forged reference despite unchanged financial totals (14.52047ms)
2026-10-04T00:30:14.3763192Z ✔ bounded performance export verifier detects a native Excel date shifted by one day (14.922549ms)
2026-10-04T00:30:14.3764910Z ✔ bounded performance export verifier detects a missing exported row (17.702272ms)
2026-10-04T00:30:14.3767315Z ✔ bounded performance export verifier rejects a formula even with its original correct cached amount (12.392571ms)
2026-10-04T00:30:14.3769087Z ✔ RSS sums every requested process independent of ps ordering (1.817045ms)
2026-10-04T00:30:14.3770863Z ✔ an incomplete process snapshot cannot masquerade as lower memory use (0.541783ms)
2026-10-04T00:30:14.3772609Z ✔ RSS rejects invalid counters and process identifiers (0.562932ms)
2026-10-04T00:30:14.3774130Z ✔ a hung memory sample fails within a deadline so browser cleanup can run (21.677855ms)
2026-10-04T00:30:14.5923770Z ✔ transaction comparison needs verified scope but not optional descriptive names (238.781444ms)
2026-10-04T00:30:14.5962943Z ✔ known currency precision is explicit and unknown currencies are not assigned two decimals (0.393586ms)
2026-10-04T00:30:14.6012582Z ✔ currency precision changes the ambiguity assessment, not the transaction value (2.863412ms)
2026-10-04T00:30:14.6014337Z ✔ PDF automatic column suggestions retain required human review and original row provenance (216.122111ms)
2026-10-04T00:30:14.6072751Z ✔ transaction column spans do not invalidate intact labeled PDF metadata; other parsing issues do (8.739975ms)
2026-10-04T00:30:14.7773351Z ✔ partial date case must preserve its one independently valid pair and both invalid rows (9.343793ms)
2026-10-04T00:30:15.1850422Z ✔ every recompute path gives the core result: ordinary match, amount variance, balances (demo) (429.832199ms)
2026-10-04T00:30:15.3923642Z ✔ every recompute path gives the core result: manual decision and rejected link (demo) (212.617939ms)
2026-10-04T00:30:15.5524654Z ✔ every recompute path gives the core result: proven one-to-many group (160.195011ms)
2026-10-04T00:30:15.6916012Z ✔ every recompute path gives the core result: the same ambiguity, answered (133.274743ms)
2026-10-04T00:30:15.8224682Z ✔ every recompute path gives the core result: split columns with proven direction (132.861399ms)
2026-10-04T00:30:15.9176931Z ✔ every recompute path gives the core result: partial result with an impossible companion date (97.665254ms)
2026-10-04T00:30:15.9181003Z ✔ the cases hold what they are named for (6.639749ms)
2026-10-04T00:30:15.9225942Z ✔ every path refuses FORMAT_AMBIGUOUS_UNRESOLVED: unresolved number-format ambiguity (4.847459ms)
2026-10-04T00:30:15.9772867Z ✔ exportWorkbook itself refuses an unanswered format ambiguity (49.356444ms)
2026-10-04T00:30:16.0613349Z ✔ a result changed after comparing is not exported (89.395013ms)
2026-10-04T00:30:16.0868391Z ✔ a saved format choice that no longer fits is refused (16.080964ms)
2026-10-04T00:30:16.1473091Z ✔ a debit/credit direction claim the source does not prove (42.762801ms)
2026-10-04T00:30:16.1543088Z ✔ compare re-proves a claimed debit/credit direction before showing a result (18.727758ms)
2026-10-04T00:30:16.1982654Z ✔ a direction claim whose facts hold but whose explanation was edited (48.008294ms)
2026-10-04T00:30:16.2016444Z ✔ two faults at once: the format guard, then the direction proof (2.698433ms)
2026-10-04T00:30:16.2042435Z ✔ the shared recompute reports its stages in order (6.861684ms)
2026-10-04T00:30:16.2060725Z ✔ the recompute paths share one entry point; the verifier does not (0.729394ms)
2026-10-04T00:30:16.2500687Z ✔ an explicit document number cannot outvote the references the accountant chose (55.124805ms)
2026-10-04T00:30:16.2522711Z ✔ identities equal only after normalisation are never approved where no chosen reference can differ (29.045412ms)
2026-10-04T00:30:16.2527978Z ✔ a batch, an account or an order chosen as the reference does not prove a document (8.732731ms)
2026-10-04T00:30:16.2529760Z ✔ one value in two fields of different roles does not prove the invoice (6.72053ms)
2026-10-04T00:30:16.2531856Z ✔ matching amount and reference with conflicting document types stay for review (9.384189ms)
2026-10-04T00:30:16.2533880Z ✔ Type = Invoice with a description opening with another documented role is a conflict (13.926709ms)
2026-10-04T00:30:16.2535900Z ✔ an unknown or party-specific code stays unknown, is not guessed, and the pair is shown for review (14.881983ms)
2026-10-04T00:30:16.2537463Z ✔ with no reference column chosen, nothing is approved, as the interface says (14.564881ms)
2026-10-04T00:30:16.2539169Z ✔ an unchosen voucher cannot prove a document even when the unselected references agree or are blank (6.021825ms)
2026-10-04T00:30:16.2540840Z ✔ the accountant can still confirm by hand rows whose chosen references differ (4.168962ms)
2026-10-04T00:30:16.2542890Z ✔ invoice lines naming different purchase orders are shown for review with that reason (4.188618ms)
2026-10-04T00:30:16.2559404Z ✔ P1 proves repeated-document pairs with explicit selected reference provenance and honest evidence (55.756723ms)
2026-10-04T00:30:16.2561721Z ✔ P1 preserves leading zeros, punctuation and case instead of matching normalized lookalikes (13.230878ms)
2026-10-04T00:30:16.2563515Z ✔ P1 requires literal document identity even when normalization collides (14.546116ms)
2026-10-04T00:30:16.2565455Z ✔ P1 does not use unselected references or selected local voucher/order columns as positive identity (23.451068ms)
2026-10-04T00:30:16.2567373Z ✔ P1 counts all discriminator occurrences before amount, date or consumption filtering (10.864385ms)
2026-10-04T00:30:16.2569393Z ✔ P1 missing, placeholder and unsafe discriminators leave the entire document bucket unresolved (61.745758ms)
2026-10-04T00:30:16.2571730Z ✔ P1 contextual discriminator accepts literal numeric and alphabetic references in either language (12.410114ms)
2026-10-04T00:30:16.2573733Z ✔ P1 contextual references are unique within a document, not across unrelated documents (6.470704ms)
2026-10-04T00:30:16.2575817Z ✔ P1 formula-like and error references remain literal, visible and unapproved in every automatic path (68.664041ms)
2026-10-04T00:30:16.2577852Z ✔ P1 direct-source comparisons cannot omit issue flags to bypass unsafe-reference checks (15.190249ms)
2026-10-04T00:30:16.2579815Z ✔ P1 assistant proposal verification rejects a case copy with altered discriminator evidence (10.525411ms)
2026-10-04T00:30:16.2581865Z ✔ P1 keeps amount, sign, date, type, PO conflict and source-reading guards (19.159458ms)
2026-10-04T00:30:16.2583704Z ✔ P1 excluded same-document evidence blocks uniqueness while an unrelated total does not (6.06268ms)
2026-10-04T00:30:16.2592299Z ✔ P1 rejects an invalid source date even when compare is called directly (4.892894ms)
2026-10-04T00:30:16.2593965Z ✔ P1 honors rejection, manual decisions and self-comparison without losing rows (4.800863ms)
2026-10-04T00:30:16.2595811Z ✔ P1 case identity follows the discriminator when identical-amount/date rows are reordered (6.811918ms)
2026-10-04T00:30:16.2598181Z ✔ P1 preserves genuine whole-document groups instead of splitting duplicate discriminators (2.624114ms)
2026-10-04T00:30:16.2600183Z ✔ P1 missing Type is allowed but numeric document roles must be explicit on both sources (7.996816ms)
2026-10-04T00:30:16.2602599Z ✔ P1 restore and verified Excel export preserve pairs and reject altered provenance (240.636775ms)
2026-10-04T00:30:16.3685608Z ✔ F03 native own/related roles: different-credit-notes (372.704172ms)
2026-10-04T00:30:16.3712993Z ✔ F03 native own/related roles: own-credit-note (163.422544ms)
2026-10-04T00:30:16.6004902Z ✔ F03 native own/related roles: generic-own-and-invoice (231.421524ms)
2026-10-04T00:30:16.7111656Z ✔ F03 native own/related roles: short-own-credit-note (110.64167ms)
2026-10-04T00:30:16.8210725Z ✔ F03 native own/related roles: conflicting-related-invoice (110.16302ms)
2026-10-04T00:30:16.9253808Z ✔ F03 native own/related roles: credit-note-invoice-only (103.277086ms)
2026-10-04T00:30:17.0517162Z ✔ F03 native own/related roles: payment-invoice-only (126.558683ms)
2026-10-04T00:30:17.1637113Z ✔ F03 native own/related roles: journal-invoice-only (107.649821ms)
2026-10-04T00:30:17.3243374Z ✔ F03 native own/related roles: ordinary-invoice (161.326721ms)
2026-10-04T00:30:17.4510996Z ✔ F03 native own/related roles: payment-bank-identity (130.404393ms)
2026-10-04T00:30:17.5888889Z ✔ F03 native own/related roles: whole-credit-note-group (95.092041ms)
2026-10-04T00:30:17.5890737Z ✔ F03 selected related-invoice column supplies neither own identity nor discriminator authority (5.074598ms)
2026-10-04T00:30:17.5916678Z ✔ F03 different selected roles permit the same proven short credit note (1.262518ms)
2026-10-04T00:30:17.5925954Z ✔ F03 column permutation and explicit Arabic headers preserve roles (2.385746ms)
2026-10-04T00:30:17.5941588Z ✔ F03 keeps ambiguous evidence for review: duplicate own headers (1.320517ms)
2026-10-04T00:30:17.5943401Z ✔ F03 keeps ambiguous evidence for review: duplicate related headers (1.228374ms)
2026-10-04T00:30:17.5944880Z ✔ F03 keeps ambiguous evidence for review: hidden own cell (0.962779ms)
2026-10-04T00:30:17.5946362Z ✔ F03 keeps ambiguous evidence for review: unsafe related cell (0.935517ms)
2026-10-04T00:30:17.5948014Z ✔ F03 keeps ambiguous evidence for review: different chosen generic reference (1.144738ms)
2026-10-04T00:30:17.5949523Z ✔ F03 an own-number competitor remains after excluded (4.180558ms)
2026-10-04T00:30:17.5950782Z ✔ F03 an own-number competitor remains after outside-period (1.696889ms)
2026-10-04T00:30:17.5952409Z ✔ F03 an own-number competitor remains after failed amount (3.992798ms)
2026-10-04T00:30:17.5953979Z ✔ F03 chat cites the original invoice without substituting it for a credit-note identity (14.088633ms)
2026-10-04T00:30:17.5955828Z ✔ F03 AI cannot resolve a related-invoice contradiction or forge its provenance (2.463892ms)
2026-10-04T00:30:17.7191210Z ✔ F03 native PDF uses own credit-note number: own-credit-note (131.428886ms)
2026-10-04T00:30:17.7288698Z ✔ F03 native PDF uses own credit-note number: short-own-credit-note (9.433469ms)
2026-10-04T00:30:17.7603809Z ✔ F03 native PDF uses own credit-note number: different-credit-notes (7.836356ms)
2026-10-04T00:30:17.7605364Z ✔ F03 original invoice cannot partition repeated credit-note numbers (1.144647ms)
2026-10-04T00:30:17.7615051Z ✔ F03 local model context keeps own/related roles and their canonical source columns (3.25585ms)
2026-10-04T00:30:17.7616634Z ✔ F03 an exact candidate with unverified type stays one review case with both source rows (1.198268ms)
2026-10-04T00:30:17.7618105Z ✔ F03 a shared native Document No cannot erase contradictory document types (1.774034ms)
2026-10-04T00:30:17.7619829Z ✔ F03 bank/receipt roles cannot authorize a voucher-only credit note or journal (11.170703ms)
2026-10-04T00:30:17.8006300Z ✔ 046 Arabic text PDF reportlab-arabic-balances: actual fields, provenance, matches and independent Excel values (475.068984ms)
2026-10-04T00:30:17.8014924Z ✔ 046 Arabic text PDF reportlab-rtl: actual fields, provenance, matches and independent Excel values (150.874013ms)
2026-10-04T00:30:17.8031610Z ✔ 046 Arabic text PDF reportlab-permuted: actual fields, provenance, matches and independent Excel values (168.041453ms)
2026-10-04T00:30:17.8049914Z ✔ 046 Arabic text PDF reportlab-wrapped-header: actual fields, provenance, matches and independent Excel values (105.908951ms)
2026-10-04T00:30:17.8052569Z ✔ 046 Arabic text PDF reportlab-multipage: actual fields, provenance, matches and independent Excel values (119.432193ms)
2026-10-04T00:30:17.8054627Z ✔ 046 Arabic text PDF libreoffice-arabic: actual fields, provenance, matches and independent Excel values (108.155877ms)
2026-10-04T00:30:17.8056536Z ✔ 046 Arabic text PDF libreoffice-mixed: actual fields, provenance, matches and independent Excel values (88.037618ms)
2026-10-04T00:30:17.8058288Z ✔ 046 Arabic continuation and second account table remain visible and cannot claim complete reading (47.260665ms)
2026-10-04T00:30:17.8063727Z ✔ 046 glyph provenance uses pinned bidi ordering without mutating Latin references or numeric signs (1.104773ms)
2026-10-04T00:30:17.8065642Z ✔ 046 source geometry may attach adjacent sign fragments but never guesses separated digits (0.363859ms)
2026-10-04T00:30:17.8067394Z ✔ 046 Arabic word fragments follow RTL geometry while financial fragments retain their source sequence (1.208647ms)
2026-10-04T00:30:17.8150421Z ✔ 046 full-page rectangular clips accept visible statements but partial and unknown clips reject (14.50437ms)
2026-10-04T00:30:17.8436750Z ✔ 046 native Arabic source followed by an unreadable page cannot return partial accounting data (28.55837ms)
2026-10-04T00:30:17.9013655Z ✔ 045 original document value cannot be compared as open-item outstanding even when numbers coincide (29.60502ms)
2026-10-04T00:30:17.9016205Z ✔ 045 running balance, paid amount and aging buckets cannot masquerade as movement values (10.619417ms)
2026-10-04T00:30:17.9018151Z ✔ 045 explicit remaining values require an open-items report and never become period movements (5.890779ms)
2026-10-04T00:30:17.9019966Z ✔ 045 supported original transaction values and remaining open items continue to auto-match (4.30733ms)
2026-10-04T00:30:17.9022217Z ✔ 045 supplier and legal entity conflicts in explicit same-role metadata block automatic and manual comparison (6.021805ms)
2026-10-04T00:30:17.9034238Z ✔ 045 different account roles are not falsely equated across supplier and AP systems (1.15027ms)
2026-10-04T00:30:17.9074111Z ✔ 045 mixed supplier, entity or account columns stop the affected comparison without dropping either row (5.994233ms)
2026-10-04T00:30:17.9076360Z ✔ 045 explicit single-role row identity must agree between the two sources (1.283929ms)
2026-10-04T00:30:17.9078103Z ✔ 045 explicit currency column cannot be ignored by leaving it unmapped (1.356515ms)
2026-10-04T00:30:17.9080085Z ✔ 045 open-item snapshots dated after the requested cutoff cannot reconstruct historical outstanding (1.80905ms)
2026-10-04T00:30:17.9082564Z ✔ 045 a malformed or contradictory declared period cannot certify the arithmetic bridge (3.704964ms)
2026-10-04T00:30:17.9097938Z ✔ 045 a clean declared snapshot at cutoff remains supported (1.304218ms)
2026-10-04T00:30:17.9099529Z ✔ 045 a systemic parsing/semantic failure cannot be bypassed by a manual match (1.049371ms)
2026-10-04T00:30:17.9101774Z ✔ 045 declared transaction period constrains inclusion before the balance equation is checked (6.363944ms)
2026-10-04T00:30:17.9103986Z ✔ 045 an opening balance from a different declared period cannot be certified by coincidental equality (1.126224ms)
2026-10-04T00:30:17.9106185Z ✔ F03 preserves old numeric Invoice No inputs: an invoice can match, its credit note cannot borrow that identity (4.854593ms)
2026-10-04T00:30:17.9108331Z ✔ 045 numeric general references, unknown types, payments, shortened IDs and numeric groups stay unapproved (6.896749ms)
2026-10-04T00:30:17.9110625Z ✔ 045 an explicit as-of snapshot is checked against cutoff without treating a preparation date as snapshot evidence (4.889859ms)
2026-10-04T00:30:17.9113054Z ✔ 045 manually entering a closing balance cannot hide a conflicting balance currency (3.065519ms)
2026-10-04T00:30:17.9114998Z ✔ 045 bounded whole-reference groups retain all source rows for review beyond the automatic limit (80.02432ms)
2026-10-04T00:30:17.9116845Z ✔ 045 explicit conflicting document labels in descriptions veto a match but never certify one (4.881634ms)
2026-10-04T00:30:17.9593913Z ✔ R045 independent exported workbook oracle accepts signed amounts, empty references, Arabic and an opening difference (283.853663ms)
2026-10-04T00:30:18.7257741Z ✔ R045 independent verifier rejects amount, sign, visible reference, row count and cached formula mutations (771.828665ms)
2026-10-04T00:30:18.7260284Z ✔ R045 independent decimal oracle rejects lost minor precision rather than rounding (0.641037ms)
2026-10-04T00:30:18.9008751Z ✔ R045 independent verifier covers transaction-only, zero-effect rejected cases, manual decisions and currency precision (172.725262ms)
2026-10-04T00:30:19.9228178Z ✔ R045 versioned partial output contract preserves every reading issue and rejects corrupted disclosure (1024.449888ms)
2026-10-04T00:30:20.3559785Z ✔ independent corpus manifest has 5000 cases in declared categories and disjoint layout holdout (81.937142ms)
2026-10-04T00:30:20.3562743Z ✔ all forty hand-calculated anchors independently agree with generated balances and explicit pairs (17.905424ms)
2026-10-04T00:30:20.3565661Z ✔ truth and observable approval are separate for an unreferenced payment allocation (13.888727ms)
2026-10-04T00:30:20.3567381Z ✔ equal balances do not hide countervailing invoice errors (6.046302ms)
2026-10-04T00:30:20.3569058Z ✔ cutoff exclusions are explicit and do not disappear from source observations (7.395934ms)
2026-10-04T00:30:20.3570979Z ✔ integer minor formatting preserves zero and three decimals without production money helpers (0.656136ms)
2026-10-04T00:30:20.3573257Z ✔ development scenarios are reproducible and contain economic diversity beyond labels and layout (1430.442186ms)
2026-10-04T00:30:20.3575363Z ✔ forty foundation source pairs are real files and never embed hidden lineage or oracle keys (542.984066ms)
2026-10-04T00:30:20.4257471Z ✔ generator, manifest and renderers cannot import production reconciliation code (6.920066ms)
2026-10-04T00:30:20.4282436Z ✔ a wrong closing balance blocks balance verification without banning independently proved movement matches (15.14709ms)
2026-10-04T00:30:20.4332716Z ✔ invalid source values affect their rows while scope conflicts stop the affected comparison (11.36348ms)
2026-10-04T00:30:20.4352823Z ✔ numeric invoice identity is explicit while an equally long generic reference needs review (21.578044ms)
2026-10-04T00:30:20.4769708Z ✔ file-specific scenarios really contain their named structures (37.330702ms)
2026-10-04T00:30:20.4776216Z ✔ revision 1.0.1 keeps allocation lineage shared while physical row identities remain distinct (10.139948ms)
2026-10-04T00:30:20.4794708Z ✔ ambiguous decimal case exposes two defensible interpretations and requires format confirmation before normalization (10.19393ms)
2026-10-04T00:30:20.4819408Z ✔ PDF monetary banners use the same decimal convention as transaction cells (15.234833ms)
2026-10-04T00:30:20.5363415Z ✔ 046 explicit shared bank identity proves a whole payment in either 1:N direction (27.025926ms)
2026-10-04T00:30:20.5393199Z ✔ 046 explicit receipt identity supports payment groups without a bank column value (2.910106ms)
2026-10-04T00:30:20.5395230Z ✔ 046 generic shared payment references and unique amount subsets remain review, not proof (9.437476ms)
2026-10-04T00:30:20.5398131Z ✔ 046 payment identity cannot allocate invoices or override document, amount, sign, date or receipt conflicts (14.243322ms)
2026-10-04T00:30:20.5400454Z ✔ 046 bank-reference groups never search a matching subset or ignore a competing same-identity row (7.59781ms)
2026-10-04T00:30:20.5402566Z ✔ 046 a duplicate component cannot be disguised by changing its description (4.294471ms)
2026-10-04T00:30:20.5404457Z ✔ 046 explicit original invoice lines retain the existing 6750 = 2500 + 2250 + 2000 capability (3.516508ms)
2026-10-04T00:30:20.5406531Z ✔ 046 explicit source errors, hidden evidence and excluded same-payment rows prevent complete-group approval (8.871319ms)
2026-10-04T00:30:20.5408545Z ✔ 046 currency and amount-basis conflicts are not group evidence even after user confirmation (5.692983ms)
2026-10-04T00:30:20.5410885Z ✔ 046 row-level amount basis cannot mix original and remaining values under a generic amount header (13.600962ms)
2026-10-04T00:30:20.5413419Z ✔ 046 payment group rejection is preserved and source ordering never selects a subset (4.171023ms)
2026-10-04T00:30:20.5415115Z ✔ 046 a search limit is exposed with all group rows retained (24.592401ms)
2026-10-04T00:30:20.5416774Z ✔ 046 a manual decision cannot override explicit document identity or PO conflicts (3.096253ms)
2026-10-04T00:30:20.5418994Z ✔ 046 payment proof is re-read from original bytes for export and sessions, never trusted from an annotated result (197.949795ms)
2026-10-04T00:30:20.5420973Z ✔ a completed-balance flag cannot replace a missing verified bridge (71.770968ms)
2026-10-04T00:30:20.5423146Z ✔ independent evaluator accepts healthy exact matches and a controlled invalid-source rejection (309.795676ms)
2026-10-04T00:30:20.5424961Z ✔ evaluator independently checks source totals against source transactions (18.748096ms)
2026-10-04T00:30:20.5426664Z ✔ evaluator rejects disagreement between accepted cases and the public match list (16.264416ms)
2026-10-04T00:30:20.5428287Z ✔ evaluator does not reward abstaining from every provable automatic match (84.309632ms)
2026-10-04T00:30:20.5430057Z ✔ runtime errors and cancellation on corrupt input are failures rather than valid rejections (33.364532ms)
2026-10-04T00:30:20.5432332Z ✔ equal-valued invoices with swapped counterparties are false matches even when counts and arithmetic agree (69.176673ms)
2026-10-04T00:30:23.7763737Z ✔ P2 capability requires nine proved groups across the 20 existing focused files with independent workbook verification (3106.105913ms)
2026-10-04T00:30:23.9344046Z ✔ P2 oracle migration keeps the default 046 N:M rejection and the same visible source facts (155.641589ms)
2026-10-04T00:30:23.9893847Z ✔ P2 N:M permission requires visible complete identity and does not reward abstention or equal totals alone (59.6558ms)
2026-10-04T00:30:24.0394109Z ✔ disabling every group fails required completion and cannot be counted as success (49.327091ms)
2026-10-04T00:30:24.0756340Z ✔ forcing a group on equal sums without bank or receipt proof is a false match (40.700106ms)
2026-10-04T00:30:24.1798934Z ✔ hidden metadata changes after rendering cannot change any engine input (96.909142ms)
2026-10-04T00:30:24.1979462Z ✔ ambiguous decimal convention stays unresolved without outside information and is labelled external when provided (22.57665ms)
2026-10-04T00:30:24.3490671Z ✔ the workbook verifier rejects accepted groups outside an independently supplied permission set (145.724257ms)
2026-10-04T00:30:24.4010524Z ✔ a diagnostic result with source errors is never labelled a completed comparison (57.87302ms)
2026-10-04T00:30:24.4350476Z ✔ invalid format inference records an unproven implicit default even when downstream parsing returns values (38.972247ms)
2026-10-04T00:30:24.4903535Z ✔ R045 XML second sheetData cannot replace earlier financial rows (161.436741ms)
2026-10-04T00:30:24.4923332Z ✔ R045 mixed cell payloads cannot concatenate into a different amount (88.626415ms)
2026-10-04T00:30:24.4979439Z ✔ R045 invalid row coordinates cannot silently discard a movement (100.697697ms)
2026-10-04T00:30:24.4981114Z ✔ R045 valid reordered columns, inline text and long references remain exact (62.767933ms)
2026-10-04T00:30:24.4982962Z ✔ R045 closing balance currency is evidence, not disposable footer text (73.057524ms)
2026-10-04T00:30:24.4985223Z ✔ R045 native formula cache validation does not reinterpret decimal point as grouping (29.74139ms)
2026-10-04T00:30:24.4986982Z ✔ R045 duplicate workbook containers and worksheet IDs cannot discard a complete sheet (25.250175ms)
2026-10-04T00:30:24.4988498Z ✔ R045 explicit as-of metadata is retained independently of prepared date (156.843753ms)
2026-10-04T00:30:24.4990149Z ✔ R045 duplicate date systems or style definitions cannot change dates or erase reference zeros (42.688291ms)
2026-10-04T00:30:24.4992647Z ✔ R045 missing or aliased worksheet parts cannot silently remove or relabel source data (46.578259ms)
2026-10-04T00:30:24.4994927Z ✔ R045 balance metadata rejects a wrong formula cache and retains a matching currency (80.240135ms)
2026-10-04T00:30:24.4996880Z ✔ R045 conflicting or ambiguous snapshot metadata cannot produce a verified date (66.45171ms)
2026-10-04T00:30:24.4998698Z ✔ R045 an uncached transaction formula remains an explicit issue rather than zero or a deleted row (41.932473ms)
2026-10-04T00:30:24.5000717Z ✔ R045 standard 1904 dates, sparse rows and deterministic omitted subsequent cell coordinates remain supported (23.299235ms)
2026-10-04T00:30:24.5002965Z ✔ R045 running balance column currency cannot be borrowed from a different currency scope (25.265348ms)
2026-10-04T00:30:24.5004686Z ✔ 045 PDF foundation 3: real files preserve metadata, balances, footer and all movements (392.517822ms)
2026-10-04T00:30:24.5006306Z ✔ 045 PDF foundation 4: real files preserve metadata, balances, footer and all movements (31.7596ms)
2026-10-04T00:30:24.5007962Z ✔ 045 PDF foundation 19: real files preserve metadata, balances, footer and all movements (79.16994ms)
2026-10-04T00:30:24.5009887Z ✔ 045 PDF reordered multi-page source C01436 retains every movement and excludes only repeated page metadata (59.396806ms)
2026-10-04T00:30:24.5012181Z ✔ 045 PDF reordered multi-page source C03754 retains every movement and excludes only repeated page metadata (88.306545ms)
2026-10-04T00:30:24.5014159Z ✔ 045 a later-page changed identity or a transaction before the repeated header is never excluded as metadata (2.806572ms)
2026-10-04T00:30:24.5015721Z ✔ 045 only an isolated exact page-number footer is excluded (4.559105ms)
2026-10-04T00:30:24.5017235Z ✔ 045 inline closing balances retain amount and source evidence without erasing a dated invoice (1.629794ms)
2026-10-04T00:30:24.5018956Z ✔ 045 PDF metadata outside table columns can span cuts without concatenating financial values (13.675582ms)
2026-10-04T00:30:24.5020598Z ✔ 045 all 24 supported four-column PDF orders preserve the same financial fields (102.724568ms)
2026-10-04T00:30:24.5022743Z ✔ metamorphic real CSV files preserve decisions after reordering columns and plain transaction rows (84.246973ms)
2026-10-04T00:30:24.5024500Z ✔ Arabic money digits, decimal comma and alternate explicit date formats preserve economic meaning (30.008615ms)
2026-10-04T00:30:24.5026055Z ✔ determinism includes complete decisions, evidence, bridge and source row identities (14.51776ms)
2026-10-04T00:30:24.5112456Z ✔ a currency conflict cannot cross into automatic matches or a proven balance bridge (14.35735ms)
2026-10-04T00:30:24.5114241Z ✔ reference normalization collisions do not become identities merely because amounts agree (6.278342ms)
2026-10-04T00:30:24.5116084Z ✔ independent invariant probes detect deliberate source reuse, numeric alteration and sign inversion (8.996312ms)
2026-10-04T00:30:24.5117989Z ✔ published file-size and parsed-row limits reject at import rather than returning partial success (98.054646ms)
2026-10-04T00:30:24.5119490Z ✔ 046 stopping every clear case cannot be reported as accurate work (3.133887ms)
2026-10-04T00:30:24.5120649Z ✔ 046 a false match is never absorbed into the correct-match total (1.346196ms)
2026-10-04T00:30:24.5122184Z ✔ 046 amounts of different currencies are never summed together (0.506406ms)
2026-10-04T00:30:24.5123006Z ✔ 046 confirmations are counted per kind so an oracle-fed format is visible (0.509682ms)
2026-10-04T00:30:24.5123746Z ✔ declared aging cannot be accepted by choosing the transactions default (47.187688ms)
2026-10-04T00:30:24.5124494Z ✔ generic accounts cannot be merged merely because reference and amount agree (6.196309ms)
2026-10-04T00:30:24.5125326Z ✔ source-level currency conflicts never relabel a foreign transaction as the scope currency (4.980828ms)
2026-10-04T00:30:24.5126168Z ✔ an explicitly balanced empty period can be compared but an unproven empty file cannot (6.122821ms)
2026-10-04T00:30:24.5127249Z ✔ same input yields byte-identical engine evidence across 20 runs (79.558121ms)
2026-10-04T00:30:24.5127990Z ✔ punctuation normalization is suggestion-only; never proves reference equality (1.732427ms)
2026-10-04T00:30:24.5128877Z ✔ reference reused with different amounts prevents both automatic matches (1.828437ms)
2026-10-04T00:30:24.5129587Z ✔ sign conflict is explicit and does not change balances or signed values (2.17257ms)
2026-10-04T00:30:24.5130229Z ✔ invalid mappings and multipliers fail at engine boundary (0.554075ms)
2026-10-04T00:30:24.5130814Z ✔ safe sums reject invalid operands even if they cancel (0.379269ms)
2026-10-04T00:30:24.5132313Z ✔ ambiguous CSV delimiter is rejected instead of guessed (0.742248ms)
2026-10-04T00:30:24.5133681Z ✔ Excel merged data rows block normalization without rejecting unrelated sheets (140.991943ms)
2026-10-04T00:30:24.5135136Z ✔ Excel cell errors and overprecision numeric references block selected data rows (78.765377ms)
2026-10-04T00:30:24.5136537Z ✔ an Excel timestamp reads as its day and the dropped time is reported (52.047134ms)
2026-10-04T00:30:24.5145334Z ✔ all matched transactions have exact amounts, original reference equality, uniqueness and evidence (4.139866ms)
2026-10-04T00:30:24.5146816Z ✔ 500 seeded exact money roundtrips and signed sums (7.782132ms)
2026-10-04T00:30:24.5148281Z ✔ assistant reports actual delta and never adopts number or instructions in question (14.370173ms)
2026-10-04T00:30:24.5150603Z ✔ assistant declines unknown question, missing transaction and unsupported balance (14.593458ms)
2026-10-04T00:30:24.5152752Z ✔ transaction explanations cite existing rows and expose reference variant (9.388113ms)
2026-10-04T00:30:24.5154256Z ✔ assistant and hypotheses cannot mutate engine state (3.687714ms)
2026-10-04T00:30:24.5156207Z ✔ hypothesis rejects invented amounts, unknown IDs, duplicates, used rows and rejected pairs (3.489811ms)
2026-10-04T00:30:24.5157930Z ✔ equal totals and different totals both stay unconfirmed hypotheses (3.788871ms)
2026-10-04T00:30:24.5169185Z ✔ export includes structured match evidence and diagnostics (182.33431ms)
2026-10-04T00:30:24.5170755Z ✔ export rechecks sources and refuses altered balance, match and source (39.957479ms)
2026-10-04T00:30:24.5172704Z ✔ the same file on both sides is a labelled diagnostic, never approved (34.642286ms)
2026-10-04T00:30:24.5174272Z ✔ a copy under another name is still the same source (5.791382ms)
2026-10-04T00:30:24.5176202Z ✔ the same file read with its columns listed or chosen differently is still the same source (7.617195ms)
2026-10-04T00:30:24.5177909Z ✔ similar names on two different sources are two sources (3.958227ms)
2026-10-04T00:30:24.5179328Z ✔ two different sheets of one workbook are two sources (148.984071ms)
2026-10-04T00:30:24.5181390Z ✔ restoring, comparing again and exporting keep the self-comparison unapproved (161.092852ms)
2026-10-04T00:30:24.5185220Z ✔ explicit metadata from a nine-column supplier layout retains source evidence and uses period end (15.840843ms)
2026-10-04T00:30:24.5187571Z ✔ Arabic labels and explicit inline metadata work before a PDF table without column cuts (3.005296ms)
2026-10-04T00:30:24.5189553Z ✔ PDF inline labels separated only by spaces remain anchored and preserve role across both sides (0.691552ms)
2026-10-04T00:30:24.5191825Z ✔ different explicit dates, entities, accounts and currencies remain conflicts without a chosen value (1.018483ms)
2026-10-04T00:30:24.5194973Z ✔ nothing comes from filename, company title, generic account, statement date, transaction extrema or other sheets (0.81338ms)
2026-10-04T00:30:24.5197610Z ✔ a complete mapped currency column provides one currency with auditable rows; unmapped helpers do not (1.936299ms)
2026-10-04T00:30:24.5200039Z ✔ incomplete currency columns block prefill and mixed currencies are exposed even when a row is blank (1.123069ms)
2026-10-04T00:30:24.5202489Z ✔ only selected amount headers are currency evidence and their contradictions prevent prefill (0.486149ms)
2026-10-04T00:30:24.5205139Z ✔ invalid explicit metadata cannot be overridden by another valid label or a header (1.34828ms)
2026-10-04T00:30:24.5207474Z ✔ ambiguous numeric metadata is not filled even when transaction date order is configured (0.957298ms)
2026-10-04T00:30:24.5213630Z ✔ hidden, formula, and parser-flagged metadata cannot become suggestions (0.781079ms)
2026-10-04T00:30:24.5218171Z ✔ suggestions are deterministic, do not mutate source/mappings and never supply approvals or balance evidence (1.531351ms)
2026-10-04T00:30:24.6126236Z ✔ a valid transaction stays a transaction when its entire description is a summary word (16.684358ms)
2026-10-04T00:30:24.6154558Z ✔ a summary word in an unused helper cannot remove a real transaction (0.834239ms)
2026-10-04T00:30:24.6158862Z ✔ a duplicate with description Total remains visible and prevents an automatic match (9.06513ms)
2026-10-04T00:30:24.6188273Z ✔ unreadable potential duplicates leave readable data available but cannot prove any automatic match (18.702349ms)
2026-10-04T00:30:24.6190707Z ✔ summary wording cannot bypass a mapped parsing or formula defect in a transaction (1.618455ms)
2026-10-04T00:30:24.6192538Z ✔ a decimal quantity is not inferred as a monetary amount (2.318062ms)
2026-10-04T00:30:24.6194113Z ✔ a due date is not inferred as the transaction date merely because it parses (0.655505ms)
2026-10-04T00:30:24.6195972Z ✔ an unknown identifier column does not become an invoice reference through uniqueness (1.580684ms)
2026-10-04T00:30:24.6224043Z ✔ two explicit reference headers cannot be resolved by preferring the column without duplicates (2.514219ms)
2026-10-04T00:30:24.6254898Z ✔ structural opening and total lines remain accounted for without manual exclusions (2.644251ms)
2026-10-04T00:30:24.6282825Z ✔ reordered columns cannot turn a dated transaction with a numeric reference into a total (1.603256ms)
2026-10-04T00:30:24.6312664Z ✔ missing or malformed dates with numeric document references remain reviewable rows (3.658106ms)
2026-10-04T00:30:24.6342695Z ✔ dated opening and closing records need dedicated balance identities, never invoice numbers (2.614536ms)
2026-10-04T00:30:24.6750986Z ✔ one source: a guarded reading becomes a normalised source (22.097594ms)
2026-10-04T00:30:24.6765929Z ✔ two sources: the same boundary the supplier recompute uses (12.772548ms)
2026-10-04T00:30:24.6777575Z ✔ an edited explanation of a proven direction comes back canonical (2.417557ms)
2026-10-04T00:30:24.8523121Z ✔ first refusal on every path: ok | ok → ok (187.892527ms)
2026-10-04T00:30:24.8594061Z ✔ first refusal on every path: ok | format → FORMAT_AMBIGUOUS_UNRESOLVED (10.230859ms)
2026-10-04T00:30:24.8693470Z ✔ first refusal on every path: ok | direction → direction (8.953071ms)
2026-10-04T00:30:24.8926997Z ✔ first refusal on every path: ok | format+direction → FORMAT_AMBIGUOUS_UNRESOLVED (13.784339ms)
2026-10-04T00:30:24.8972722Z ✔ first refusal on every path: format | ok → FORMAT_AMBIGUOUS_UNRESOLVED (13.515759ms)
2026-10-04T00:30:24.9054571Z ✔ first refusal on every path: format | format → FORMAT_AMBIGUOUS_UNRESOLVED (8.516592ms)
2026-10-04T00:30:24.9156355Z ✔ first refusal on every path: format | direction → FORMAT_AMBIGUOUS_UNRESOLVED (10.881484ms)
2026-10-04T00:30:24.9234605Z ✔ first refusal on every path: format | format+direction → FORMAT_AMBIGUOUS_UNRESOLVED (6.789097ms)
2026-10-04T00:30:24.9332907Z ✔ first refusal on every path: direction | ok → direction (8.461592ms)
2026-10-04T00:30:24.9453109Z ✔ first refusal on every path: direction | format → FORMAT_AMBIGUOUS_UNRESOLVED (12.439786ms)
2026-10-04T00:30:24.9603830Z ✔ first refusal on every path: direction | direction → direction (10.575192ms)
2026-10-04T00:30:24.9663050Z ✔ first refusal on every path: direction | format+direction → FORMAT_AMBIGUOUS_UNRESOLVED (11.566013ms)
2026-10-04T00:30:24.9751856Z ✔ first refusal on every path: format+direction | ok → FORMAT_AMBIGUOUS_UNRESOLVED (8.587768ms)
2026-10-04T00:30:24.9863314Z ✔ first refusal on every path: format+direction | format → FORMAT_AMBIGUOUS_UNRESOLVED (10.074507ms)
2026-10-04T00:30:24.9914414Z ✔ first refusal on every path: format+direction | direction → FORMAT_AMBIGUOUS_UNRESOLVED (7.423573ms)
2026-10-04T00:30:25.0156706Z ✔ first refusal on every path: format+direction | format+direction → FORMAT_AMBIGUOUS_UNRESOLVED (15.046527ms)
2026-10-04T00:30:25.0182962Z ✔ a reading that is not an object is named as such first (1.164286ms)
2026-10-04T00:30:25.0223026Z ✔ after the gates, scope, currency and cutoff stay with normalisation (11.544252ms)
2026-10-04T00:30:25.1203674Z ✔ an export of a proven direction with an edited explanation still succeeds (87.139308ms)
2026-10-04T00:30:25.1253386Z ✔ the gates are assembled in one place (3.714171ms)
2026-10-04T00:30:25.1503026Z ✔ both supplier and AP directions require exact running-balance recurrences (9.91075ms)
2026-10-04T00:30:25.1532416Z ✔ an explicit leading label can supply the baseline without invented zero opening (1.346997ms)
2026-10-04T00:30:25.1592480Z ✔ no single recurrence or zero-only activity can establish direction (1.650494ms)
2026-10-04T00:30:25.1621818Z ✔ any later inconsistency cancels earlier proof, including zero movements with balance changes (1.651305ms)
2026-10-04T00:30:25.1632908Z ✔ malformed or omitted movements cannot be skipped to recover a sign suggestion (2.187888ms)
2026-10-04T00:30:25.1635464Z ✔ descending dates, negative split values and simultaneous debit/credit prevent proof (2.768924ms)
2026-10-04T00:30:25.1663403Z ✔ only a unique explicit running-balance column qualifies (1.390879ms)
2026-10-04T00:30:25.1702520Z ✔ native Excel numeric values are read independently of displayed locale (3.893746ms)
2026-10-04T00:30:25.1732270Z ✔ currency precision and Arabic numeric notation use exact engine parsing (0.982275ms)
2026-10-04T00:30:25.1762558Z ✔ selected-cell issues, unsafe opening identities and formula-only metadata cancel proof (5.930182ms)
2026-10-04T00:30:25.1764033Z ✔ repeated headers and structural footers preserve the full recurrence chain (2.871205ms)
2026-10-04T00:30:25.1765452Z ✔ a late opening record or transaction named Total cannot reset or evade the chain (4.990385ms)
2026-10-04T00:30:25.1767058Z ✔ an independently aligned closing footer must have exactly one matching amount beside its currency (1.6699ms)
2026-10-04T00:30:25.3718981Z ✔ explicit English month names are calendar-checked independently of numeric date order (5.125805ms)
2026-10-04T00:30:25.3742770Z ✔ currency-tagged debit/credit headers select transaction values and preserve signs (20.073049ms)
2026-10-04T00:30:25.3756818Z ✔ a header currency mismatch or duplicate debit column is never guessed away (1.714884ms)
2026-10-04T00:30:25.5503675Z ✔ styled PDF flows through strict normalization with exact source rows and amounts (194.853416ms)
2026-10-04T00:30:38.6327275Z ✔ 3000 seeded bilingual generated reconciliations agree with independent brute-force oracle (8471.489383ms)
2026-10-04T00:30:38.6354765Z ✔ 10000 decimal format/sign/Arabic digit cases preserve exact integer units (157.732164ms)
2026-10-04T00:30:38.6356482Z ✔ 1000 quoted multilingual CSV roundtrips preserve commas, newlines and quotes (49.535652ms)
2026-10-04T00:30:38.6358007Z ✔ 20000 repeated references remain unpaired and bounded in time (4272.885968ms)
2026-10-04T00:30:38.7874910Z ✔ bilingual workbook export preserves source text, numbers and formula-looking content across all transaction sheets (218.43506ms)
2026-10-04T00:30:40.7593464Z ✔ XML-incompatible control characters cannot silently change during CSV to Excel export (8.315069ms)
2026-10-04T00:30:40.7623076Z ✔ 2000 prefix reference questions and model routing attacks never select existing shorter document (468.656326ms)
2026-10-04T00:30:40.7635490Z ✔ 200 input permutations preserve economic matches and totals without relying on row position (1272.861978ms)
2026-10-04T00:30:57.1276055Z ✔ 5000-row XLSX import, reconciliation and export preserve every original numeric amount (16594.613904ms)
2026-10-04T00:30:57.1277726Z ✔ invalid XML controls and unpaired surrogates are rejected while legitimate multilingual text survives (0.739793ms)
2026-10-04T00:30:57.1288120Z ✔ malformed UTF-8 bytes cannot become replacement characters in imported references (1.410546ms)
2026-10-04T00:30:57.2083971Z ✔ date-window boundaries hold across leap days, year changes and either source order (124.751403ms)
2026-10-04T00:30:57.2085748Z ✔ supplier layout end-to-end oracle: csv/0/signed/dot/English (276.026409ms)
2026-10-04T00:30:57.2087046Z ✔ supplier layout end-to-end oracle: csv/0/signed/dot/Arabic-reversed (78.470747ms)
2026-10-04T00:30:57.2088255Z ✔ supplier layout end-to-end oracle: csv/0/signed/comma/English (90.557423ms)
2026-10-04T00:30:57.2089539Z ✔ supplier layout end-to-end oracle: csv/0/signed/comma/Arabic-reversed (80.631412ms)
2026-10-04T00:30:57.2090695Z ✔ supplier layout end-to-end oracle: csv/0/split/dot/English (74.423735ms)
2026-10-04T00:30:57.2092165Z ✔ supplier layout end-to-end oracle: csv/0/split/dot/Arabic-reversed (81.773578ms)
2026-10-04T00:30:57.2093323Z ✔ supplier layout end-to-end oracle: csv/0/split/comma/English (78.834194ms)
2026-10-04T00:30:57.2094525Z ✔ supplier layout end-to-end oracle: csv/0/split/comma/Arabic-reversed (70.145943ms)
2026-10-04T00:30:57.2095688Z ✔ supplier layout end-to-end oracle: csv/2/signed/dot/English (66.589297ms)
2026-10-04T00:30:57.2096863Z ✔ supplier layout end-to-end oracle: csv/2/signed/dot/Arabic-reversed (52.638229ms)
2026-10-04T00:30:57.2098029Z ✔ supplier layout end-to-end oracle: csv/2/signed/comma/English (82.860953ms)
2026-10-04T00:30:57.2099224Z ✔ supplier layout end-to-end oracle: csv/2/signed/comma/Arabic-reversed (57.01134ms)
2026-10-04T00:30:57.2100362Z ✔ supplier layout end-to-end oracle: csv/2/split/dot/English (61.286252ms)
2026-10-04T00:30:57.2101695Z ✔ supplier layout end-to-end oracle: csv/2/split/dot/Arabic-reversed (58.682324ms)
2026-10-04T00:30:57.2102849Z ✔ supplier layout end-to-end oracle: csv/2/split/comma/English (55.37403ms)
2026-10-04T00:30:57.2104018Z ✔ supplier layout end-to-end oracle: csv/2/split/comma/Arabic-reversed (72.89519ms)
2026-10-04T00:30:57.2105180Z ✔ supplier layout end-to-end oracle: csv/3/signed/dot/English (49.69825ms)
2026-10-04T00:30:57.2106346Z ✔ supplier layout end-to-end oracle: csv/3/signed/dot/Arabic-reversed (49.312293ms)
2026-10-04T00:30:57.2107524Z ✔ supplier layout end-to-end oracle: csv/3/signed/comma/English (91.940552ms)
2026-10-04T00:30:57.2108727Z ✔ supplier layout end-to-end oracle: csv/3/signed/comma/Arabic-reversed (95.317684ms)
2026-10-04T00:30:57.2109887Z ✔ supplier layout end-to-end oracle: csv/3/split/dot/English (93.070954ms)
2026-10-04T00:30:57.2111046Z ✔ supplier layout end-to-end oracle: csv/3/split/dot/Arabic-reversed (60.191757ms)
2026-10-04T00:30:57.2111981Z ✔ supplier layout end-to-end oracle: csv/3/split/comma/English (63.966559ms)
2026-10-04T00:30:57.2112662Z ✔ supplier layout end-to-end oracle: csv/3/split/comma/Arabic-reversed (54.420506ms)
2026-10-04T00:30:57.2113364Z ✔ supplier layout end-to-end oracle: xlsx/0/signed/dot/English (204.02672ms)
2026-10-04T00:30:57.2114047Z ✔ supplier layout end-to-end oracle: xlsx/0/signed/dot/Arabic-reversed (208.706136ms)
2026-10-04T00:30:57.2114739Z ✔ supplier layout end-to-end oracle: xlsx/0/signed/comma/English (125.249342ms)
2026-10-04T00:30:57.2115712Z ✔ supplier layout end-to-end oracle: xlsx/0/signed/comma/Arabic-reversed (136.605269ms)
2026-10-04T00:30:57.2116738Z ✔ supplier layout end-to-end oracle: xlsx/0/split/dot/English (149.681089ms)
2026-10-04T00:30:57.2117413Z ✔ supplier layout end-to-end oracle: xlsx/0/split/dot/Arabic-reversed (144.969182ms)
2026-10-04T00:30:57.2118074Z ✔ supplier layout end-to-end oracle: xlsx/0/split/comma/English (176.675229ms)
2026-10-04T00:30:57.2118794Z ✔ supplier layout end-to-end oracle: xlsx/0/split/comma/Arabic-reversed (154.88743ms)
2026-10-04T00:30:57.2120049Z ✔ supplier layout end-to-end oracle: xlsx/2/signed/dot/English (118.28277ms)
2026-10-04T00:30:57.2122595Z ✔ supplier layout end-to-end oracle: xlsx/2/signed/dot/Arabic-reversed (243.839041ms)
2026-10-04T00:30:57.2123905Z ✔ supplier layout end-to-end oracle: xlsx/2/signed/comma/English (187.586787ms)
2026-10-04T00:30:57.2125464Z ✔ supplier layout end-to-end oracle: xlsx/2/signed/comma/Arabic-reversed (204.455417ms)
2026-10-04T00:30:57.2126653Z ✔ supplier layout end-to-end oracle: xlsx/2/split/dot/English (184.29985ms)
2026-10-04T00:30:57.2128020Z ✔ supplier layout end-to-end oracle: xlsx/2/split/dot/Arabic-reversed (170.991909ms)
2026-10-04T00:30:57.2129231Z ✔ supplier layout end-to-end oracle: xlsx/2/split/comma/English (235.803683ms)
2026-10-04T00:30:57.2130440Z ✔ supplier layout end-to-end oracle: xlsx/2/split/comma/Arabic-reversed (150.840643ms)
2026-10-04T00:30:57.2131839Z ✔ supplier layout end-to-end oracle: xlsx/3/signed/dot/English (140.101374ms)
2026-10-04T00:30:57.2133057Z ✔ supplier layout end-to-end oracle: xlsx/3/signed/dot/Arabic-reversed (149.348903ms)
2026-10-04T00:30:57.2134243Z ✔ supplier layout end-to-end oracle: xlsx/3/signed/comma/English (175.786486ms)
2026-10-04T00:30:57.2135465Z ✔ supplier layout end-to-end oracle: xlsx/3/signed/comma/Arabic-reversed (149.705973ms)
2026-10-04T00:30:57.2136663Z ✔ supplier layout end-to-end oracle: xlsx/3/split/dot/English (169.348428ms)
2026-10-04T00:30:57.2137842Z ✔ supplier layout end-to-end oracle: xlsx/3/split/dot/Arabic-reversed (139.257847ms)
2026-10-04T00:30:57.2138925Z ✔ supplier layout end-to-end oracle: xlsx/3/split/comma/English (176.692899ms)
2026-10-04T00:30:57.2139614Z ✔ supplier layout end-to-end oracle: xlsx/3/split/comma/Arabic-reversed (125.178523ms)
2026-10-04T00:30:57.2140416Z ✔ legacy templates lose source facts, sign conventions and format assumptions when migrated (2.64479ms)
2026-10-04T00:30:57.2141462Z ✔ templates never recover financial values or proof even through forged v2 fields (0.353671ms)
2026-10-04T00:30:57.2142298Z ✔ old-engine sessions cannot bypass reprocessing by carrying old approvals (0.773074ms)
2026-10-04T00:30:57.2143145Z ✔ current sessions re-read originals and recompute; forged source and stale export cannot survive (82.971991ms)
2026-10-04T00:30:57.2143967Z ✔ typed short literal CN-3: native rows require a successful exact 1:1 proof (35.759525ms)
2026-10-04T00:30:57.2144683Z ✔ typed short literal C3: native rows require a successful exact 1:1 proof (4.778417ms)
2026-10-04T00:30:57.2145373Z ✔ typed short literal I1: native rows require a successful exact 1:1 proof (3.971921ms)
2026-10-04T00:30:57.2146078Z ✔ typed short literal ف١: native rows require a successful exact 1:1 proof (3.614572ms)
2026-10-04T00:30:57.2146694Z ✔ typed short safety: missing type in supplier (4.392946ms)
2026-10-04T00:30:57.2147189Z ✔ typed short safety: missing type in ledger (2.327298ms)
2026-10-04T00:30:57.2147755Z ✔ typed short safety: issuer-specific type code is not a type (3.014752ms)
2026-10-04T00:30:57.2148338Z ✔ typed short safety: description cannot supply type (2.816682ms)
2026-10-04T00:30:57.2148856Z ✔ typed short safety: different explicit types (6.369809ms)
2026-10-04T00:30:57.2149405Z ✔ typed short safety: payment is not a short document (7.549922ms)
2026-10-04T00:30:57.2149964Z ✔ typed short safety: journal is not a short document (2.427946ms)
2026-10-04T00:30:57.2150534Z ✔ typed short safety: credit note with positive sign (2.198878ms)
2026-10-04T00:30:57.2151068Z ✔ typed short safety: invoice with negative sign (2.178841ms)
2026-10-04T00:30:57.2152106Z ✔ typed short safety: zero cannot be approved (2.209599ms)
2026-10-04T00:30:57.2153266Z ✔ typed short safety: numeric-only short identifier stays outside this rule (2.031175ms)
2026-10-04T00:30:57.2154520Z ✔ typed short safety: letter-only identifier stays outside this rule (1.972655ms)
2026-10-04T00:30:57.2155758Z ✔ typed short safety: date gap of one day is too much for a short identifier (4.45353ms)
2026-10-04T00:30:57.2156448Z ✔ typed short safety: different amount (1.996579ms)
2026-10-04T00:30:57.2157017Z ✔ typed short safety: normalization cannot grant literal equality (1.864524ms)
2026-10-04T00:30:57.2157671Z ✔ typed short safety: case normalization cannot grant literal equality (1.89ms)
2026-10-04T00:30:57.2158367Z ✔ typed short safety: Unicode normalization cannot grant literal equality (2.009244ms)
2026-10-04T00:30:57.2159121Z ✔ typed short safety: conflicting order (1.619315ms)
2026-10-04T00:30:57.2159603Z ✔ typed short safety: conflicting description (2.062423ms)
2026-10-04T00:30:57.2160379Z ✔ typed short safety: generic chosen Reference is not an explicit document number (1.372243ms)
2026-10-04T00:30:57.2161106Z ✔ typed short safety: voucher number is not an explicit document number (1.379587ms)
2026-10-04T00:30:57.2162237Z ✔ typed short safety: repeated original short reference with a different amount (2.300086ms)
2026-10-04T00:30:57.2163047Z ✔ typed short safety: invoice number on a credit note may identify the original invoice (3.467718ms)
2026-10-04T00:30:57.2163813Z ✔ typed short safety: generic supplier reference is not a document number (1.510642ms)
2026-10-04T00:30:57.2164532Z ✔ typed short safety: repeated normalized reference with different spelling (1.969169ms)
2026-10-04T00:30:57.2165145Z ✔ typed short safety: manually excluded competitor (5.639074ms)
2026-10-04T00:30:57.2165638Z ✔ typed short safety: unread competitor (4.020431ms)
2026-10-04T00:30:57.2166250Z ✔ typed short safety: outside-period competitor still occupies the identity (2.54228ms)
2026-10-04T00:30:57.2166956Z ✔ typed short safety: two short credit parts are not a certified group (2.24814ms)
2026-10-04T00:30:57.2167654Z ✔ typed short safety: formula-like source text is never identity authority (2.078593ms)
2026-10-04T00:30:57.2168344Z ✔ typed short safety: a conflicting selected reference is retained (1.302804ms)
2026-10-04T00:30:57.2169006Z ✔ typed short safety: an unread row with no identity cannot be isolated (1.815832ms)
2026-10-04T00:30:57.2169728Z ✔ typed short: an isolated unrelated bad amount does not disable a proven match (2.989394ms)
2026-10-04T00:30:57.2170517Z ✔ typed short: Arabic and English type/header labels name the same explicit source role (3.721612ms)
2026-10-04T00:30:57.2171486Z ✔ typed short: Invoice No supplies number authority for an invoice only (2.672883ms)
2026-10-04T00:30:57.2172290Z ✔ typed short: row order and a disjoint decoy do not change approved membership (4.339987ms)
2026-10-04T00:30:57.2173059Z ✔ typed short: original membership survives a manual decision consuming the rival (2.271233ms)
2026-10-04T00:30:57.2173776Z ✔ typed short: a rejected pair cannot be recreated by the new rule (1.928373ms)
2026-10-04T00:30:57.2174521Z ✔ typed short: chat resolves complete C3, refuses C30 and never manufactures approval (9.467417ms)
2026-10-04T00:30:57.2175379Z ✔ F02-E: actual OOXML files give all required matches and keep the equal-sum conflict unapproved (118.880838ms)
2026-10-04T00:30:57.2176120Z ✔ Unknown credit role native xlsx: different-untyped-credit (405.630852ms)
2026-10-04T00:30:57.2176727Z ✔ Unknown credit role native xlsx: same-untyped-credit (155.846946ms)
2026-10-04T00:30:57.2177319Z ✔ Unknown credit role native xlsx: arabic-untyped-credit (108.260313ms)
2026-10-04T00:30:57.2177948Z ✔ Unknown credit role native xlsx: chosen-generic-untyped-credit (147.023522ms)
2026-10-04T00:30:57.2178617Z ✔ Unknown credit role native xlsx: blank-credit-ordinary-invoice (118.380885ms)
2026-10-04T00:30:57.2179242Z ✔ Unknown credit role native csv: different-untyped-credit (63.396003ms)
2026-10-04T00:30:57.2179827Z ✔ Unknown credit role native csv: same-untyped-credit (40.456388ms)
2026-10-04T00:30:57.2180412Z ✔ Unknown credit role native csv: arabic-untyped-credit (57.810358ms)
2026-10-04T00:30:57.2181042Z ✔ Unknown credit role native csv: chosen-generic-untyped-credit (58.578754ms)
2026-10-04T00:30:57.2182110Z ✔ Unknown credit role native csv: blank-credit-ordinary-invoice (57.888776ms)
2026-10-04T00:30:57.2182740Z ✔ Unknown credit cue cannot bypass review: hidden cell (2.195852ms)
2026-10-04T00:30:57.2183302Z ✔ Unknown credit cue cannot bypass review: unsafe value (1.104394ms)
2026-10-04T00:30:57.2183881Z ✔ Unknown credit cue cannot bypass review: duplicate header (3.530846ms)
2026-10-04T00:30:57.2184603Z ✔ Unknown credit cue remains negative even if the chosen reference is its credit number (1.026198ms)
2026-10-04T00:30:57.2185574Z ✔ Explicit native credit type verifies roles while removing the type never does (2.413168ms)
2026-10-04T00:30:57.2186318Z ✔ A mixed file keeps proved invoice work alongside untyped credit warnings (1.61131ms)
2026-10-04T00:30:57.2187140Z ✔ AI cannot erase retained native credit cues from canonical case members (1.51477ms)
2026-10-04T00:30:57.2187998Z ✔ unmapped reference conflicts veto a document match while agreeing and absent references still match (71.906963ms)
2026-10-04T00:30:57.2188849Z ✔ choosing Document No does not discard a conflicting explicit Reference column (2.678744ms)
2026-10-04T00:30:57.2189779Z ✔ a secondary reference is retained with its source header and never supplies positive matching evidence (2.321827ms)
2026-10-04T00:30:57.2190620Z ✔ ambiguous or unsafe unselected reference evidence cannot be silently ignored (7.865514ms)
2026-10-04T00:30:57.2191616Z ✔ reference conflicts in one invoice-group member veto the whole group (6.687934ms)
2026-10-04T00:30:57.2192414Z ✔ payment and journal identities remain independent of per-book reference columns (5.163226ms)
2026-10-04T00:30:57.2193317Z ✔ reference evidence survives restore and verified export, and permits an explicit accountant decision (242.60229ms)
2026-10-04T00:30:57.2194367Z ✔ reviewed visual source proves a partial match without substituting the nearby balance or inventing a damaged amount (620.79552ms)
2026-10-04T00:30:57.2195309Z ✔ human-reviewed images never prove full balances even under caller coverage flags (186.489237ms)
2026-10-04T00:30:57.2196149Z ✔ unregistered cloned sources must replay the full original record before normalization (628.16068ms)
2026-10-04T00:30:57.2197014Z ✔ removing a kind or adding native-looking original CSV cannot launder the visual source (814.256623ms)
2026-10-04T00:30:57.2198016Z ✔ mapping, sign, amount-vs-balance, report and source exclusions are bound on normalize, reconcile, session and export (10505.0869ms)
2026-10-04T00:30:57.2198802Z ✔ economic context and side cannot drift silently (168.683933ms)
2026-10-04T00:30:57.2199474Z ✔ missing or wrong header meanings cannot acquire amount/reference authority (1.142194ms)
2026-10-04T00:30:57.2200165Z ✔ record edits cannot reuse table or interpretation receipts (1299.95997ms)
2026-10-04T00:30:57.2200899Z ✔ context/headers snapshot before crypto and reject accessors without invoking them (3.459073ms)
2026-10-04T00:30:57.2201883Z ✔ failed row identities suppress plausible competitors instead of creating uniqueness (496.294068ms)
2026-10-04T00:30:57.2202694Z ✔ values valid only in another locale participate in contradiction detection (606.24389ms)
2026-10-04T00:30:57.2203525Z ✔ an explicit ambiguous-format interpretation is source-bound and independently parsed (742.133196ms)
2026-10-04T00:30:57.2204687Z ✔ session restores original PNG and all source proofs then recomputes the same partial result (1047.996117ms)
2026-10-04T00:30:57.2205715Z ✔ workpaper replays sources and carries the entire reviewed record, exact original PNG, unread row and required match (1758.044862ms)
2026-10-04T00:30:57.2206585Z ✔ mutable original bytes or stale result totals are refused at export (608.525062ms)
2026-10-04T00:30:57.2207404Z ✔ currency needs a reviewed source crop and compatible precision (0.820182ms)
2026-10-04T00:30:57.2208249Z ✔ same PNG cannot become independent evidence by changing its record context or side (685.302139ms)
2026-10-04T00:30:57.2209154Z ✔ visual drafts cannot normalize even with plausible fabricated accounting sheets and approval flags (17.565274ms)
2026-10-04T00:30:57.2210136Z ✔ workpaper export rejects a visual draft before original reread or no-original fallback on either side (137.534047ms)
2026-10-04T00:30:57.2211044Z ✔ session save rejects visual drafts instead of laundering their sheets through demoBytes (20.876765ms)
2026-10-04T00:30:57.2212261Z ✔ session restore does not discard a visual-draft marker and treat accompanying CSV bytes as native (6.135283ms)
2026-10-04T00:30:57.2213437Z ✔ reviewed visual cells are evidence only: every accounting gate rejects the marker even with native CSV sheets (9.052584ms)
2026-10-04T00:30:57.2214338Z ✔ crop drag is direction-independent, bounded and rounds outwards to native pixels (2.75613ms)
2026-10-04T00:30:57.2215333Z ✔ keyboard movement preserves size and image boundaries; resizing cannot invert or empty the crop (0.763476ms)
2026-10-04T00:30:57.2216353Z ✔ visual factory preserves literal bilingual observations and never creates financial interpretation or approval (4.371017ms)
2026-10-04T00:30:57.2217313Z ✔ zero, perfect and unknown confidence remain unverified and are never converted to authority (4.712094ms)
2026-10-04T00:30:57.2218288Z ✔ source hash is required and bound independently; document values never enter validation errors (0.714014ms)
2026-10-04T00:30:57.2219207Z ✔ fixed OCR engine identity and bounded asset hash inventory reject unsafe or invented configuration (0.943794ms)
2026-10-04T00:30:57.2220156Z ✔ every declared page is required in order and empty OCR pages remain visible unverified pages (1.036096ms)
2026-10-04T00:30:57.2221172Z ✔ word hierarchy must be present: omitted blocks output cannot masquerade as a successfully read blank page (1.210011ms)
2026-10-04T00:30:57.2222379Z ✔ non-text words, invalid coordinates and accessors reject instead of being coerced (6.897277ms)
2026-10-04T00:30:57.2223195Z ✔ only local bounded PNG previews with matching dimensions are accepted (1.577638ms)
2026-10-04T00:30:57.2224075Z ✔ word and character limits apply across all pages, with a valid exact-limit draft retained (358.682564ms)
2026-10-04T00:30:57.2225035Z ✔ stable IDs derive from page, word order and geometry; outputs share no mutable OCR objects (1.006861ms)
2026-10-04T00:30:57.2225856Z ✔ PNG dimensions are bounded before any image decoder is called (3.390985ms)
2026-10-04T00:30:57.2226658Z ✔ JPEG dimensions are read from SOF; oversized, truncated and disguised images reject (0.419685ms)
2026-10-04T00:30:57.2227394Z ✔ PNG chunk lengths and all image byte counts are bounded (0.363008ms)
2026-10-04T00:30:57.2228226Z ✔ fixed same-origin bootstrap and exact vendor protocol load both languages without fetching (38.959793ms)
2026-10-04T00:30:57.2229160Z ✔ only blocks leave recognition; caller PNG bytes are neither detached nor overwritten (2.029051ms)
2026-10-04T00:30:57.2230050Z ✔ foreign, credentialed, query/hash and non-HTTP asset bases never construct a worker (3.680717ms)
2026-10-04T00:30:57.2231020Z ✔ abort before and during every startup stage terminates immediately without an initialization handle (3.84836ms)
2026-10-04T00:30:57.2232102Z ✔ abort during worker construction still revokes and terminates the owned handle (1.091469ms)
2026-10-04T00:30:57.2232975Z ✔ one startup deadline covers all stages even if the worker keeps emitting progress (15.702358ms)
2026-10-04T00:30:57.2233910Z ✔ page deadline hard-terminates a hung recognition and future pages cannot reuse the worker (17.833329ms)
2026-10-04T00:30:57.2234860Z ✔ abort or destroy during recognition settles the page and releases every listener and Blob (1.200543ms)
2026-10-04T00:30:57.2235772Z ✔ concurrent recognition is rejected without changing the active page or its input (1.682984ms)
2026-10-04T00:30:57.2236620Z ✔ unknown, stale and cross-action replies never resolve the active page (2.095335ms)
2026-10-04T00:30:57.2237473Z ✔ initialize failures are sanitized and late vendor resolve messages cannot resurrect the worker (0.908698ms)
2026-10-04T00:30:57.2238423Z ✔ malformed recognition data, worker errors and decode errors are sanitized and release resources (1.554134ms)
2026-10-04T00:30:57.2239919Z ✔ progress uses fixed status labels, rejects malformed status, and never exposes raw worker text (0.892478ms)
2026-10-04T00:30:57.2241855Z ✔ invalid image input never reaches the worker and factory exceptions revoke the Blob (0.705117ms)
2026-10-04T00:30:57.2242765Z ✔ PNG full decoding: 3 channels, filters 0, independent expected RGBA (95.232271ms)
2026-10-04T00:30:57.2243474Z ✔ PNG full decoding: 3 channels, filters 1, independent expected RGBA (24.834731ms)
2026-10-04T00:30:57.2244351Z ✔ PNG full decoding: 3 channels, filters 2, independent expected RGBA (12.454039ms)
2026-10-04T00:30:57.2245131Z ✔ PNG full decoding: 3 channels, filters 3, independent expected RGBA (14.096187ms)
2026-10-04T00:30:57.2245813Z ✔ PNG full decoding: 3 channels, filters 4, independent expected RGBA (12.088536ms)
2026-10-04T00:30:57.2246518Z ✔ PNG full decoding: 3 channels, filters 0,1,2,3,4, independent expected RGBA (23.927205ms)
2026-10-04T00:30:57.2247219Z ✔ PNG full decoding: 4 channels, filters 0, independent expected RGBA (23.43336ms)
2026-10-04T00:30:57.2247889Z ✔ PNG full decoding: 4 channels, filters 1, independent expected RGBA (13.012516ms)
2026-10-04T00:30:57.2248549Z ✔ PNG full decoding: 4 channels, filters 2, independent expected RGBA (13.960433ms)
2026-10-04T00:30:57.2249205Z ✔ PNG full decoding: 4 channels, filters 3, independent expected RGBA (11.212868ms)
2026-10-04T00:30:57.2249870Z ✔ PNG full decoding: 4 channels, filters 4, independent expected RGBA (12.591395ms)
2026-10-04T00:30:57.2250573Z ✔ PNG full decoding: 4 channels, filters 0,1,2,3,4, independent expected RGBA (8.806004ms)
2026-10-04T00:30:57.2251763Z ✔ PNG rejects CRC damage, missing end, trailing data and ambiguous colour/orientation/animation chunks (67.541955ms)
2026-10-04T00:30:57.2252711Z ✔ PNG bounds decompressed data and rejects wrong filters, short scanlines and nonopaque RGBA (86.214455ms)
2026-10-04T00:30:57.2253554Z ✔ PNG dimensions, byte budget and canonical base64 are bounded before large allocation (8.390346ms)
2026-10-04T00:30:57.2254317Z ✔ valid chunk CRC cannot hide a corrupt, truncated or trailing zlib stream (24.085531ms)
2026-10-04T00:30:57.2255287Z ✔ manual source crop records an omitted Arabic literal even when OCR finds no words; v2 replays without financial promotion (115.493538ms)
2026-10-04T00:30:57.2256373Z ✔ all intersecting observations and partial words are retained; neighboring words outside the crop cannot leak in (42.862945ms)
2026-10-04T00:30:57.2257387Z ✔ literal sign, role and crop edits revoke only the affected region review, including after restoration (72.448372ms)
2026-10-04T00:30:57.2258342Z ✔ v1 records and word receipts remain compatible when manually selected regions are added and removed (60.291048ms)
2026-10-04T00:30:57.2259395Z ✔ restore rejects changed crop, sign, raw observations, origin, timestamp, fingerprint, duplicate ID and schema downgrade (110.847738ms)
2026-10-04T00:30:57.2260547Z ✔ manual crops reject non-integral, empty, reversed, out-of-image and accessor geometry without invoking document code (10.776488ms)
2026-10-04T00:30:57.2261772Z ✔ region evidence cannot duplicate a whole page of words or oversized observations into every cell (19.071891ms)
2026-10-04T00:30:57.2262817Z ✔ visual PDF renderer: sequential complete pages provide exact geometry and await consumers before releasing canvases (14.638351ms)
2026-10-04T00:30:57.2263763Z ✔ visual PDF renderer: source bytes are copied and resource/network fallbacks are disabled (3.704ms)
2026-10-04T00:30:57.2264903Z ✔ visual PDF renderer: missing fonts, missing resources and null decoded images never reach OCR (5.135706ms)
2026-10-04T00:30:57.2265951Z ✔ visual PDF renderer: a swallowed render stream failure cannot deliver a plausible PNG (2.077481ms)
2026-10-04T00:30:57.2266789Z ✔ visual PDF renderer: page, byte, pixel, edge and geometry limits reject before drawing (4.095762ms)
2026-10-04T00:30:57.2267745Z ✔ visual PDF renderer: protected, layered and interactive sources require a flattened supported source (0.904149ms)
2026-10-04T00:30:57.2268804Z ✔ visual PDF renderer: cancellation and PNG failure release resources without any handoff (2.545486ms)
2026-10-04T00:30:57.2269807Z ✔ visual PDF renderer: later-page failure invalidates the document and consumer errors stop subsequent processing (1.628853ms)
2026-10-04T00:30:57.2270843Z ✔ visual PDF renderer: rotated pages retain their actual viewport transform instead of rewriting coordinates (1.033691ms)
2026-10-04T00:30:57.2272166Z ✔ cell evidence is immutable, source/pixel bound, locally saved and fully replayed; it is never financial approval (140.479094ms)
2026-10-04T00:30:57.2273169Z ✔ each literal correction, role or crop edit invalidates that cell only and requires a new review (97.663994ms)
2026-10-04T00:30:57.2274018Z ✔ a matching written SHA is insufficient when displayed PNG pixels were substituted (37.484546ms)
2026-10-04T00:30:57.2274927Z ✔ draft and original are snapshotted before awaits; edits to caller data cannot rewrite review evidence (22.209126ms)
2026-10-04T00:30:57.2275819Z ✔ malformed records and accessors are rejected without invoking document code (31.946609ms)
2026-10-04T00:30:57.2276812Z ✔ restore rejects every changed proof member, OCR observation, source, revision, engine, duplicate ID and financial status (208.62291ms)
2026-10-04T00:30:57.2277798Z ✔ plain JSON cannot bypass registered evidence or crop, literal, role and timestamp validation (23.491962ms)
2026-10-04T00:30:57.2278742Z ✔ complete row inventory retains unreadable rows and separates movement amounts from running balances (156.131017ms)
2026-10-04T00:30:57.2279567Z ✔ missing cells and untouched rows cannot be mistaken for complete values (43.790788ms)
2026-10-04T00:30:57.2280712Z ✔ geometry covers every vertical and horizontal band exactly once and rejects gaps, zero bands and limits (17.024498ms)
2026-10-04T00:30:57.2282686Z ✔ amount-vs-balance swaps, wrong row, wrong role, unknown or unreviewed region and double assignment are rejected (27.237338ms)
2026-10-04T00:30:57.2283730Z ✔ a crop reaching into another column or another row cannot be assigned even if its literal was reviewed (22.058467ms)
2026-10-04T00:30:57.2284781Z ✔ exclusions require a reason and their own source-bound review; unreadable rows cannot acquire exclusion proof (12.744702ms)
2026-10-04T00:30:57.2285870Z ✔ row changes revoke inventory proof and the changed exclusion, while source or geometry changes create a fresh inventory (32.550174ms)
2026-10-04T00:30:57.2287010Z ✔ restore rejects changed rows, grid, cells, source, raw observations, fingerprints, missing rows and added authority (219.101863ms)
2026-10-04T00:30:57.2288065Z ✔ empty pending inventory is explicitly serializable without acquiring completeness or financial authority (53.429989ms)
2026-10-04T00:30:57.2289147Z ✔ caller changes across an async create cannot rewrite the geometry; plain copied table objects are not registered (17.560821ms)
2026-10-04T00:30:57.2290179Z ✔ getters and sparse arrays are rejected before execution and invalid receipts cannot use non-canonical dates (29.976027ms)
2026-10-04T00:30:57.2291031Z ✔ typed PDF failure survives the worker without producing a partial source (12.205124ms)
2026-10-04T00:30:57.2292418Z ✔ unvalidated or misplaced diagnosis remains a plain failure, never trusted metadata (0.646789ms)
2026-10-04T00:30:57.2293352Z ✔ worker wire protocol ignores library messages and stale ids instead of resolving undefined (3.471015ms)
2026-10-04T00:30:57.2294387Z ✔ empty error messages always reject, and the next import gets a clean worker (0.402031ms)
2026-10-04T00:30:57.2295186Z ✔ missing value, malformed sheets, wrong source and wrong action cannot reach the UI (4.221207ms)
2026-10-04T00:30:57.2296308Z ✔ abort, worker errors, message errors and timeout recover without poisoning subsequent requests (14.632863ms)
2026-10-04T00:30:57.2297255Z ✔ readiness checks engine version and concurrent calls cannot steal another response (0.823258ms)
2026-10-04T00:30:57.2298084Z ✔ worker dispatcher only accepts explicitly namespaced accounting requests (0.441104ms)
2026-10-04T00:30:57.2298890Z ✔ verified PDF progress is bounded metadata and never resolves the source request (1.332059ms)
2026-10-04T00:30:57.2299690Z ✔ progress cannot bypass final source validation or typed late-page failure (0.870366ms)
2026-10-04T00:30:57.2312916Z ✔ malformed or misplaced current-request progress fails closed (1.321199ms)
2026-10-04T00:30:57.2313915Z ✔ PDF progress rejects regressions, changed totals and premature or reversed stages (1.144118ms)
2026-10-04T00:30:57.2314879Z ✔ library and stale progress are ignored; abort clears the sequence for the next worker (0.515533ms)
2026-10-04T00:30:57.2315756Z ✔ PDF deadlines cover the request; progress never extends the fixed deadline (1.28431ms)
2026-10-04T00:30:57.2316596Z ✔ longer deadlines apply only to PDF import or original-source session/export checks (0.242373ms)
2026-10-04T00:30:57.2317497Z ✔ reviewed image worker replies replay originals before gaining in-memory authority (1365.444119ms)
2026-10-04T00:30:57.2318589Z ✔ abort during async image replay cannot resolve or disturb the following worker request (931.114181ms)
2026-10-04T00:30:57.2319564Z ✔ numeric XML must be a whole valid number, never a parseFloat prefix (149.925272ms)
2026-10-04T00:30:57.2320464Z ✔ equivalent valid numeric spellings are retained exactly without locale guesses (123.909142ms)
2026-10-04T00:30:57.2321638Z ✔ duplicate cells, duplicate rows and coordinate conflicts cannot overwrite source transactions (72.8268ms)
2026-10-04T00:30:57.2322708Z ✔ precision lost by Number conversion becomes a cell issue, never an apparently exact financial amount (114.80019ms)
2026-10-04T00:30:57.2323658Z ✔ precision observations use workbook relationships and only block selected cells (23.028706ms)
2026-10-04T00:30:57.2324618Z ✔ rich text and hyperlink display text obey the same mapped-cell visibility rules as plain strings (230.069641ms)
2026-10-04T00:30:57.2325597Z ✔ ordinary rich text, hyperlinks, currency and accounting formats retain exact source values (200.401259ms)
2026-10-04T00:30:57.2326595Z ✔ seeded independent minor-unit oracle survives both Excel date epochs and all supported precisions (351.750313ms)
2026-10-04T00:30:57.2327511Z ✔ repeated safe page headers do not make proven Excel formats ambiguous or invalid (20.993244ms)
2026-10-04T00:30:57.2328343Z ✔ untrusted or hidden repeated headers cannot be used to prove input formats (85.449335ms)
2026-10-04T00:30:57.2329125Z ✔ shared-string indices cannot be truncated into another source value (21.054828ms)
2026-10-04T00:30:57.2329963Z ✔ implicit next-column addresses remain supported but cannot conceal a duplicate cell (20.454545ms)
2026-10-04T00:30:57.2330899Z ✔ native ISO date cells retain their lexical dates and can never become year-sized amounts (58.451426ms)
2026-10-04T00:30:57.2332306Z ✔ prefixed SpreadsheetML workbook, styles, shared strings, worksheets and relationship parts are accepted without changing values (207.146357ms)
2026-10-04T00:30:57.2333283Z ✔ ordinary canonical workbook is passed through without repacking (26.555748ms)
2026-10-04T00:30:57.2334143Z ✔ namespace conversion retains formulas and dangerous sign formats as review blockers (83.82021ms)
2026-10-04T00:30:57.2335037Z ✔ foreign namespace lookalikes are rejected instead of stripped into accounting fields (49.610699ms)
2026-10-04T00:30:57.2335982Z ✔ undeclared XML prefixes and DTDs fail explicitly without accepting incomplete worksheets (55.343182ms)
2026-10-04T00:30:57.2337192Z ✔ namespaced and canonical Excel reads are independent in either order and after an invalid file (101.051137ms)
2026-10-04T00:30:57.2338434Z ✔ 046 valid openpyxl ar: merged preamble, native dates, long/zero-prefixed references and hidden row retained once (116.427311ms)
2026-10-04T00:30:57.2339613Z ✔ 046 valid openpyxl en: merged preamble, native dates, long/zero-prefixed references and hidden row retained once (44.484271ms)
2026-10-04T00:30:57.2340767Z ✔ 046 valid xlsxwriter ar: merged preamble, native dates, long/zero-prefixed references and hidden row retained once (33.949799ms)
2026-10-04T00:30:57.2342155Z ✔ 046 valid xlsxwriter en: merged preamble, native dates, long/zero-prefixed references and hidden row retained once (20.459615ms)
2026-10-04T00:30:57.2342851Z ℹ tests 1085
2026-10-04T00:30:57.2343098Z ℹ suites 0
2026-10-04T00:30:57.2343328Z ℹ pass 1073
2026-10-04T00:30:57.2343555Z ℹ fail 0
2026-10-04T00:30:57.2343792Z ℹ cancelled 0
2026-10-04T00:30:57.2344043Z ℹ skipped 12
2026-10-04T00:30:57.2344292Z ℹ todo 0
2026-10-04T00:30:57.2344565Z ℹ duration_ms 78321.859872
2026-10-04T00:30:57.2438219Z ##[group]Run python3 -m unittest discover -s audit/local-provider -p 'test_*.py' -v
2026-10-04T00:30:57.2438860Z [36;1mpython3 -m unittest discover -s audit/local-provider -p 'test_*.py' -v[0m
2026-10-04T00:30:57.2503157Z shell: /usr/bin/bash -e {0}
2026-10-04T00:30:57.2503431Z env:
2026-10-04T00:30:57.2503698Z   PNPM_HOME: /home/runner/setup-pnpm/node_modules/.bin
2026-10-04T00:30:57.2504031Z ##[endgroup]
2026-10-04T00:30:57.3460889Z test_actual_runs_verify (test_check_results.IndependentProviderOracleTests.test_actual_runs_verify) ... ok
2026-10-04T00:30:57.3761895Z test_false_success_and_fabricated_evidence_are_rejected (test_check_results.IndependentProviderOracleTests.test_false_success_and_fabricated_evidence_are_rejected) ... ok
2026-10-04T00:30:57.3763211Z 
2026-10-04T00:30:57.3763643Z ----------------------------------------------------------------------
2026-10-04T00:30:57.3764343Z Ran 2 tests in 0.034s
2026-10-04T00:30:57.3764598Z 
2026-10-04T00:30:57.3764748Z OK
2026-10-04T00:30:57.3860205Z ##[group]Run python3 -m unittest discover -s audit/visual-cell-review -p 'test_*.py' -v
2026-10-04T00:30:57.3860866Z [36;1mpython3 -m unittest discover -s audit/visual-cell-review -p 'test_*.py' -v[0m
2026-10-04T00:30:57.3923276Z shell: /usr/bin/bash -e {0}
2026-10-04T00:30:57.3923557Z env:
2026-10-04T00:30:57.3923828Z   PNPM_HOME: /home/runner/setup-pnpm/node_modules/.bin
2026-10-04T00:30:57.3924164Z ##[endgroup]
2026-10-04T00:30:57.6709503Z test_corruptions_cannot_pass_the_independent_checker (test_record.IndependentReviewTests.test_corruptions_cannot_pass_the_independent_checker) ... ok
2026-10-04T00:30:57.7374303Z test_source_bytes_crc_and_crop_damage (test_record.IndependentReviewTests.test_source_bytes_crc_and_crop_damage) ... ok
2026-10-04T00:30:57.7692859Z test_valid_known_literals_and_pixels (test_record.IndependentReviewTests.test_valid_known_literals_and_pixels) ... ok
2026-10-04T00:30:57.7693773Z 
2026-10-04T00:30:57.7694251Z ----------------------------------------------------------------------
2026-10-04T00:30:57.7694891Z Ran 3 tests in 0.320s
2026-10-04T00:30:57.7695145Z 
2026-10-04T00:30:57.7695288Z OK
2026-10-04T00:30:57.7809212Z ##[group]Run python3 -m unittest discover -s audit/visual-numeric -p 'test_*.py' -v
2026-10-04T00:30:57.7809848Z [36;1mpython3 -m unittest discover -s audit/visual-numeric -p 'test_*.py' -v[0m
2026-10-04T00:30:57.7871950Z shell: /usr/bin/bash -e {0}
2026-10-04T00:30:57.7872210Z env:
2026-10-04T00:30:57.7872475Z   PNPM_HOME: /home/runner/setup-pnpm/node_modules/.bin
2026-10-04T00:30:57.7872800Z ##[endgroup]
2026-10-04T00:30:57.8825282Z test_failed_ocr_observations_remain_visible_and_metrics_are_recomputed (test_evidence.EvidenceTests.test_failed_ocr_observations_remain_visible_and_metrics_are_recomputed) ... ok
2026-10-04T00:31:07.9983233Z test_native_manual_arabic_receipt (test_evidence.EvidenceTests.test_native_manual_arabic_receipt) ... ok
2026-10-04T00:31:08.0174310Z test_receipt_corruption_is_detected (test_evidence.EvidenceTests.test_receipt_corruption_is_detected) ... ok
2026-10-04T00:31:08.0175090Z 
2026-10-04T00:31:08.0175629Z ----------------------------------------------------------------------
2026-10-04T00:31:08.0176189Z Ran 3 tests in 10.170s
2026-10-04T00:31:08.0176422Z 
2026-10-04T00:31:08.0176549Z OK
2026-10-04T00:31:08.0307534Z ##[group]Run python3 -m unittest discover -s audit/visual-table -p 'test_*.py' -v
2026-10-04T00:31:08.0308160Z [36;1mpython3 -m unittest discover -s audit/visual-table -p 'test_*.py' -v[0m
2026-10-04T00:31:08.0370897Z shell: /usr/bin/bash -e {0}
2026-10-04T00:31:08.0371196Z env:
2026-10-04T00:31:08.0371758Z   PNPM_HOME: /home/runner/setup-pnpm/node_modules/.bin
2026-10-04T00:31:08.0372132Z ##[endgroup]
2026-10-04T00:31:11.8529900Z test_detects_omission_sign_role_reuse_geometry_receipt_and_source_corruption (test_evidence.TableEvidence.test_detects_omission_sign_role_reuse_geometry_receipt_and_source_corruption) ... ok
2026-10-04T00:31:11.8574683Z test_independent_truth_detects_wrong_literal_even_after_every_public_checksum_is_recomputed (test_evidence.TableEvidence.test_independent_truth_detects_wrong_literal_even_after_every_public_checksum_is_recomputed) ... ok
2026-10-04T00:31:11.8615493Z test_known_native_record (test_evidence.TableEvidence.test_known_native_record) ... ok
2026-10-04T00:31:11.8616055Z 
2026-10-04T00:31:11.8616379Z ----------------------------------------------------------------------
2026-10-04T00:31:11.8616869Z Ran 3 tests in 3.766s
2026-10-04T00:31:11.8617064Z 
2026-10-04T00:31:11.8617178Z OK
2026-10-04T00:31:11.8735243Z ##[group]Run python3 -m unittest discover -s audit/visual-accounting -p 'test_*.py' -v
2026-10-04T00:31:11.8735913Z [36;1mpython3 -m unittest discover -s audit/visual-accounting -p 'test_*.py' -v[0m
2026-10-04T00:31:11.8736490Z [36;1mnode --experimental-strip-types audit/visual-accounting/make_record.mjs[0m
2026-10-04T00:31:11.8737045Z [36;1mnode --experimental-strip-types audit/visual-accounting/export_fixture.mjs[0m
2026-10-04T00:31:11.8737918Z [36;1mpython3 audit/visual-accounting/check_record.py work/visual-accounting/statement.tarasuf-reviewed.json audit/visual-table/fixtures/statement.png[0m
2026-10-04T00:31:11.8738926Z [36;1mpython3 audit/visual-accounting/check_export.py work/visual-accounting/direct.xlsx work/visual-accounting/restored.xlsx[0m
2026-10-04T00:31:11.8801100Z shell: /usr/bin/bash -e {0}
2026-10-04T00:31:11.8801563Z env:
2026-10-04T00:31:11.8801841Z   PNPM_HOME: /home/runner/setup-pnpm/node_modules/.bin
2026-10-04T00:31:11.8802173Z ##[endgroup]
2026-10-04T00:31:15.9868979Z test_changed_workbook_membership_image_and_missing_error_are_detected (test_evidence.ReviewedSourceOracle.test_changed_workbook_membership_image_and_missing_error_are_detected) ... ok
2026-10-04T00:31:16.0315141Z test_known_record_and_excel (test_evidence.ReviewedSourceOracle.test_known_record_and_excel) ... ok
2026-10-04T00:31:16.0785406Z test_wrong_literals_context_headers_and_row_omission_fail_even_with_recomputed_public_hashes (test_evidence.ReviewedSourceOracle.test_wrong_literals_context_headers_and_row_omission_fail_even_with_recomputed_public_hashes) ... ok
2026-10-04T00:31:16.0786897Z 
2026-10-04T00:31:16.0787280Z ----------------------------------------------------------------------
2026-10-04T00:31:16.0787847Z Ran 3 tests in 4.127s
2026-10-04T00:31:16.0788061Z 
2026-10-04T00:31:16.0788196Z OK
2026-10-04T00:31:16.5747928Z {"out":"work/visual-accounting","sourceBytes":239819,"kind":"reviewed-visual-source","manual":true,"training":false}
2026-10-04T00:31:22.2766762Z {"status": "pass", "imageRows": 3, "manualValues": 11, "missingAmounts": 1, "reviewedExclusions": 1, "interpretationBound": true, "fullBalanceReconciliation": false, "automaticOCR": false}
2026-10-04T00:31:26.1667790Z [
2026-10-04T00:31:26.1668186Z   {
2026-10-04T00:31:26.1668722Z     "workbook": "work/visual-accounting/direct.xlsx",
2026-10-04T00:31:26.1669327Z     "verified": true,
2026-10-04T00:31:26.1669726Z     "matches": 1,
2026-10-04T00:31:26.1670480Z     "damagedRows": 1,
2026-10-04T00:31:26.1670873Z     "originalPng": true,
2026-10-04T00:31:26.1671667Z     "fullRecord": true,
2026-10-04T00:31:26.1672176Z     "fullBalanceReconciliation": false
2026-10-04T00:31:26.1672659Z   },
2026-10-04T00:31:26.1672976Z   {
2026-10-04T00:31:26.1673457Z     "workbook": "work/visual-accounting/restored.xlsx",
2026-10-04T00:31:26.1674019Z     "verified": true,
2026-10-04T00:31:26.1674406Z     "matches": 1,
2026-10-04T00:31:26.1674775Z     "damagedRows": 1,
2026-10-04T00:31:26.1675165Z     "originalPng": true,
2026-10-04T00:31:26.1675595Z     "fullRecord": true,
2026-10-04T00:31:26.1676067Z     "fullBalanceReconciliation": false
2026-10-04T00:31:26.1676536Z   }
2026-10-04T00:31:26.1676840Z ]
2026-10-04T00:31:26.1776036Z ##[group]Run python3 -m unittest discover -s audit/export-design -p 'test_*.py' -v
2026-10-04T00:31:26.1776666Z [36;1mpython3 -m unittest discover -s audit/export-design -p 'test_*.py' -v[0m
2026-10-04T00:31:26.1838891Z shell: /usr/bin/bash -e {0}
2026-10-04T00:31:26.1839142Z env:
2026-10-04T00:31:26.1839399Z   PNPM_HOME: /home/runner/setup-pnpm/node_modules/.bin
2026-10-04T00:31:26.1839727Z ##[endgroup]
2026-10-04T00:31:26.2555955Z test_build_fingerprint_changes_with_asset_bytes (test_accept_paired.PairedAcceptanceTests.test_build_fingerprint_changes_with_asset_bytes) ... ok
2026-10-04T00:31:26.2676258Z test_contradictory_or_incomplete_package_verdicts_fail (test_accept_paired.PairedAcceptanceTests.test_contradictory_or_incomplete_package_verdicts_fail) ... ok
2026-10-04T00:31:26.2685760Z test_current_schema_with_valid_samples_and_builds_passes (test_accept_paired.PairedAcceptanceTests.test_current_schema_with_valid_samples_and_builds_passes) ... ok
2026-10-04T00:31:26.2692740Z test_export_sample_count_cannot_exceed_all_samples (test_accept_paired.PairedAcceptanceTests.test_export_sample_count_cannot_exceed_all_samples) ... ok
2026-10-04T00:31:26.2719515Z test_extreme_numbers_and_nonfinite_ratios_refuse_without_crashing (test_accept_paired.PairedAcceptanceTests.test_extreme_numbers_and_nonfinite_ratios_refuse_without_crashing) ... ok
2026-10-04T00:31:26.2725719Z test_historical_report_cannot_claim_complete_new_acceptance (test_accept_paired.PairedAcceptanceTests.test_historical_report_cannot_claim_complete_new_acceptance) ... ok
2026-10-04T00:31:26.2746526Z test_last_pair_checkpoint_is_not_a_completed_measurement (test_accept_paired.PairedAcceptanceTests.test_last_pair_checkpoint_is_not_a_completed_measurement) ... ok
2026-10-04T00:31:26.2770112Z test_missing_and_bad_memory_samples_fail (test_accept_paired.PairedAcceptanceTests.test_missing_and_bad_memory_samples_fail) ... ok
2026-10-04T00:31:26.2810514Z test_missing_changed_or_malformed_final_build_fingerprints_fail (test_accept_paired.PairedAcceptanceTests.test_missing_changed_or_malformed_final_build_fingerprints_fail) ... ok
2026-10-04T00:31:26.2817472Z test_missing_worker_timing_fails_instead_of_looking_fast (test_accept_paired.PairedAcceptanceTests.test_missing_worker_timing_fails_instead_of_looking_fast) ... ok
2026-10-04T00:31:26.2824679Z test_one_missing_or_repeated_pair_fails (test_accept_paired.PairedAcceptanceTests.test_one_missing_or_repeated_pair_fails) ... ok
2026-10-04T00:31:26.2834445Z test_regression_in_xlsx_fails_despite_csv_improvement (test_accept_paired.PairedAcceptanceTests.test_regression_in_xlsx_fails_despite_csv_improvement) ... ok
2026-10-04T00:31:26.2982564Z test_required_recovery_attestations_are_individually_required (test_accept_paired.PairedAcceptanceTests.test_required_recovery_attestations_are_individually_required) ... ok
2026-10-04T00:31:26.2991736Z test_retained_measurements_pass_with_original_declared_limits (test_accept_paired.PairedAcceptanceTests.test_retained_measurements_pass_with_original_declared_limits) ... ok
2026-10-04T00:31:26.3023215Z test_runner_failure_cannot_be_overridden_by_stale_acceptance (test_accept_paired.PairedAcceptanceTests.test_runner_failure_cannot_be_overridden_by_stale_acceptance) ... ok
2026-10-04T00:31:26.3557052Z test_source_and_membership_attestations_are_required_for_both_variants (test_accept_paired.PairedAcceptanceTests.test_source_and_membership_attestations_are_required_for_both_variants) ... ok
2026-10-04T00:31:26.3570551Z test_swapped_input_bytes_or_nonidentical_workbook_fails (test_accept_paired.PairedAcceptanceTests.test_swapped_input_bytes_or_nonidentical_workbook_fails) ... ok
2026-10-04T00:31:26.5080168Z test_ambiguous_duplicate_cannot_be_approved (test_check_membership.MembershipOracleTests.test_ambiguous_duplicate_cannot_be_approved) ... ok
2026-10-04T00:31:26.5815618Z test_cell_address_must_agree_with_physical_row (test_check_membership.MembershipOracleTests.test_cell_address_must_agree_with_physical_row) ... ok
2026-10-04T00:31:26.7264940Z test_duplicate_evidence_member_fails (test_check_membership.MembershipOracleTests.test_duplicate_evidence_member_fails) ... ok
2026-10-04T00:31:26.8033095Z test_duplicate_physical_row_fails (test_check_membership.MembershipOracleTests.test_duplicate_physical_row_fails) ... ok
2026-10-04T00:31:26.9495226Z test_equal_amount_cross_block_member_swap_fails_with_source_sheets_unchanged (test_check_membership.MembershipOracleTests.test_equal_amount_cross_block_member_swap_fails_with_source_sheets_unchanged) ... ok
2026-10-04T00:31:27.0910381Z test_fraction_beyond_decimal_context_precision_fails (test_check_membership.MembershipOracleTests.test_fraction_beyond_decimal_context_precision_fails) ... ok
2026-10-04T00:31:27.2336453Z test_fractional_cent_evidence_fails (test_check_membership.MembershipOracleTests.test_fractional_cent_evidence_fails) ... ok
2026-10-04T00:31:27.3592257Z test_fractional_cent_match_total_fails (test_check_membership.MembershipOracleTests.test_fractional_cent_match_total_fails) ... ok
2026-10-04T00:31:27.4702064Z test_frozen_product_workbook_passes (test_check_membership.MembershipOracleTests.test_frozen_product_workbook_passes) ... ok
2026-10-04T00:31:27.5983522Z test_match_displayed_date_fails (test_check_membership.MembershipOracleTests.test_match_displayed_date_fails) ... ok
2026-10-04T00:31:27.7247283Z test_match_displayed_reference_fails (test_check_membership.MembershipOracleTests.test_match_displayed_reference_fails) ... ok
2026-10-04T00:31:27.8515324Z test_match_rule_must_agree_with_evidence (test_check_membership.MembershipOracleTests.test_match_rule_must_agree_with_evidence) ... ok
2026-10-04T00:31:27.9789313Z test_match_source_text_change_fails (test_check_membership.MembershipOracleTests.test_match_source_text_change_fails) ... ok
2026-10-04T00:31:28.1212356Z test_missing_evidence_member_fails (test_check_membership.MembershipOracleTests.test_missing_evidence_member_fails) ... ok
2026-10-04T00:31:28.1976227Z test_moved_parsed_row_breaks_actual_link_destination (test_check_membership.MembershipOracleTests.test_moved_parsed_row_breaks_actual_link_destination) ... ok
2026-10-04T00:31:28.6256664Z test_non_finite_or_malformed_amount_returns_json_failure (test_check_membership.MembershipOracleTests.test_non_finite_or_malformed_amount_returns_json_failure) ... ok
2026-10-04T00:31:28.7485364Z test_review_source_link_fails_even_when_relationship_agrees (test_check_membership.MembershipOracleTests.test_review_source_link_fails_even_when_relationship_agrees) ... ok
2026-10-04T00:31:28.8706717Z test_review_source_text_fails (test_check_membership.MembershipOracleTests.test_review_source_text_fails) ... ok
2026-10-04T00:31:28.9941097Z test_review_total_fails (test_check_membership.MembershipOracleTests.test_review_total_fails) ... ok
2026-10-04T00:31:29.1389600Z test_signed_amount_mutation_fails (test_check_membership.MembershipOracleTests.test_signed_amount_mutation_fails) ... ok
2026-10-04T00:31:29.2852551Z test_wrong_link_target_fails_even_when_relationship_agrees (test_check_membership.MembershipOracleTests.test_wrong_link_target_fails_even_when_relationship_agrees) ... ok
2026-10-04T00:31:29.3253461Z test_changed_matches_fails_even_when_transactions_unchanged (test_check_package_identity.PackageIdentityTests.test_changed_matches_fails_even_when_transactions_unchanged) ... ok
2026-10-04T00:31:29.3682010Z test_corrupt_deflate_returns_json_failure (test_check_package_identity.PackageIdentityTests.test_corrupt_deflate_returns_json_failure) ... ok
2026-10-04T00:31:29.4083049Z test_crc_error_fails (test_check_package_identity.PackageIdentityTests.test_crc_error_fails) ... ok
2026-10-04T00:31:29.4482277Z test_duplicate_name_fails (test_check_package_identity.PackageIdentityTests.test_duplicate_name_fails) ... ok
2026-10-04T00:31:29.4883345Z test_explicit_directory_entries_are_container_only (test_check_package_identity.PackageIdentityTests.test_explicit_directory_entries_are_container_only) ... ok
2026-10-04T00:31:29.5680709Z test_missing_or_extra_part_fails (test_check_package_identity.PackageIdentityTests.test_missing_or_extra_part_fails) ... ok
2026-10-04T00:31:29.6083536Z test_recompressed_identical_package_passes (test_check_package_identity.PackageIdentityTests.test_recompressed_identical_package_passes) ... ok
2026-10-04T00:31:29.6084682Z 
2026-10-04T00:31:29.6085115Z ----------------------------------------------------------------------
2026-10-04T00:31:29.6085709Z Ran 45 tests in 3.355s
2026-10-04T00:31:29.6085935Z 
2026-10-04T00:31:29.6086069Z OK
2026-10-04T00:31:29.6229137Z ##[group]Run python3 audit/layered-statement/check_contract.py
2026-10-04T00:31:29.6229963Z [36;1mpython3 audit/layered-statement/check_contract.py[0m
2026-10-04T00:31:29.6231173Z [36;1mpython3 audit/astra-cycle4/check_r13.py work/layered-headers/r13-fixed-workpaper.xlsx --expected-engine 0.3.26-experimental[0m
2026-10-04T00:31:29.6232778Z [36;1mpython3 -m unittest discover -s audit/astra-cycle4 -p 'test_*.py' -v[0m
2026-10-04T00:31:29.6233764Z [36;1mpython3 -m unittest discover -s audit/layered-statement -p 'test_*.py' -v[0m
2026-10-04T00:31:29.6318095Z shell: /usr/bin/bash -e {0}
2026-10-04T00:31:29.6318368Z env:
2026-10-04T00:31:29.6318645Z   PNPM_HOME: /home/runner/setup-pnpm/node_modules/.bin
2026-10-04T00:31:29.6318972Z ##[endgroup]
2026-10-04T00:31:29.6771933Z {
2026-10-04T00:31:29.6772679Z   "verified": true,
2026-10-04T00:31:29.6773350Z   "contractSha256": "88c68039bc4b6f38e2e7ca36471b278047e22fec77a5eb0f305c84a4b77938c2",
2026-10-04T00:31:29.6774086Z   "positiveSupplierRows": [
2026-10-04T00:31:29.6774432Z     6,
2026-10-04T00:31:29.6774704Z     7,
2026-10-04T00:31:29.6774989Z     8,
2026-10-04T00:31:29.6775259Z     9
2026-10-04T00:31:29.6775491Z   ],
2026-10-04T00:31:29.6775799Z   "negativeAmountTotalUnchanged": true,
2026-10-04T00:31:29.6776177Z   "ledgerRows": [
2026-10-04T00:31:29.6776453Z     2,
2026-10-04T00:31:29.6776682Z     3,
2026-10-04T00:31:29.6776908Z     4
2026-10-04T00:31:29.6777140Z   ]
2026-10-04T00:31:29.6777367Z }
2026-10-04T00:31:29.7252586Z {
2026-10-04T00:31:29.7252973Z   "verified": true,
2026-10-04T00:31:29.7253821Z   "originalFailureSourceHash": "a085499d9e6ae2d165cd6716034f0945ecbb7151ad561bca70a4926a94250958",
2026-10-04T00:31:29.7254660Z   "approvedCases": 0,
2026-10-04T00:31:29.7255050Z   "readableSupplierRows": [
2026-10-04T00:31:29.7255447Z     6,
2026-10-04T00:31:29.7255725Z     7,
2026-10-04T00:31:29.7255999Z     8,
2026-10-04T00:31:29.7256272Z     9
2026-10-04T00:31:29.7256549Z   ],
2026-10-04T00:31:29.7256884Z   "excludedCompetitor": 11,
2026-10-04T00:31:29.7257284Z   "sourceRowFates": 11,
2026-10-04T00:31:29.7257949Z   "basis": "Frozen literal OOXML facts, not a product-generated expectation"
2026-10-04T00:31:29.7258621Z }
2026-10-04T00:31:29.7897383Z test_exact_failure_replay (test_check_r13.R13OracleTests.test_exact_failure_replay) ... ok
2026-10-04T00:31:29.8574548Z test_financial_membership_or_source_tampering_is_rejected (test_check_r13.R13OracleTests.test_financial_membership_or_source_tampering_is_rejected) ... ok
2026-10-04T00:31:29.8575547Z 
2026-10-04T00:31:29.8575926Z ----------------------------------------------------------------------
2026-10-04T00:31:29.8576495Z Ran 2 tests in 0.072s
2026-10-04T00:31:29.8576723Z 
2026-10-04T00:31:29.8576848Z OK
2026-10-04T00:31:29.9269989Z test_positive (test_check_export.ExportOracleTests.test_positive) ... ok
2026-10-04T00:31:30.0115313Z test_reject_changed_evidence_and_financial_members (test_check_export.ExportOracleTests.test_reject_changed_evidence_and_financial_members) ... ok
2026-10-04T00:31:30.0116275Z 
2026-10-04T00:31:30.0116625Z ----------------------------------------------------------------------
2026-10-04T00:31:30.0117177Z Ran 2 tests in 0.090s
2026-10-04T00:31:30.0117388Z 
2026-10-04T00:31:30.0117521Z OK
2026-10-04T00:31:30.0263288Z ##[group]Run REQUIRE_F03_PASS=1 node --experimental-strip-types audit/related-invoice/run.mjs . work/f03-native
2026-10-04T00:31:30.0264709Z [36;1mREQUIRE_F03_PASS=1 node --experimental-strip-types audit/related-invoice/run.mjs . work/f03-native[0m
2026-10-04T00:31:30.0266042Z [36;1mREQUIRE_F03_PASS=1 node --experimental-strip-types audit/related-invoice/run.mjs . work/f03-pdf pdf[0m
2026-10-04T00:31:30.0267294Z [36;1mpython3 audit/related-invoice/check_export.py work/f03-native/*.xlsx work/f03-pdf/*.xlsx[0m
2026-10-04T00:31:30.0268370Z [36;1mpython3 -m unittest discover -s audit/related-invoice -p 'test_*.py' -v[0m
2026-10-04T00:31:30.0358669Z shell: /usr/bin/bash -e {0}
2026-10-04T00:31:30.0358935Z env:
2026-10-04T00:31:30.0359199Z   PNPM_HOME: /home/runner/setup-pnpm/node_modules/.bin
2026-10-04T00:31:30.0359519Z ##[endgroup]
2026-10-04T00:31:31.2326139Z {"engine":"0.3.26-experimental","passed":11,"total":11,"cases":[{"id":"different-credit-notes","passed":true,"approved":[]},{"id":"own-credit-note","passed":true,"approved":[{"supplierRows":[2],"ledgerRows":[2],"amountMinor":-5000,"rule":"EXACT_REFERENCE_SIGNED_AMOUNT_UNIQUE_V2","primary":"CN-701"}]},{"id":"generic-own-and-invoice","passed":true,"approved":[{"supplierRows":[2],"ledgerRows":[2],"amountMinor":-5000,"rule":"EXACT_REFERENCE_SIGNED_AMOUNT_UNIQUE_V2","primary":"CN-701"}]},{"id":"short-own-credit-note","passed":true,"approved":[{"supplierRows":[2],"ledgerRows":[2],"amountMinor":-5000,"rule":"EXPLICIT_SHORT_DOCUMENT_EXACT_DATE_V1","primary":"CN-3"}]},{"id":"conflicting-related-invoice","passed":true,"approved":[]},{"id":"credit-note-invoice-only","passed":true,"approved":[]},{"id":"payment-invoice-only","passed":true,"approved":[]},{"id":"journal-invoice-only","passed":true,"approved":[]},{"id":"ordinary-invoice","passed":true,"approved":[{"supplierRows":[2],"ledgerRows":[2],"amountMinor":5000,"rule":"EXACT_REFERENCE_SIGNED_AMOUNT_UNIQUE_V2","primary":"INV-401"}]},{"id":"payment-bank-identity","passed":true,"approved":[{"supplierRows":[2],"ledgerRows":[2],"amountMinor":-5000,"rule":"EXACT_REFERENCE_SIGNED_AMOUNT_UNIQUE_V2","primary":"BANK-714"}]},{"id":"whole-credit-note-group","passed":true,"approved":[{"supplierRows":[2],"ledgerRows":[2,3],"amountMinor":-5000,"rule":"EXACT_REFERENCE_GROUP_TOTAL_V1","primary":"CN-701"}]}]}
2026-10-04T00:31:31.9328758Z {"engine":"0.3.26-experimental","passed":3,"total":3,"cases":[{"id":"different-credit-notes","passed":true,"approved":[]},{"id":"own-credit-note","passed":true,"approved":[{"supplierRows":[2],"ledgerRows":[2],"amountMinor":-5000,"rule":"EXACT_REFERENCE_SIGNED_AMOUNT_UNIQUE_V2","primary":"CN-701"}]},{"id":"short-own-credit-note","passed":true,"approved":[{"supplierRows":[2],"ledgerRows":[2],"amountMinor":-5000,"rule":"EXPLICIT_SHORT_DOCUMENT_EXACT_DATE_V1","primary":"CN-3"}]}]}
2026-10-04T00:31:32.1293702Z [
2026-10-04T00:31:32.1294319Z   {
2026-10-04T00:31:32.1295378Z     "workbook": "work/f03-native/conflicting-related-invoice-direct.xlsx",
2026-10-04T00:31:32.1296547Z     "verified": true,
2026-10-04T00:31:32.1297267Z     "id": "conflicting-related-invoice",
2026-10-04T00:31:32.1297952Z     "sourceFormat": "xlsx",
2026-10-04T00:31:32.1298525Z     "approved": 0,
2026-10-04T00:31:32.1299149Z     "engine": "0.3.26-experimental"
2026-10-04T00:31:32.1299827Z   },
2026-10-04T00:31:32.1300256Z   {
2026-10-04T00:31:32.1301622Z     "workbook": "work/f03-native/conflicting-related-invoice-restored.xlsx",
2026-10-04T00:31:32.1302516Z     "verified": true,
2026-10-04T00:31:32.1303032Z     "id": "conflicting-related-invoice",
2026-10-04T00:31:32.1304132Z     "sourceFormat": "xlsx",
2026-10-04T00:31:32.1304684Z     "approved": 0,
2026-10-04T00:31:32.1305235Z     "engine": "0.3.26-experimental"
2026-10-04T00:31:32.1305813Z   },
2026-10-04T00:31:32.1306215Z   {
2026-10-04T00:31:32.1306985Z     "workbook": "work/f03-native/credit-note-invoice-only-direct.xlsx",
2026-10-04T00:31:32.1307732Z     "verified": true,
2026-10-04T00:31:32.1308107Z     "id": "credit-note-invoice-only",
2026-10-04T00:31:32.1308762Z     "sourceFormat": "xlsx",
2026-10-04T00:31:32.1309103Z     "approved": 0,
2026-10-04T00:31:32.1309445Z     "engine": "0.3.26-experimental"
2026-10-04T00:31:32.1309800Z   },
2026-10-04T00:31:32.1310055Z   {
2026-10-04T00:31:32.1310542Z     "workbook": "work/f03-native/credit-note-invoice-only-restored.xlsx",
2026-10-04T00:31:32.1311085Z     "verified": true,
2026-10-04T00:31:32.1311720Z     "id": "credit-note-invoice-only",
2026-10-04T00:31:32.1312112Z     "sourceFormat": "xlsx",
2026-10-04T00:31:32.1312404Z     "approved": 0,
2026-10-04T00:31:32.1312648Z     "engine": "0.3.26-experimental"
2026-10-04T00:31:32.1312906Z   },
2026-10-04T00:31:32.1313082Z   {
2026-10-04T00:31:32.1313403Z     "workbook": "work/f03-native/different-credit-notes-direct.xlsx",
2026-10-04T00:31:32.1313767Z     "verified": true,
2026-10-04T00:31:32.1314021Z     "id": "different-credit-notes",
2026-10-04T00:31:32.1314284Z     "sourceFormat": "xlsx",
2026-10-04T00:31:32.1314525Z     "approved": 0,
2026-10-04T00:31:32.1314769Z     "engine": "0.3.26-experimental"
2026-10-04T00:31:32.1315011Z   },
2026-10-04T00:31:32.1315189Z   {
2026-10-04T00:31:32.1315513Z     "workbook": "work/f03-native/different-credit-notes-restored.xlsx",
2026-10-04T00:31:32.1315901Z     "verified": true,
2026-10-04T00:31:32.1316158Z     "id": "different-credit-notes",
2026-10-04T00:31:32.1316425Z     "sourceFormat": "xlsx",
2026-10-04T00:31:32.1316657Z     "approved": 0,
2026-10-04T00:31:32.1316897Z     "engine": "0.3.26-experimental"
2026-10-04T00:31:32.1317140Z   },
2026-10-04T00:31:32.1317315Z   {
2026-10-04T00:31:32.1317643Z     "workbook": "work/f03-native/generic-own-and-invoice-direct.xlsx",
2026-10-04T00:31:32.1318020Z     "verified": true,
2026-10-04T00:31:32.1318271Z     "id": "generic-own-and-invoice",
2026-10-04T00:31:32.1318560Z     "sourceFormat": "xlsx",
2026-10-04T00:31:32.1318795Z     "approved": 1,
2026-10-04T00:31:32.1319026Z     "engine": "0.3.26-experimental"
2026-10-04T00:31:32.1319266Z   },
2026-10-04T00:31:32.1319439Z   {
2026-10-04T00:31:32.1319778Z     "workbook": "work/f03-native/generic-own-and-invoice-restored.xlsx",
2026-10-04T00:31:32.1320153Z     "verified": true,
2026-10-04T00:31:32.1320400Z     "id": "generic-own-and-invoice",
2026-10-04T00:31:32.1320673Z     "sourceFormat": "xlsx",
2026-10-04T00:31:32.1320903Z     "approved": 1,
2026-10-04T00:31:32.1321144Z     "engine": "0.3.26-experimental"
2026-10-04T00:31:32.1321615Z   },
2026-10-04T00:31:32.1321792Z   {
2026-10-04T00:31:32.1322092Z     "workbook": "work/f03-native/journal-invoice-only-direct.xlsx",
2026-10-04T00:31:32.1322450Z     "verified": true,
2026-10-04T00:31:32.1322710Z     "id": "journal-invoice-only",
2026-10-04T00:31:32.1322968Z     "sourceFormat": "xlsx",
2026-10-04T00:31:32.1323197Z     "approved": 0,
2026-10-04T00:31:32.1323438Z     "engine": "0.3.26-experimental"
2026-10-04T00:31:32.1323682Z   },
2026-10-04T00:31:32.1323857Z   {
2026-10-04T00:31:32.1324176Z     "workbook": "work/f03-native/journal-invoice-only-restored.xlsx",
2026-10-04T00:31:32.1324552Z     "verified": true,
2026-10-04T00:31:32.1324804Z     "id": "journal-invoice-only",
2026-10-04T00:31:32.1325068Z     "sourceFormat": "xlsx",
2026-10-04T00:31:32.1325301Z     "approved": 0,
2026-10-04T00:31:32.1325538Z     "engine": "0.3.26-experimental"
2026-10-04T00:31:32.1325781Z   },
2026-10-04T00:31:32.1325960Z   {
2026-10-04T00:31:32.1326250Z     "workbook": "work/f03-native/ordinary-invoice-direct.xlsx",
2026-10-04T00:31:32.1326595Z     "verified": true,
2026-10-04T00:31:32.1326830Z     "id": "ordinary-invoice",
2026-10-04T00:31:32.1327077Z     "sourceFormat": "xlsx",
2026-10-04T00:31:32.1327494Z     "approved": 1,
2026-10-04T00:31:32.1327736Z     "engine": "0.3.26-experimental"
2026-10-04T00:31:32.1327979Z   },
2026-10-04T00:31:32.1328159Z   {
2026-10-04T00:31:32.1328456Z     "workbook": "work/f03-native/ordinary-invoice-restored.xlsx",
2026-10-04T00:31:32.1328808Z     "verified": true,
2026-10-04T00:31:32.1329031Z     "id": "ordinary-invoice",
2026-10-04T00:31:32.1329446Z     "sourceFormat": "xlsx",
2026-10-04T00:31:32.1329686Z     "approved": 1,
2026-10-04T00:31:32.1329919Z     "engine": "0.3.26-experimental"
2026-10-04T00:31:32.1330161Z   },
2026-10-04T00:31:32.1330339Z   {
2026-10-04T00:31:32.1330625Z     "workbook": "work/f03-native/own-credit-note-direct.xlsx",
2026-10-04T00:31:32.1330959Z     "verified": true,
2026-10-04T00:31:32.1331188Z     "id": "own-credit-note",
2026-10-04T00:31:32.1331717Z     "sourceFormat": "xlsx",
2026-10-04T00:31:32.1331950Z     "approved": 1,
2026-10-04T00:31:32.1332182Z     "engine": "0.3.26-experimental"
2026-10-04T00:31:32.1332433Z   },
2026-10-04T00:31:32.1332607Z   {
2026-10-04T00:31:32.1332897Z     "workbook": "work/f03-native/own-credit-note-restored.xlsx",
2026-10-04T00:31:32.1333243Z     "verified": true,
2026-10-04T00:31:32.1333465Z     "id": "own-credit-note",
2026-10-04T00:31:32.1333705Z     "sourceFormat": "xlsx",
2026-10-04T00:31:32.1333938Z     "approved": 1,
2026-10-04T00:31:32.1334166Z     "engine": "0.3.26-experimental"
2026-10-04T00:31:32.1334414Z   },
2026-10-04T00:31:32.1334585Z   {
2026-10-04T00:31:32.1334900Z     "workbook": "work/f03-native/payment-bank-identity-direct.xlsx",
2026-10-04T00:31:32.1335261Z     "verified": true,
2026-10-04T00:31:32.1335548Z     "id": "payment-bank-identity",
2026-10-04T00:31:32.1335817Z     "sourceFormat": "xlsx",
2026-10-04T00:31:32.1336044Z     "approved": 1,
2026-10-04T00:31:32.1336278Z     "engine": "0.3.26-experimental"
2026-10-04T00:31:32.1336527Z   },
2026-10-04T00:31:32.1336697Z   {
2026-10-04T00:31:32.1337014Z     "workbook": "work/f03-native/payment-bank-identity-restored.xlsx",
2026-10-04T00:31:32.1337389Z     "verified": true,
2026-10-04T00:31:32.1337644Z     "id": "payment-bank-identity",
2026-10-04T00:31:32.1337906Z     "sourceFormat": "xlsx",
2026-10-04T00:31:32.1338133Z     "approved": 1,
2026-10-04T00:31:32.1338374Z     "engine": "0.3.26-experimental"
2026-10-04T00:31:32.1338615Z   },
2026-10-04T00:31:32.1338788Z   {
2026-10-04T00:31:32.1339097Z     "workbook": "work/f03-native/payment-invoice-only-direct.xlsx",
2026-10-04T00:31:32.1339449Z     "verified": true,
2026-10-04T00:31:32.1339699Z     "id": "payment-invoice-only",
2026-10-04T00:31:32.1339961Z     "sourceFormat": "xlsx",
2026-10-04T00:31:32.1340187Z     "approved": 0,
2026-10-04T00:31:32.1340418Z     "engine": "0.3.26-experimental"
2026-10-04T00:31:32.1340660Z   },
2026-10-04T00:31:32.1340831Z   {
2026-10-04T00:31:32.1341151Z     "workbook": "work/f03-native/payment-invoice-only-restored.xlsx",
2026-10-04T00:31:32.1341821Z     "verified": true,
2026-10-04T00:31:32.1342087Z     "id": "payment-invoice-only",
2026-10-04T00:31:32.1342361Z     "sourceFormat": "xlsx",
2026-10-04T00:31:32.1342598Z     "approved": 0,
2026-10-04T00:31:32.1342844Z     "engine": "0.3.26-experimental"
2026-10-04T00:31:32.1343088Z   },
2026-10-04T00:31:32.1343264Z   {
2026-10-04T00:31:32.1343581Z     "workbook": "work/f03-native/short-own-credit-note-direct.xlsx",
2026-10-04T00:31:32.1343943Z     "verified": true,
2026-10-04T00:31:32.1344205Z     "id": "short-own-credit-note",
2026-10-04T00:31:32.1344469Z     "sourceFormat": "xlsx",
2026-10-04T00:31:32.1344710Z     "approved": 1,
2026-10-04T00:31:32.1344942Z     "engine": "0.3.26-experimental"
2026-10-04T00:31:32.1345187Z   },
2026-10-04T00:31:32.1345370Z   {
2026-10-04T00:31:32.1345683Z     "workbook": "work/f03-native/short-own-credit-note-restored.xlsx",
2026-10-04T00:31:32.1346044Z     "verified": true,
2026-10-04T00:31:32.1346299Z     "id": "short-own-credit-note",
2026-10-04T00:31:32.1346559Z     "sourceFormat": "xlsx",
2026-10-04T00:31:32.1346788Z     "approved": 1,
2026-10-04T00:31:32.1347184Z     "engine": "0.3.26-experimental"
2026-10-04T00:31:32.1347424Z   },
2026-10-04T00:31:32.1347597Z   {
2026-10-04T00:31:32.1347909Z     "workbook": "work/f03-native/whole-credit-note-group-direct.xlsx",
2026-10-04T00:31:32.1348279Z     "verified": true,
2026-10-04T00:31:32.1348528Z     "id": "whole-credit-note-group",
2026-10-04T00:31:32.1348798Z     "sourceFormat": "xlsx",
2026-10-04T00:31:32.1349029Z     "approved": 1,
2026-10-04T00:31:32.1349386Z     "engine": "0.3.26-experimental"
2026-10-04T00:31:32.1349634Z   },
2026-10-04T00:31:32.1349812Z   {
2026-10-04T00:31:32.1350133Z     "workbook": "work/f03-native/whole-credit-note-group-restored.xlsx",
2026-10-04T00:31:32.1350505Z     "verified": true,
2026-10-04T00:31:32.1350750Z     "id": "whole-credit-note-group",
2026-10-04T00:31:32.1351021Z     "sourceFormat": "xlsx",
2026-10-04T00:31:32.1351409Z     "approved": 1,
2026-10-04T00:31:32.1351661Z     "engine": "0.3.26-experimental"
2026-10-04T00:31:32.1351917Z   },
2026-10-04T00:31:32.1352095Z   {
2026-10-04T00:31:32.1352415Z     "workbook": "work/f03-pdf/different-credit-notes-direct.xlsx",
2026-10-04T00:31:32.1352777Z     "verified": true,
2026-10-04T00:31:32.1353028Z     "id": "different-credit-notes",
2026-10-04T00:31:32.1353302Z     "sourceFormat": "pdf",
2026-10-04T00:31:32.1353548Z     "approved": 0,
2026-10-04T00:31:32.1353784Z     "engine": "0.3.26-experimental"
2026-10-04T00:31:32.1354025Z   },
2026-10-04T00:31:32.1354204Z   {
2026-10-04T00:31:32.1354525Z     "workbook": "work/f03-pdf/different-credit-notes-restored.xlsx",
2026-10-04T00:31:32.1354889Z     "verified": true,
2026-10-04T00:31:32.1355137Z     "id": "different-credit-notes",
2026-10-04T00:31:32.1355406Z     "sourceFormat": "pdf",
2026-10-04T00:31:32.1355640Z     "approved": 0,
2026-10-04T00:31:32.1355872Z     "engine": "0.3.26-experimental"
2026-10-04T00:31:32.1356116Z   },
2026-10-04T00:31:32.1356291Z   {
2026-10-04T00:31:32.1356567Z     "workbook": "work/f03-pdf/own-credit-note-direct.xlsx",
2026-10-04T00:31:32.1356892Z     "verified": true,
2026-10-04T00:31:32.1357125Z     "id": "own-credit-note",
2026-10-04T00:31:32.1357371Z     "sourceFormat": "pdf",
2026-10-04T00:31:32.1357597Z     "approved": 1,
2026-10-04T00:31:32.1357835Z     "engine": "0.3.26-experimental"
2026-10-04T00:31:32.1358074Z   },
2026-10-04T00:31:32.1358245Z   {
2026-10-04T00:31:32.1358531Z     "workbook": "work/f03-pdf/own-credit-note-restored.xlsx",
2026-10-04T00:31:32.1358869Z     "verified": true,
2026-10-04T00:31:32.1359089Z     "id": "own-credit-note",
2026-10-04T00:31:32.1359333Z     "sourceFormat": "pdf",
2026-10-04T00:31:32.1359564Z     "approved": 1,
2026-10-04T00:31:32.1359806Z     "engine": "0.3.26-experimental"
2026-10-04T00:31:32.1360045Z   },
2026-10-04T00:31:32.1360222Z   {
2026-10-04T00:31:32.1360519Z     "workbook": "work/f03-pdf/short-own-credit-note-direct.xlsx",
2026-10-04T00:31:32.1360860Z     "verified": true,
2026-10-04T00:31:32.1361118Z     "id": "short-own-credit-note",
2026-10-04T00:31:32.1361503Z     "sourceFormat": "pdf",
2026-10-04T00:31:32.1361736Z     "approved": 1,
2026-10-04T00:31:32.1361971Z     "engine": "0.3.26-experimental"
2026-10-04T00:31:32.1362208Z   },
2026-10-04T00:31:32.1362380Z   {
2026-10-04T00:31:32.1362680Z     "workbook": "work/f03-pdf/short-own-credit-note-restored.xlsx",
2026-10-04T00:31:32.1363045Z     "verified": true,
2026-10-04T00:31:32.1363286Z     "id": "short-own-credit-note",
2026-10-04T00:31:32.1363545Z     "sourceFormat": "pdf",
2026-10-04T00:31:32.1363784Z     "approved": 1,
2026-10-04T00:31:32.1364016Z     "engine": "0.3.26-experimental"
2026-10-04T00:31:32.1364252Z   }
2026-10-04T00:31:32.1364436Z ]
2026-10-04T00:31:32.3065535Z test_all_native_and_restored_sources (test_check_export.RelatedInvoiceOracle.test_all_native_and_restored_sources) ... ok
2026-10-04T00:31:32.3714118Z test_role_source_amount_and_membership_tampering (test_check_export.RelatedInvoiceOracle.test_role_source_amount_and_membership_tampering) ... ok
2026-10-04T00:31:32.3714978Z 
2026-10-04T00:31:32.3715311Z ----------------------------------------------------------------------
2026-10-04T00:31:32.3716136Z Ran 2 tests in 0.179s
2026-10-04T00:31:32.3716346Z 
2026-10-04T00:31:32.3716468Z OK
2026-10-04T00:31:32.3853535Z ##[group]Run REQUIRE_UNKNOWN_PASS=1 node --experimental-strip-types audit/related-invoice/unknown-role/run.mjs . work/unknown-role
2026-10-04T00:31:32.3855201Z [36;1mREQUIRE_UNKNOWN_PASS=1 node --experimental-strip-types audit/related-invoice/unknown-role/run.mjs . work/unknown-role[0m
2026-10-04T00:31:32.3856587Z [36;1mpython3 audit/related-invoice/unknown-role/check_export.py work/unknown-role/*.xlsx[0m
2026-10-04T00:31:32.3857689Z [36;1mpython3 -m unittest discover -s audit/related-invoice/unknown-role -p 'test_*.py' -v[0m
2026-10-04T00:31:32.3947864Z shell: /usr/bin/bash -e {0}
2026-10-04T00:31:32.3948300Z env:
2026-10-04T00:31:32.3948724Z   PNPM_HOME: /home/runner/setup-pnpm/node_modules/.bin
2026-10-04T00:31:32.3949265Z ##[endgroup]
2026-10-04T00:31:33.3940915Z {"engine":"0.3.26-experimental","passed":10,"total":10,"cases":[{"id":"different-untyped-credit","format":"xlsx","approved":0,"passed":true},{"id":"same-untyped-credit","format":"xlsx","approved":0,"passed":true},{"id":"arabic-untyped-credit","format":"xlsx","approved":0,"passed":true},{"id":"chosen-generic-untyped-credit","format":"xlsx","approved":0,"passed":true},{"id":"blank-credit-ordinary-invoice","format":"xlsx","approved":1,"passed":true},{"id":"different-untyped-credit","format":"csv","approved":0,"passed":true},{"id":"same-untyped-credit","format":"csv","approved":0,"passed":true},{"id":"arabic-untyped-credit","format":"csv","approved":0,"passed":true},{"id":"chosen-generic-untyped-credit","format":"csv","approved":0,"passed":true},{"id":"blank-credit-ordinary-invoice","format":"csv","approved":1,"passed":true}]}
2026-10-04T00:31:33.5294720Z [
2026-10-04T00:31:33.5295530Z   {
2026-10-04T00:31:33.5296194Z     "workbook": "work/unknown-role/arabic-untyped-credit-csv-direct.xlsx",
2026-10-04T00:31:33.5296877Z     "verified": true,
2026-10-04T00:31:33.5297325Z     "id": "arabic-untyped-credit",
2026-10-04T00:31:33.5297797Z     "format": "csv",
2026-10-04T00:31:33.5298162Z     "approved": 0,
2026-10-04T00:31:33.5298590Z     "engine": "0.3.26-experimental"
2026-10-04T00:31:33.5299050Z   },
2026-10-04T00:31:33.5299350Z   {
2026-10-04T00:31:33.5299981Z     "workbook": "work/unknown-role/arabic-untyped-credit-csv-restored.xlsx",
2026-10-04T00:31:33.5300760Z     "verified": true,
2026-10-04T00:31:33.5301219Z     "id": "arabic-untyped-credit",
2026-10-04T00:31:33.5301946Z     "format": "csv",
2026-10-04T00:31:33.5302384Z     "approved": 0,
2026-10-04T00:31:33.5302795Z     "engine": "0.3.26-experimental"
2026-10-04T00:31:33.5303222Z   },
2026-10-04T00:31:33.5303529Z   {
2026-10-04T00:31:33.5304141Z     "workbook": "work/unknown-role/arabic-untyped-credit-xlsx-direct.xlsx",
2026-10-04T00:31:33.5304856Z     "verified": true,
2026-10-04T00:31:33.5305299Z     "id": "arabic-untyped-credit",
2026-10-04T00:31:33.5305749Z     "format": "xlsx",
2026-10-04T00:31:33.5306107Z     "approved": 0,
2026-10-04T00:31:33.5306498Z     "engine": "0.3.26-experimental"
2026-10-04T00:31:33.5306911Z   },
2026-10-04T00:31:33.5307195Z   {
2026-10-04T00:31:33.5307797Z     "workbook": "work/unknown-role/arabic-untyped-credit-xlsx-restored.xlsx",
2026-10-04T00:31:33.5308390Z     "verified": true,
2026-10-04T00:31:33.5308752Z     "id": "arabic-untyped-credit",
2026-10-04T00:31:33.5309185Z     "format": "xlsx",
2026-10-04T00:31:33.5309557Z     "approved": 0,
2026-10-04T00:31:33.5309956Z     "engine": "0.3.26-experimental"
2026-10-04T00:31:33.5310391Z   },
2026-10-04T00:31:33.5310688Z   {
2026-10-04T00:31:33.5311565Z     "workbook": "work/unknown-role/blank-credit-ordinary-invoice-csv-direct.xlsx",
2026-10-04T00:31:33.5312309Z     "verified": true,
2026-10-04T00:31:33.5312752Z     "id": "blank-credit-ordinary-invoice",
2026-10-04T00:31:33.5313257Z     "format": "csv",
2026-10-04T00:31:33.5313638Z     "approved": 1,
2026-10-04T00:31:33.5314067Z     "engine": "0.3.26-experimental"
2026-10-04T00:31:33.5314496Z   },
2026-10-04T00:31:33.5326165Z   {
2026-10-04T00:31:33.5326860Z     "workbook": "work/unknown-role/blank-credit-ordinary-invoice-csv-restored.xlsx",
2026-10-04T00:31:33.5327937Z     "verified": true,
2026-10-04T00:31:33.5328450Z     "id": "blank-credit-ordinary-invoice",
2026-10-04T00:31:33.5328956Z     "format": "csv",
2026-10-04T00:31:33.5329342Z     "approved": 1,
2026-10-04T00:31:33.5329776Z     "engine": "0.3.26-experimental"
2026-10-04T00:31:33.5330210Z   },
2026-10-04T00:31:33.5330519Z   {
2026-10-04T00:31:33.5331215Z     "workbook": "work/unknown-role/blank-credit-ordinary-invoice-xlsx-direct.xlsx",
2026-10-04T00:31:33.5332236Z     "verified": true,
2026-10-04T00:31:33.5332718Z     "id": "blank-credit-ordinary-invoice",
2026-10-04T00:31:33.5333212Z     "format": "xlsx",
2026-10-04T00:31:33.5333601Z     "approved": 1,
2026-10-04T00:31:33.5334016Z     "engine": "0.3.26-experimental"
2026-10-04T00:31:33.5334449Z   },
2026-10-04T00:31:33.5334762Z   {
2026-10-04T00:31:33.5335461Z     "workbook": "work/unknown-role/blank-credit-ordinary-invoice-xlsx-restored.xlsx",
2026-10-04T00:31:33.5336209Z     "verified": true,
2026-10-04T00:31:33.5336673Z     "id": "blank-credit-ordinary-invoice",
2026-10-04T00:31:33.5337156Z     "format": "xlsx",
2026-10-04T00:31:33.5337525Z     "approved": 1,
2026-10-04T00:31:33.5337946Z     "engine": "0.3.26-experimental"
2026-10-04T00:31:33.5338366Z   },
2026-10-04T00:31:33.5338662Z   {
2026-10-04T00:31:33.5339345Z     "workbook": "work/unknown-role/chosen-generic-untyped-credit-csv-direct.xlsx",
2026-10-04T00:31:33.5340112Z     "verified": true,
2026-10-04T00:31:33.5340583Z     "id": "chosen-generic-untyped-credit",
2026-10-04T00:31:33.5341083Z     "format": "csv",
2026-10-04T00:31:33.5341690Z     "approved": 0,
2026-10-04T00:31:33.5342113Z     "engine": "0.3.26-experimental"
2026-10-04T00:31:33.5342537Z   },
2026-10-04T00:31:33.5342829Z   {
2026-10-04T00:31:33.5343458Z     "workbook": "work/unknown-role/chosen-generic-untyped-credit-csv-restored.xlsx",
2026-10-04T00:31:33.5344230Z     "verified": true,
2026-10-04T00:31:33.5344717Z     "id": "chosen-generic-untyped-credit",
2026-10-04T00:31:33.5345202Z     "format": "csv",
2026-10-04T00:31:33.5345599Z     "approved": 0,
2026-10-04T00:31:33.5346035Z     "engine": "0.3.26-experimental"
2026-10-04T00:31:33.5346499Z   },
2026-10-04T00:31:33.5346853Z   {
2026-10-04T00:31:33.5347536Z     "workbook": "work/unknown-role/chosen-generic-untyped-credit-xlsx-direct.xlsx",
2026-10-04T00:31:33.5348273Z     "verified": true,
2026-10-04T00:31:33.5348714Z     "id": "chosen-generic-untyped-credit",
2026-10-04T00:31:33.5349201Z     "format": "xlsx",
2026-10-04T00:31:33.5349581Z     "approved": 0,
2026-10-04T00:31:33.5349993Z     "engine": "0.3.26-experimental"
2026-10-04T00:31:33.5350414Z   },
2026-10-04T00:31:33.5350699Z   {
2026-10-04T00:31:33.5351558Z     "workbook": "work/unknown-role/chosen-generic-untyped-credit-xlsx-restored.xlsx",
2026-10-04T00:31:33.5352281Z     "verified": true,
2026-10-04T00:31:33.5352723Z     "id": "chosen-generic-untyped-credit",
2026-10-04T00:31:33.5353204Z     "format": "xlsx",
2026-10-04T00:31:33.5353558Z     "approved": 0,
2026-10-04T00:31:33.5353976Z     "engine": "0.3.26-experimental"
2026-10-04T00:31:33.5354403Z   },
2026-10-04T00:31:33.5354700Z   {
2026-10-04T00:31:33.5355344Z     "workbook": "work/unknown-role/different-untyped-credit-csv-direct.xlsx",
2026-10-04T00:31:33.5356004Z     "verified": true,
2026-10-04T00:31:33.5356446Z     "id": "different-untyped-credit",
2026-10-04T00:31:33.5356906Z     "format": "csv",
2026-10-04T00:31:33.5357242Z     "approved": 0,
2026-10-04T00:31:33.5357642Z     "engine": "0.3.26-experimental"
2026-10-04T00:31:33.5358044Z   },
2026-10-04T00:31:33.5358290Z   {
2026-10-04T00:31:33.5358881Z     "workbook": "work/unknown-role/different-untyped-credit-csv-restored.xlsx",
2026-10-04T00:31:33.5359572Z     "verified": true,
2026-10-04T00:31:33.5359995Z     "id": "different-untyped-credit",
2026-10-04T00:31:33.5360445Z     "format": "csv",
2026-10-04T00:31:33.5360781Z     "approved": 0,
2026-10-04T00:31:33.5361626Z     "engine": "0.3.26-experimental"
2026-10-04T00:31:33.5362035Z   },
2026-10-04T00:31:33.5362319Z   {
2026-10-04T00:31:33.5363123Z     "workbook": "work/unknown-role/different-untyped-credit-xlsx-direct.xlsx",
2026-10-04T00:31:33.5363827Z     "verified": true,
2026-10-04T00:31:33.5364266Z     "id": "different-untyped-credit",
2026-10-04T00:31:33.5364713Z     "format": "xlsx",
2026-10-04T00:31:33.5365055Z     "approved": 0,
2026-10-04T00:31:33.5365472Z     "engine": "0.3.26-experimental"
2026-10-04T00:31:33.5365889Z   },
2026-10-04T00:31:33.5366185Z   {
2026-10-04T00:31:33.5366808Z     "workbook": "work/unknown-role/different-untyped-credit-xlsx-restored.xlsx",
2026-10-04T00:31:33.5367530Z     "verified": true,
2026-10-04T00:31:33.5367967Z     "id": "different-untyped-credit",
2026-10-04T00:31:33.5368426Z     "format": "xlsx",
2026-10-04T00:31:33.5368788Z     "approved": 0,
2026-10-04T00:31:33.5369195Z     "engine": "0.3.26-experimental"
2026-10-04T00:31:33.5369617Z   },
2026-10-04T00:31:33.5369927Z   {
2026-10-04T00:31:33.5370501Z     "workbook": "work/unknown-role/same-untyped-credit-csv-direct.xlsx",
2026-10-04T00:31:33.5371170Z     "verified": true,
2026-10-04T00:31:33.5371788Z     "id": "same-untyped-credit",
2026-10-04T00:31:33.5372200Z     "format": "csv",
2026-10-04T00:31:33.5372500Z     "approved": 0,
2026-10-04T00:31:33.5372747Z     "engine": "0.3.26-experimental"
2026-10-04T00:31:33.5372986Z   },
2026-10-04T00:31:33.5373157Z   {
2026-10-04T00:31:33.5373492Z     "workbook": "work/unknown-role/same-untyped-credit-csv-restored.xlsx",
2026-10-04T00:31:33.5373878Z     "verified": true,
2026-10-04T00:31:33.5374119Z     "id": "same-untyped-credit",
2026-10-04T00:31:33.5374373Z     "format": "csv",
2026-10-04T00:31:33.5374581Z     "approved": 0,
2026-10-04T00:31:33.5374810Z     "engine": "0.3.26-experimental"
2026-10-04T00:31:33.5375057Z   },
2026-10-04T00:31:33.5375230Z   {
2026-10-04T00:31:33.5375563Z     "workbook": "work/unknown-role/same-untyped-credit-xlsx-direct.xlsx",
2026-10-04T00:31:33.5375955Z     "verified": true,
2026-10-04T00:31:33.5376204Z     "id": "same-untyped-credit",
2026-10-04T00:31:33.5376453Z     "format": "xlsx",
2026-10-04T00:31:33.5376671Z     "approved": 0,
2026-10-04T00:31:33.5376911Z     "engine": "0.3.26-experimental"
2026-10-04T00:31:33.5377157Z   },
2026-10-04T00:31:33.5377329Z   {
2026-10-04T00:31:33.5377673Z     "workbook": "work/unknown-role/same-untyped-credit-xlsx-restored.xlsx",
2026-10-04T00:31:33.5378068Z     "verified": true,
2026-10-04T00:31:33.5378312Z     "id": "same-untyped-credit",
2026-10-04T00:31:33.5378554Z     "format": "xlsx",
2026-10-04T00:31:33.5378769Z     "approved": 0,
2026-10-04T00:31:33.5379004Z     "engine": "0.3.26-experimental"
2026-10-04T00:31:33.5379245Z   }
2026-10-04T00:31:33.5379427Z ]
2026-10-04T00:31:33.6732685Z test_native_and_restored_exports (test_check_export.UnknownCreditOracle.test_native_and_restored_exports) ... ok
2026-10-04T00:31:33.7348342Z test_native_role_and_financial_tampering (test_check_export.UnknownCreditOracle.test_native_role_and_financial_tampering) ... ok
2026-10-04T00:31:33.7349252Z 
2026-10-04T00:31:33.7349632Z ----------------------------------------------------------------------
2026-10-04T00:31:33.7350214Z Ran 2 tests in 0.142s
2026-10-04T00:31:33.7350436Z 
2026-10-04T00:31:33.7350567Z OK
2026-10-04T00:31:33.7502675Z ##[group]Run REQUIRE_P5_PASS=1 node --experimental-strip-types audit/assistant-evidence/run.mjs . work/p5-native
2026-10-04T00:31:33.7504154Z [36;1mREQUIRE_P5_PASS=1 node --experimental-strip-types audit/assistant-evidence/run.mjs . work/p5-native[0m
2026-10-04T00:31:33.7505699Z [36;1mpython3 audit/assistant-evidence/check_export.py work/p5-native/*.xlsx --answers work/p5-native/observations.json[0m
2026-10-04T00:31:33.7507050Z [36;1mpython3 -m unittest discover -s audit/assistant-evidence -p 'test_*.py' -v[0m
2026-10-04T00:31:33.7569055Z shell: /usr/bin/bash -e {0}
2026-10-04T00:31:33.7569313Z env:
2026-10-04T00:31:33.7569574Z   PNPM_HOME: /home/runner/setup-pnpm/node_modules/.bin
2026-10-04T00:31:33.7570078Z ##[endgroup]
2026-10-04T00:31:34.3519882Z {"engine":"0.3.26-experimental","passed":4,"total":4,"cases":[{"id":"untyped-credit","passed":true,"kind":"transaction","lookup":["supplier:0:2"],"probes":[]},{"id":"unselected-reference","passed":true,"kind":"transaction","lookup":["supplier:0:2","ledger:0:2"],"probes":[]},{"id":"balanced-variance","passed":true,"kind":"difference","lookup":[],"probes":[{"name":"invented-case-total","passed":true},{"name":"invented-bridge","passed":true},{"name":"invented-count","passed":true},{"name":"display-member-drift","passed":true}]},{"id":"partial-source","passed":true,"kind":"transaction","lookup":["supplier:0:2","ledger:0:2"],"probes":[]}]}
2026-10-04T00:31:34.4376028Z {
2026-10-04T00:31:34.4376446Z   "workbooks": [
2026-10-04T00:31:34.4376813Z     {
2026-10-04T00:31:34.4377396Z       "workbook": "work/p5-native/balanced-variance-direct.xlsx",
2026-10-04T00:31:34.4378006Z       "verified": true,
2026-10-04T00:31:34.4378461Z       "id": "balanced-variance",
2026-10-04T00:31:34.4378912Z       "approved": 0,
2026-10-04T00:31:34.4379340Z       "engine": "0.3.26-experimental"
2026-10-04T00:31:34.4379796Z     },
2026-10-04T00:31:34.4380114Z     {
2026-10-04T00:31:34.4380683Z       "workbook": "work/p5-native/balanced-variance-restored.xlsx",
2026-10-04T00:31:34.4381576Z       "verified": true,
2026-10-04T00:31:34.4382040Z       "id": "balanced-variance",
2026-10-04T00:31:34.4382492Z       "approved": 0,
2026-10-04T00:31:34.4382933Z       "engine": "0.3.26-experimental"
2026-10-04T00:31:34.4383394Z     },
2026-10-04T00:31:34.4383707Z     {
2026-10-04T00:31:34.4384229Z       "workbook": "work/p5-native/partial-source-direct.xlsx",
2026-10-04T00:31:34.4384847Z       "verified": true,
2026-10-04T00:31:34.4385262Z       "id": "partial-source",
2026-10-04T00:31:34.4385690Z       "approved": 1,
2026-10-04T00:31:34.4386127Z       "engine": "0.3.26-experimental"
2026-10-04T00:31:34.4386541Z     },
2026-10-04T00:31:34.4386830Z     {
2026-10-04T00:31:34.4387352Z       "workbook": "work/p5-native/partial-source-restored.xlsx",
2026-10-04T00:31:34.4387968Z       "verified": true,
2026-10-04T00:31:34.4388323Z       "id": "partial-source",
2026-10-04T00:31:34.4388670Z       "approved": 1,
2026-10-04T00:31:34.4389053Z       "engine": "0.3.26-experimental"
2026-10-04T00:31:34.4389493Z     },
2026-10-04T00:31:34.4389804Z     {
2026-10-04T00:31:34.4390350Z       "workbook": "work/p5-native/unselected-reference-direct.xlsx",
2026-10-04T00:31:34.4390991Z       "verified": true,
2026-10-04T00:31:34.4391607Z       "id": "unselected-reference",
2026-10-04T00:31:34.4392087Z       "approved": 1,
2026-10-04T00:31:34.4392536Z       "engine": "0.3.26-experimental"
2026-10-04T00:31:34.4392990Z     },
2026-10-04T00:31:34.4393301Z     {
2026-10-04T00:31:34.4393945Z       "workbook": "work/p5-native/unselected-reference-restored.xlsx",
2026-10-04T00:31:34.4394612Z       "verified": true,
2026-10-04T00:31:34.4395079Z       "id": "unselected-reference",
2026-10-04T00:31:34.4395562Z       "approved": 1,
2026-10-04T00:31:34.4396016Z       "engine": "0.3.26-experimental"
2026-10-04T00:31:34.4396468Z     },
2026-10-04T00:31:34.4396783Z     {
2026-10-04T00:31:34.4397278Z       "workbook": "work/p5-native/untyped-credit-direct.xlsx",
2026-10-04T00:31:34.4397881Z       "verified": true,
2026-10-04T00:31:34.4398653Z       "id": "untyped-credit",
2026-10-04T00:31:34.4399115Z       "approved": 0,
2026-10-04T00:31:34.4399547Z       "engine": "0.3.26-experimental"
2026-10-04T00:31:34.4399978Z     },
2026-10-04T00:31:34.4400280Z     {
2026-10-04T00:31:34.4400730Z       "workbook": "work/p5-native/untyped-credit-restored.xlsx",
2026-10-04T00:31:34.4401505Z       "verified": true,
2026-10-04T00:31:34.4401930Z       "id": "untyped-credit",
2026-10-04T00:31:34.4402360Z       "approved": 0,
2026-10-04T00:31:34.4402769Z       "engine": "0.3.26-experimental"
2026-10-04T00:31:34.4403206Z     }
2026-10-04T00:31:34.4403522Z   ],
2026-10-04T00:31:34.4403851Z   "answers": {
2026-10-04T00:31:34.4404233Z     "answersVerified": 4,
2026-10-04T00:31:34.4404954Z     "engine": "0.3.26-experimental"
2026-10-04T00:31:34.4405360Z   },
2026-10-04T00:31:34.4405656Z   "browser": null
2026-10-04T00:31:34.4405952Z }
2026-10-04T00:31:34.5338623Z test_native_and_restored_exports_and_answers (test_check_export.AssistantEvidenceOracle.test_native_and_restored_exports_and_answers) ... ok
2026-10-04T00:31:34.5822437Z test_oracle_rejects_source_money_and_answer_tampering (test_check_export.AssistantEvidenceOracle.test_oracle_rejects_source_money_and_answer_tampering) ... ok
2026-10-04T00:31:34.5823462Z 
2026-10-04T00:31:34.5823843Z ----------------------------------------------------------------------
2026-10-04T00:31:34.5824413Z Ran 2 tests in 0.082s
2026-10-04T00:31:34.5824655Z 
2026-10-04T00:31:34.5824795Z OK
2026-10-04T00:31:34.5938549Z ##[group]Run pnpm test:reliability:p2
2026-10-04T00:31:34.5938898Z [36;1mpnpm test:reliability:p2[0m
2026-10-04T00:31:34.6000915Z shell: /usr/bin/bash -e {0}
2026-10-04T00:31:34.6001459Z env:
2026-10-04T00:31:34.6001794Z   PNPM_HOME: /home/runner/setup-pnpm/node_modules/.bin
2026-10-04T00:31:34.6002177Z ##[endgroup]
2026-10-04T00:31:35.4945153Z Already up to date
2026-10-04T00:31:35.4951596Z Done in 416ms using pnpm v11.19.0
2026-10-04T00:31:35.5090992Z $ node scripts/test-p2-contracts.mjs
2026-10-04T00:31:36.0854771Z {
2026-10-04T00:31:36.0855366Z   "engineVersion": "0.3.26-experimental",
2026-10-04T00:31:36.0855925Z   "cases": 19,
2026-10-04T00:31:36.0856309Z   "passed": 19,
2026-10-04T00:31:36.0856691Z   "failed": 0,
2026-10-04T00:31:36.0857110Z   "requiredAutoGroups": 11,
2026-10-04T00:31:36.0857641Z   "satisfiedRequiredGroups": 11,
2026-10-04T00:31:36.0858161Z   "falseApprovedGroups": 0,
2026-10-04T00:31:36.0858591Z   "operationExceptions": 0,
2026-10-04T00:31:36.0859106Z   "engineLibFilesUnchanged": true,
2026-10-04T00:31:36.0859535Z   "failedIds": [],
2026-10-04T00:31:36.0860322Z   "output": "/home/runner/work/accounting/accounting/work/p2-regression/run-uALQF8/independent.json"
2026-10-04T00:31:36.0861098Z }
2026-10-04T00:31:36.5404971Z {
2026-10-04T00:31:36.5405615Z   "engineVersion": "0.3.26-experimental",
2026-10-04T00:31:36.5406389Z   "cases": 10,
2026-10-04T00:31:36.5406948Z   "passed": 10,
2026-10-04T00:31:36.5407479Z   "failed": 0,
2026-10-04T00:31:36.5408037Z   "requiredAutoGroups": 7,
2026-10-04T00:31:36.5408768Z   "satisfiedRequiredGroups": 7,
2026-10-04T00:31:36.5409466Z   "falseApprovedGroups": 0,
2026-10-04T00:31:36.5410123Z   "operationExceptions": 0,
2026-10-04T00:31:36.5410868Z   "engineLibFilesUnchanged": true,
2026-10-04T00:31:36.5411821Z   "failedIds": [],
2026-10-04T00:31:36.5412936Z   "output": "/home/runner/work/accounting/accounting/work/p2-regression/run-uALQF8/holdout.json"
2026-10-04T00:31:36.5413699Z }
2026-10-04T00:31:36.9944041Z {
2026-10-04T00:31:36.9944631Z   "engineVersion": "0.3.26-experimental",
2026-10-04T00:31:36.9945192Z   "cases": 8,
2026-10-04T00:31:36.9945562Z   "passed": 8,
2026-10-04T00:31:36.9945955Z   "failed": 0,
2026-10-04T00:31:36.9946373Z   "requiredAutoGroups": 6,
2026-10-04T00:31:36.9946907Z   "satisfiedRequiredGroups": 6,
2026-10-04T00:31:36.9947412Z   "falseApprovedGroups": 0,
2026-10-04T00:31:36.9947831Z   "operationExceptions": 0,
2026-10-04T00:31:36.9948271Z   "engineLibFilesUnchanged": true,
2026-10-04T00:31:36.9948699Z   "failedIds": [],
2026-10-04T00:31:36.9949467Z   "output": "/home/runner/work/accounting/accounting/work/p2-regression/run-uALQF8/holdout-v2.json"
2026-10-04T00:31:36.9950211Z }
2026-10-04T00:31:37.0070253Z P2 regression contracts passed. Evidence: /home/runner/work/accounting/accounting/work/p2-regression/run-uALQF8
2026-10-04T00:31:37.0274854Z ##[group]Run pnpm test:reliability:partial
2026-10-04T00:31:37.0275226Z [36;1mpnpm test:reliability:partial[0m
2026-10-04T00:31:37.0338553Z shell: /usr/bin/bash -e {0}
2026-10-04T00:31:37.0338837Z env:
2026-10-04T00:31:37.0339122Z   PNPM_HOME: /home/runner/setup-pnpm/node_modules/.bin
2026-10-04T00:31:37.0339472Z ##[endgroup]
2026-10-04T00:31:37.9230696Z Already up to date
2026-10-04T00:31:37.9238793Z Done in 412ms using pnpm v11.19.0
2026-10-04T00:31:37.9379383Z $ node scripts/test-partial-contracts.mjs
2026-10-04T00:31:39.0897039Z {
2026-10-04T00:31:39.0897551Z   "cases": 16,
2026-10-04T00:31:39.0898049Z   "passed": 16,
2026-10-04T00:31:39.0898521Z   "failed": 0,
2026-10-04T00:31:39.0899026Z   "requiredPositiveSets": 15,
2026-10-04T00:31:39.0899717Z   "satisfiedPositiveSets": 15,
2026-10-04T00:31:39.0900327Z   "falseApprovedSets": 0,
2026-10-04T00:31:39.0900938Z   "unexpectedOperationExceptions": 0,
2026-10-04T00:31:39.0901733Z   "engineLibFilesUnchanged": true,
2026-10-04T00:31:39.0902593Z   "out": "/home/runner/work/accounting/accounting/work/partial-regression/run-sgnIic/contracts.json"
2026-10-04T00:31:39.0903293Z }
2026-10-04T00:31:39.5880105Z {
2026-10-04T00:31:39.5880585Z   "completed": true,
2026-10-04T00:31:39.5881038Z   "engineUnchanged": true,
2026-10-04T00:31:39.5881812Z   "engine": "0.3.26-experimental",
2026-10-04T00:31:39.5882763Z   "out": "/home/runner/work/accounting/accounting/work/partial-regression/run-sgnIic/reviewed"
2026-10-04T00:31:39.5883653Z }
2026-10-04T00:31:39.6655551Z {"checkerSha256": "6475352b77f71a35c0ecf8ccfa51ec71630c5f8e80eacde37514e1c873014bdf", "observedAtUtc": "2026-10-04T00:31:39.642446+00:00", "passed": true, "frozenBefore": "0b10b982659d984e9298082c0a76bb183fcd6d30abb8c34a5be520fed9a57e7e", "workbookSha256": "54387d66788ef8b4b0926b4d9503804f8c5e1bbdbdaadea35033087b2a92d8cb", "observations": {"originalSourcePreservation": {"passed": true, "readableRows": 5, "readingIssues": [{"sourceRowId": "supplier:0:3", "reason": "المبلغ غير صالح أو يتجاوز عدد المنازل العشرية للعملة", "originalAmount": "12x.34"}], "issueTraceEncoding": "Source File + Side + Source Sheet CSV + Source Row; contract IDs reconstructed for selected sheet 0"}, "partialSummaryAndReview": {"passed": true, "processedTotalsMinor": {"supplier": 8550, "ledger": 9784}, "processedTotalFields": {"supplier": "Supplier Processed Transaction Total", "ledger": "Ledger Processed Transaction Total"}, "partialSummaryFields": {"Reading Status": "Partial — reading issues remain open", "Workbook Mode": "Partial transaction snapshot for review. Reading issues remain open; totals cover processed transactions only. Not a complete reconciliation."}, "bridgeStatus": "Balance bridge prerequisites incomplete", "reviewCompleted": "Review recorded; reading issues remain open", "reviewApproval": "Not approved — review completion is not an approval declaration"}, "originalSourceHashBinding": {"passed": true, "sourceProvenance": {"manifestSha256": "0b10b982659d984e9298082c0a76bb183fcd6d30abb8c34a5be520fed9a57e7e"}}, "requiredCompletion": {"requiredPairs": 2, "actualMatchedCases": 2, "requiredMemberSets": [{"supplierRows": [2], "ledgerRows": [2], "supplierTotalMinor": 12575, "ledgerTotalMinor": 12575}, {"supplierRows": [4], "ledgerRows": [4], "supplierTotalMinor": -4025, "ledgerTotalMinor": -4025}]}}, "contract": "PR01", "requiredPairs": 2, "requiredPairsSatisfied": 2, "falseApprovedPairs": 0, "matchedSourceRows": 4, "readableSourceRows": 5, "invalidRowsRetained": [{"sourceRowId": "supplier:0:3", "reason": "المبلغ غير صالح أو يتجاوز عدد المنازل العشرية للعملة", "originalAmount": "12x.34"}], "processedTotalsMinor": {"supplier": 8550, "ledger": 9784}, "processedTotalFields": {"supplier": "Supplier Processed Transaction Total", "ledger": "Ledger Processed Transaction Total"}, "partialSummaryFields": {"Reading Status": "Partial — reading issues remain open", "Workbook Mode": "Partial transaction snapshot for review. Reading issues remain open; totals cover processed transactions only. Not a complete reconciliation."}, "bridgeStatus": "Balance bridge prerequisites incomplete", "reviewCompleted": "Review recorded; reading issues remain open", "reviewApproval": "Not approved — review completion is not an approval declaration", "xmlPartsParsed": 33, "sourceProvenance": {"manifestSha256": "0b10b982659d984e9298082c0a76bb183fcd6d30abb8c34a5be520fed9a57e7e"}, "scope": "Independent synthetic literal sources, error preservation and financial member sets. No engine/ExcelJS imports or formula recalculation.", "frozenAfter": "0b10b982659d984e9298082c0a76bb183fcd6d30abb8c34a5be520fed9a57e7e"}
2026-10-04T00:31:39.6709621Z Partial reconciliation regression evidence: /home/runner/work/accounting/accounting/work/partial-regression/run-sgnIic
2026-10-04T00:31:39.6924391Z ##[group]Run pnpm test:reliability:quick
2026-10-04T00:31:39.6924749Z [36;1mpnpm test:reliability:quick[0m
2026-10-04T00:31:39.6986699Z shell: /usr/bin/bash -e {0}
2026-10-04T00:31:39.6986987Z env:
2026-10-04T00:31:39.6987264Z   PNPM_HOME: /home/runner/setup-pnpm/node_modules/.bin
2026-10-04T00:31:39.6987615Z ##[endgroup]
2026-10-04T00:31:40.6065839Z Already up to date
2026-10-04T00:31:40.6073555Z Done in 428ms using pnpm v11.19.0
2026-10-04T00:31:40.6215840Z $ node --experimental-strip-types audit/reliability/run.mjs --quick
2026-10-04T00:31:42.5975811Z {"completed":40,"total":40,"pass":40,"safetyFailures":0,"elapsedSeconds":2}
2026-10-04T00:31:42.6027963Z {"output":"/home/runner/work/accounting/accounting/work/reliability/2026-10-04T00-31-41-001Z","overall":{"cases":40,"passed":40,"safetyPassed":40,"resultsProduced":22,"completeSourceReads":22,"partialOrUnverifiedResults":0,"sourceReadErrors":0,"unprovenFormatDefaults":2,"casesWithUnprovenFormatDefaults":2,"completedComparisons":22,"completedWithoutManualCorrection":0,"automaticallyDerivedInputs":15,"explicitAttestations":192,"needsChosenInterpretation":16,"suppliedExternalFacts":0,"conditionalRequiredMatches":13,"resolvedInputRequiredMatches":12,"completedAutomatically":0,"outcomes":{"external-information-required":15,"completed-comparison":22,"controlled-stop":3},"interventionLevels":{"limited-confirmation":16,"manual-correction":24},"requiredInterventionLevels":{"human-external":15,"manual-correction":24,"limited-confirmation":1},"byIntervention":{"automatic":{"cases":0,"completedComparisons":0},"limited-confirmation":{"cases":16,"completedComparisons":0},"manual-correction":{"cases":24,"completedComparisons":22},"human-external":{"cases":0,"completedComparisons":0}},"ambiguityGate":{"refused":15},"ambiguityGateAnswered":{"accepted-with-choice":14,"blocked-by-other-field":1},"unresolvedInputs":{"supplier.numberFormat":11,"ledger.numberFormat":4},"permittedMatches":25,"expectedMatches":25,"correctRequiredMatches":12,"correctMatches":12,"missedRequiredMatches":13,"permittedGroups":0,"acceptedGroups":0,"requiredGroups":0,"acceptedRequiredGroups":0,"missedRequiredGroups":0,"groupAssessmentClasses":{"review":2},"groupBusinessTasks":{"payment-matching":2},"falseMatches":0,"falseMatchMinorByCurrency":{},"expectedRows":102,"validExpectedRows":97,"extractedRows":55,"excludedRows":1,"exportsChecked":22,"bridgesChecked":22,"automaticColumnSelection":40,"stopped":18,"exceptionRows":51,"handledExceptionRows":51,"confirmations":{"supplier: numberFormat needs outside-document information; no oracle default supplied":11,"ledger: PDF visual review required":5,"ledger: numberFormat needs outside-document information; no oracle default supplied":4,"supplier: PDF visual review required":6},"failures":{},"metricDefinitions":{"resultProduced":"The engine returned a result object, including diagnostic partial results. This is not completed accounting work.","completedComparison":"A result was produced after both sources had no row errors or independently detected missing/changed rows and no unproven format default. Correctness and required-decision completion are separately reported.","unprovenFormatDefaults":"Diagnostic normalization used the product default after format inference returned invalid/unavailable. This is not a confirmed or automatically proved interpretation.","passed":"All evaluator assertions passed; a safe unresolved-input stop is NOT a completed reconciliation.","completedAutomatically":"Completed with no confirmation, manual mapping or external information. Ordinary Reconcile clicks do not count as interpretation. Actual scope/sign/PDF attestations do count.","expectedMatches":"Expected decisions conditional on resolving any ambiguous input convention; conditionalRequiredMatches are separated from resolvedInputRequiredMatches. Missed counts include cases stopped before comparison.","falseMatchDenominator":"Accepted decisions only; report alongside required completion and unresolved-input counts, never alone.","groupUnit":"One document-lines or whole-payment reconciliation decision, not individual source rows or payment-to-invoice allocation."}},"elapsedSeconds":1.577903916}
2026-10-04T00:31:42.6388517Z ##[group]Run node --experimental-strip-types audit/stress/export-corpus.mjs
2026-10-04T00:31:42.6389102Z [36;1mnode --experimental-strip-types audit/stress/export-corpus.mjs[0m
2026-10-04T00:31:42.6389535Z [36;1mpython3 audit/stress/check_openxml.py[0m
2026-10-04T00:31:42.6452004Z shell: /usr/bin/bash -e {0}
2026-10-04T00:31:42.6452305Z env:
2026-10-04T00:31:42.6452603Z   PNPM_HOME: /home/runner/setup-pnpm/node_modules/.bin
2026-10-04T00:31:42.6452987Z ##[endgroup]
2026-10-04T00:31:43.4683824Z 18 independent-check workbooks generated
2026-10-04T00:31:43.6710745Z {
2026-10-04T00:31:43.6711128Z   "workbooks": 18,
2026-10-04T00:31:43.6711769Z   "numeric_cells_verified_exactly": 288,
2026-10-04T00:31:43.6712268Z   "native_dates_verified": 504,
2026-10-04T00:31:43.6712671Z   "decimal_formats": "pass",
2026-10-04T00:31:43.6713128Z   "engine_formula_cells_verified": 180,
2026-10-04T00:31:43.6713616Z   "untrusted_formula_cells": 0,
2026-10-04T00:31:43.6714007Z   "zip_crc": "pass",
2026-10-04T00:31:43.6714415Z   "xml_parse": "pass",
2026-10-04T00:31:43.6714773Z   "bilingual_text": "pass",
2026-10-04T00:31:43.6715348Z   "verifier": "Python stdlib ZIP/XML/Decimal; independent of ExcelJS"
2026-10-04T00:31:43.6715890Z }
2026-10-04T00:31:43.6815133Z ##[group]Run pnpm build
2026-10-04T00:31:43.6815404Z [36;1mpnpm build[0m
2026-10-04T00:31:43.6877523Z shell: /usr/bin/bash -e {0}
2026-10-04T00:31:43.6877795Z env:
2026-10-04T00:31:43.6878062Z   PNPM_HOME: /home/runner/setup-pnpm/node_modules/.bin
2026-10-04T00:31:43.6878396Z ##[endgroup]
2026-10-04T00:31:44.5800337Z Already up to date
2026-10-04T00:31:44.5808592Z Done in 416ms using pnpm v11.19.0
2026-10-04T00:31:44.5949524Z $ node scripts/prepare-ocr-assets.mjs && vite build && node scripts/harden-build.mjs
2026-10-04T00:31:44.6725084Z Prepared local OCR assets: pinned English/Arabic models; no data connections.
2026-10-04T00:31:44.9958189Z [36mvite v8.0.16 [32mbuilding client environment for production...[36m[39m
2026-10-04T00:31:45.0114378Z [2K
2026-10-04T00:31:46.5515987Z transforming...✓ 2145 modules transformed.
2026-10-04T00:31:46.7092521Z rendering chunks...
2026-10-04T00:31:46.9476143Z computing gzip size...
2026-10-04T00:31:47.0034829Z dist/index.html                                3.30 kB │ gzip:     1.07 kB
2026-10-04T00:31:47.0035911Z dist/assets/index-CNGhaTo_.css               234.41 kB │ gzip:    39.16 kB
2026-10-04T00:31:47.0036960Z dist/assets/visual-image-CaZsk65l.js           3.06 kB │ gzip:     1.53 kB
2026-10-04T00:31:47.0038001Z dist/assets/visual-ocr-client-BhVKcJsu.js      5.05 kB │ gzip:     2.30 kB
2026-10-04T00:31:47.0039061Z dist/assets/visual-renderer-QpzSLT3w.js        8.81 kB │ gzip:     3.89 kB
2026-10-04T00:31:47.0040080Z dist/assets/pdfjs-BvlvQ5M7.js              1,601.95 kB │ gzip:   492.96 kB
2026-10-04T00:31:47.0041064Z dist/assets/index-Cmu1kow5.js              3,722.81 kB │ gzip: 1,119.85 kB
2026-10-04T00:31:47.0041880Z 
2026-10-04T00:31:47.0055697Z [33m[33m[INEFFECTIVE_DYNAMIC_IMPORT] [0mlib/reconciliation/visual-draft.ts is dynamically imported by components/visual-reader.tsx but also statically imported by lib/reconciliation/visual-review.ts, dynamic import will not move module into another chunk.
2026-10-04T00:31:47.0057824Z [39m
2026-10-04T00:31:47.0058581Z [33m[plugin builtin:vite-reporter] 
2026-10-04T00:31:47.0059462Z (!) Some chunks are larger than 500 kB after minification. Consider:
2026-10-04T00:31:47.0060161Z - Using dynamic import() to code-split the application
2026-10-04T00:31:47.0061683Z - Use build.rolldownOptions.output.codeSplitting to improve chunking: https://rolldown.rs/reference/OutputOptions.codeSplitting
2026-10-04T00:31:47.0063902Z - Adjust chunk size limit for this warning via build.chunkSizeWarningLimit.[39m
2026-10-04T00:31:47.0066548Z [33m[33m[INEFFECTIVE_DYNAMIC_IMPORT] [0mlib/reconciliation/visual-assets.ts is dynamically imported by components/visual-reader.tsx but also statically imported by lib/reconciliation/visual-review.ts, dynamic import will not move module into another chunk.
2026-10-04T00:31:47.0068597Z [39m
2026-10-04T00:31:47.0073410Z [33m[33m[INEFFECTIVE_DYNAMIC_IMPORT] [0mlib/reconciliation/visual-accounting-source.ts is dynamically imported by lib/reconciliation/worker-client.ts but also statically imported by app/page.tsx, components/visual-accounting-review.tsx, components/visual-reader.tsx, lib/reconciliation/core.ts, lib/reconciliation/source-boundary.ts, dynamic import will not move module into another chunk.
2026-10-04T00:31:47.0076250Z [39m
2026-10-04T00:31:47.0076703Z [32m✓ built in 2.00s[39m
2026-10-04T00:31:47.0839162Z Static social metadata verified: local PNG, 1200 × 630, 38861 bytes, no JavaScript required.
2026-10-04T00:31:47.1006099Z Static build hardened: local scripts/worker, no app data connections, relative paths.
2026-10-04T00:31:47.1222371Z ##[group]Run pnpm exec playwright install --with-deps chromium
2026-10-04T00:31:47.1222872Z [36;1mpnpm exec playwright install --with-deps chromium[0m
2026-10-04T00:31:47.1285463Z shell: /usr/bin/bash -e {0}
2026-10-04T00:31:47.1285770Z env:
2026-10-04T00:31:47.1286067Z   PNPM_HOME: /home/runner/setup-pnpm/node_modules/.bin
2026-10-04T00:31:47.1286448Z ##[endgroup]
2026-10-04T00:31:48.0261575Z Already up to date
2026-10-04T00:31:48.0269227Z Done in 415ms using pnpm v11.19.0
2026-10-04T00:31:48.5451477Z Installing dependencies...
2026-10-04T00:31:48.5533244Z Switching to root user to install dependencies...
2026-10-04T00:31:48.6890867Z Get:1 file:/etc/apt/apt-mirrors.txt Mirrorlist [144 B]
2026-10-04T00:31:48.7473435Z Hit:2 http://azure.archive.ubuntu.com/ubuntu noble InRelease
2026-10-04T00:31:48.7475093Z Get:6 https://packages.microsoft.com/ubuntu/24.04/prod noble InRelease [3600 B]
2026-10-04T00:31:48.7496687Z Get:3 http://azure.archive.ubuntu.com/ubuntu noble-updates InRelease [126 kB]
2026-10-04T00:31:48.7532412Z Get:4 http://azure.archive.ubuntu.com/ubuntu noble-backports InRelease [126 kB]
2026-10-04T00:31:48.7611140Z Get:5 http://azure.archive.ubuntu.com/ubuntu noble-security InRelease [126 kB]
2026-10-04T00:31:49.0273890Z Get:7 https://packages.microsoft.com/ubuntu/24.04/prod noble/main arm64 Packages [458 kB]
2026-10-04T00:31:49.0454112Z Get:8 https://packages.microsoft.com/ubuntu/24.04/prod noble/main amd64 Packages [511 kB]
2026-10-04T00:31:49.0502810Z Get:9 https://packages.microsoft.com/ubuntu/24.04/prod noble/main armhf Packages [12.6 kB]
2026-10-04T00:31:49.0791174Z Get:10 http://azure.archive.ubuntu.com/ubuntu noble-updates/main amd64 Packages [1364 kB]
2026-10-04T00:31:49.0862339Z Get:11 http://azure.archive.ubuntu.com/ubuntu noble-updates/main Translation-en [304 kB]
2026-10-04T00:31:49.0892819Z Get:12 http://azure.archive.ubuntu.com/ubuntu noble-updates/main amd64 Components [181 kB]
2026-10-04T00:31:49.0906463Z Get:13 http://azure.archive.ubuntu.com/ubuntu noble-updates/universe amd64 Packages [1699 kB]
2026-10-04T00:31:49.1018486Z Get:14 http://azure.archive.ubuntu.com/ubuntu noble-updates/universe Translation-en [341 kB]
2026-10-04T00:31:49.1034031Z Get:15 http://azure.archive.ubuntu.com/ubuntu noble-updates/universe amd64 Components [388 kB]
2026-10-04T00:31:49.1053153Z Get:16 http://azure.archive.ubuntu.com/ubuntu noble-updates/restricted amd64 Packages [1720 kB]
2026-10-04T00:31:49.1170004Z Get:17 http://azure.archive.ubuntu.com/ubuntu noble-updates/restricted Translation-en [394 kB]
2026-10-04T00:31:49.1175199Z Get:18 http://azure.archive.ubuntu.com/ubuntu noble-updates/multiverse amd64 Components [940 B]
2026-10-04T00:31:49.1466802Z Get:19 http://azure.archive.ubuntu.com/ubuntu noble-backports/main amd64 Components [5736 B]
2026-10-04T00:31:49.1902337Z Get:20 http://azure.archive.ubuntu.com/ubuntu noble-backports/universe amd64 Components [12.6 kB]
2026-10-04T00:31:49.1916253Z Get:21 http://azure.archive.ubuntu.com/ubuntu noble-security/main amd64 Packages [1069 kB]
2026-10-04T00:31:49.1979518Z Get:22 http://azure.archive.ubuntu.com/ubuntu noble-security/main Translation-en [221 kB]
2026-10-04T00:31:49.1997715Z Get:23 http://azure.archive.ubuntu.com/ubuntu noble-security/main amd64 Components [46.5 kB]
2026-10-04T00:31:49.2009579Z Get:24 http://azure.archive.ubuntu.com/ubuntu noble-security/universe amd64 Packages [1216 kB]
2026-10-04T00:31:49.2076330Z Get:25 http://azure.archive.ubuntu.com/ubuntu noble-security/universe Translation-en [244 kB]
2026-10-04T00:31:49.2095465Z Get:26 http://azure.archive.ubuntu.com/ubuntu noble-security/universe amd64 Components [76.3 kB]
2026-10-04T00:31:49.2107379Z Get:27 http://azure.archive.ubuntu.com/ubuntu noble-security/restricted amd64 Packages [1566 kB]
2026-10-04T00:31:49.2178672Z Get:28 http://azure.archive.ubuntu.com/ubuntu noble-security/restricted Translation-en [361 kB]
2026-10-04T00:31:54.0980186Z Fetched 12.6 MB in 2s (8226 kB/s)
2026-10-04T00:31:54.9088705Z Reading package lists...
2026-10-04T00:31:54.9335289Z Reading package lists...
2026-10-04T00:31:55.1213120Z Building dependency tree...
2026-10-04T00:31:55.1220610Z Reading state information...
2026-10-04T00:31:55.2616445Z libasound2t64 is already the newest version (1.2.11-1ubuntu0.3).
2026-10-04T00:31:55.2617792Z libasound2t64 set to manually installed.
2026-10-04T00:31:55.2619133Z libatk-bridge2.0-0t64 is already the newest version (2.52.0-1build1).
2026-10-04T00:31:55.2620469Z libatk-bridge2.0-0t64 set to manually installed.
2026-10-04T00:31:55.2622129Z libatk1.0-0t64 is already the newest version (2.52.0-1build1).
2026-10-04T00:31:55.2623347Z libatk1.0-0t64 set to manually installed.
2026-10-04T00:31:55.2624606Z libatspi2.0-0t64 is already the newest version (2.52.0-1build1).
2026-10-04T00:31:55.2625853Z libatspi2.0-0t64 set to manually installed.
2026-10-04T00:31:55.2626737Z libcairo2 is already the newest version (1.18.0-3build1).
2026-10-04T00:31:55.2627301Z libcairo2 set to manually installed.
2026-10-04T00:31:55.2627921Z libcups2t64 is already the newest version (2.4.7-1.2ubuntu7.14).
2026-10-04T00:31:55.2628506Z libcups2t64 set to manually installed.
2026-10-04T00:31:55.2629287Z libdbus-1-3 is already the newest version (1.14.10-4ubuntu4.1).
2026-10-04T00:31:55.2629868Z libdbus-1-3 set to manually installed.
2026-10-04T00:31:55.2630474Z libdrm2 is already the newest version (2.4.125-1ubuntu0.1~24.04.2).
2026-10-04T00:31:55.2631055Z libdrm2 set to manually installed.
2026-10-04T00:31:55.2631885Z libglib2.0-0t64 is already the newest version (2.80.0-6ubuntu3.9).
2026-10-04T00:31:55.2632591Z libglib2.0-0t64 set to manually installed.
2026-10-04T00:31:55.2633199Z libnspr4 is already the newest version (2:4.35-1.1build1).
2026-10-04T00:31:55.2633760Z libnspr4 set to manually installed.
2026-10-04T00:31:55.2634326Z libnss3 is already the newest version (2:3.98-1ubuntu0.2).
2026-10-04T00:31:55.2634875Z libnss3 set to manually installed.
2026-10-04T00:31:55.2635471Z libpango-1.0-0 is already the newest version (1.52.1+ds-1build1).
2026-10-04T00:31:55.2636082Z libpango-1.0-0 set to manually installed.
2026-10-04T00:31:55.2636624Z libx11-6 is already the newest version (2:1.8.7-1build1).
2026-10-04T00:31:55.2637011Z libx11-6 set to manually installed.
2026-10-04T00:31:55.2637389Z libxcb1 is already the newest version (1.15-1ubuntu2).
2026-10-04T00:31:55.2637864Z libxcb1 set to manually installed.
2026-10-04T00:31:55.2638296Z libxcomposite1 is already the newest version (1:0.4.5-1build3).
2026-10-04T00:31:55.2638730Z libxcomposite1 set to manually installed.
2026-10-04T00:31:55.2639185Z libxdamage1 is already the newest version (1:1.1.6-1build1).
2026-10-04T00:31:55.2639604Z libxdamage1 set to manually installed.
2026-10-04T00:31:55.2640012Z libxext6 is already the newest version (2:1.3.4-1build2).
2026-10-04T00:31:55.2640397Z libxext6 set to manually installed.
2026-10-04T00:31:55.2641121Z libxfixes3 is already the newest version (1:6.0.0-2build1).
2026-10-04T00:31:55.2641666Z libxfixes3 set to manually installed.
2026-10-04T00:31:55.2642095Z libxkbcommon0 is already the newest version (1.6.0-1build1).
2026-10-04T00:31:55.2642608Z libxkbcommon0 set to manually installed.
2026-10-04T00:31:55.2643031Z libxrandr2 is already the newest version (2:1.5.2-2build1).
2026-10-04T00:31:55.2643433Z libxrandr2 set to manually installed.
2026-10-04T00:31:55.2643841Z xvfb is already the newest version (2:21.1.12-1ubuntu1.8).
2026-10-04T00:31:55.2644414Z fonts-noto-color-emoji is already the newest version (2.047-0ubuntu0.24.04.1).
2026-10-04T00:31:55.2645006Z libfontconfig1 is already the newest version (2.15.0-1.1ubuntu2).
2026-10-04T00:31:55.2645448Z libfontconfig1 set to manually installed.
2026-10-04T00:31:55.2645923Z libfreetype6 is already the newest version (2.13.2+dfsg-1ubuntu0.1).
2026-10-04T00:31:55.2646367Z libfreetype6 set to manually installed.
2026-10-04T00:31:55.2646867Z fonts-liberation is already the newest version (1:2.1.5-3).
2026-10-04T00:31:55.2647288Z fonts-liberation set to manually installed.
2026-10-04T00:31:55.2647840Z The following additional packages will be installed:
2026-10-04T00:31:55.2648347Z   libgl1-mesa-dri libglx-mesa0 mesa-libgallium xfonts-encodings xfonts-utils
2026-10-04T00:31:55.2648790Z Recommended packages:
2026-10-04T00:31:55.2649071Z   fonts-ipafont-mincho fonts-tlwg-loma
2026-10-04T00:31:55.2914077Z The following NEW packages will be installed:
2026-10-04T00:31:55.2915232Z   fonts-freefont-ttf fonts-ipafont-gothic fonts-tlwg-loma-otf fonts-unifont
2026-10-04T00:31:55.2920891Z   fonts-wqy-zenhei xfonts-cyrillic xfonts-encodings xfonts-scalable
2026-10-04T00:31:55.2921995Z   xfonts-utils
2026-10-04T00:31:55.2925062Z The following packages will be upgraded:
2026-10-04T00:31:55.2929436Z   libgbm1 libgl1-mesa-dri libglx-mesa0 mesa-libgallium
2026-10-04T00:31:55.3093410Z 4 upgraded, 9 newly installed, 0 to remove and 21 not upgraded.
2026-10-04T00:31:55.3094173Z Need to get 32.1 MB of archives.
2026-10-04T00:31:55.3094910Z After this operation, 79.5 MB of additional disk space will be used.
2026-10-04T00:31:55.3095772Z Get:1 file:/etc/apt/apt-mirrors.txt Mirrorlist [144 B]
2026-10-04T00:31:55.5984839Z Get:2 http://azure.archive.ubuntu.com/ubuntu noble/universe amd64 fonts-ipafont-gothic all 00303-21ubuntu1 [3513 kB]
2026-10-04T00:31:56.8762756Z Get:3 http://azure.archive.ubuntu.com/ubuntu noble/main amd64 fonts-freefont-ttf all 20211204+svn4273-2 [5641 kB]
2026-10-04T00:31:57.2206988Z Get:4 http://azure.archive.ubuntu.com/ubuntu noble/universe amd64 fonts-tlwg-loma-otf all 1:0.7.3-1 [107 kB]
2026-10-04T00:31:57.3584086Z Get:5 http://azure.archive.ubuntu.com/ubuntu noble/universe amd64 fonts-unifont all 1:15.1.01-1build1 [2993 kB]
2026-10-04T00:31:57.5398765Z Get:6 http://azure.archive.ubuntu.com/ubuntu noble/universe amd64 fonts-wqy-zenhei all 0.9.45-8 [7472 kB]
2026-10-04T00:31:57.9680501Z Get:7 http://azure.archive.ubuntu.com/ubuntu noble-updates/main amd64 libgl1-mesa-dri amd64 25.2.8-0ubuntu0.24.04.4 [38.0 kB]
2026-10-04T00:31:58.1053382Z Get:8 http://azure.archive.ubuntu.com/ubuntu noble-updates/main amd64 libglx-mesa0 amd64 25.2.8-0ubuntu0.24.04.4 [110 kB]
2026-10-04T00:31:58.2434014Z Get:9 http://azure.archive.ubuntu.com/ubuntu noble-updates/main amd64 libgbm1 amd64 25.2.8-0ubuntu0.24.04.4 [34.2 kB]
2026-10-04T00:31:58.3807235Z Get:10 http://azure.archive.ubuntu.com/ubuntu noble-updates/main amd64 mesa-libgallium amd64 25.2.8-0ubuntu0.24.04.4 [10.8 MB]
2026-10-04T00:31:58.9862207Z Get:11 http://azure.archive.ubuntu.com/ubuntu noble/main amd64 xfonts-encodings all 1:1.0.5-0ubuntu2 [578 kB]
2026-10-04T00:31:59.1467868Z Get:12 http://azure.archive.ubuntu.com/ubuntu noble/main amd64 xfonts-utils amd64 1:7.7+6build3 [94.4 kB]
2026-10-04T00:31:59.2868671Z Get:13 http://azure.archive.ubuntu.com/ubuntu noble/universe amd64 xfonts-cyrillic all 1:1.0.5+nmu1 [384 kB]
2026-10-04T00:31:59.4388422Z Get:14 http://azure.archive.ubuntu.com/ubuntu noble/main amd64 xfonts-scalable all 1:1.0.3-1.3 [304 kB]
2026-10-04T00:31:59.7103577Z Fetched 32.1 MB in 4s (7719 kB/s)
2026-10-04T00:31:59.7430897Z Selecting previously unselected package fonts-ipafont-gothic.
2026-10-04T00:31:59.7763806Z (Reading database ... 
2026-10-04T00:31:59.7764150Z (Reading database ... 5%
2026-10-04T00:31:59.7764444Z (Reading database ... 10%
2026-10-04T00:31:59.7764735Z (Reading database ... 15%
2026-10-04T00:31:59.7765007Z (Reading database ... 20%
2026-10-04T00:31:59.7765282Z (Reading database ... 25%
2026-10-04T00:31:59.7765567Z (Reading database ... 30%
2026-10-04T00:31:59.7765842Z (Reading database ... 35%
2026-10-04T00:31:59.7766112Z (Reading database ... 40%
2026-10-04T00:31:59.7766380Z (Reading database ... 45%
2026-10-04T00:31:59.7766656Z (Reading database ... 50%
2026-10-04T00:31:59.7811574Z (Reading database ... 55%
2026-10-04T00:31:59.9065551Z (Reading database ... 60%
2026-10-04T00:32:00.0977353Z (Reading database ... 65%
2026-10-04T00:32:00.3039121Z (Reading database ... 70%
2026-10-04T00:32:00.4958676Z (Reading database ... 75%
2026-10-04T00:32:00.6514378Z (Reading database ... 80%
2026-10-04T00:32:00.8965146Z (Reading database ... 85%
2026-10-04T00:32:01.0930729Z (Reading database ... 90%
2026-10-04T00:32:01.2535673Z (Reading database ... 95%
2026-10-04T00:32:01.2536225Z (Reading database ... 100%
2026-10-04T00:32:01.2537010Z (Reading database ... 202296 files and directories currently installed.)
2026-10-04T00:32:01.2582842Z Preparing to unpack .../00-fonts-ipafont-gothic_00303-21ubuntu1_all.deb ...
2026-10-04T00:32:01.2684851Z Unpacking fonts-ipafont-gothic (00303-21ubuntu1) ...
2026-10-04T00:32:01.4941102Z Selecting previously unselected package fonts-freefont-ttf.
2026-10-04T00:32:01.5077345Z Preparing to unpack .../01-fonts-freefont-ttf_20211204+svn4273-2_all.deb ...
2026-10-04T00:32:01.5084850Z Unpacking fonts-freefont-ttf (20211204+svn4273-2) ...
2026-10-04T00:32:01.5900878Z Selecting previously unselected package fonts-tlwg-loma-otf.
2026-10-04T00:32:01.6038210Z Preparing to unpack .../02-fonts-tlwg-loma-otf_1%3a0.7.3-1_all.deb ...
2026-10-04T00:32:01.6056410Z Unpacking fonts-tlwg-loma-otf (1:0.7.3-1) ...
2026-10-04T00:32:01.6276132Z Selecting previously unselected package fonts-unifont.
2026-10-04T00:32:01.6411955Z Preparing to unpack .../03-fonts-unifont_1%3a15.1.01-1build1_all.deb ...
2026-10-04T00:32:01.6418934Z Unpacking fonts-unifont (1:15.1.01-1build1) ...
2026-10-04T00:32:01.7569956Z Selecting previously unselected package fonts-wqy-zenhei.
2026-10-04T00:32:01.7707904Z Preparing to unpack .../04-fonts-wqy-zenhei_0.9.45-8_all.deb ...
2026-10-04T00:32:01.7817170Z Unpacking fonts-wqy-zenhei (0.9.45-8) ...
2026-10-04T00:32:02.2550024Z Preparing to unpack .../05-libgl1-mesa-dri_25.2.8-0ubuntu0.24.04.4_amd64.deb ...
2026-10-04T00:32:02.2696042Z Unpacking libgl1-mesa-dri:amd64 (25.2.8-0ubuntu0.24.04.4) over (25.2.8-0ubuntu0.24.04.2) ...
2026-10-04T00:32:02.3285845Z Preparing to unpack .../06-libglx-mesa0_25.2.8-0ubuntu0.24.04.4_amd64.deb ...
2026-10-04T00:32:02.3324008Z Unpacking libglx-mesa0:amd64 (25.2.8-0ubuntu0.24.04.4) over (25.2.8-0ubuntu0.24.04.2) ...
2026-10-04T00:32:02.3743741Z Preparing to unpack .../07-libgbm1_25.2.8-0ubuntu0.24.04.4_amd64.deb ...
2026-10-04T00:32:02.3937130Z Unpacking libgbm1:amd64 (25.2.8-0ubuntu0.24.04.4) over (25.2.8-0ubuntu0.24.04.2) ...
2026-10-04T00:32:02.4340324Z Preparing to unpack .../08-mesa-libgallium_25.2.8-0ubuntu0.24.04.4_amd64.deb ...
2026-10-04T00:32:02.4399438Z Unpacking mesa-libgallium:amd64 (25.2.8-0ubuntu0.24.04.4) over (25.2.8-0ubuntu0.24.04.2) ...
2026-10-04T00:32:02.6156568Z Selecting previously unselected package xfonts-encodings.
2026-10-04T00:32:02.6285729Z Preparing to unpack .../09-xfonts-encodings_1%3a1.0.5-0ubuntu2_all.deb ...
2026-10-04T00:32:02.6292663Z Unpacking xfonts-encodings (1:1.0.5-0ubuntu2) ...
2026-10-04T00:32:02.6592363Z Selecting previously unselected package xfonts-utils.
2026-10-04T00:32:02.6718987Z Preparing to unpack .../10-xfonts-utils_1%3a7.7+6build3_amd64.deb ...
2026-10-04T00:32:02.6725862Z Unpacking xfonts-utils (1:7.7+6build3) ...
2026-10-04T00:32:02.7158905Z Selecting previously unselected package xfonts-cyrillic.
2026-10-04T00:32:02.7284859Z Preparing to unpack .../11-xfonts-cyrillic_1%3a1.0.5+nmu1_all.deb ...
2026-10-04T00:32:02.7294080Z Unpacking xfonts-cyrillic (1:1.0.5+nmu1) ...
2026-10-04T00:32:02.7637704Z Selecting previously unselected package xfonts-scalable.
2026-10-04T00:32:02.7764387Z Preparing to unpack .../12-xfonts-scalable_1%3a1.0.3-1.3_all.deb ...
2026-10-04T00:32:02.7771985Z Unpacking xfonts-scalable (1:1.0.3-1.3) ...
2026-10-04T00:32:02.8298472Z Setting up mesa-libgallium:amd64 (25.2.8-0ubuntu0.24.04.4) ...
2026-10-04T00:32:02.8319404Z Setting up libgbm1:amd64 (25.2.8-0ubuntu0.24.04.4) ...
2026-10-04T00:32:02.8337357Z Setting up libgl1-mesa-dri:amd64 (25.2.8-0ubuntu0.24.04.4) ...
2026-10-04T00:32:02.8410853Z Setting up fonts-wqy-zenhei (0.9.45-8) ...
2026-10-04T00:32:02.8573891Z Setting up fonts-freefont-ttf (20211204+svn4273-2) ...
2026-10-04T00:32:02.8594218Z Setting up fonts-tlwg-loma-otf (1:0.7.3-1) ...
2026-10-04T00:32:02.8613254Z Setting up xfonts-encodings (1:1.0.5-0ubuntu2) ...
2026-10-04T00:32:02.8632878Z Setting up fonts-ipafont-gothic (00303-21ubuntu1) ...
2026-10-04T00:32:02.8699774Z update-alternatives: using /usr/share/fonts/opentype/ipafont-gothic/ipag.ttf to provide /usr/share/fonts/truetype/fonts-japanese-gothic.ttf (fonts-japanese-gothic.ttf) in auto mode
2026-10-04T00:32:02.8714322Z Setting up fonts-unifont (1:15.1.01-1build1) ...
2026-10-04T00:32:02.8731097Z Setting up libglx-mesa0:amd64 (25.2.8-0ubuntu0.24.04.4) ...
2026-10-04T00:32:02.8751945Z Setting up xfonts-utils (1:7.7+6build3) ...
2026-10-04T00:32:02.8792454Z Setting up xfonts-cyrillic (1:1.0.5+nmu1) ...
2026-10-04T00:32:02.9159383Z Setting up xfonts-scalable (1:1.0.3-1.3) ...
2026-10-04T00:32:02.9511065Z Processing triggers for libc-bin (2.39-0ubuntu8.9) ...
2026-10-04T00:32:03.0086041Z Processing triggers for man-db (2.12.0-4build2) ...
2026-10-04T00:32:03.0108126Z Not building database; man-db/auto-update is not 'true'.
2026-10-04T00:32:03.0122446Z Processing triggers for fontconfig (2.15.0-1.1ubuntu2) ...
2026-10-04T00:32:04.7361253Z 
2026-10-04T00:32:04.7362155Z Running kernel seems to be up-to-date.
2026-10-04T00:32:04.7362590Z 
2026-10-04T00:32:04.7362869Z No services need to be restarted.
2026-10-04T00:32:04.7363178Z 
2026-10-04T00:32:04.7363441Z No containers need to be restarted.
2026-10-04T00:32:04.7363752Z 
2026-10-04T00:32:04.7364062Z No user sessions are running outdated binaries.
2026-10-04T00:32:04.7364439Z 
2026-10-04T00:32:04.7364938Z No VM guests are running outdated hypervisor (qemu) binaries on this host.
2026-10-04T00:32:05.6346935Z Downloading Chrome for Testing 151.0.7922.34 (playwright chromium v1234) from https://cdn.playwright.dev/builds/cft/151.0.7922.34/linux64/chrome-linux64.zip
2026-10-04T00:32:06.6501495Z |                                                                                |   0% of 184.3 MiB
2026-10-04T00:32:06.8531569Z |■■■■■■■■                                                                        |  10% of 184.3 MiB
2026-10-04T00:32:06.9457318Z |■■■■■■■■■■■■■■■■                                                                |  20% of 184.3 MiB
2026-10-04T00:32:07.0495170Z |■■■■■■■■■■■■■■■■■■■■■■■■                                                        |  30% of 184.3 MiB
2026-10-04T00:32:07.1166498Z |■■■■■■■■■■■■■■■■■■■■■■■■■■■■■■■■                                                |  40% of 184.3 MiB
2026-10-04T00:32:07.2079519Z |■■■■■■■■■■■■■■■■■■■■■■■■■■■■■■■■■■■■■■■■                                        |  50% of 184.3 MiB
2026-10-04T00:32:07.2760991Z |■■■■■■■■■■■■■■■■■■■■■■■■■■■■■■■■■■■■■■■■■■■■■■■■                                |  60% of 184.3 MiB
2026-10-04T00:32:07.3548334Z |■■■■■■■■■■■■■■■■■■■■■■■■■■■■■■■■■■■■■■■■■■■■■■■■■■■■■■■■                        |  70% of 184.3 MiB
2026-10-04T00:32:07.4507589Z |■■■■■■■■■■■■■■■■■■■■■■■■■■■■■■■■■■■■■■■■■■■■■■■■■■■■■■■■■■■■■■■■                |  80% of 184.3 MiB
2026-10-04T00:32:07.5336543Z |■■■■■■■■■■■■■■■■■■■■■■■■■■■■■■■■■■■■■■■■■■■■■■■■■■■■■■■■■■■■■■■■■■■■■■■■        |  90% of 184.3 MiB
2026-10-04T00:32:07.6107121Z |■■■■■■■■■■■■■■■■■■■■■■■■■■■■■■■■■■■■■■■■■■■■■■■■■■■■■■■■■■■■■■■■■■■■■■■■■■■■■■■■| 100% of 184.3 MiB
2026-10-04T00:32:10.7437742Z Chrome for Testing 151.0.7922.34 (playwright chromium v1234) downloaded to /home/runner/.cache/ms-playwright/chromium-1234
2026-10-04T00:32:10.7441849Z Downloading FFmpeg (playwright ffmpeg v1011) from https://cdn.playwright.dev/dbazure/download/playwright/builds/ffmpeg/1011/ffmpeg-linux.zip
2026-10-04T00:32:11.8024715Z |                                                                                |   0% of 2.3 MiB
2026-10-04T00:32:11.8527489Z |■■■■■■■■                                                                        |  10% of 2.3 MiB
2026-10-04T00:32:11.8887648Z |■■■■■■■■■■■■■■■■                                                                |  20% of 2.3 MiB
2026-10-04T00:32:11.9150944Z |■■■■■■■■■■■■■■■■■■■■■■■■                                                        |  30% of 2.3 MiB
2026-10-04T00:32:11.9373263Z |■■■■■■■■■■■■■■■■■■■■■■■■■■■■■■■■                                                |  40% of 2.3 MiB
2026-10-04T00:32:11.9712107Z |■■■■■■■■■■■■■■■■■■■■■■■■■■■■■■■■■■■■■■■■                                        |  50% of 2.3 MiB
2026-10-04T00:32:11.9866967Z |■■■■■■■■■■■■■■■■■■■■■■■■■■■■■■■■■■■■■■■■■■■■■■■■                                |  60% of 2.3 MiB
2026-10-04T00:32:11.9996241Z |■■■■■■■■■■■■■■■■■■■■■■■■■■■■■■■■■■■■■■■■■■■■■■■■■■■■■■■■                        |  70% of 2.3 MiB
2026-10-04T00:32:12.0075485Z |■■■■■■■■■■■■■■■■■■■■■■■■■■■■■■■■■■■■■■■■■■■■■■■■■■■■■■■■■■■■■■■■                |  80% of 2.3 MiB
2026-10-04T00:32:12.0176214Z |■■■■■■■■■■■■■■■■■■■■■■■■■■■■■■■■■■■■■■■■■■■■■■■■■■■■■■■■■■■■■■■■■■■■■■■■        |  90% of 2.3 MiB
2026-10-04T00:32:12.0233914Z |■■■■■■■■■■■■■■■■■■■■■■■■■■■■■■■■■■■■■■■■■■■■■■■■■■■■■■■■■■■■■■■■■■■■■■■■■■■■■■■■| 100% of 2.3 MiB
2026-10-04T00:32:12.0863475Z FFmpeg (playwright ffmpeg v1011) downloaded to /home/runner/.cache/ms-playwright/ffmpeg-1011
2026-10-04T00:32:12.0866519Z Downloading Chrome Headless Shell 151.0.7922.34 (playwright chromium-headless-shell v1234) from https://cdn.playwright.dev/builds/cft/151.0.7922.34/linux64/chrome-headless-shell-linux64.zip
2026-10-04T00:32:13.1094694Z |                                                                                |   0% of 114.7 MiB
2026-10-04T00:32:13.2377551Z |■■■■■■■■                                                                        |  10% of 114.7 MiB
2026-10-04T00:32:13.3043815Z |■■■■■■■■■■■■■■■■                                                                |  20% of 114.7 MiB
2026-10-04T00:32:13.3851904Z |■■■■■■■■■■■■■■■■■■■■■■■■                                                        |  30% of 114.7 MiB
2026-10-04T00:32:13.4784618Z |■■■■■■■■■■■■■■■■■■■■■■■■■■■■■■■■                                                |  40% of 114.7 MiB
2026-10-04T00:32:13.5589998Z |■■■■■■■■■■■■■■■■■■■■■■■■■■■■■■■■■■■■■■■■                                        |  50% of 114.7 MiB
2026-10-04T00:32:13.7053700Z |■■■■■■■■■■■■■■■■■■■■■■■■■■■■■■■■■■■■■■■■■■■■■■■■                                |  60% of 114.7 MiB
2026-10-04T00:32:13.8769595Z |■■■■■■■■■■■■■■■■■■■■■■■■■■■■■■■■■■■■■■■■■■■■■■■■■■■■■■■■                        |  70% of 114.7 MiB
2026-10-04T00:32:13.9596139Z |■■■■■■■■■■■■■■■■■■■■■■■■■■■■■■■■■■■■■■■■■■■■■■■■■■■■■■■■■■■■■■■■                |  80% of 114.7 MiB
2026-10-04T00:32:14.0181494Z |■■■■■■■■■■■■■■■■■■■■■■■■■■■■■■■■■■■■■■■■■■■■■■■■■■■■■■■■■■■■■■■■■■■■■■■■        |  90% of 114.7 MiB
2026-10-04T00:32:14.1114172Z |■■■■■■■■■■■■■■■■■■■■■■■■■■■■■■■■■■■■■■■■■■■■■■■■■■■■■■■■■■■■■■■■■■■■■■■■■■■■■■■■| 100% of 114.7 MiB
2026-10-04T00:32:16.4099745Z Chrome Headless Shell 151.0.7922.34 (playwright chromium-headless-shell v1234) downloaded to /home/runner/.cache/ms-playwright/chromium_headless_shell-1234
2026-10-04T00:32:16.4459303Z ##[group]Run pnpm test:browser
2026-10-04T00:32:16.4459811Z [36;1mpnpm test:browser[0m
2026-10-04T00:32:16.4522962Z shell: /usr/bin/bash -e {0}
2026-10-04T00:32:16.4523229Z env:
2026-10-04T00:32:16.4523517Z   PNPM_HOME: /home/runner/setup-pnpm/node_modules/.bin
2026-10-04T00:32:16.4523833Z ##[endgroup]
2026-10-04T00:32:17.3561610Z Already up to date
2026-10-04T00:32:17.3569724Z Done in 420ms using pnpm v11.19.0
2026-10-04T00:32:17.3716653Z $ node scripts/browser-test.mjs
2026-10-04T00:32:19.9325256Z [browser] page
2026-10-04T00:32:30.4477673Z [browser] uploadPage
2026-10-04T00:32:32.4833160Z [browser] workpaperPage
2026-10-04T00:32:34.6799133Z [browser] pdfPage
2026-10-04T00:32:35.8584146Z [browser] recoveryPage
2026-10-04T00:32:38.7665781Z [browser] importAiPage
2026-10-04T00:32:39.6194730Z [browser] importAiPage
2026-10-04T00:32:40.4691910Z [browser] importAiPage
2026-10-04T00:32:41.7621144Z [browser] quickPage
2026-10-04T00:32:43.2935827Z [browser] ambiguityPage
2026-10-04T00:32:44.4504898Z [browser] precisionPage
2026-10-04T00:32:45.2141497Z [browser] autoPdfPage
2026-10-04T00:32:46.3939533Z [browser] directionPage
2026-10-04T00:32:48.2553390Z [browser] directionPage
2026-10-04T00:32:50.9952269Z [browser] bothPdfPage
2026-10-04T00:32:52.5880482Z [browser] native layered XLSX headers
2026-10-04T00:32:56.3992152Z [browser] explicitly typed short documents
2026-10-04T00:33:00.1735299Z [browser] own-document and related-invoice roles
2026-10-04T00:33:04.9842395Z [browser] unknown credit-note role
2026-10-04T00:33:08.0406103Z [browser] canonical assistant evidence
2026-10-04T00:33:12.2806536Z [browser] template lifecycle
2026-10-04T00:33:12.7762342Z [browser] template cycle 1
2026-10-04T00:33:13.6096889Z [browser] template cycle 2
2026-10-04T00:33:14.3531046Z [browser] template cycle 3
2026-10-04T00:33:15.1122476Z [browser] visual reader
2026-10-04T00:33:20.1638060Z [browser] P6 actual OCR: cell correction, invalidation, bilingual save, restore and tamper rejection passed; financial promotion remains disabled
2026-10-04T00:33:22.5612240Z {"check":"arabic-visual-ocr-observation","status":"unverified","financialAccuracy":"not-established","expected":{"headingWords":["كشف","حساب","المورد"],"amounts":["١٬٢٥٠٫٠٠","-٢٥٠٫٠٠","١٬٠٠٠٫٠٠"]},"observed":["كشف","حساب","المورد","فاتورة","م70","‎YO,","-","429)‏","الإجمالي","‎Vee,‏"],"exactAmountCount":0,"expectedAmountCount":3,"numericCoverageGap":true,"comparisonRule":"exact Unicode words; ordinary bidi marks only are ignored; no digit, sign or separator substitution"}
2026-10-04T00:33:22.5617541Z ARABIC OCR NUMERIC COVERAGE GAP: 0/3 exact amounts. This is an unverified observation, not financial success.
2026-10-04T00:33:26.9372861Z [browser] manual visual regions
2026-10-04T00:33:38.6759393Z [browser] visual regions: real Arabic OCR, manual crop, review invalidation, cancel, save/restore, AR/EN/mobile and financial isolation passed
2026-10-04T00:33:38.6761792Z [browser] Arabic and English
2026-10-04T00:33:38.7190913Z [browser] visual table inventory
2026-10-04T00:33:46.4334882Z [browser] table inventory: real OCR, four reviewed literals, unreadable row, reviewed total, replay, AR/EN/mobile, stale source and accounting isolation passed
2026-10-04T00:33:46.4726198Z [browser] reviewed image accounting source
2026-10-04T00:33:51.3750961Z [browser] reviewed image: explicit transfer, partial match, bound context, currency denial, PNG/record export, AR/EN/mobile and session replay passed
2026-10-04T00:33:51.4112281Z [browser] languages
2026-10-04T00:33:53.6035730Z {
2026-10-04T00:33:53.6036163Z   "passed": true,
2026-10-04T00:33:53.6036587Z   "checks": [
2026-10-04T00:33:53.6036976Z     "GitHub subpath assets",
2026-10-04T00:33:53.6038117Z     "legacy templates migrate to positions only; three offline compare/export/reset sessions retain fresh amounts and references",
2026-10-04T00:33:53.6039163Z     "production CSP",
2026-10-04T00:33:53.6040646Z     "Arabic-only TARASUF identity, authentic local native fonts, keyboard-accessible uploads and atomic multi-file-drop rejection",
2026-10-04T00:33:53.6042954Z     "true A4 vector paper proportions, unique local clips and per-paper scans across 17 animation samples at six widths; all scene motion pauses offscreen or on request",
2026-10-04T00:33:53.6045185Z     "320/390/768/820/1024/1280px layouts without overflow; four grounded features, readable workflow labels, anchor/keyboard reveals and reduced-motion privacy navigation",
2026-10-04T00:33:53.6047040Z     "offline native confirm/review/export headings retain correct font and focus; longest title wraps at 320px without shrinking",
2026-10-04T00:33:53.6048059Z     "offline first comparison",
2026-10-04T00:33:53.6048578Z     "engine/io cases run separately",
2026-10-04T00:33:53.6049094Z     "grounded assistant offline",
2026-10-04T00:33:53.6049572Z     "cancel and confirm session reset",
2026-10-04T00:33:53.6050043Z     "reject auto match",
2026-10-04T00:33:53.6050492Z     "Excel download roundtrip",
2026-10-04T00:33:53.6051078Z     "invalid export text rejected and correction retried",
2026-10-04T00:33:53.6051927Z     "mapping invalidation",
2026-10-04T00:33:53.6052345Z     "390px layout",
2026-10-04T00:33:53.6052736Z     "actual CSV upload offline",
2026-10-04T00:33:53.6053471Z     "XLSX upload with helper formulas, percentages and multiple sheets offline",
2026-10-04T00:33:53.6056131Z     "case workpaper reimport chooses parsed sources without restoring approvals",
2026-10-04T00:33:53.6057092Z     "bordered PDF upload, review, comparison and Excel export offline",
2026-10-04T00:33:53.6058101Z     "covered PDF rejected, XLSX retry succeeds, colored PDF comparison and numeric export succeed offline",
2026-10-04T00:33:53.6059423Z     "typed image-only and first-failing-page PDF diagnoses retain the existing XLSX and recover on the next readable PDF",
2026-10-04T00:33:53.6061108Z     "synthetic ready local-model advice requires explicit Apply before comparison; absent/downloadable providers never create sessions and retain manual mapping",
2026-10-04T00:33:53.6064228Z     "clear files show no mandatory input fields; explicit metadata and unambiguous formats filled and numeric export verified",
2026-10-04T00:33:53.6065612Z     "both ambiguous date and 3-decimal amount formats require independent choices",
2026-10-04T00:33:53.6067129Z     "unknown currency precision requires an explicit choice including the existing two-decimal value",
2026-10-04T00:33:53.6068257Z     "PDF columns detected from geometry with a reachable review box",
2026-10-04T00:33:53.6069944Z     "namespaced XLSX source pairs: zero mandatory fields with proven opposite directions and exact numeric Excel export",
2026-10-04T00:33:53.6072673Z     "formula running balances require separate essential supplier/AP sign choices before comparison",
2026-10-04T00:33:53.6075857Z     "header selection preserves proven AP direction; failed XLSX replacement preserves the retained file manual sign choice",
2026-10-04T00:33:53.6077451Z     "two PDF review approvals remain independent; replacing a multi-page PDF resets its preview and approval",
2026-10-04T00:33:53.6079106Z     "real local PNG/raster-PDF OCR, source hash, word coordinates, cancel/clear, native-source isolation and static-assets-only network",
2026-10-04T00:33:53.6081984Z     "Arabic RTL by default; switching to English LTR mid-review keeps files, results, tab, assistant answers and notes; identical figures and workpaper; no stray Arabic in English or English in Arabic; choice persists",
2026-10-04T00:33:53.6084350Z     "no observed external or POST requests"
2026-10-04T00:33:53.6084900Z   ],
2026-10-04T00:33:53.6085224Z   "screenshots": "work/qa"
2026-10-04T00:33:53.6085653Z }
2026-10-04T00:33:53.6938809Z ##[group]Run python3 audit/visual-cell-review/check_record.py work/qa/p6-reviewed.json work/qa/p6-source.png
2026-10-04T00:33:53.6939759Z [36;1mpython3 audit/visual-cell-review/check_record.py work/qa/p6-reviewed.json work/qa/p6-source.png[0m
2026-10-04T00:33:53.7002606Z shell: /usr/bin/bash -e {0}
2026-10-04T00:33:53.7002964Z env:
2026-10-04T00:33:53.7003431Z   PNPM_HOME: /home/runner/setup-pnpm/node_modules/.bin
2026-10-04T00:33:53.7003887Z ##[endgroup]
2026-10-04T00:34:01.0779200Z {"status": "pass", "cells": 2, "pixelIdentity": true, "financialPromotion": false}
2026-10-04T00:34:01.0879125Z ##[group]Run python3 audit/visual-numeric/check_record.py work/qa/p6-region-reviewed.json work/qa/p6-region-source.png
2026-10-04T00:34:01.0880152Z [36;1mpython3 audit/visual-numeric/check_record.py work/qa/p6-region-reviewed.json work/qa/p6-region-source.png[0m
2026-10-04T00:34:01.0944422Z shell: /usr/bin/bash -e {0}
2026-10-04T00:34:01.0944934Z env:
2026-10-04T00:34:01.0945332Z   PNPM_HOME: /home/runner/setup-pnpm/node_modules/.bin
2026-10-04T00:34:01.0945834Z ##[endgroup]
2026-10-04T00:34:11.2016998Z {"status": "pass", "manualRegions": 1, "arabicLiteral": "-٢٥٠٫٠٠", "pixelIdentity": true, "financialPromotion": false}
2026-10-04T00:34:11.2115348Z ##[group]Run python3 audit/visual-table/check_record.py work/qa/p6-table-reviewed.json work/qa/p6-table-source.png
2026-10-04T00:34:11.2116243Z [36;1mpython3 audit/visual-table/check_record.py work/qa/p6-table-reviewed.json work/qa/p6-table-source.png[0m
2026-10-04T00:34:11.2178448Z shell: /usr/bin/bash -e {0}
2026-10-04T00:34:11.2178742Z env:
2026-10-04T00:34:11.2179054Z   PNPM_HOME: /home/runner/setup-pnpm/node_modules/.bin
2026-10-04T00:34:11.2179423Z ##[endgroup]
2026-10-04T00:34:15.0654701Z {"status": "pass", "rows": 3, "manualValues": 4, "unreadableRows": 1, "reviewedExclusions": 1, "financialPromotion": false}
2026-10-04T00:34:15.0749524Z ##[group]Run python3 audit/visual-accounting/check_record.py work/qa/p6-accounting-source.json work/qa/p6-accounting-source.png
2026-10-04T00:34:15.0750458Z [36;1mpython3 audit/visual-accounting/check_record.py work/qa/p6-accounting-source.json work/qa/p6-accounting-source.png[0m
2026-10-04T00:34:15.0751619Z [36;1mpython3 audit/visual-accounting/check_export.py work/qa/p6-accounting-ar.xlsx work/qa/p6-accounting-en.xlsx work/qa/p6-accounting-restored.xlsx[0m
2026-10-04T00:34:15.0813558Z shell: /usr/bin/bash -e {0}
2026-10-04T00:34:15.0813838Z env:
2026-10-04T00:34:15.0814113Z   PNPM_HOME: /home/runner/setup-pnpm/node_modules/.bin
2026-10-04T00:34:15.0814472Z ##[endgroup]
2026-10-04T00:34:18.9784695Z {"status": "pass", "imageRows": 3, "manualValues": 11, "missingAmounts": 1, "reviewedExclusions": 1, "interpretationBound": true, "fullBalanceReconciliation": false, "automaticOCR": false}
2026-10-04T00:34:22.8957570Z [
2026-10-04T00:34:22.8958532Z   {
2026-10-04T00:34:22.8959367Z     "workbook": "work/qa/p6-accounting-ar.xlsx",
2026-10-04T00:34:22.8959904Z     "verified": true,
2026-10-04T00:34:22.8960255Z     "matches": 1,
2026-10-04T00:34:22.8960605Z     "damagedRows": 1,
2026-10-04T00:34:22.8960992Z     "originalPng": true,
2026-10-04T00:34:22.8961688Z     "fullRecord": true,
2026-10-04T00:34:22.8962186Z     "fullBalanceReconciliation": false
2026-10-04T00:34:22.8962619Z   },
2026-10-04T00:34:22.8962887Z   {
2026-10-04T00:34:22.8963269Z     "workbook": "work/qa/p6-accounting-en.xlsx",
2026-10-04T00:34:22.8963729Z     "verified": true,
2026-10-04T00:34:22.8964059Z     "matches": 1,
2026-10-04T00:34:22.8964375Z     "damagedRows": 1,
2026-10-04T00:34:22.8964720Z     "originalPng": true,
2026-10-04T00:34:22.8965085Z     "fullRecord": true,
2026-10-04T00:34:22.8965518Z     "fullBalanceReconciliation": false
2026-10-04T00:34:22.8965912Z   },
2026-10-04T00:34:22.8966181Z   {
2026-10-04T00:34:22.8966572Z     "workbook": "work/qa/p6-accounting-restored.xlsx",
2026-10-04T00:34:22.8967068Z     "verified": true,
2026-10-04T00:34:22.8967400Z     "matches": 1,
2026-10-04T00:34:22.8967711Z     "damagedRows": 1,
2026-10-04T00:34:22.8968056Z     "originalPng": true,
2026-10-04T00:34:22.8968416Z     "fullRecord": true,
2026-10-04T00:34:22.8968824Z     "fullBalanceReconciliation": false
2026-10-04T00:34:22.8969275Z   }
2026-10-04T00:34:22.8969566Z ]
2026-10-04T00:34:22.9105726Z ##[group]Run actions/upload-artifact@ea165f8d65b6e75b540449e92b4886f43607fa02
2026-10-04T00:34:22.9106141Z with:
2026-10-04T00:34:22.9106348Z   name: visual-review-evidence
2026-10-04T00:34:22.9106596Z   path: work/qa/p6-*
2026-10-04T00:34:22.9106816Z   if-no-files-found: ignore
2026-10-04T00:34:22.9107049Z   retention-days: 7
2026-10-04T00:34:22.9107265Z   compression-level: 6
2026-10-04T00:34:22.9107490Z   overwrite: false
2026-10-04T00:34:22.9107703Z   include-hidden-files: false
2026-10-04T00:34:22.9107933Z env:
2026-10-04T00:34:22.9108171Z   PNPM_HOME: /home/runner/setup-pnpm/node_modules/.bin
2026-10-04T00:34:22.9108483Z ##[endgroup]
2026-10-04T00:34:23.0741574Z (node:5163) [DEP0040] DeprecationWarning: The `punycode` module is deprecated. Please use a userland alternative instead.
2026-10-04T00:34:23.0742506Z (Use `node --trace-deprecation ...` to show where the warning was created)
2026-10-04T00:34:23.0861030Z With the provided path, there will be 26 files uploaded
2026-10-04T00:34:23.0868418Z Artifact name is valid!
2026-10-04T00:34:23.0869071Z Root directory input is valid!
2026-10-04T00:34:23.4737202Z Beginning upload of artifact content to blob storage
2026-10-04T00:34:23.6227449Z (node:5163) [DEP0169] DeprecationWarning: `url.parse()` behavior is not standardized and prone to errors that have security implications. Use the WHATWG URL API instead. CVEs are not issued for `url.parse()` vulnerabilities.
2026-10-04T00:34:24.4210407Z Uploaded bytes 2758589
2026-10-04T00:34:24.5002909Z Finished uploading artifact content to blob storage!
2026-10-04T00:34:24.5004322Z SHA256 digest of uploaded artifact zip is 200e513578ea2186a20fea645aeef63cf783218c8809dfee74014b972b9c8ba0
2026-10-04T00:34:24.5006097Z Finalizing artifact upload
2026-10-04T00:34:24.7519181Z Artifact visual-review-evidence.zip successfully finalized. Artifact ID 11289626238
2026-10-04T00:34:24.7522127Z Artifact visual-review-evidence has been successfully uploaded! Final size is 2758589 bytes. Artifact ID is 11289626238
2026-10-04T00:34:24.7526496Z Artifact download URL: https://github.com/mjodshamrani-ux/accounting/actions/runs/37165081295/artifacts/11289626238
2026-10-04T00:34:24.7669308Z ##[group]Run python3 audit/related-invoice/check_export.py work/qa/f03-*.xlsx
2026-10-04T00:34:24.7670300Z [36;1mpython3 audit/related-invoice/check_export.py work/qa/f03-*.xlsx[0m
2026-10-04T00:34:24.7762114Z shell: /usr/bin/bash -e {0}
2026-10-04T00:34:24.7762871Z env:
2026-10-04T00:34:24.7763338Z   PNPM_HOME: /home/runner/setup-pnpm/node_modules/.bin
2026-10-04T00:34:24.7763935Z ##[endgroup]
2026-10-04T00:34:24.8560819Z [
2026-10-04T00:34:24.8561809Z   {
2026-10-04T00:34:24.8562797Z     "workbook": "work/qa/f03-different-credit-notes-direct.xlsx",
2026-10-04T00:34:24.8563887Z     "verified": true,
2026-10-04T00:34:24.8564654Z     "id": "different-credit-notes",
2026-10-04T00:34:24.8565382Z     "sourceFormat": "xlsx",
2026-10-04T00:34:24.8565950Z     "approved": 0,
2026-10-04T00:34:24.8566506Z     "engine": "0.3.26-experimental"
2026-10-04T00:34:24.8566903Z   },
2026-10-04T00:34:24.8567170Z   {
2026-10-04T00:34:24.8567681Z     "workbook": "work/qa/f03-different-credit-notes-restored.xlsx",
2026-10-04T00:34:24.8568231Z     "verified": true,
2026-10-04T00:34:24.8568606Z     "id": "different-credit-notes",
2026-10-04T00:34:24.8569003Z     "sourceFormat": "xlsx",
2026-10-04T00:34:24.8569349Z     "approved": 0,
2026-10-04T00:34:24.8569716Z     "engine": "0.3.26-experimental"
2026-10-04T00:34:24.8570073Z   },
2026-10-04T00:34:24.8570331Z   {
2026-10-04T00:34:24.8570729Z     "workbook": "work/qa/f03-own-credit-note-direct.xlsx",
2026-10-04T00:34:24.8571204Z     "verified": true,
2026-10-04T00:34:24.8571660Z     "id": "own-credit-note",
2026-10-04T00:34:24.8572018Z     "sourceFormat": "xlsx",
2026-10-04T00:34:24.8572359Z     "approved": 1,
2026-10-04T00:34:24.8572703Z     "engine": "0.3.26-experimental"
2026-10-04T00:34:24.8573062Z   },
2026-10-04T00:34:24.8573315Z   {
2026-10-04T00:34:24.8573729Z     "workbook": "work/qa/f03-own-credit-note-restored.xlsx",
2026-10-04T00:34:24.8574212Z     "verified": true,
2026-10-04T00:34:24.8574534Z     "id": "own-credit-note",
2026-10-04T00:34:24.8574897Z     "sourceFormat": "xlsx",
2026-10-04T00:34:24.8575232Z     "approved": 1,
2026-10-04T00:34:24.8575512Z     "engine": "0.3.26-experimental"
2026-10-04T00:34:24.8575768Z   },
2026-10-04T00:34:24.8575954Z   {
2026-10-04T00:34:24.8576267Z     "workbook": "work/qa/f03-short-own-credit-note-direct.xlsx",
2026-10-04T00:34:24.8576650Z     "verified": true,
2026-10-04T00:34:24.8576924Z     "id": "short-own-credit-note",
2026-10-04T00:34:24.8577218Z     "sourceFormat": "pdf",
2026-10-04T00:34:24.8577472Z     "approved": 1,
2026-10-04T00:34:24.8577720Z     "engine": "0.3.26-experimental"
2026-10-04T00:34:24.8577978Z   },
2026-10-04T00:34:24.8578158Z   {
2026-10-04T00:34:24.8578486Z     "workbook": "work/qa/f03-short-own-credit-note-restored.xlsx",
2026-10-04T00:34:24.8578857Z     "verified": true,
2026-10-04T00:34:24.8579122Z     "id": "short-own-credit-note",
2026-10-04T00:34:24.8579390Z     "sourceFormat": "pdf",
2026-10-04T00:34:24.8579630Z     "approved": 1,
2026-10-04T00:34:24.8579881Z     "engine": "0.3.26-experimental"
2026-10-04T00:34:24.8580129Z   }
2026-10-04T00:34:24.8580319Z ]
2026-10-04T00:34:24.8651985Z ##[group]Run python3 audit/related-invoice/unknown-role/check_export.py work/qa/unknown-*.xlsx
2026-10-04T00:34:24.8652743Z [36;1mpython3 audit/related-invoice/unknown-role/check_export.py work/qa/unknown-*.xlsx[0m
2026-10-04T00:34:24.8713619Z shell: /usr/bin/bash -e {0}
2026-10-04T00:34:24.8713884Z env:
2026-10-04T00:34:24.8714156Z   PNPM_HOME: /home/runner/setup-pnpm/node_modules/.bin
2026-10-04T00:34:24.8714482Z ##[endgroup]
2026-10-04T00:34:24.9347628Z [
2026-10-04T00:34:24.9348057Z   {
2026-10-04T00:34:24.9348875Z     "workbook": "work/qa/unknown-blank-credit-ordinary-invoice-direct.xlsx",
2026-10-04T00:34:24.9349462Z     "verified": true,
2026-10-04T00:34:24.9349844Z     "id": "blank-credit-ordinary-invoice",
2026-10-04T00:34:24.9350228Z     "format": "xlsx",
2026-10-04T00:34:24.9350519Z     "approved": 1,
2026-10-04T00:34:24.9350849Z     "engine": "0.3.26-experimental"
2026-10-04T00:34:24.9351182Z   },
2026-10-04T00:34:24.9351712Z   {
2026-10-04T00:34:24.9352262Z     "workbook": "work/qa/unknown-blank-credit-ordinary-invoice-restored.xlsx",
2026-10-04T00:34:24.9352830Z     "verified": true,
2026-10-04T00:34:24.9353196Z     "id": "blank-credit-ordinary-invoice",
2026-10-04T00:34:24.9353814Z     "format": "xlsx",
2026-10-04T00:34:24.9354103Z     "approved": 1,
2026-10-04T00:34:24.9354423Z     "engine": "0.3.26-experimental"
2026-10-04T00:34:24.9354752Z   },
2026-10-04T00:34:24.9354987Z   {
2026-10-04T00:34:24.9355430Z     "workbook": "work/qa/unknown-different-untyped-credit-direct.xlsx",
2026-10-04T00:34:24.9355943Z     "verified": true,
2026-10-04T00:34:24.9356291Z     "id": "different-untyped-credit",
2026-10-04T00:34:24.9356648Z     "format": "xlsx",
2026-10-04T00:34:24.9356929Z     "approved": 0,
2026-10-04T00:34:24.9357247Z     "engine": "0.3.26-experimental"
2026-10-04T00:34:24.9357587Z   },
2026-10-04T00:34:24.9357820Z   {
2026-10-04T00:34:24.9358270Z     "workbook": "work/qa/unknown-different-untyped-credit-restored.xlsx",
2026-10-04T00:34:24.9358786Z     "verified": true,
2026-10-04T00:34:24.9359127Z     "id": "different-untyped-credit",
2026-10-04T00:34:24.9359515Z     "format": "xlsx",
2026-10-04T00:34:24.9359796Z     "approved": 0,
2026-10-04T00:34:24.9360115Z     "engine": "0.3.26-experimental"
2026-10-04T00:34:24.9360441Z   }
2026-10-04T00:34:24.9360670Z ]
2026-10-04T00:34:24.9431017Z ##[group]Run python3 audit/assistant-evidence/check_export.py work/qa/p5-*.xlsx --browser work/qa/p5-browser.json
2026-10-04T00:34:24.9432147Z [36;1mpython3 audit/assistant-evidence/check_export.py work/qa/p5-*.xlsx --browser work/qa/p5-browser.json[0m
2026-10-04T00:34:24.9490936Z shell: /usr/bin/bash -e {0}
2026-10-04T00:34:24.9491464Z env:
2026-10-04T00:34:24.9491759Z   PNPM_HOME: /home/runner/setup-pnpm/node_modules/.bin
2026-10-04T00:34:24.9492101Z ##[endgroup]
2026-10-04T00:34:25.0201770Z {
2026-10-04T00:34:25.0202406Z   "workbooks": [
2026-10-04T00:34:25.0202796Z     {
2026-10-04T00:34:25.0203351Z       "workbook": "work/qa/p5-partial-source-direct.xlsx",
2026-10-04T00:34:25.0203985Z       "verified": true,
2026-10-04T00:34:25.0204431Z       "id": "partial-source",
2026-10-04T00:34:25.0204894Z       "approved": 1,
2026-10-04T00:34:25.0205356Z       "engine": "0.3.26-experimental"
2026-10-04T00:34:25.0205864Z     },
2026-10-04T00:34:25.0206196Z     {
2026-10-04T00:34:25.0206798Z       "workbook": "work/qa/p5-partial-source-restored.xlsx",
2026-10-04T00:34:25.0207449Z       "verified": true,
2026-10-04T00:34:25.0207914Z       "id": "partial-source",
2026-10-04T00:34:25.0208381Z       "approved": 1,
2026-10-04T00:34:25.0208868Z       "engine": "0.3.26-experimental"
2026-10-04T00:34:25.0209362Z     },
2026-10-04T00:34:25.0209694Z     {
2026-10-04T00:34:25.0210230Z       "workbook": "work/qa/p5-untyped-credit-direct.xlsx",
2026-10-04T00:34:25.0210835Z       "verified": true,
2026-10-04T00:34:25.0211528Z       "id": "untyped-credit",
2026-10-04T00:34:25.0212003Z       "approved": 0,
2026-10-04T00:34:25.0212479Z       "engine": "0.3.26-experimental"
2026-10-04T00:34:25.0212973Z     },
2026-10-04T00:34:25.0213323Z     {
2026-10-04T00:34:25.0213876Z       "workbook": "work/qa/p5-untyped-credit-restored.xlsx",
2026-10-04T00:34:25.0214509Z       "verified": true,
2026-10-04T00:34:25.0214954Z       "id": "untyped-credit",
2026-10-04T00:34:25.0215405Z       "approved": 0,
2026-10-04T00:34:25.0215912Z       "engine": "0.3.26-experimental"
2026-10-04T00:34:25.0216438Z     }
2026-10-04T00:34:25.0216786Z   ],
2026-10-04T00:34:25.0217154Z   "answers": null,
2026-10-04T00:34:25.0217562Z   "browser": {
2026-10-04T00:34:25.0218025Z     "browserAnswersVerified": 2,
2026-10-04T00:34:25.0218587Z     "engine": "0.3.26-experimental"
2026-10-04T00:34:25.0219054Z   }
2026-10-04T00:34:25.0219367Z }
2026-10-04T00:34:25.0309963Z ##[group]Run actions/upload-artifact@ea165f8d65b6e75b540449e92b4886f43607fa02
2026-10-04T00:34:25.0310391Z with:
2026-10-04T00:34:25.0310609Z   name: assistant-evidence
2026-10-04T00:34:25.0310946Z   path: work/p5-native
work/qa/p5-*.xlsx
work/qa/p5-browser.json

2026-10-04T00:34:25.0311507Z   if-no-files-found: ignore
2026-10-04T00:34:25.0311758Z   retention-days: 7
2026-10-04T00:34:25.0311977Z   compression-level: 6
2026-10-04T00:34:25.0312203Z   overwrite: false
2026-10-04T00:34:25.0312613Z   include-hidden-files: false
2026-10-04T00:34:25.0312854Z env:
2026-10-04T00:34:25.0313104Z   PNPM_HOME: /home/runner/setup-pnpm/node_modules/.bin
2026-10-04T00:34:25.0313411Z ##[endgroup]
2026-10-04T00:34:25.2048724Z (node:5182) [DEP0040] DeprecationWarning: The `punycode` module is deprecated. Please use a userland alternative instead.
2026-10-04T00:34:25.2049708Z (Use `node --trace-deprecation ...` to show where the warning was created)
2026-10-04T00:34:25.2178102Z Multiple search paths detected. Calculating the least common ancestor of all paths
2026-10-04T00:34:25.2180260Z The least common ancestor is /home/runner/work/accounting/accounting/work. This will be the root directory of the artifact
2026-10-04T00:34:25.2181801Z With the provided path, there will be 14 files uploaded
2026-10-04T00:34:25.2182807Z Artifact name is valid!
2026-10-04T00:34:25.2183728Z Root directory input is valid!
2026-10-04T00:34:25.5995317Z Beginning upload of artifact content to blob storage
2026-10-04T00:34:25.6468655Z (node:5182) [DEP0169] DeprecationWarning: `url.parse()` behavior is not standardized and prone to errors that have security implications. Use the WHATWG URL API instead. CVEs are not issued for `url.parse()` vulnerabilities.
2026-10-04T00:34:26.2166823Z Uploaded bytes 326662
2026-10-04T00:34:26.2957621Z Finished uploading artifact content to blob storage!
2026-10-04T00:34:26.2959555Z SHA256 digest of uploaded artifact zip is dd93e5f8d03b37ea789a1e3b62a5d0d64a308ca18ad674dccda264b1c86f6167
2026-10-04T00:34:26.2960988Z Finalizing artifact upload
2026-10-04T00:34:26.5490707Z Artifact assistant-evidence.zip successfully finalized. Artifact ID 11289581538
2026-10-04T00:34:26.5492740Z Artifact assistant-evidence has been successfully uploaded! Final size is 326662 bytes. Artifact ID is 11289581538
2026-10-04T00:34:26.5499442Z Artifact download URL: https://github.com/mjodshamrani-ux/accounting/actions/runs/37165081295/artifacts/11289581538
2026-10-04T00:34:26.5636713Z ##[group]Run actions/upload-artifact@ea165f8d65b6e75b540449e92b4886f43607fa02
2026-10-04T00:34:26.5637143Z with:
2026-10-04T00:34:26.5637399Z   name: related-invoice-evidence
2026-10-04T00:34:26.5638063Z   path: work/f03-native
work/f03-pdf
work/unknown-role
work/qa/unknown-*.xlsx
work/qa/unknown-browser.json
work/qa/f03-*.xlsx
work/qa/f03-browser.json

2026-10-04T00:34:26.5638760Z   if-no-files-found: ignore
2026-10-04T00:34:26.5639010Z   retention-days: 7
2026-10-04T00:34:26.5639258Z   compression-level: 6
2026-10-04T00:34:26.5639488Z   overwrite: false
2026-10-04T00:34:26.5639719Z   include-hidden-files: false
2026-10-04T00:34:26.5639972Z env:
2026-10-04T00:34:26.5640229Z   PNPM_HOME: /home/runner/setup-pnpm/node_modules/.bin
2026-10-04T00:34:26.5640547Z ##[endgroup]
2026-10-04T00:34:26.7283700Z (node:5195) [DEP0040] DeprecationWarning: The `punycode` module is deprecated. Please use a userland alternative instead.
2026-10-04T00:34:26.7285303Z (Use `node --trace-deprecation ...` to show where the warning was created)
2026-10-04T00:34:26.7572942Z Multiple search paths detected. Calculating the least common ancestor of all paths
2026-10-04T00:34:26.7576427Z The least common ancestor is /home/runner/work/accounting/accounting/work. This will be the root directory of the artifact
2026-10-04T00:34:26.7577886Z With the provided path, there will be 63 files uploaded
2026-10-04T00:34:26.7579111Z Artifact name is valid!
2026-10-04T00:34:26.7579774Z Root directory input is valid!
2026-10-04T00:34:27.1260727Z Beginning upload of artifact content to blob storage
2026-10-04T00:34:27.2455166Z (node:5195) [DEP0169] DeprecationWarning: `url.parse()` behavior is not standardized and prone to errors that have security implications. Use the WHATWG URL API instead. CVEs are not issued for `url.parse()` vulnerabilities.
2026-10-04T00:34:27.9820840Z Uploaded bytes 1530607
2026-10-04T00:34:28.0613140Z Finished uploading artifact content to blob storage!
2026-10-04T00:34:28.0614301Z SHA256 digest of uploaded artifact zip is 73392a35c57eaaa5c9d28c7e51f9140fca01a8bbea85668a3dfafd7f308b199d
2026-10-04T00:34:28.0616189Z Finalizing artifact upload
2026-10-04T00:34:28.3162177Z Artifact related-invoice-evidence.zip successfully finalized. Artifact ID 11289546785
2026-10-04T00:34:28.3163806Z Artifact related-invoice-evidence has been successfully uploaded! Final size is 1530607 bytes. Artifact ID is 11289546785
2026-10-04T00:34:28.3169711Z Artifact download URL: https://github.com/mjodshamrani-ux/accounting/actions/runs/37165081295/artifacts/11289546785
2026-10-04T00:34:28.3302703Z ##[group]Run python3 audit/layered-statement/check_export.py work/qa/layered-0-direct.xlsx work/qa/layered-0-restored.xlsx work/qa/layered-1-direct.xlsx work/qa/layered-1-restored.xlsx
2026-10-04T00:34:28.3304023Z [36;1mpython3 audit/layered-statement/check_export.py work/qa/layered-0-direct.xlsx work/qa/layered-0-restored.xlsx work/qa/layered-1-direct.xlsx work/qa/layered-1-restored.xlsx[0m
2026-10-04T00:34:28.3366324Z shell: /usr/bin/bash -e {0}
2026-10-04T00:34:28.3366600Z env:
2026-10-04T00:34:28.3366894Z   PNPM_HOME: /home/runner/setup-pnpm/node_modules/.bin
2026-10-04T00:34:28.3367237Z ##[endgroup]
2026-10-04T00:34:28.4024714Z [
2026-10-04T00:34:28.4025295Z   {
2026-10-04T00:34:28.4025895Z     "workbook": "work/qa/layered-0-direct.xlsx",
2026-10-04T00:34:28.4026444Z     "verified": true,
2026-10-04T00:34:28.4026946Z     "source": "supplier-layered-proven.xlsx",
2026-10-04T00:34:28.4027837Z     "sourceHash": "ed920ea60d9c302e2d319f76920f048227366fc5b01fdbb5229bab584fc93e8a",
2026-10-04T00:34:28.4028564Z     "movements": 4,
2026-10-04T00:34:28.4028936Z     "rowFates": 10,
2026-10-04T00:34:28.4029369Z     "approvedSupplierRows": [
2026-10-04T00:34:28.4029797Z       8
2026-10-04T00:34:28.4030108Z     ],
2026-10-04T00:34:28.4030438Z     "headerBand": [
2026-10-04T00:34:28.4030786Z       3,
2026-10-04T00:34:28.4031101Z       4
2026-10-04T00:34:28.4031762Z     ],
2026-10-04T00:34:28.4032071Z     "fullReconciliation": false
2026-10-04T00:34:28.4032436Z   },
2026-10-04T00:34:28.4032685Z   {
2026-10-04T00:34:28.4033048Z     "workbook": "work/qa/layered-0-restored.xlsx",
2026-10-04T00:34:28.4033468Z     "verified": true,
2026-10-04T00:34:28.4033850Z     "source": "supplier-layered-proven.xlsx",
2026-10-04T00:34:28.4034510Z     "sourceHash": "ed920ea60d9c302e2d319f76920f048227366fc5b01fdbb5229bab584fc93e8a",
2026-10-04T00:34:28.4035094Z     "movements": 4,
2026-10-04T00:34:28.4035383Z     "rowFates": 10,
2026-10-04T00:34:28.4035695Z     "approvedSupplierRows": [
2026-10-04T00:34:28.4036029Z       8
2026-10-04T00:34:28.4036282Z     ],
2026-10-04T00:34:28.4036543Z     "headerBand": [
2026-10-04T00:34:28.4036824Z       3,
2026-10-04T00:34:28.4037074Z       4
2026-10-04T00:34:28.4037319Z     ],
2026-10-04T00:34:28.4037618Z     "fullReconciliation": false
2026-10-04T00:34:28.4037946Z   },
2026-10-04T00:34:28.4038194Z   {
2026-10-04T00:34:28.4038535Z     "workbook": "work/qa/layered-1-direct.xlsx",
2026-10-04T00:34:28.4038949Z     "verified": true,
2026-10-04T00:34:28.4039329Z     "source": "supplier-layered-conflict.xlsx",
2026-10-04T00:34:28.4040007Z     "sourceHash": "9d4133c437598504fc8284d61f993e6977cf9bf699c44e3bb6fb499f85f859b4",
2026-10-04T00:34:28.4040578Z     "movements": 4,
2026-10-04T00:34:28.4040868Z     "rowFates": 10,
2026-10-04T00:34:28.4041173Z     "approvedSupplierRows": [
2026-10-04T00:34:28.4041640Z       8
2026-10-04T00:34:28.4041889Z     ],
2026-10-04T00:34:28.4042143Z     "headerBand": [
2026-10-04T00:34:28.4042383Z       3,
2026-10-04T00:34:28.4042585Z       4
2026-10-04T00:34:28.4042783Z     ],
2026-10-04T00:34:28.4043017Z     "fullReconciliation": false
2026-10-04T00:34:28.4043290Z   },
2026-10-04T00:34:28.4043484Z   {
2026-10-04T00:34:28.4043764Z     "workbook": "work/qa/layered-1-restored.xlsx",
2026-10-04T00:34:28.4044105Z     "verified": true,
2026-10-04T00:34:28.4044414Z     "source": "supplier-layered-conflict.xlsx",
2026-10-04T00:34:28.4044923Z     "sourceHash": "9d4133c437598504fc8284d61f993e6977cf9bf699c44e3bb6fb499f85f859b4",
2026-10-04T00:34:28.4045349Z     "movements": 4,
2026-10-04T00:34:28.4045852Z     "rowFates": 10,
2026-10-04T00:34:28.4046097Z     "approvedSupplierRows": [
2026-10-04T00:34:28.4046354Z       8
2026-10-04T00:34:28.4046543Z     ],
2026-10-04T00:34:28.4046744Z     "headerBand": [
2026-10-04T00:34:28.4046960Z       3,
2026-10-04T00:34:28.4047150Z       4
2026-10-04T00:34:28.4047341Z     ],
2026-10-04T00:34:28.4047572Z     "fullReconciliation": false
2026-10-04T00:34:28.4047822Z   }
2026-10-04T00:34:28.4048015Z ]
2026-10-04T00:34:28.4110718Z ##[group]Run python3 audit/typed-document/check_export.py work/qa/typed-0-direct.xlsx work/qa/typed-0-restored.xlsx work/qa/typed-1-direct.xlsx work/qa/typed-1-restored.xlsx
2026-10-04T00:34:28.4112997Z [36;1mpython3 audit/typed-document/check_export.py work/qa/typed-0-direct.xlsx work/qa/typed-0-restored.xlsx work/qa/typed-1-direct.xlsx work/qa/typed-1-restored.xlsx[0m
2026-10-04T00:34:28.4114582Z [36;1mpython3 -m unittest discover -s audit/typed-document -p 'test_*.py' -v[0m
2026-10-04T00:34:28.4179843Z shell: /usr/bin/bash -e {0}
2026-10-04T00:34:28.4180135Z env:
2026-10-04T00:34:28.4180412Z   PNPM_HOME: /home/runner/setup-pnpm/node_modules/.bin
2026-10-04T00:34:28.4180746Z ##[endgroup]
2026-10-04T00:34:28.4894946Z [
2026-10-04T00:34:28.4895522Z   {
2026-10-04T00:34:28.4896062Z     "workbook": "work/qa/typed-0-direct.xlsx",
2026-10-04T00:34:28.4896607Z     "verified": true,
2026-10-04T00:34:28.4897099Z     "source": "supplier-typed-proven.xlsx",
2026-10-04T00:34:28.4897717Z     "engine": "0.3.26-experimental",
2026-10-04T00:34:28.4898192Z     "supplierMovements": 4,
2026-10-04T00:34:28.4898630Z     "supplierRowFates": 10,
2026-10-04T00:34:28.4899056Z     "approvedMemberSets": [
2026-10-04T00:34:28.4899456Z       {
2026-10-04T00:34:28.4899795Z         "supplierRows": [
2026-10-04T00:34:28.4900184Z           8
2026-10-04T00:34:28.4900504Z         ],
2026-10-04T00:34:28.4900842Z         "ledgerRows": [
2026-10-04T00:34:28.4901484Z           3
2026-10-04T00:34:28.4901868Z         ],
2026-10-04T00:34:28.4902225Z         "amountMinor": -35000
2026-10-04T00:34:28.4902659Z       },
2026-10-04T00:34:28.4902977Z       {
2026-10-04T00:34:28.4903299Z         "supplierRows": [
2026-10-04T00:34:28.4903613Z           9
2026-10-04T00:34:28.4903865Z         ],
2026-10-04T00:34:28.4904129Z         "ledgerRows": [
2026-10-04T00:34:28.4904426Z           4
2026-10-04T00:34:28.4904674Z         ],
2026-10-04T00:34:28.4904985Z         "amountMinor": -5000
2026-10-04T00:34:28.4905311Z       },
2026-10-04T00:34:28.4905572Z       {
2026-10-04T00:34:28.4905838Z         "supplierRows": [
2026-10-04T00:34:28.4906147Z           6,
2026-10-04T00:34:28.4906412Z           7
2026-10-04T00:34:28.4906666Z         ],
2026-10-04T00:34:28.4906934Z         "ledgerRows": [
2026-10-04T00:34:28.4907235Z           2
2026-10-04T00:34:28.4907491Z         ],
2026-10-04T00:34:28.4907763Z         "amountMinor": 100000
2026-10-04T00:34:28.4908081Z       }
2026-10-04T00:34:28.4908332Z     ],
2026-10-04T00:34:28.4908644Z     "fullReconciliation": false
2026-10-04T00:34:28.4908992Z   },
2026-10-04T00:34:28.4909242Z   {
2026-10-04T00:34:28.4909589Z     "workbook": "work/qa/typed-0-restored.xlsx",
2026-10-04T00:34:28.4910015Z     "verified": true,
2026-10-04T00:34:28.4910389Z     "source": "supplier-typed-proven.xlsx",
2026-10-04T00:34:28.4910830Z     "engine": "0.3.26-experimental",
2026-10-04T00:34:28.4911209Z     "supplierMovements": 4,
2026-10-04T00:34:28.4911732Z     "supplierRowFates": 10,
2026-10-04T00:34:28.4912081Z     "approvedMemberSets": [
2026-10-04T00:34:28.4912396Z       {
2026-10-04T00:34:28.4912667Z         "supplierRows": [
2026-10-04T00:34:28.4912978Z           8
2026-10-04T00:34:28.4913247Z         ],
2026-10-04T00:34:28.4913513Z         "ledgerRows": [
2026-10-04T00:34:28.4913765Z           3
2026-10-04T00:34:28.4913961Z         ],
2026-10-04T00:34:28.4914176Z         "amountMinor": -35000
2026-10-04T00:34:28.4914422Z       },
2026-10-04T00:34:28.4914608Z       {
2026-10-04T00:34:28.4914815Z         "supplierRows": [
2026-10-04T00:34:28.4915049Z           9
2026-10-04T00:34:28.4915540Z         ],
2026-10-04T00:34:28.4915744Z         "ledgerRows": [
2026-10-04T00:34:28.4915968Z           4
2026-10-04T00:34:28.4916159Z         ],
2026-10-04T00:34:28.4916364Z         "amountMinor": -5000
2026-10-04T00:34:28.4916612Z       },
2026-10-04T00:34:28.4916810Z       {
2026-10-04T00:34:28.4917014Z         "supplierRows": [
2026-10-04T00:34:28.4917263Z           6,
2026-10-04T00:34:28.4917463Z           7
2026-10-04T00:34:28.4917863Z         ],
2026-10-04T00:34:28.4918073Z         "ledgerRows": [
2026-10-04T00:34:28.4918308Z           2
2026-10-04T00:34:28.4918502Z         ],
2026-10-04T00:34:28.4918705Z         "amountMinor": 100000
2026-10-04T00:34:28.4918956Z       }
2026-10-04T00:34:28.4919152Z     ],
2026-10-04T00:34:28.4919385Z     "fullReconciliation": false
2026-10-04T00:34:28.4919637Z   },
2026-10-04T00:34:28.4919827Z   {
2026-10-04T00:34:28.4920090Z     "workbook": "work/qa/typed-1-direct.xlsx",
2026-10-04T00:34:28.4920400Z     "verified": true,
2026-10-04T00:34:28.4920706Z     "source": "supplier-typed-conflict.xlsx",
2026-10-04T00:34:28.4921050Z     "engine": "0.3.26-experimental",
2026-10-04T00:34:28.4921538Z     "supplierMovements": 4,
2026-10-04T00:34:28.4921818Z     "supplierRowFates": 10,
2026-10-04T00:34:28.4922082Z     "approvedMemberSets": [
2026-10-04T00:34:28.4922331Z       {
2026-10-04T00:34:28.4922546Z         "supplierRows": [
2026-10-04T00:34:28.4922788Z           8
2026-10-04T00:34:28.4922990Z         ],
2026-10-04T00:34:28.4923212Z         "ledgerRows": [
2026-10-04T00:34:28.4923440Z           3
2026-10-04T00:34:28.4923637Z         ],
2026-10-04T00:34:28.4923854Z         "amountMinor": -35000
2026-10-04T00:34:28.4924106Z       },
2026-10-04T00:34:28.4924299Z       {
2026-10-04T00:34:28.4924508Z         "supplierRows": [
2026-10-04T00:34:28.4924748Z           9
2026-10-04T00:34:28.4924939Z         ],
2026-10-04T00:34:28.4925147Z         "ledgerRows": [
2026-10-04T00:34:28.4925376Z           4
2026-10-04T00:34:28.4925572Z         ],
2026-10-04T00:34:28.4925787Z         "amountMinor": -5000
2026-10-04T00:34:28.4926043Z       }
2026-10-04T00:34:28.4926240Z     ],
2026-10-04T00:34:28.4926474Z     "fullReconciliation": false
2026-10-04T00:34:28.4926734Z   },
2026-10-04T00:34:28.4926926Z   {
2026-10-04T00:34:28.4927199Z     "workbook": "work/qa/typed-1-restored.xlsx",
2026-10-04T00:34:28.4927518Z     "verified": true,
2026-10-04T00:34:28.4927814Z     "source": "supplier-typed-conflict.xlsx",
2026-10-04T00:34:28.4928172Z     "engine": "0.3.26-experimental",
2026-10-04T00:34:28.4928464Z     "supplierMovements": 4,
2026-10-04T00:34:28.4928724Z     "supplierRowFates": 10,
2026-10-04T00:34:28.4928985Z     "approvedMemberSets": [
2026-10-04T00:34:28.4929226Z       {
2026-10-04T00:34:28.4929430Z         "supplierRows": [
2026-10-04T00:34:28.4929669Z           8
2026-10-04T00:34:28.4929890Z         ],
2026-10-04T00:34:28.4930103Z         "ledgerRows": [
2026-10-04T00:34:28.4930339Z           3
2026-10-04T00:34:28.4930541Z         ],
2026-10-04T00:34:28.4930756Z         "amountMinor": -35000
2026-10-04T00:34:28.4931014Z       },
2026-10-04T00:34:28.4931210Z       {
2026-10-04T00:34:28.4931555Z         "supplierRows": [
2026-10-04T00:34:28.4931797Z           9
2026-10-04T00:34:28.4931996Z         ],
2026-10-04T00:34:28.4932205Z         "ledgerRows": [
2026-10-04T00:34:28.4932429Z           4
2026-10-04T00:34:28.4932629Z         ],
2026-10-04T00:34:28.4932844Z         "amountMinor": -5000
2026-10-04T00:34:28.4933087Z       }
2026-10-04T00:34:28.4933293Z     ],
2026-10-04T00:34:28.4933532Z     "fullReconciliation": false
2026-10-04T00:34:28.4933793Z   }
2026-10-04T00:34:28.4945506Z ]
2026-10-04T00:34:28.5763723Z test_all_native_and_restored_workbooks (test_check_export.TypedExportOracle.test_all_native_and_restored_workbooks) ... ok
2026-10-04T00:34:28.6527290Z test_deliberate_financial_and_source_tampering_is_rejected (test_check_export.TypedExportOracle.test_deliberate_financial_and_source_tampering_is_rejected) ... ok
2026-10-04T00:34:28.6528260Z 
2026-10-04T00:34:28.6528906Z ----------------------------------------------------------------------
2026-10-04T00:34:28.6529458Z Ran 2 tests in 0.101s
2026-10-04T00:34:28.6529675Z 
2026-10-04T00:34:28.6529807Z OK
2026-10-04T00:34:28.6651854Z ##[group]Run node audit/partial-input/browser/run.mjs ci-partial isolated
2026-10-04T00:34:28.6652475Z [36;1mnode audit/partial-input/browser/run.mjs ci-partial isolated[0m
2026-10-04T00:34:28.6653861Z [36;1mpython3 audit/partial-reconciliation/check_openxml.py --xlsx audit/partial-input/browser/ci-partial/partial.xlsx --out audit/partial-input/browser/ci-partial/openxml.json --browser-oracle audit/partial-input/browser/fixtures-isolated/oracle.json --require-reviewed --expected-engine 0.3.26-experimental[0m
2026-10-04T00:34:28.6655292Z [36;1mnode audit/partial-input/browser/run.mjs ci-partial-original original[0m
2026-10-04T00:34:28.6656713Z [36;1mpython3 audit/partial-reconciliation/check_openxml.py --xlsx audit/partial-input/browser/ci-partial-original/partial.xlsx --out audit/partial-input/browser/ci-partial-original/openxml.json --browser-oracle audit/partial-input/browser/fixtures/oracle.json --require-reviewed --expected-engine 0.3.26-experimental[0m
2026-10-04T00:34:28.6719862Z shell: /usr/bin/bash -e {0}
2026-10-04T00:34:28.6720145Z env:
2026-10-04T00:34:28.6720427Z   PNPM_HOME: /home/runner/setup-pnpm/node_modules/.bin
2026-10-04T00:34:28.6720773Z ##[endgroup]
2026-10-04T00:34:34.0914406Z {"passed":true,"stage":"final-integrity","result":"/home/runner/work/accounting/accounting/audit/partial-input/browser/ci-partial/result.json"}
2026-10-04T00:34:34.1810014Z {"checkerSha256": "6475352b77f71a35c0ecf8ccfa51ec71630c5f8e80eacde37514e1c873014bdf", "observedAtUtc": "2026-10-04T00:34:34.156694+00:00", "passed": true, "frozenBefore": "0b10b982659d984e9298082c0a76bb183fcd6d30abb8c34a5be520fed9a57e7e", "workbookSha256": "47a590c53c536ab8fc0497e3f7b9f9224aa24ec4d74af4e5e831a609715b9e3b", "observations": {"originalSourcePreservation": {"passed": true, "readableRows": 4, "readingIssues": [{"sourceRowId": "supplier:0:3", "reason": "المبلغ غير صالح أو يتجاوز عدد المنازل العشرية للعملة", "originalAmount": "unread"}, {"sourceRowId": "supplier:0:4", "reason": "المبلغ غير صالح أو يتجاوز عدد المنازل العشرية للعملة", "originalAmount": "unread"}, {"sourceRowId": "supplier:0:5", "reason": "المبلغ غير صالح أو يتجاوز عدد المنازل العشرية للعملة", "originalAmount": "unread"}, {"sourceRowId": "supplier:0:6", "reason": "المبلغ غير صالح أو يتجاوز عدد المنازل العشرية للعملة", "originalAmount": "unread"}, {"sourceRowId": "supplier:0:7", "reason": "المبلغ غير صالح أو يتجاوز عدد المنازل العشرية للعملة", "originalAmount": "unread"}, {"sourceRowId": "supplier:0:8", "reason": "المبلغ غير صالح أو يتجاوز عدد المنازل العشرية للعملة", "originalAmount": "unread"}, {"sourceRowId": "supplier:0:9", "reason": "المبلغ غير صالح أو يتجاوز عدد المنازل العشرية للعملة", "originalAmount": "unread"}, {"sourceRowId": "supplier:0:10", "reason": "المبلغ غير صالح أو يتجاوز عدد المنازل العشرية للعملة", "originalAmount": "unread"}, {"sourceRowId": "supplier:0:11", "reason": "المبلغ غير صالح أو يتجاوز عدد المنازل العشرية للعملة", "originalAmount": "unread"}, {"sourceRowId": "supplier:0:12", "reason": "المبلغ غير صالح أو يتجاوز عدد المنازل العشرية للعملة", "originalAmount": "unread"}, {"sourceRowId": "supplier:0:13", "reason": "المبلغ غير صالح أو يتجاوز عدد المنازل العشرية للعملة", "originalAmount": "unread"}, {"sourceRowId": "supplier:0:14", "reason": "المبلغ غير صالح أو يتجاوز عدد المنازل العشرية للعملة", "originalAmount": "unread"}, {"sourceRowId": "supplier:0:15", "reason": "المبلغ غير صالح أو يتجاوز عدد المنازل العشرية للعملة", "originalAmount": "unread"}], "issueTraceEncoding": "Source File + Side + Source Sheet CSV + Source Row; contract IDs reconstructed for selected sheet 0"}, "partialSummaryAndReview": {"passed": true, "processedTotalsMinor": {"supplier": 35000, "ledger": 35000}, "processedTotalFields": {"supplier": "Supplier Processed Transaction Total", "ledger": "Ledger Processed Transaction Total"}, "partialSummaryFields": {"Reading Status": "Partial — reading issues remain open", "Workbook Mode": "Partial transaction snapshot for review. Reading issues remain open; totals cover processed transactions only. Not a complete reconciliation."}, "bridgeStatus": "Balance bridge prerequisites incomplete", "reviewCompleted": "Review recorded; reading issues remain open", "reviewApproval": "Not approved — review completion is not an approval declaration"}, "originalSourceHashBinding": {"passed": true, "sourceProvenance": {"oracleSha256": "c2d5a00ade4e27354e3e9a24bc8136b371ef1728c2516253dc55630a1adf2ac3", "sourceSha256": {"supplier": "66db9ee7c99881d80cf0818553d8c01e4407c1e810de562e0b8095a4354ebe01", "ledger": "3298df6aa51c4b1ea3f34f0bd197f90ef458eb5c956f830eced1100d39db9007"}, "contractScope": "Separately authored plain-unread positive contract. Passing this contract does not satisfy the original unread-1..13 contract.", "originalCompletionMiss": "audit/partial-input/browser/original-contract-miss.json"}}, "requiredCompletion": {"requiredPairs": 2, "actualMatchedCases": 2, "requiredMemberSets": [{"supplierRows": [2], "ledgerRows": [2]}, {"supplierRows": [16], "ledgerRows": [3]}]}}, "contract": "browser-isolated-amount", "requiredPairs": 2, "requiredPairsSatisfied": 2, "falseApprovedPairs": 0, "matchedSourceRows": 4, "readableSourceRows": 4, "invalidRowsRetained": [{"sourceRowId": "supplier:0:3", "reason": "المبلغ غير صالح أو يتجاوز عدد المنازل العشرية للعملة", "originalAmount": "unread"}, {"sourceRowId": "supplier:0:4", "reason": "المبلغ غير صالح أو يتجاوز عدد المنازل العشرية للعملة", "originalAmount": "unread"}, {"sourceRowId": "supplier:0:5", "reason": "المبلغ غير صالح أو يتجاوز عدد المنازل العشرية للعملة", "originalAmount": "unread"}, {"sourceRowId": "supplier:0:6", "reason": "المبلغ غير صالح أو يتجاوز عدد المنازل العشرية للعملة", "originalAmount": "unread"}, {"sourceRowId": "supplier:0:7", "reason": "المبلغ غير صالح أو يتجاوز عدد المنازل العشرية للعملة", "originalAmount": "unread"}, {"sourceRowId": "supplier:0:8", "reason": "المبلغ غير صالح أو يتجاوز عدد المنازل العشرية للعملة", "originalAmount": "unread"}, {"sourceRowId": "supplier:0:9", "reason": "المبلغ غير صالح أو يتجاوز عدد المنازل العشرية للعملة", "originalAmount": "unread"}, {"sourceRowId": "supplier:0:10", "reason": "المبلغ غير صالح أو يتجاوز عدد المنازل العشرية للعملة", "originalAmount": "unread"}, {"sourceRowId": "supplier:0:11", "reason": "المبلغ غير صالح أو يتجاوز عدد المنازل العشرية للعملة", "originalAmount": "unread"}, {"sourceRowId": "supplier:0:12", "reason": "المبلغ غير صالح أو يتجاوز عدد المنازل العشرية للعملة", "originalAmount": "unread"}, {"sourceRowId": "supplier:0:13", "reason": "المبلغ غير صالح أو يتجاوز عدد المنازل العشرية للعملة", "originalAmount": "unread"}, {"sourceRowId": "supplier:0:14", "reason": "المبلغ غير صالح أو يتجاوز عدد المنازل العشرية للعملة", "originalAmount": "unread"}, {"sourceRowId": "supplier:0:15", "reason": "المبلغ غير صالح أو يتجاوز عدد المنازل العشرية للعملة", "originalAmount": "unread"}], "processedTotalsMinor": {"supplier": 35000, "ledger": 35000}, "processedTotalFields": {"supplier": "Supplier Processed Transaction Total", "ledger": "Ledger Processed Transaction Total"}, "partialSummaryFields": {"Reading Status": "Partial — reading issues remain open", "Workbook Mode": "Partial transaction snapshot for review. Reading issues remain open; totals cover processed transactions only. Not a complete reconciliation."}, "bridgeStatus": "Balance bridge prerequisites incomplete", "reviewCompleted": "Review recorded; reading issues remain open", "reviewApproval": "Not approved — review completion is not an approval declaration", "xmlPartsParsed": 31, "sourceProvenance": {"oracleSha256": "c2d5a00ade4e27354e3e9a24bc8136b371ef1728c2516253dc55630a1adf2ac3", "sourceSha256": {"supplier": "66db9ee7c99881d80cf0818553d8c01e4407c1e810de562e0b8095a4354ebe01", "ledger": "3298df6aa51c4b1ea3f34f0bd197f90ef458eb5c956f830eced1100d39db9007"}, "contractScope": "Separately authored plain-unread positive contract. Passing this contract does not satisfy the original unread-1..13 contract.", "originalCompletionMiss": "audit/partial-input/browser/original-contract-miss.json"}, "scope": "Independent synthetic literal sources, error preservation and financial member sets. No engine/ExcelJS imports or formula recalculation.", "frozenAfter": "0b10b982659d984e9298082c0a76bb183fcd6d30abb8c34a5be520fed9a57e7e"}
2026-10-04T00:34:39.5120618Z {"passed":true,"stage":"final-integrity","result":"/home/runner/work/accounting/accounting/audit/partial-input/browser/ci-partial-original/result.json"}
2026-10-04T00:34:39.6001753Z {"checkerSha256": "6475352b77f71a35c0ecf8ccfa51ec71630c5f8e80eacde37514e1c873014bdf", "observedAtUtc": "2026-10-04T00:34:39.573708+00:00", "passed": true, "frozenBefore": "0b10b982659d984e9298082c0a76bb183fcd6d30abb8c34a5be520fed9a57e7e", "workbookSha256": "ed675d486fb34c224aa7d5100aa5b427a9ef5e48d3c617565a69a4ee23677ead", "observations": {"originalSourcePreservation": {"passed": true, "readableRows": 4, "readingIssues": [{"sourceRowId": "supplier:0:3", "reason": "المبلغ غير صالح أو يتجاوز عدد المنازل العشرية للعملة", "originalAmount": "unread-1"}, {"sourceRowId": "supplier:0:4", "reason": "المبلغ غير صالح أو يتجاوز عدد المنازل العشرية للعملة", "originalAmount": "unread-2"}, {"sourceRowId": "supplier:0:5", "reason": "المبلغ غير صالح أو يتجاوز عدد المنازل العشرية للعملة", "originalAmount": "unread-3"}, {"sourceRowId": "supplier:0:6", "reason": "المبلغ غير صالح أو يتجاوز عدد المنازل العشرية للعملة", "originalAmount": "unread-4"}, {"sourceRowId": "supplier:0:7", "reason": "المبلغ غير صالح أو يتجاوز عدد المنازل العشرية للعملة", "originalAmount": "unread-5"}, {"sourceRowId": "supplier:0:8", "reason": "المبلغ غير صالح أو يتجاوز عدد المنازل العشرية للعملة", "originalAmount": "unread-6"}, {"sourceRowId": "supplier:0:9", "reason": "المبلغ غير صالح أو يتجاوز عدد المنازل العشرية للعملة", "originalAmount": "unread-7"}, {"sourceRowId": "supplier:0:10", "reason": "المبلغ غير صالح أو يتجاوز عدد المنازل العشرية للعملة", "originalAmount": "unread-8"}, {"sourceRowId": "supplier:0:11", "reason": "المبلغ غير صالح أو يتجاوز عدد المنازل العشرية للعملة", "originalAmount": "unread-9"}, {"sourceRowId": "supplier:0:12", "reason": "المبلغ غير صالح أو يتجاوز عدد المنازل العشرية للعملة", "originalAmount": "unread-10"}, {"sourceRowId": "supplier:0:13", "reason": "المبلغ غير صالح أو يتجاوز عدد المنازل العشرية للعملة", "originalAmount": "unread-11"}, {"sourceRowId": "supplier:0:14", "reason": "المبلغ غير صالح أو يتجاوز عدد المنازل العشرية للعملة", "originalAmount": "unread-12"}, {"sourceRowId": "supplier:0:15", "reason": "المبلغ غير صالح أو يتجاوز عدد المنازل العشرية للعملة", "originalAmount": "unread-13"}], "issueTraceEncoding": "Source File + Side + Source Sheet CSV + Source Row; contract IDs reconstructed for selected sheet 0"}, "partialSummaryAndReview": {"passed": true, "processedTotalsMinor": {"supplier": 35000, "ledger": 35000}, "processedTotalFields": {"supplier": "Supplier Processed Transaction Total", "ledger": "Ledger Processed Transaction Total"}, "partialSummaryFields": {"Reading Status": "Partial — reading issues remain open", "Workbook Mode": "Partial transaction snapshot for review. Reading issues remain open; totals cover processed transactions only. Not a complete reconciliation."}, "bridgeStatus": "Balance bridge prerequisites incomplete", "reviewCompleted": "Review recorded; reading issues remain open", "reviewApproval": "Not approved — review completion is not an approval declaration"}, "originalSourceHashBinding": {"passed": true, "sourceProvenance": {"oracleSha256": "892a5d52634752a1b976cfb25836381ae054c4c72fb706d9e6df8234f983cbc6", "sourceSha256": {"supplier": "e8f5e8d6f28f3ab613302cf6e28ef466f04cc49713f6281cce0ebc87d6b59b82", "ledger": "3298df6aa51c4b1ea3f34f0bd197f90ef458eb5c956f830eced1100d39db9007"}, "contractScope": "Original unread-1..13 completion contract. Still requires both positive pairs; its recorded completion miss is not reclassified as a pass.", "originalCompletionMiss": "audit/partial-input/browser/original-contract-miss.json"}}, "requiredCompletion": {"requiredPairs": 2, "actualMatchedCases": 2, "requiredMemberSets": [{"supplierRows": [2], "ledgerRows": [2]}, {"supplierRows": [16], "ledgerRows": [3]}]}}, "contract": "browser-original-displaced-amount", "requiredPairs": 2, "requiredPairsSatisfied": 2, "falseApprovedPairs": 0, "matchedSourceRows": 4, "readableSourceRows": 4, "invalidRowsRetained": [{"sourceRowId": "supplier:0:3", "reason": "المبلغ غير صالح أو يتجاوز عدد المنازل العشرية للعملة", "originalAmount": "unread-1"}, {"sourceRowId": "supplier:0:4", "reason": "المبلغ غير صالح أو يتجاوز عدد المنازل العشرية للعملة", "originalAmount": "unread-2"}, {"sourceRowId": "supplier:0:5", "reason": "المبلغ غير صالح أو يتجاوز عدد المنازل العشرية للعملة", "originalAmount": "unread-3"}, {"sourceRowId": "supplier:0:6", "reason": "المبلغ غير صالح أو يتجاوز عدد المنازل العشرية للعملة", "originalAmount": "unread-4"}, {"sourceRowId": "supplier:0:7", "reason": "المبلغ غير صالح أو يتجاوز عدد المنازل العشرية للعملة", "originalAmount": "unread-5"}, {"sourceRowId": "supplier:0:8", "reason": "المبلغ غير صالح أو يتجاوز عدد المنازل العشرية للعملة", "originalAmount": "unread-6"}, {"sourceRowId": "supplier:0:9", "reason": "المبلغ غير صالح أو يتجاوز عدد المنازل العشرية للعملة", "originalAmount": "unread-7"}, {"sourceRowId": "supplier:0:10", "reason": "المبلغ غير صالح أو يتجاوز عدد المنازل العشرية للعملة", "originalAmount": "unread-8"}, {"sourceRowId": "supplier:0:11", "reason": "المبلغ غير صالح أو يتجاوز عدد المنازل العشرية للعملة", "originalAmount": "unread-9"}, {"sourceRowId": "supplier:0:12", "reason": "المبلغ غير صالح أو يتجاوز عدد المنازل العشرية للعملة", "originalAmount": "unread-10"}, {"sourceRowId": "supplier:0:13", "reason": "المبلغ غير صالح أو يتجاوز عدد المنازل العشرية للعملة", "originalAmount": "unread-11"}, {"sourceRowId": "supplier:0:14", "reason": "المبلغ غير صالح أو يتجاوز عدد المنازل العشرية للعملة", "originalAmount": "unread-12"}, {"sourceRowId": "supplier:0:15", "reason": "المبلغ غير صالح أو يتجاوز عدد المنازل العشرية للعملة", "originalAmount": "unread-13"}], "processedTotalsMinor": {"supplier": 35000, "ledger": 35000}, "processedTotalFields": {"supplier": "Supplier Processed Transaction Total", "ledger": "Ledger Processed Transaction Total"}, "partialSummaryFields": {"Reading Status": "Partial — reading issues remain open", "Workbook Mode": "Partial transaction snapshot for review. Reading issues remain open; totals cover processed transactions only. Not a complete reconciliation."}, "bridgeStatus": "Balance bridge prerequisites incomplete", "reviewCompleted": "Review recorded; reading issues remain open", "reviewApproval": "Not approved — review completion is not an approval declaration", "xmlPartsParsed": 31, "sourceProvenance": {"oracleSha256": "892a5d52634752a1b976cfb25836381ae054c4c72fb706d9e6df8234f983cbc6", "sourceSha256": {"supplier": "e8f5e8d6f28f3ab613302cf6e28ef466f04cc49713f6281cce0ebc87d6b59b82", "ledger": "3298df6aa51c4b1ea3f34f0bd197f90ef458eb5c956f830eced1100d39db9007"}, "contractScope": "Original unread-1..13 completion contract. Still requires both positive pairs; its recorded completion miss is not reclassified as a pass.", "originalCompletionMiss": "audit/partial-input/browser/original-contract-miss.json"}, "scope": "Independent synthetic literal sources, error preservation and financial member sets. No engine/ExcelJS imports or formula recalculation.", "frozenAfter": "0b10b982659d984e9298082c0a76bb183fcd6d30abb8c34a5be520fed9a57e7e"}
2026-10-04T00:34:39.6073375Z ##[group]Run actions/upload-artifact@ea165f8d65b6e75b540449e92b4886f43607fa02
2026-10-04T00:34:39.6073814Z with:
2026-10-04T00:34:39.6074054Z   name: partial-reconciliation-evidence
2026-10-04T00:34:39.6074661Z   path: audit/partial-input/browser/ci-partial
audit/partial-input/browser/ci-partial-original
work/partial-regression

2026-10-04T00:34:39.6075250Z   if-no-files-found: ignore
2026-10-04T00:34:39.6075506Z   retention-days: 7
2026-10-04T00:34:39.6075741Z   compression-level: 6
2026-10-04T00:34:39.6075980Z   overwrite: false
2026-10-04T00:34:39.6076213Z   include-hidden-files: false
2026-10-04T00:34:39.6076472Z env:
2026-10-04T00:34:39.6076740Z   PNPM_HOME: /home/runner/setup-pnpm/node_modules/.bin
2026-10-04T00:34:39.6077069Z ##[endgroup]
2026-10-04T00:34:39.7721736Z (node:5412) [DEP0040] DeprecationWarning: The `punycode` module is deprecated. Please use a userland alternative instead.
2026-10-04T00:34:39.7722659Z (Use `node --trace-deprecation ...` to show where the warning was created)
2026-10-04T00:34:39.7853714Z Multiple search paths detected. Calculating the least common ancestor of all paths
2026-10-04T00:34:39.7856732Z The least common ancestor is /home/runner/work/accounting/accounting. This will be the root directory of the artifact
2026-10-04T00:34:39.7857953Z With the provided path, there will be 24 files uploaded
2026-10-04T00:34:39.7863382Z Artifact name is valid!
2026-10-04T00:34:39.7863934Z Root directory input is valid!
2026-10-04T00:34:40.1401363Z Beginning upload of artifact content to blob storage
2026-10-04T00:34:40.2335118Z (node:5412) [DEP0169] DeprecationWarning: `url.parse()` behavior is not standardized and prone to errors that have security implications. Use the WHATWG URL API instead. CVEs are not issued for `url.parse()` vulnerabilities.
2026-10-04T00:34:40.9215002Z Uploaded bytes 1319561
2026-10-04T00:34:41.0002277Z Finished uploading artifact content to blob storage!
2026-10-04T00:34:41.0003917Z SHA256 digest of uploaded artifact zip is 95a6f94b598c91b70ea8e36ab36d6fccbcfe0f4886b1c3aa09e008c10957ed67
2026-10-04T00:34:41.0005276Z Finalizing artifact upload
2026-10-04T00:34:41.2737829Z Artifact partial-reconciliation-evidence.zip successfully finalized. Artifact ID 11289531739
2026-10-04T00:34:41.2740015Z Artifact partial-reconciliation-evidence has been successfully uploaded! Final size is 1319561 bytes. Artifact ID is 11289531739
2026-10-04T00:34:41.2746890Z Artifact download URL: https://github.com/mjodshamrani-ux/accounting/actions/runs/37165081295/artifacts/11289531739
2026-10-04T00:34:41.2871680Z ##[group]Run node audit/large-statements/browser/run.mjs ci-large-native
2026-10-04T00:34:41.2872268Z [36;1mnode audit/large-statements/browser/run.mjs ci-large-native[0m
2026-10-04T00:34:41.2873347Z [36;1mpython3 audit/large-statements/check_openxml.py --browser-dir audit/large-statements/browser/ci-large-native --out audit/large-statements/browser/ci-large-native/openxml.json --expected-engine 0.3.26-experimental[0m
2026-10-04T00:34:41.2937203Z shell: /usr/bin/bash -e {0}
2026-10-04T00:34:41.2937511Z env:
2026-10-04T00:34:41.2937816Z   PNPM_HOME: /home/runner/setup-pnpm/node_modules/.bin
2026-10-04T00:34:41.2938195Z ##[endgroup]
2026-10-04T00:34:57.3689661Z {"passed":true,"stage":"final-integrity","result":"/home/runner/work/accounting/accounting/audit/large-statements/browser/ci-large-native/result.json"}
2026-10-04T00:34:59.6285438Z {"passed": true, "result": "audit/large-statements/browser/ci-large-native/openxml.json", "counts": {"supplierTransactions": 2240, "ledgerTransactions": 2240, "requiredPairs": 2240, "requiredPairsSatisfied": 2240, "falseApprovedPairs": 0, "missingPairs": 0, "exactEvidenceMembers": 4480, "parsedSupplierRows": 2450, "parsedLedgerRows": 2241, "pdfOrigins": 2450, "excludedSupplierRows": 210, "excludedLedgerRows": 1, "totalMinorEachSide": 40779520, "xmlPartsParsed": 30}, "error": null}
2026-10-04T00:34:59.6442292Z ##[group]Run actions/upload-artifact@ea165f8d65b6e75b540449e92b4886f43607fa02
2026-10-04T00:34:59.6442732Z with:
2026-10-04T00:34:59.6442979Z   name: large-statement-browser-evidence
2026-10-04T00:34:59.6443338Z   path: audit/large-statements/browser/ci-large-native
2026-10-04T00:34:59.6443687Z   if-no-files-found: ignore
2026-10-04T00:34:59.6443946Z   retention-days: 7
2026-10-04T00:34:59.6444184Z   compression-level: 6
2026-10-04T00:34:59.6444424Z   overwrite: false
2026-10-04T00:34:59.6444664Z   include-hidden-files: false
2026-10-04T00:34:59.6444928Z env:
2026-10-04T00:34:59.6445189Z   PNPM_HOME: /home/runner/setup-pnpm/node_modules/.bin
2026-10-04T00:34:59.6445521Z ##[endgroup]
2026-10-04T00:34:59.8095204Z (node:5528) [DEP0040] DeprecationWarning: The `punycode` module is deprecated. Please use a userland alternative instead.
2026-10-04T00:34:59.8096779Z (Use `node --trace-deprecation ...` to show where the warning was created)
2026-10-04T00:34:59.8179692Z With the provided path, there will be 12 files uploaded
2026-10-04T00:34:59.8181188Z Artifact name is valid!
2026-10-04T00:34:59.8182315Z Root directory input is valid!
2026-10-04T00:35:00.2083754Z Beginning upload of artifact content to blob storage
2026-10-04T00:35:00.3208882Z (node:5528) [DEP0169] DeprecationWarning: `url.parse()` behavior is not standardized and prone to errors that have security implications. Use the WHATWG URL API instead. CVEs are not issued for `url.parse()` vulnerabilities.
2026-10-04T00:35:01.1058766Z Uploaded bytes 1813414
2026-10-04T00:35:01.1837803Z Finished uploading artifact content to blob storage!
2026-10-04T00:35:01.1839221Z SHA256 digest of uploaded artifact zip is fdb05cd4624547653aea83fb9d5c97fae366a9d959dc3c85a226e8cb91af6438
2026-10-04T00:35:01.1840259Z Finalizing artifact upload
2026-10-04T00:35:01.4513095Z Artifact large-statement-browser-evidence.zip successfully finalized. Artifact ID 11289501911
2026-10-04T00:35:01.4514655Z Artifact large-statement-browser-evidence has been successfully uploaded! Final size is 1813414 bytes. Artifact ID is 11289501911
2026-10-04T00:35:01.4516046Z Artifact download URL: https://github.com/mjodshamrani-ux/accounting/actions/runs/37165081295/artifacts/11289501911
2026-10-04T00:35:01.4712648Z ##[group]Run actions/upload-pages-artifact@56afc609e74202658d3ffba0e8f6dda462b719fa
2026-10-04T00:35:01.4713128Z with:
2026-10-04T00:35:01.4713347Z   path: dist
2026-10-04T00:35:01.4713578Z   name: github-pages
2026-10-04T00:35:01.4713823Z   retention-days: 1
2026-10-04T00:35:01.4714051Z env:
2026-10-04T00:35:01.4714318Z   PNPM_HOME: /home/runner/setup-pnpm/node_modules/.bin
2026-10-04T00:35:01.4714666Z ##[endgroup]
2026-10-04T00:35:01.4775695Z ##[start-action display=Archive artifact;id=__actions_upload-pages-artifact.__run]
2026-10-04T00:35:01.4800299Z ##[group]Run echo ::group::Archive artifact
2026-10-04T00:35:01.4800672Z [36;1mecho ::group::Archive artifact[0m
2026-10-04T00:35:01.4800971Z [36;1mtar \[0m
2026-10-04T00:35:01.4801500Z [36;1m  --dereference --hard-dereference \[0m
2026-10-04T00:35:01.4801864Z [36;1m  --directory "$INPUT_PATH" \[0m
2026-10-04T00:35:01.4802197Z [36;1m  -cvf "$RUNNER_TEMP/artifact.tar" \[0m
2026-10-04T00:35:01.4802548Z [36;1m  --exclude=.git \[0m
2026-10-04T00:35:01.4802824Z [36;1m  --exclude=.github \[0m
2026-10-04T00:35:01.4803090Z [36;1m  .[0m
2026-10-04T00:35:01.4803323Z [36;1mecho ::endgroup::[0m
2026-10-04T00:35:01.4829052Z shell: /usr/bin/sh -e {0}
2026-10-04T00:35:01.4829334Z env:
2026-10-04T00:35:01.4829615Z   PNPM_HOME: /home/runner/setup-pnpm/node_modules/.bin
2026-10-04T00:35:01.4829963Z   INPUT_PATH: dist
2026-10-04T00:35:01.4830197Z ##[endgroup]
2026-10-04T00:35:01.4869631Z ##[group]Archive artifact
2026-10-04T00:35:01.4886263Z ./
2026-10-04T00:35:01.4886688Z ./favicon.svg
2026-10-04T00:35:01.4887106Z ./brand/
2026-10-04T00:35:01.4887563Z ./brand/favicon.svg
2026-10-04T00:35:01.4888052Z ./brand/tarasuf-mark.svg
2026-10-04T00:35:01.4888594Z ./brand/apple-touch-icon.png
2026-10-04T00:35:01.4889200Z ./brand/tarasuf-share-v048.png
2026-10-04T00:35:01.4889551Z ./ocr/
2026-10-04T00:35:01.4889877Z ./ocr/TESSERACT-JS-LICENSE.txt
2026-10-04T00:35:01.4890215Z ./ocr/worker.js
2026-10-04T00:35:01.4936609Z ./ocr/worker-vendor.js
2026-10-04T00:35:01.4937688Z ./ocr/TESSERACT-CORE-LICENSE.txt
2026-10-04T00:35:01.4938412Z ./ocr/tesseract-core-lstm.wasm.js
2026-10-04T00:35:01.4968409Z ./.nojekyll
2026-10-04T00:35:01.4968867Z ./assets/
2026-10-04T00:35:01.4969364Z ./assets/index-Cmu1kow5.js
2026-10-04T00:35:01.4998362Z ./assets/visual-ocr-client-BhVKcJsu.js
2026-10-04T00:35:01.4999146Z ./assets/visual-renderer-QpzSLT3w.js
2026-10-04T00:35:01.4999776Z ./assets/visual-image-CaZsk65l.js
2026-10-04T00:35:01.5000197Z ./assets/index-CNGhaTo_.css
2026-10-04T00:35:01.5000911Z ./assets/pdfjs-BvlvQ5M7.js
2026-10-04T00:35:01.5013957Z ./index.html
2026-10-04T00:35:01.5014495Z ./favicon.png
2026-10-04T00:35:01.5015008Z ./fonts/
2026-10-04T00:35:01.5015689Z ./fonts/thmanyah-serif-display-bold.woff2
2026-10-04T00:35:01.5016552Z ./fonts/NotoSansArabic-OFL.txt
2026-10-04T00:35:01.5017082Z ./fonts/Thmanyah-PROVENANCE.txt
2026-10-04T00:35:01.5017513Z ./fonts/README.txt
2026-10-04T00:35:01.5017958Z ./fonts/noto-sans-arabic-variable.woff2
2026-10-04T00:35:01.5019004Z ./fonts/Thmanyah-LICENSE.txt
2026-10-04T00:35:01.5022145Z ##[endgroup]
2026-10-04T00:35:01.5033672Z ##[end-action id=__actions_upload-pages-artifact.__run;outcome=success;conclusion=success;duration_ms=25]
2026-10-04T00:35:01.5036813Z ##[start-action display=Archive artifact;id=__actions_upload-pages-artifact.__run_2]
2026-10-04T00:35:01.5041843Z ##[end-action id=__actions_upload-pages-artifact.__run_2;outcome=skipped;conclusion=skipped;duration_ms=0]
2026-10-04T00:35:01.5044391Z ##[start-action display=Archive artifact;id=__actions_upload-pages-artifact.__run_3]
2026-10-04T00:35:01.5047941Z ##[end-action id=__actions_upload-pages-artifact.__run_3;outcome=skipped;conclusion=skipped;duration_ms=0]
2026-10-04T00:35:01.5050079Z ##[start-action display=Upload artifact;id=__actions_upload-pages-artifact.upload-artifact]
2026-10-04T00:35:01.5099775Z ##[group]Run actions/upload-artifact@v4
2026-10-04T00:35:01.5100079Z with:
2026-10-04T00:35:01.5100296Z   name: github-pages
2026-10-04T00:35:01.5100755Z   path: /home/runner/work/_temp/artifact.tar
2026-10-04T00:35:01.5101079Z   retention-days: 1
2026-10-04T00:35:01.5101678Z   if-no-files-found: error
2026-10-04T00:35:01.5101964Z   compression-level: 6
2026-10-04T00:35:01.5102227Z   overwrite: false
2026-10-04T00:35:01.5102479Z   include-hidden-files: false
2026-10-04T00:35:01.5102747Z env:
2026-10-04T00:35:01.5103014Z   PNPM_HOME: /home/runner/setup-pnpm/node_modules/.bin
2026-10-04T00:35:01.5103351Z ##[endgroup]
2026-10-04T00:35:01.6770969Z (node:5542) [DEP0040] DeprecationWarning: The `punycode` module is deprecated. Please use a userland alternative instead.
2026-10-04T00:35:01.6772433Z (Use `node --trace-deprecation ...` to show where the warning was created)
2026-10-04T00:35:01.6852195Z With the provided path, there will be 1 file uploaded
2026-10-04T00:35:01.6863589Z Artifact name is valid!
2026-10-04T00:35:01.6864689Z Root directory input is valid!
2026-10-04T00:35:02.0498714Z Beginning upload of artifact content to blob storage
2026-10-04T00:35:02.5476782Z (node:5542) [DEP0169] DeprecationWarning: `url.parse()` behavior is not standardized and prone to errors that have security implications. Use the WHATWG URL API instead. CVEs are not issued for `url.parse()` vulnerabilities.
2026-10-04T00:35:03.4642446Z Uploaded bytes 8273579
2026-10-04T00:35:03.5417814Z Finished uploading artifact content to blob storage!
2026-10-04T00:35:03.5418987Z SHA256 digest of uploaded artifact zip is eb02b0f771653b2849801235a1fcd053494e627d82a79c895bfb15ddbc8554ee
2026-10-04T00:35:03.5420933Z Finalizing artifact upload
2026-10-04T00:35:03.8148589Z Artifact github-pages.zip successfully finalized. Artifact ID 11289337260
2026-10-04T00:35:03.8150265Z Artifact github-pages has been successfully uploaded! Final size is 8273579 bytes. Artifact ID is 11289337260
2026-10-04T00:35:03.8157503Z Artifact download URL: https://github.com/mjodshamrani-ux/accounting/actions/runs/37165081295/artifacts/11289337260
2026-10-04T00:35:03.8292052Z ##[end-action id=__actions_upload-pages-artifact.upload-artifact;outcome=success;conclusion=success;duration_ms=2324]
2026-10-04T00:35:03.8397430Z Post job cleanup.
2026-10-04T00:35:03.9631929Z (node:5557) [DEP0040] DeprecationWarning: The `punycode` module is deprecated. Please use a userland alternative instead.
2026-10-04T00:35:03.9632976Z (Use `node --trace-deprecation ...` to show where the warning was created)
2026-10-04T00:35:03.9636289Z Cache hit occurred on the primary key node-cache-Linux-x64-pnpm-970ff90c8c5b62d936b78a56179f81cdf02982feb14381f8bba791078d20d9fe, not saving cache.
2026-10-04T00:35:03.9747426Z Post job cleanup.
2026-10-04T00:35:04.1222541Z Pruning is unnecessary.
2026-10-04T00:35:04.1419177Z Post job cleanup.
2026-10-04T00:35:04.2319070Z [command]/usr/bin/git version
2026-10-04T00:35:04.2362780Z git version 2.55.0
2026-10-04T00:35:04.2435415Z Temporarily overriding HOME='/home/runner/work/_temp/bd5b6322-33c4-42d8-a816-95a883a3fbef' before making global git config changes
2026-10-04T00:35:04.2437433Z Adding repository directory to the temporary git global config as a safe directory
2026-10-04T00:35:04.2441778Z [command]/usr/bin/git config --global --add safe.directory /home/runner/work/accounting/accounting
2026-10-04T00:35:04.2480981Z [command]/usr/bin/git config --local --name-only --get-regexp core\.sshCommand
2026-10-04T00:35:04.2523392Z [command]/usr/bin/git submodule foreach --recursive sh -c "git config --local --name-only --get-regexp 'core\.sshCommand' && git config --local --unset-all 'core.sshCommand' || :"
2026-10-04T00:35:04.2774771Z [command]/usr/bin/git config --local --name-only --get-regexp http\.https\:\/\/github\.com\/\.extraheader
2026-10-04T00:35:04.2821136Z http.https://github.com/.extraheader
2026-10-04T00:35:04.2833763Z [command]/usr/bin/git config --local --unset-all http.https://github.com/.extraheader
2026-10-04T00:35:04.2873070Z [command]/usr/bin/git submodule foreach --recursive sh -c "git config --local --name-only --get-regexp 'http\.https\:\/\/github\.com\/\.extraheader' && git config --local --unset-all 'http.https://github.com/.extraheader' || :"
2026-10-04T00:35:04.3138656Z [command]/usr/bin/git config --local --name-only --get-regexp ^includeIf\.gitdir:
2026-10-04T00:35:04.3191095Z [command]/usr/bin/git submodule foreach --recursive git config --local --show-origin --name-only --get-regexp remote.origin.url
2026-10-04T00:35:04.3594304Z Cleaning up orphan processes
2026-10-04T00:35:04.3890459Z ##[warning]Node.js 20 is deprecated. The following actions target Node.js 20 but are being forced to run on Node.js 24: actions/checkout@11d5960a326750d5838078e36cf38b85af677262, actions/setup-node@49933ea5288caeca8642d1e84afbd3f7d6820020, actions/upload-artifact@ea165f8d65b6e75b540449e92b4886f43607fa02, actions/upload-artifact@v4, pnpm/action-setup@b906affcce14559ad1aafd4ab0e942779e9f58b1. For more information see: https://github.blog/changelog/2025-09-19-deprecation-of-node-20-on-github-actions-runners/
